test_case,precision,recall,f1_score
diagonal,0.7417142857142857,1.0,0.8517060367454068
horizontal,0.7983968253968254,1.0,0.8878983927483914
vertical,0.7848571428571428,1.0,0.8794621418280775
