test_case,precision,recall,f1_score
top_5,0.9372325249643366,0.21590535655603024,0.3509615384615385
bottom_5,0.9526515151515151,0.3312479420480738,0.49157097483508433
