test_case,precision,recall,f1_score
122,0.8913603742912652,0.7816759388038943,0.8329226950223226
488,0.9982142857142857,0.719639536546989,0.836339456404289
