test_case,precision,recall,f1_score
122,0.5676666666666667,1.0,0.724218583882628
488,0.5283333333333333,1.0,0.6913849509269356
