test_case,precision,recall,f1_score
122,0.9296419650291424,0.7887672200635818,0.8534301547869292
488,0.9472222222222222,0.7089397089397089,0.8109393579072534
