test_case,precision,recall,f1_score
122,0.7727444691175261,0.9551683474300585,0.8543267351039745
488,0.9987188446307943,0.9539437089776394,0.9758179231863442
