test_case,precision,recall,f1_score
122,0.9996666666666667,1.0,0.9998333055509252
488,0.999,1.0,0.9994997498749374
