test_case,precision,recall,f1_score
top_5,0.7018669298462045,0.4745329181494662,0.5662342832498425
bottom_5,0.6975244490633411,0.48949061261126486,0.5752777380965463
