test_case,precision,recall,f1_score
122,0.7556451348605513,0.4151123433674204,0.5358541431841687
488,0.9940364261537635,0.8857293312269615,0.9367626955597184
