test_case,precision,recall,f1_score
top_5,0.95050974319267,0.23670721321485386,0.37902509938119927
bottom_5,0.9544752291688124,0.4507734215390602,0.6123500842501735
