test_case,precision,recall,f1_score
top_5,0.875842155919153,0.3169627307558342,0.46547314578005117
bottom_5,0.8325825825825826,0.39935181850918255,0.5397907033341446
