test_case,precision,recall,f1_score
top_5,0.7356666666666667,1.0,0.8477050124831957
bottom_5,0.7756666666666666,1.0,0.8736624741880984
