test_case,precision,recall,f1_score
top_5,0.8746908491343776,0.37254213483146065,0.5225313962078305
bottom_5,0.8898531375166889,0.47019400352733687,0.615278098315255
