test_case,precision,recall,f1_score
top_5,0.9360648975663413,0.33153153153153153,0.48964326812428083
bottom_5,0.9088016588016588,0.42053631987295076,0.5749991517852093
