test_case,precision,recall,f1_score
top_5,0.8530952380952381,1.0,0.9207246563021971
bottom_5,0.8927936507936508,1.0,0.9433607835902253
