test_case,precision,recall,f1_score
top_5,0.9280368451352907,0.5442268737339635,0.6861034262609066
bottom_5,0.9367655288192501,0.5628782784129119,0.7032136105860114
