test_case,precision,recall,f1_score
122,0.9994186046511628,0.573191063687896,0.7285441830896378
488,0.8601141924959217,0.7937523522770041,0.8256018790369937
