test_case,precision,recall,f1_score
diagonal,0.8866666666666667,1.0,0.9399293286219081
horizontal,0.9696666666666667,1.0,0.984599763073278
vertical,0.9646666666666667,1.0,0.982015609093994
