test_case,precision,recall,f1_score
top_5,0.9115926667451811,0.38225126753144134,0.5386390786467333
bottom_5,0.9012651789687838,0.4733696196614018,0.6207198528767843
