test_case,precision,recall,f1_score
top_5,0.9255485361048842,0.21378920776388258,0.3473461479630857
bottom_5,0.9339375901875901,0.3268678387677157,0.4842526128738105
