test_case,precision,recall,f1_score
top_5,0.9745537644370329,0.5075591868244982,0.6674845068635124
bottom_5,0.9728028933092224,0.6521043444530644,0.7808064094748759
