test case,precision,recall,f1_score
hands_with_objects,0.9741023091371119,0.8588489713216958,0.9128521582473107
