test_case,precision,recall,f1_score
122,0.9924444444444445,1.0,0.9962078964978809
488,0.9996666666666667,1.0,0.9998333055509252
