test_case,precision,recall,f1_score
naked_hands,0.983367139959432,0.8191956742142615,0.8938053097345133
