test_case,precision,recall,f1_score
naked_hands,0.9978095238095238,1.0,0.9989035610430471
