test_case,precision,recall,f1_score
naked_hands,0.26752741913091765,1.0,0.4221248630887185
