test_case,precision,recall,f1_score
top_5,0.9098573281452659,0.4903879762320867,0.6372927549398137
bottom_5,0.9194936708860759,0.6392115452305526,0.7541528239202658
