test_case,precision,recall,f1_score
top_5,0.7482857142857143,1.0,0.8560222258538978
bottom_5,0.761015873015873,1.0,0.8642918950100953
