test_case,precision,recall,f1_score
diagonal,0.7353333333333333,1.0,0.8474836726853631
horizontal,0.8386666666666667,1.0,0.9122552574329225
vertical,0.8293333333333334,1.0,0.9067055393586005
