test_case,precision,recall,f1_score
top_5,0.22032486463973344,1.0,0.3610921501706485
bottom_5,0.21524981874836102,1.0,0.3542478516393546
