test_case,precision,recall,f1_score
naked_hands,0.9773371104815864,0.7967667436489607,0.8778625954198473
