occlusion_level,precision,recall,f1_score
level 0,0.9869101674899788,0.9537556459260926,0.9700496991891184
