test_case,precision,recall,f1_score
hands_with_objects,0.9340339194672771,0.532254239297996,0.6780979718246026
