test_case,precision,recall,f1_score
122,0.4686349206349206,1.0,0.6381911720202327
488,0.9797619047619047,1.0,0.9897775105231509
