test_case,precision,recall,f1_score
naked_hands,0.9986666666666667,1.0,0.9993328885923949
