test case,precision,recall,f1_score
hands_with_objects,0.9568445475638051,0.8566680515164105,0.9039894782989917
