occlusion_level,precision,recall,f1_score
level 0,0.9758994062172547,0.9532582736267485,0.9644459785985502
