test_case,precision,recall,f1_score
naked_hands,0.9791751183231914,0.8185620619489035,0.8916938612154425
