test_case,precision,recall,f1_score
top_5,0.26077097505668934,1.0,0.4136690647482014
bottom_5,0.2202785876255264,1.0,0.36102999734536767
