test_case,precision,recall,f1_score
filtered_hands_with_objects_results,0.8818827708703375,0.5226315789473684,0.6563119629874422
