test_case,precision,recall,f1_score
naked_hands,0.9468512728896828,0.7358556056924679,0.8281250000000001
