{"hand_pts": [[123.05367279052734, 49.03024673461914, 1.0], [126.80354309082031, 93.28600311279297, 1.0], [133.58607482910156, 115.82425689697266, 1.0], [158.67210388183594, 151.7863311767578, 1.0], [193.34214782714844, 184.25718688964844, 1.0], [90.74647521972656, 181.5765380859375, 1.0], [133.8702850341797, 230.093994140625, 1.0], [182.7688446044922, 219.49317932128906, 1.0], [211.3109588623047, 182.91424560546875, 1.0], [110.87828826904297, 179.31015014648438, 1.0], [171.6201171875, 233.7949676513672, 1.0], [219.32232666015625, 214.2691650390625, 1.0], [249.81907653808594, 179.71861267089844, 1.0], [133.50144958496094, 173.51727294921875, 1.0], [189.53041076660156, 226.5086212158203, 1.0], [226.75961303710938, 204.91287231445312, 1.0], [254.89303588867188, 175.4751434326172, 1.0], [157.11746215820312, 159.79112243652344, 1.0], [210.4710693359375, 181.91970825195312, 1.0], [251.11557006835938, 184.538330078125, 1.0], [286.94976806640625, 173.00564575195312, 1.0]], "is_left": 0}