{"hand_pts": [[261.8727111816406, 219.55169677734375, 1.0], [203.98870849609375, 175.30975341796875, 1.0], [156.34695434570312, 137.07106018066406, 1.0], [115.14041137695312, 116.96924591064453, 1.0], [79.3475341796875, 104.1522445678711, 1.0], [213.91943359375, 165.15432739257812, 1.0], [199.10272216796875, 140.2001953125, 1.0], [184.03407287597656, 126.342041015625, 1.0], [175.04786682128906, 113.44872283935547, 1.0], [221.6286163330078, 202.00958251953125, 1.0], [209.74005126953125, 180.80288696289062, 1.0], [185.24212646484375, 167.380615234375, 1.0], [164.6199188232422, 154.9893035888672, 1.0], [220.59437561035156, 231.57667541503906, 1.0], [204.3075408935547, 220.65162658691406, 1.0], [175.77694702148438, 213.4432373046875, 1.0], [152.76669311523438, 206.99484252929688, 1.0], [219.1990966796875, 259.6673583984375, 1.0], [202.99761962890625, 260.14556884765625, 1.0], [180.7347869873047, 257.9111328125, 1.0], [152.68780517578125, 252.47657775878906, 1.0]], "is_left": 0}