{"hand_pts": [[215.03585815429688, 286.781494140625, 1.0], [191.328857421875, 290.6191101074219, 1.0], [171.4949951171875, 311.4751892089844, 1.0], [171.5067138671875, 303.6419372558594, 1.0], [186.60366821289062, 275.0629577636719, 1.0], [117.29622650146484, 213.14962768554688, 1.0], [110.65159606933594, 192.78790283203125, 1.0], [137.8979949951172, 193.07989501953125, 1.0], [168.9541473388672, 194.92562866210938, 1.0], [146.9279022216797, 184.6062469482422, 1.0], [136.35435485839844, 140.0761260986328, 1.0], [167.1771240234375, 142.42678833007812, 1.0], [203.2921142578125, 155.58099365234375, 1.0], [179.1579132080078, 167.3734588623047, 1.0], [193.5017852783203, 129.4626922607422, 1.0], [222.45166015625, 130.10861206054688, 1.0], [256.03143310546875, 146.36753845214844, 1.0], [215.19798278808594, 159.1767120361328, 1.0], [226.2698211669922, 123.35347747802734, 1.0], [247.0251922607422, 122.00818634033203, 1.0], [268.96746826171875, 136.56829833984375, 1.0]], "is_left": 0}