{"hand_pts": [[313.6107482910156, 52.901554107666016, 1.0], [256.0323791503906, 82.04374694824219, 1.0], [221.31509399414062, 101.67794036865234, 1.0], [182.18960571289062, 125.2558364868164, 1.0], [145.8139190673828, 148.4298553466797, 1.0], [239.53005981445312, 178.52882385253906, 1.0], [199.85060119628906, 226.3553924560547, 1.0], [160.46035766601562, 236.86907958984375, 1.0], [120.17424011230469, 236.32736206054688, 1.0], [246.22164916992188, 173.7707061767578, 1.0], [199.05197143554688, 235.4110565185547, 1.0], [151.08953857421875, 241.58331298828125, 1.0], [106.10697937011719, 232.6066131591797, 1.0], [246.99229431152344, 161.51092529296875, 1.0], [190.5958251953125, 208.84010314941406, 1.0], [145.87496948242188, 211.0706787109375, 1.0], [103.32595825195312, 200.59896850585938, 1.0], [249.87469482421875, 139.9483642578125, 1.0], [206.57489013671875, 162.26559448242188, 1.0], [168.86204528808594, 162.7033233642578, 1.0], [130.21533203125, 153.29879760742188, 1.0]], "is_left": 0}