{"hand_pts": [[260.6172790527344, 237.68177795410156, 1.0], [215.1974639892578, 184.8539581298828, 1.0], [175.16822814941406, 140.02316284179688, 1.0], [150.0984649658203, 107.92212677001953, 1.0], [136.23123168945312, 86.75080871582031, 1.0], [165.56407165527344, 197.46163940429688, 1.0], [124.25018310546875, 176.69854736328125, 1.0], [107.7637939453125, 154.67457580566406, 1.0], [93.09281921386719, 133.62091064453125, 1.0], [201.93316650390625, 221.99105834960938, 1.0], [162.70960998535156, 202.01268005371094, 1.0], [148.11619567871094, 173.2186279296875, 1.0], [135.6224822998047, 144.45285034179688, 1.0], [234.75491333007812, 236.29383850097656, 1.0], [208.81114196777344, 222.16549682617188, 1.0], [201.89112854003906, 197.4267578125, 1.0], [197.0655059814453, 169.82492065429688, 1.0], [269.11865234375, 248.236572265625, 1.0], [264.968017578125, 238.73297119140625, 1.0], [263.60186767578125, 220.9125213623047, 1.0], [261.27716064453125, 194.8123016357422, 1.0]], "is_left": 0}