{"hand_pts": [[179.79576110839844, 34.877357482910156, 1.0], [197.99856567382812, 96.89491271972656, 1.0], [206.7152099609375, 141.10189819335938, 1.0], [215.76551818847656, 183.8412322998047, 1.0], [222.51905822753906, 214.6298828125, 1.0], [153.45443725585938, 159.65113830566406, 1.0], [156.29208374023438, 212.3092498779297, 1.0], [174.16529846191406, 241.39959716796875, 1.0], [193.53599548339844, 267.536865234375, 1.0], [152.26907348632812, 141.25196838378906, 1.0], [154.556640625, 199.16195678710938, 1.0], [178.6554718017578, 229.52896118164062, 1.0], [202.77383422851562, 256.6778564453125, 1.0], [158.161865234375, 125.46846008300781, 1.0], [168.31248474121094, 178.68020629882812, 1.0], [195.14230346679688, 201.1322479248047, 1.0], [226.02029418945312, 215.44091796875, 1.0], [167.43771362304688, 105.01618194580078, 1.0], [176.58297729492188, 135.29583740234375, 1.0], [192.7991485595703, 156.16549682617188, 1.0], [216.5630645751953, 175.42787170410156, 1.0]], "is_left": 0}