{"hand_pts": [[271.4985656738281, 299.45550537109375, 1.0], [268.7596740722656, 234.1681671142578, 1.0], [282.1104736328125, 201.3249053955078, 1.0], [262.2596130371094, 146.01683044433594, 1.0], [234.16419982910156, 110.57158660888672, 1.0], [203.76637268066406, 241.10205078125, 1.0], [192.4311981201172, 171.6250457763672, 1.0], [204.98471069335938, 132.54344177246094, 1.0], [224.1163330078125, 127.65991973876953, 1.0], [175.78334045410156, 258.8996276855469, 1.0], [143.15707397460938, 175.630126953125, 1.0], [160.73680114746094, 132.9077606201172, 1.0], [197.221435546875, 131.69680786132812, 1.0], [156.30770874023438, 267.0093994140625, 1.0], [111.80270385742188, 197.721435546875, 1.0], [133.01229858398438, 162.51397705078125, 1.0], [163.05532836914062, 141.22552490234375, 1.0], [144.40621948242188, 274.4245910644531, 1.0], [125.59207916259766, 218.32797241210938, 1.0], [139.56419372558594, 183.2306671142578, 1.0], [175.04661560058594, 189.9879608154297, 1.0]], "is_left": 0}