{"hand_pts": [[53.168399810791016, 55.11034393310547, 1.0], [77.8362808227539, 101.0707778930664, 1.0], [96.86414337158203, 105.4730224609375, 1.0], [123.34130096435547, 125.45884704589844, 1.0], [153.7711181640625, 169.2919464111328, 1.0], [191.34283447265625, 122.14237213134766, 1.0], [230.45053100585938, 178.60325622558594, 1.0], [223.40164184570312, 219.4259490966797, 1.0], [183.95899963378906, 235.6183624267578, 1.0], [202.76312255859375, 125.48722839355469, 1.0], [187.5414276123047, 198.9116668701172, 1.0], [151.34580993652344, 231.0147705078125, 1.0], [101.35307312011719, 241.82763671875, 1.0], [204.0278778076172, 131.94821166992188, 1.0], [228.6003875732422, 206.7700653076172, 1.0], [226.9231414794922, 249.05145263671875, 1.0], [196.88340759277344, 278.0384826660156, 1.0], [194.2596893310547, 135.4918975830078, 1.0], [229.21881103515625, 182.23902893066406, 1.0], [235.34036254882812, 218.00047302246094, 1.0], [194.6988067626953, 220.3571319580078, 1.0]], "is_left": 0}