{"hand_pts": [[166.83856201171875, 219.19850158691406, 1.0], [166.7047576904297, 156.0231170654297, 1.0], [162.0884246826172, 102.06413269042969, 1.0], [169.2262725830078, 82.35783386230469, 1.0], [182.8529052734375, 102.9333724975586, 1.0], [116.01121520996094, 164.942626953125, 1.0], [124.1567153930664, 134.72323608398438, 1.0], [169.1072540283203, 119.809326171875, 1.0], [208.09974670410156, 119.74996948242188, 1.0], [132.82569885253906, 211.8301239013672, 1.0], [137.460693359375, 196.20849609375, 1.0], [162.84881591796875, 175.42733764648438, 1.0], [191.76214599609375, 153.52279663085938, 1.0], [153.82369995117188, 246.0210418701172, 1.0], [189.5163116455078, 239.32325744628906, 1.0], [232.1573944091797, 217.9864044189453, 1.0], [271.71966552734375, 196.0447998046875, 1.0], [177.6181182861328, 276.42156982421875, 1.0], [220.72520446777344, 277.2823791503906, 1.0], [257.74755859375, 266.9049987792969, 1.0], [272.3104553222656, 242.49832153320312, 1.0]], "is_left": 0}