{"hand_pts": [[176.2776336669922, 351.17596435546875, 1.0], [148.8217010498047, 294.73883056640625, 1.0], [122.50113677978516, 259.465576171875, 1.0], [109.75768280029297, 222.68502807617188, 1.0], [113.57831573486328, 185.04811096191406, 1.0], [142.46163940429688, 220.52780151367188, 1.0], [128.5334014892578, 168.46163940429688, 1.0], [124.02497863769531, 133.65396118164062, 1.0], [116.85482788085938, 101.38304138183594, 1.0], [180.86614990234375, 229.16029357910156, 1.0], [175.0387420654297, 165.75535583496094, 1.0], [180.66458129882812, 128.5699005126953, 1.0], [188.7439727783203, 101.10572814941406, 1.0], [214.12535095214844, 238.59259033203125, 1.0], [226.20034790039062, 176.28387451171875, 1.0], [235.41311645507812, 145.1123809814453, 1.0], [243.65821838378906, 123.20294189453125, 1.0], [245.30628967285156, 255.05148315429688, 1.0], [259.68817138671875, 214.84185791015625, 1.0], [269.8650207519531, 186.1302032470703, 1.0], [278.0304260253906, 155.87979125976562, 1.0]], "is_left": 0}