{"hand_pts": [[334.1354064941406, 124.85071563720703, 1.0], [305.2186279296875, 181.0248260498047, 1.0], [295.87481689453125, 230.97821044921875, 1.0], [246.12747192382812, 232.5659637451172, 1.0], [204.99156188964844, 211.85311889648438, 1.0], [218.76356506347656, 196.29393005371094, 1.0], [176.03085327148438, 231.8870391845703, 1.0], [179.2928924560547, 241.9469451904297, 1.0], [188.59446716308594, 246.42318725585938, 1.0], [204.23194885253906, 163.05218505859375, 1.0], [144.08595275878906, 189.97532653808594, 1.0], [146.9837646484375, 205.404052734375, 1.0], [150.78497314453125, 219.4423828125, 1.0], [196.66378784179688, 138.05552673339844, 1.0], [131.28550720214844, 156.94703674316406, 1.0], [123.14495849609375, 172.50209045410156, 1.0], [123.96226501464844, 187.54212951660156, 1.0], [198.40371704101562, 113.82676696777344, 1.0], [164.82164001464844, 111.5394058227539, 1.0], [158.29315185546875, 116.67581939697266, 1.0], [171.16534423828125, 129.19577026367188, 1.0]], "is_left": 0}