{"hand_pts": [[178.0984649658203, 52.12450408935547, 1.0], [197.34921264648438, 105.90389251708984, 1.0], [234.2251739501953, 129.60072326660156, 1.0], [182.3548126220703, 172.399658203125, 1.0], [131.956298828125, 170.9524688720703, 1.0], [294.17333984375, 178.14056396484375, 1.0], [227.8091583251953, 228.9158935546875, 1.0], [176.68466186523438, 200.543212890625, 1.0], [190.4254608154297, 159.06886291503906, 1.0], [274.0887145996094, 182.31002807617188, 1.0], [188.5068817138672, 244.95791625976562, 1.0], [143.05615234375, 205.66937255859375, 1.0], [177.85501098632812, 161.62408447265625, 1.0], [246.77786254882812, 184.87950134277344, 1.0], [158.0329132080078, 242.96226501464844, 1.0], [120.85124969482422, 207.06309509277344, 1.0], [163.45742797851562, 170.5074005126953, 1.0], [212.02999877929688, 179.8324432373047, 1.0], [140.9407501220703, 210.28250122070312, 1.0], [112.99674987792969, 183.47959899902344, 1.0], [161.37164306640625, 158.23240661621094, 1.0]], "is_left": 0}