{"hand_pts": [[254.78810119628906, 328.5743103027344, 1.0], [274.9117431640625, 263.52288818359375, 1.0], [304.9175720214844, 208.36465454101562, 1.0], [293.8349609375, 158.6408233642578, 1.0], [258.81298828125, 127.89834594726562, 1.0], [208.94973754882812, 221.33982849121094, 1.0], [181.82960510253906, 166.42332458496094, 1.0], [173.79286193847656, 128.7728729248047, 1.0], [176.31280517578125, 97.42296600341797, 1.0], [177.06893920898438, 240.16766357421875, 1.0], [161.4991912841797, 169.2610626220703, 1.0], [183.8726806640625, 136.01283264160156, 1.0], [223.21156311035156, 133.89395141601562, 1.0], [157.02493286132812, 254.0471954345703, 1.0], [122.99313354492188, 192.62635803222656, 1.0], [132.91055297851562, 155.78451538085938, 1.0], [157.41073608398438, 128.5279541015625, 1.0], [144.76133728027344, 271.1715393066406, 1.0], [122.41130828857422, 232.54336547851562, 1.0], [118.58309173583984, 203.65380859375, 1.0], [130.30999755859375, 173.48495483398438, 1.0]], "is_left": 0}