{"hand_pts": [[289.72564697265625, 206.90553283691406, 1.0], [277.7627258300781, 147.3894805908203, 1.0], [274.5830078125, 93.38402557373047, 1.0], [229.81175231933594, 85.26533508300781, 1.0], [182.8621826171875, 103.58854675292969, 1.0], [270.7416076660156, 178.9154052734375, 1.0], [228.0780487060547, 146.88711547851562, 1.0], [196.45631408691406, 122.6263198852539, 1.0], [171.32992553710938, 104.56861114501953, 1.0], [242.8761444091797, 221.7474822998047, 1.0], [180.05050659179688, 196.3830108642578, 1.0], [146.008056640625, 164.21507263183594, 1.0], [131.6176300048828, 135.47396850585938, 1.0], [216.1473846435547, 251.07015991210938, 1.0], [172.85513305664062, 261.3619079589844, 1.0], [136.4400634765625, 240.2772216796875, 1.0], [105.8732681274414, 212.12924194335938, 1.0], [192.29226684570312, 275.583984375, 1.0], [138.86293029785156, 274.67498779296875, 1.0], [112.44536590576172, 251.3421630859375, 1.0], [110.41407012939453, 219.78289794921875, 1.0]], "is_left": 0}