{"hand_pts": [[242.4363555908203, 276.5080871582031, 1.0], [260.5045471191406, 243.23550415039062, 1.0], [294.8151550292969, 219.37747192382812, 1.0], [294.56939697265625, 196.6230010986328, 1.0], [265.8092956542969, 187.44009399414062, 1.0], [198.4813690185547, 171.41709899902344, 1.0], [187.0460968017578, 136.88925170898438, 1.0], [205.18898010253906, 155.17356872558594, 1.0], [227.2761993408203, 187.8743133544922, 1.0], [164.63084411621094, 177.20945739746094, 1.0], [141.18772888183594, 142.98011779785156, 1.0], [171.54969787597656, 165.28643798828125, 1.0], [211.90716552734375, 200.7966766357422, 1.0], [142.37034606933594, 186.19207763671875, 1.0], [105.43185424804688, 152.57150268554688, 1.0], [132.938720703125, 171.94879150390625, 1.0], [175.57955932617188, 203.30960083007812, 1.0], [128.35667419433594, 201.76419067382812, 1.0], [101.44474029541016, 187.03445434570312, 1.0], [122.00180053710938, 198.40255737304688, 1.0], [164.70603942871094, 220.56158447265625, 1.0]], "is_left": 0}