{"hand_pts": [[40.343772888183594, 130.60130310058594, 1.0], [72.2775650024414, 119.40172576904297, 1.0], [72.3571548461914, 101.91509246826172, 1.0], [119.93342590332031, 104.70506286621094, 1.0], [175.66990661621094, 121.0322494506836, 1.0], [120.64657592773438, 211.16461181640625, 1.0], [178.49400329589844, 217.0436553955078, 1.0], [201.1646728515625, 180.39317321777344, 1.0], [201.36793518066406, 143.02371215820312, 1.0], [140.44338989257812, 230.9752655029297, 1.0], [219.6218719482422, 232.88504028320312, 1.0], [227.57000732421875, 182.9855499267578, 1.0], [203.3811798095703, 139.48191833496094, 1.0], [157.29881286621094, 237.91806030273438, 1.0], [238.0613555908203, 239.08815002441406, 1.0], [248.18609619140625, 196.25079345703125, 1.0], [213.3562469482422, 162.2093963623047, 1.0], [167.54722595214844, 235.66842651367188, 1.0], [223.0764617919922, 240.57769775390625, 1.0], [241.98876953125, 211.6822967529297, 1.0], [217.88616943359375, 175.28211975097656, 1.0]], "is_left": 0}