{"hand_pts": [[336.69512939453125, 140.47499084472656, 1.0], [295.6829833984375, 182.2508544921875, 1.0], [283.71368408203125, 225.57530212402344, 1.0], [264.6628112792969, 263.1196594238281, 1.0], [229.0288543701172, 263.6920471191406, 1.0], [211.76698303222656, 163.39622497558594, 1.0], [162.2145233154297, 193.4648895263672, 1.0], [131.62474060058594, 216.29002380371094, 1.0], [107.98894500732422, 242.50917053222656, 1.0], [207.4494171142578, 142.9588623046875, 1.0], [136.51327514648438, 129.5571746826172, 1.0], [125.75128936767578, 162.77809143066406, 1.0], [138.94630432128906, 192.87448120117188, 1.0], [207.25347900390625, 131.80931091308594, 1.0], [151.7080078125, 166.882080078125, 1.0], [143.84710693359375, 197.04893493652344, 1.0], [172.47288513183594, 214.95953369140625, 1.0], [215.3824920654297, 123.45210266113281, 1.0], [175.38031005859375, 129.77333068847656, 1.0], [163.7062225341797, 151.76309204101562, 1.0], [187.9935760498047, 169.5814208984375, 1.0]], "is_left": 0}