{"hand_pts": [[112.97012329101562, 270.2569885253906, 1.0], [146.95594787597656, 281.5139465332031, 1.0], [164.60858154296875, 310.1264343261719, 1.0], [194.64010620117188, 296.6819763183594, 1.0], [222.867919921875, 265.37884521484375, 1.0], [130.33352661132812, 219.79513549804688, 1.0], [163.65597534179688, 201.78555297851562, 1.0], [203.12200927734375, 201.72344970703125, 1.0], [242.0218048095703, 203.58924865722656, 1.0], [130.05723571777344, 188.25906372070312, 1.0], [159.91436767578125, 149.5996856689453, 1.0], [202.95477294921875, 150.6203155517578, 1.0], [243.6232452392578, 165.36758422851562, 1.0], [135.800537109375, 167.19979858398438, 1.0], [164.11996459960938, 122.09635925292969, 1.0], [203.31082153320312, 124.16289520263672, 1.0], [241.32505798339844, 135.38275146484375, 1.0], [142.306396484375, 153.8297882080078, 1.0], [172.6302490234375, 119.80513000488281, 1.0], [204.75790405273438, 116.16045379638672, 1.0], [238.1156768798828, 128.233642578125, 1.0]], "is_left": 0}