{"hand_pts": [[297.3572998046875, 123.62999725341797, 1.0], [291.6352844238281, 177.6388397216797, 1.0], [303.5781555175781, 229.09176635742188, 1.0], [285.5359802246094, 248.27980041503906, 1.0], [255.20053100585938, 242.82376098632812, 1.0], [189.19642639160156, 218.92803955078125, 1.0], [160.6753692626953, 240.85366821289062, 1.0], [168.0458984375, 237.6273193359375, 1.0], [191.8656463623047, 222.1294708251953, 1.0], [168.53167724609375, 182.1966552734375, 1.0], [125.85852813720703, 202.8385467529297, 1.0], [148.5384979248047, 199.52110290527344, 1.0], [180.6610107421875, 192.69493103027344, 1.0], [159.97569274902344, 150.43063354492188, 1.0], [129.6675567626953, 155.96826171875, 1.0], [148.8282470703125, 151.3852081298828, 1.0], [180.38108825683594, 145.48300170898438, 1.0], [161.61341857910156, 117.45077514648438, 1.0], [134.7339630126953, 113.3319320678711, 1.0], [152.7262725830078, 112.55128479003906, 1.0], [186.93875122070312, 115.07112884521484, 1.0]], "is_left": 0}