{"hand_pts": [[100.00296020507812, 231.5638885498047, 1.0], [138.7699737548828, 162.64613342285156, 1.0], [137.2832489013672, 98.49726867675781, 1.0], [131.08941650390625, 95.49698638916016, 1.0], [126.2358627319336, 113.71695709228516, 1.0], [223.5682373046875, 179.3341827392578, 1.0], [241.92835998535156, 134.140380859375, 1.0], [249.7646484375, 105.34842681884766, 1.0], [227.56674194335938, 80.12681579589844, 1.0], [206.4581756591797, 223.70166015625, 1.0], [182.9220733642578, 186.76504516601562, 1.0], [146.38070678710938, 162.0801544189453, 1.0], [109.81547546386719, 144.17233276367188, 1.0], [186.98184204101562, 253.554443359375, 1.0], [236.09768676757812, 241.3922119140625, 1.0], [217.26617431640625, 210.9041290283203, 1.0], [184.44012451171875, 194.8886260986328, 1.0], [161.78994750976562, 279.03436279296875, 1.0], [183.8117218017578, 286.9270935058594, 1.0], [194.1435546875, 282.19256591796875, 1.0], [183.86700439453125, 249.91268920898438, 1.0]], "is_left": 0}