{"hand_pts": [[43.354087829589844, 209.21478271484375, 1.0], [83.1293716430664, 160.66000366210938, 1.0], [111.30830383300781, 116.92555236816406, 1.0], [160.39581298828125, 105.37601470947266, 1.0], [202.1084747314453, 128.79281616210938, 1.0], [117.94341278076172, 158.07716369628906, 1.0], [168.2713165283203, 145.2412872314453, 1.0], [209.98309326171875, 141.03184509277344, 1.0], [249.7190704345703, 138.63938903808594, 1.0], [125.23072052001953, 198.0366973876953, 1.0], [182.4301300048828, 179.69430541992188, 1.0], [225.16567993164062, 165.4013671875, 1.0], [260.8531799316406, 152.852783203125, 1.0], [133.123046875, 228.59458923339844, 1.0], [206.32821655273438, 221.78021240234375, 1.0], [242.6370849609375, 214.28208923339844, 1.0], [273.1975402832031, 205.7294158935547, 1.0], [136.5238037109375, 256.3670654296875, 1.0], [184.00625610351562, 266.96240234375, 1.0], [209.88763427734375, 256.67388916015625, 1.0], [215.1619415283203, 238.1182861328125, 1.0]], "is_left": 0}