{"hand_pts": [[92.5657958984375, 271.6595764160156, 1.0], [152.105712890625, 276.9800109863281, 1.0], [183.26866149902344, 306.2832946777344, 1.0], [219.62110900878906, 313.5264587402344, 1.0], [248.30630493164062, 271.1602783203125, 1.0], [139.8939666748047, 232.2284698486328, 1.0], [152.6891632080078, 214.1383514404297, 1.0], [184.55856323242188, 194.3107147216797, 1.0], [220.50167846679688, 174.25790405273438, 1.0], [121.28473663330078, 198.9855499267578, 1.0], [172.99172973632812, 149.89669799804688, 1.0], [221.26708984375, 134.03538513183594, 1.0], [261.3979797363281, 140.01365661621094, 1.0], [112.52479553222656, 173.59169006347656, 1.0], [173.02159118652344, 128.17543029785156, 1.0], [216.45265197753906, 114.75081634521484, 1.0], [256.7193298339844, 117.13324737548828, 1.0], [105.16448974609375, 154.46524047851562, 1.0], [154.94546508789062, 129.66624450683594, 1.0], [191.1028289794922, 118.07231903076172, 1.0], [217.7130584716797, 137.37298583984375, 1.0]], "is_left": 0}