{"hand_pts": [[130.47137451171875, 266.0025939941406, 1.0], [141.5648651123047, 267.09088134765625, 1.0], [112.35720825195312, 268.3323974609375, 1.0], [103.5555191040039, 254.05224609375, 1.0], [129.3146209716797, 221.29148864746094, 1.0], [118.62744140625, 192.94825744628906, 1.0], [112.85441589355469, 154.16400146484375, 1.0], [151.85821533203125, 152.80621337890625, 1.0], [195.931640625, 167.0828094482422, 1.0], [136.00881958007812, 171.99227905273438, 1.0], [220.0401153564453, 175.96067810058594, 1.0], [271.0857238769531, 190.118408203125, 1.0], [313.8380432128906, 215.2470703125, 1.0], [155.93771362304688, 160.89566040039062, 1.0], [190.34878540039062, 129.65464782714844, 1.0], [227.56137084960938, 144.7176513671875, 1.0], [244.2720947265625, 181.4161376953125, 1.0], [176.0471954345703, 157.8902587890625, 1.0], [219.94644165039062, 138.97181701660156, 1.0], [242.968994140625, 166.555419921875, 1.0], [260.1363220214844, 198.91921997070312, 1.0]], "is_left": 0}