{"hand_pts": [[223.997802734375, 43.040916442871094, 1.0], [176.25730895996094, 83.53783416748047, 1.0], [116.07972717285156, 96.49188232421875, 1.0], [85.21135711669922, 142.2602081298828, 1.0], [74.43767547607422, 192.23324584960938, 1.0], [196.1988983154297, 137.7593994140625, 1.0], [181.83462524414062, 200.76718139648438, 1.0], [168.42955017089844, 241.62277221679688, 1.0], [154.60186767578125, 280.1910095214844, 1.0], [224.68093872070312, 147.13861083984375, 1.0], [199.19879150390625, 223.74020385742188, 1.0], [168.3971710205078, 229.04322814941406, 1.0], [139.83468627929688, 229.13087463378906, 1.0], [243.3003387451172, 154.95249938964844, 1.0], [230.42172241210938, 229.38699340820312, 1.0], [208.9210968017578, 208.088623046875, 1.0], [192.27479553222656, 174.15171813964844, 1.0], [258.968017578125, 156.7822723388672, 1.0], [238.258544921875, 205.6509552001953, 1.0], [215.3853302001953, 190.30667114257812, 1.0], [197.5419921875, 161.37142944335938, 1.0]], "is_left": 0}