{"hand_pts": [[368.11199951171875, 190.59693908691406, 1.0], [311.6246643066406, 192.8015594482422, 1.0], [279.8836669921875, 205.1728973388672, 1.0], [233.43052673339844, 201.71453857421875, 1.0], [192.22647094726562, 185.58493041992188, 1.0], [216.40478515625, 233.78440856933594, 1.0], [154.58950805664062, 230.78041076660156, 1.0], [134.94126892089844, 205.178466796875, 1.0], [130.2484588623047, 173.94236755371094, 1.0], [218.5387725830078, 219.29066467285156, 1.0], [146.44345092773438, 201.37188720703125, 1.0], [138.85330200195312, 168.73236083984375, 1.0], [150.30795288085938, 137.90711975097656, 1.0], [223.88900756835938, 201.63331604003906, 1.0], [151.73243713378906, 188.4081268310547, 1.0], [131.22219848632812, 162.857421875, 1.0], [125.99164581298828, 135.3433074951172, 1.0], [238.2953643798828, 181.66453552246094, 1.0], [192.33604431152344, 166.08450317382812, 1.0], [177.93807983398438, 144.71023559570312, 1.0], [187.29888916015625, 126.74374389648438, 1.0]], "is_left": 0}