{"hand_pts": [[147.634521484375, 116.81675720214844, 1.0], [211.382080078125, 141.3443603515625, 1.0], [256.84539794921875, 179.92271423339844, 1.0], [291.4962463378906, 213.08982849121094, 1.0], [286.2019958496094, 222.9333953857422, 1.0], [199.5756072998047, 217.7703399658203, 1.0], [222.7454833984375, 225.44393920898438, 1.0], [238.37815856933594, 221.13279724121094, 1.0], [253.34324645996094, 198.26568603515625, 1.0], [156.005859375, 201.61085510253906, 1.0], [169.37953186035156, 228.4753875732422, 1.0], [194.6392364501953, 197.8842010498047, 1.0], [215.48480224609375, 162.17654418945312, 1.0], [125.07230377197266, 181.59701538085938, 1.0], [117.06158447265625, 201.14236450195312, 1.0], [134.5414581298828, 183.78076171875, 1.0], [159.34315490722656, 157.42758178710938, 1.0], [97.74234008789062, 156.22161865234375, 1.0], [104.02842712402344, 134.40525817871094, 1.0], [111.879638671875, 115.13395690917969, 1.0], [129.28631591796875, 89.46106719970703, 1.0]], "is_left": 0}