{"hand_pts": [[236.186279296875, 305.9249267578125, 1.0], [257.8512878417969, 270.98248291015625, 1.0], [259.9212341308594, 284.8009338378906, 1.0], [246.0889892578125, 255.60655212402344, 1.0], [225.5967254638672, 205.41232299804688, 1.0], [156.3992462158203, 242.21583557128906, 1.0], [169.83848571777344, 174.5500030517578, 1.0], [212.80706787109375, 155.48812866210938, 1.0], [253.93789672851562, 145.8507080078125, 1.0], [123.30229187011719, 226.2998046875, 1.0], [146.428466796875, 146.7408905029297, 1.0], [204.49269104003906, 133.13185119628906, 1.0], [259.28363037109375, 129.4813995361328, 1.0], [106.44453430175781, 210.2800750732422, 1.0], [129.77357482910156, 134.4810791015625, 1.0], [182.16131591796875, 140.05433654785156, 1.0], [191.85621643066406, 182.2642364501953, 1.0], [100.6963119506836, 198.73704528808594, 1.0], [109.17687225341797, 142.48348999023438, 1.0], [155.64013671875, 146.47315979003906, 1.0], [194.7668914794922, 173.38819885253906, 1.0]], "is_left": 0}