{"hand_pts": [[261.2207336425781, 272.98956298828125, 1.0], [216.38616943359375, 215.5106658935547, 1.0], [188.2677459716797, 170.6757049560547, 1.0], [188.79855346679688, 125.43807220458984, 1.0], [213.34906005859375, 136.05313110351562, 1.0], [147.49061584472656, 231.53497314453125, 1.0], [112.162841796875, 194.7900848388672, 1.0], [126.82511901855469, 156.48587036132812, 1.0], [156.48826599121094, 138.75958251953125, 1.0], [167.5093536376953, 250.58897399902344, 1.0], [163.70379638671875, 175.05332946777344, 1.0], [173.80909729003906, 128.08767700195312, 1.0], [189.6109619140625, 89.11664581298828, 1.0], [188.23190307617188, 259.15301513671875, 1.0], [185.9502410888672, 208.68116760253906, 1.0], [206.9128875732422, 177.8700714111328, 1.0], [225.48158264160156, 160.91029357910156, 1.0], [214.24278259277344, 265.79498291015625, 1.0], [205.36767578125, 251.79469299316406, 1.0], [206.22105407714844, 214.7083740234375, 1.0], [207.52613830566406, 176.84471130371094, 1.0]], "is_left": 0}