{"hand_pts": [[218.2210693359375, 160.31654357910156, 1.0], [201.101318359375, 218.594482421875, 1.0], [187.0828857421875, 269.61773681640625, 1.0], [193.92294311523438, 289.4029235839844, 1.0], [213.0667266845703, 267.41534423828125, 1.0], [122.94306945800781, 196.84365844726562, 1.0], [123.7029037475586, 213.60292053222656, 1.0], [158.37721252441406, 228.30099487304688, 1.0], [197.87123107910156, 236.89688110351562, 1.0], [134.4200897216797, 152.4116973876953, 1.0], [144.96719360351562, 170.25750732421875, 1.0], [185.1641845703125, 195.0206298828125, 1.0], [222.05665588378906, 214.37913513183594, 1.0], [151.33193969726562, 121.06566619873047, 1.0], [165.97044372558594, 129.40931701660156, 1.0], [202.7201385498047, 151.51893615722656, 1.0], [230.8877410888672, 171.31643676757812, 1.0], [174.0742950439453, 94.34397888183594, 1.0], [197.3831329345703, 94.53236389160156, 1.0], [227.24319458007812, 113.3847885131836, 1.0], [243.27906799316406, 136.45228576660156, 1.0]], "is_left": 0}