{"hand_pts": [[356.0780944824219, 142.3803253173828, 1.0], [298.26885986328125, 195.2811737060547, 1.0], [275.2417907714844, 233.3519744873047, 1.0], [221.40354919433594, 259.49810791015625, 1.0], [184.8006591796875, 257.6497497558594, 1.0], [214.53489685058594, 159.84683227539062, 1.0], [150.22177124023438, 196.8804168701172, 1.0], [141.39547729492188, 228.1468505859375, 1.0], [161.82373046875, 245.4781494140625, 1.0], [209.6046142578125, 129.63551330566406, 1.0], [128.8014678955078, 163.06719970703125, 1.0], [133.12176513671875, 200.55584716796875, 1.0], [170.1391143798828, 218.38265991210938, 1.0], [206.89984130859375, 112.4795150756836, 1.0], [138.21543884277344, 146.52943420410156, 1.0], [153.66261291503906, 176.35504150390625, 1.0], [191.6055908203125, 190.0491485595703, 1.0], [212.74801635742188, 100.07674407958984, 1.0], [167.81842041015625, 119.54866027832031, 1.0], [168.1865234375, 148.99049377441406, 1.0], [200.44395446777344, 162.99998474121094, 1.0]], "is_left": 0}