{"hand_pts": [[336.0786437988281, 189.98382568359375, 1.0], [287.6533508300781, 206.33135986328125, 1.0], [255.22103881835938, 226.70860290527344, 1.0], [212.6324920654297, 227.337890625, 1.0], [180.96847534179688, 209.7117156982422, 1.0], [223.99716186523438, 207.79885864257812, 1.0], [170.41598510742188, 212.63941955566406, 1.0], [133.14222717285156, 213.3251190185547, 1.0], [96.18939208984375, 209.64382934570312, 1.0], [231.26910400390625, 186.2530975341797, 1.0], [164.32431030273438, 190.49160766601562, 1.0], [122.04862213134766, 190.3090362548828, 1.0], [82.1363296508789, 190.0605010986328, 1.0], [238.65408325195312, 168.46368408203125, 1.0], [174.84666442871094, 158.3048095703125, 1.0], [150.20899963378906, 152.7510986328125, 1.0], [139.5954132080078, 149.71200561523438, 1.0], [251.78323364257812, 152.3756866455078, 1.0], [209.8802490234375, 143.0980224609375, 1.0], [181.6391143798828, 137.1975860595703, 1.0], [160.0688018798828, 134.9984130859375, 1.0]], "is_left": 0}