{"hand_pts": [[308.3763732910156, 100.50023651123047, 1.0], [217.5890655517578, 99.85721588134766, 1.0], [152.71414184570312, 83.02821350097656, 1.0], [103.56376647949219, 97.81832122802734, 1.0], [128.96229553222656, 119.67231750488281, 1.0], [177.43655395507812, 181.6251220703125, 1.0], [113.81072998046875, 192.36106872558594, 1.0], [126.2420654296875, 161.41395568847656, 1.0], [169.90225219726562, 138.19627380371094, 1.0], [210.63856506347656, 212.5157470703125, 1.0], [142.89700317382812, 234.05409240722656, 1.0], [153.55999755859375, 187.7299041748047, 1.0], [191.29086303710938, 155.7103271484375, 1.0], [235.0263214111328, 232.4777069091797, 1.0], [181.68963623046875, 260.9426574707031, 1.0], [190.43077087402344, 217.03616333007812, 1.0], [217.68528747558594, 187.3589630126953, 1.0], [262.1210632324219, 243.14501953125, 1.0], [239.8243408203125, 261.9443359375, 1.0], [237.55177307128906, 224.27952575683594, 1.0], [251.41673278808594, 197.80938720703125, 1.0]], "is_left": 0}