{"hand_pts": [[271.9946594238281, 296.5141296386719, 1.0], [263.59967041015625, 208.1867218017578, 1.0], [251.38607788085938, 138.22955322265625, 1.0], [216.19241333007812, 118.77401733398438, 1.0], [200.13064575195312, 163.46759033203125, 1.0], [260.3089904785156, 180.6472930908203, 1.0], [220.33343505859375, 115.21873474121094, 1.0], [208.09291076660156, 121.09060668945312, 1.0], [208.93942260742188, 148.05577087402344, 1.0], [233.14007568359375, 221.85789489746094, 1.0], [192.9544219970703, 181.82650756835938, 1.0], [158.4359130859375, 147.15350341796875, 1.0], [123.14192199707031, 111.2494125366211, 1.0], [207.59881591796875, 251.60626220703125, 1.0], [134.59576416015625, 208.2160186767578, 1.0], [111.81917572021484, 192.85693359375, 1.0], [132.87881469726562, 199.8074188232422, 1.0], [184.9947967529297, 281.6099853515625, 1.0], [156.05699157714844, 263.33270263671875, 1.0], [130.53720092773438, 237.707763671875, 1.0], [111.56463623046875, 202.94171142578125, 1.0]], "is_left": 0}