{"hand_pts": [[189.08790588378906, 333.1679382324219, 1.0], [208.1684112548828, 292.2988586425781, 1.0], [266.1263732910156, 270.5074462890625, 1.0], [292.92755126953125, 231.63726806640625, 1.0], [295.6356506347656, 190.43136596679688, 1.0], [229.33428955078125, 214.4814910888672, 1.0], [231.55096435546875, 158.47177124023438, 1.0], [211.40431213378906, 130.65524291992188, 1.0], [193.11737060546875, 101.97084045410156, 1.0], [195.3245391845703, 215.79823303222656, 1.0], [188.77780151367188, 150.29835510253906, 1.0], [173.94271850585938, 117.73184967041016, 1.0], [154.33030700683594, 96.46686553955078, 1.0], [164.2513427734375, 220.12661743164062, 1.0], [134.35992431640625, 167.29859924316406, 1.0], [118.32999420166016, 188.28350830078125, 1.0], [112.62309265136719, 218.7071075439453, 1.0], [134.13963317871094, 231.63766479492188, 1.0], [121.12700653076172, 191.3190460205078, 1.0], [109.22956848144531, 163.059326171875, 1.0], [96.7000961303711, 142.4691619873047, 1.0]], "is_left": 0}