{"hand_pts": [[34.150726318359375, 212.463134765625, 1.0], [106.95523834228516, 161.9448699951172, 1.0], [153.76556396484375, 117.86001586914062, 1.0], [187.9537811279297, 93.8180923461914, 1.0], [172.1102752685547, 114.76274871826172, 1.0], [216.19627380371094, 198.78134155273438, 1.0], [267.0299987792969, 169.22821044921875, 1.0], [242.467529296875, 144.8471221923828, 1.0], [197.75254821777344, 137.78805541992188, 1.0], [198.72767639160156, 231.24415588378906, 1.0], [241.54127502441406, 196.0419921875, 1.0], [208.00460815429688, 164.5635528564453, 1.0], [165.71649169921875, 159.8660125732422, 1.0], [180.44619750976562, 250.4114227294922, 1.0], [218.60777282714844, 229.01084899902344, 1.0], [187.04237365722656, 201.24728393554688, 1.0], [154.47048950195312, 193.6267547607422, 1.0], [153.4770965576172, 264.3318786621094, 1.0], [160.38027954101562, 251.01669311523438, 1.0], [137.8036651611328, 225.71897888183594, 1.0], [119.31378936767578, 215.97967529296875, 1.0]], "is_left": 0}