{"hand_pts": [[263.3111877441406, 65.72547149658203, 1.0], [262.4781494140625, 141.11607360839844, 1.0], [265.1907043457031, 200.08843994140625, 1.0], [257.94244384765625, 244.74722290039062, 1.0], [238.41737365722656, 263.4896545410156, 1.0], [181.85972595214844, 173.8218536376953, 1.0], [143.9197998046875, 207.82322692871094, 1.0], [125.61321258544922, 230.34634399414062, 1.0], [125.90423583984375, 251.6956329345703, 1.0], [174.5178985595703, 141.21844482421875, 1.0], [131.33270263671875, 178.7806854248047, 1.0], [139.55836486816406, 210.62803649902344, 1.0], [167.0922393798828, 234.11160278320312, 1.0], [176.435302734375, 117.01663208007812, 1.0], [170.05303955078125, 167.15469360351562, 1.0], [190.8057861328125, 193.87887573242188, 1.0], [219.611572265625, 214.3026123046875, 1.0], [185.59828186035156, 91.69439697265625, 1.0], [170.5065155029297, 107.43248748779297, 1.0], [186.5576934814453, 130.30914306640625, 1.0], [208.98272705078125, 154.74380493164062, 1.0]], "is_left": 0}