{"hand_pts": [[56.587398529052734, 95.48023223876953, 1.0], [129.10548400878906, 109.08409881591797, 1.0], [173.7320098876953, 90.58290100097656, 1.0], [205.1307373046875, 105.1404037475586, 1.0], [186.0226593017578, 132.1730194091797, 1.0], [177.1276397705078, 191.81727600097656, 1.0], [223.41415405273438, 238.54441833496094, 1.0], [256.194580078125, 260.4718322753906, 1.0], [286.21978759765625, 283.75762939453125, 1.0], [150.88229370117188, 202.47425842285156, 1.0], [200.30728149414062, 195.35781860351562, 1.0], [203.03025817871094, 160.1317596435547, 1.0], [211.3783721923828, 131.5513153076172, 1.0], [130.6051483154297, 205.02610778808594, 1.0], [180.9619598388672, 208.74497985839844, 1.0], [201.1236572265625, 193.935302734375, 1.0], [217.97467041015625, 175.9633331298828, 1.0], [107.37736511230469, 199.55699157714844, 1.0], [135.5462188720703, 210.78936767578125, 1.0], [150.94187927246094, 197.22915649414062, 1.0], [140.56932067871094, 169.99404907226562, 1.0]], "is_left": 0}