{"hand_pts": [[44.55485916137695, 182.21315002441406, 1.0], [107.96190643310547, 159.6506805419922, 1.0], [162.7638397216797, 136.6147003173828, 1.0], [205.31517028808594, 123.0225830078125, 1.0], [226.91671752929688, 120.17667388916016, 1.0], [178.88600158691406, 211.58889770507812, 1.0], [235.1261444091797, 205.6263885498047, 1.0], [251.40330505371094, 178.87855529785156, 1.0], [253.6741943359375, 146.2757110595703, 1.0], [152.98443603515625, 222.15371704101562, 1.0], [212.75779724121094, 217.7829132080078, 1.0], [231.5033416748047, 185.3708953857422, 1.0], [241.097900390625, 148.82041931152344, 1.0], [129.47723388671875, 223.55197143554688, 1.0], [178.65391540527344, 222.19400024414062, 1.0], [193.45333862304688, 193.82879638671875, 1.0], [198.25645446777344, 157.69561767578125, 1.0], [101.21871948242188, 220.17611694335938, 1.0], [124.00308227539062, 214.00367736816406, 1.0], [134.6494598388672, 189.3495635986328, 1.0], [140.25677490234375, 155.88348388671875, 1.0]], "is_left": 0}