{"hand_pts": [[299.91851806640625, 170.60824584960938, 1.0], [287.25469970703125, 176.2576446533203, 1.0], [299.0238952636719, 173.60296630859375, 1.0], [267.96124267578125, 148.0489044189453, 1.0], [230.88011169433594, 128.851806640625, 1.0], [237.24301147460938, 239.22171020507812, 1.0], [205.91033935546875, 245.23611450195312, 1.0], [185.6660919189453, 230.28489685058594, 1.0], [164.92367553710938, 219.4075469970703, 1.0], [213.0996551513672, 230.81141662597656, 1.0], [161.7153778076172, 231.0830078125, 1.0], [168.63746643066406, 189.73654174804688, 1.0], [169.2761688232422, 151.13104248046875, 1.0], [194.56443786621094, 216.79092407226562, 1.0], [144.6622772216797, 168.0701904296875, 1.0], [123.6693344116211, 133.4610595703125, 1.0], [111.60533142089844, 96.4464340209961, 1.0], [182.56881713867188, 197.9571075439453, 1.0], [139.81491088867188, 180.65292358398438, 1.0], [112.04381561279297, 164.85311889648438, 1.0], [99.24407958984375, 137.76651000976562, 1.0]], "is_left": 0}