{"hand_pts": [[50.783267974853516, 261.7491149902344, 1.0], [70.71669006347656, 199.03407287597656, 1.0], [79.69004821777344, 145.90963745117188, 1.0], [124.57203674316406, 127.12649536132812, 1.0], [152.18734741210938, 163.882080078125, 1.0], [147.1000213623047, 170.76927185058594, 1.0], [202.6797332763672, 142.98284912109375, 1.0], [221.89735412597656, 131.55181884765625, 1.0], [203.11236572265625, 139.49996948242188, 1.0], [166.86297607421875, 204.75938415527344, 1.0], [199.67068481445312, 168.6346435546875, 1.0], [169.5939178466797, 168.68121337890625, 1.0], [145.05148315429688, 166.85983276367188, 1.0], [179.10491943359375, 231.02655029296875, 1.0], [239.26165771484375, 202.1289825439453, 1.0], [256.7004699707031, 177.67446899414062, 1.0], [233.81301879882812, 173.26499938964844, 1.0], [182.50234985351562, 257.6584167480469, 1.0], [230.84632873535156, 260.6949462890625, 1.0], [230.17332458496094, 241.7528533935547, 1.0], [197.4150390625, 227.44119262695312, 1.0]], "is_left": 0}