{"hand_pts": [[261.2647399902344, 77.21250915527344, 1.0], [196.63914489746094, 92.7077865600586, 1.0], [128.48480224609375, 103.33776092529297, 1.0], [103.44037628173828, 120.62718200683594, 1.0], [100.56900024414062, 135.9842071533203, 1.0], [174.87559509277344, 186.24325561523438, 1.0], [136.35984802246094, 237.7598419189453, 1.0], [126.2523193359375, 229.50340270996094, 1.0], [114.74715423583984, 227.68443298339844, 1.0], [216.40771484375, 192.76510620117188, 1.0], [170.48886108398438, 245.63905334472656, 1.0], [147.11285400390625, 229.29678344726562, 1.0], [129.02919006347656, 204.85047912597656, 1.0], [248.95654296875, 190.65667724609375, 1.0], [225.81887817382812, 197.57693481445312, 1.0], [222.82676696777344, 153.29556274414062, 1.0], [219.13441467285156, 110.49238586425781, 1.0], [280.9455871582031, 179.740478515625, 1.0], [271.75909423828125, 217.35511779785156, 1.0], [251.6295623779297, 205.19325256347656, 1.0], [230.41786193847656, 177.82591247558594, 1.0]], "is_left": 0}