{"hand_pts": [[123.59172058105469, 33.54939651489258, 1.0], [177.4290008544922, 67.1531753540039, 1.0], [226.0570526123047, 71.79454040527344, 1.0], [245.0261688232422, 105.8225326538086, 1.0], [247.57656860351562, 135.09463500976562, 1.0], [176.00738525390625, 149.85385131835938, 1.0], [187.1425018310547, 209.77145385742188, 1.0], [204.14529418945312, 242.7394256591797, 1.0], [223.89163208007812, 255.2494659423828, 1.0], [150.80526733398438, 158.8584747314453, 1.0], [184.714111328125, 219.2422332763672, 1.0], [214.36485290527344, 228.4366455078125, 1.0], [229.9193572998047, 198.8784637451172, 1.0], [134.8988494873047, 162.30262756347656, 1.0], [146.4718017578125, 228.25341796875, 1.0], [174.38461303710938, 221.98690795898438, 1.0], [201.51968383789062, 218.81097412109375, 1.0], [120.58487701416016, 157.37057495117188, 1.0], [132.20057678222656, 189.21266174316406, 1.0], [143.0298614501953, 207.0626983642578, 1.0], [159.1768035888672, 220.60240173339844, 1.0]], "is_left": 0}