{"hand_pts": [[203.91981506347656, 94.6915512084961, 1.0], [183.54554748535156, 158.76040649414062, 1.0], [171.45953369140625, 213.48939514160156, 1.0], [157.16073608398438, 252.58644104003906, 1.0], [142.98910522460938, 279.3253479003906, 1.0], [224.21630859375, 179.01657104492188, 1.0], [220.00930786132812, 220.03858947753906, 1.0], [200.9275665283203, 246.84503173828125, 1.0], [176.78732299804688, 271.2224426269531, 1.0], [216.88900756835938, 143.07569885253906, 1.0], [225.0313262939453, 181.30870056152344, 1.0], [207.12210083007812, 212.5812530517578, 1.0], [187.445068359375, 242.4896240234375, 1.0], [202.88319396972656, 116.00576782226562, 1.0], [188.6338348388672, 147.77354431152344, 1.0], [158.8858184814453, 173.06663513183594, 1.0], [125.82184600830078, 198.52972412109375, 1.0], [186.5188751220703, 89.35909271240234, 1.0], [172.85009765625, 100.99272155761719, 1.0], [148.6897735595703, 118.93626403808594, 1.0], [119.26029968261719, 142.64224243164062, 1.0]], "is_left": 0}