{"hand_pts": [[372.2783203125, 173.85867309570312, 1.0], [289.1190185546875, 159.5575714111328, 1.0], [239.65359497070312, 137.36138916015625, 1.0], [178.3146514892578, 171.0284423828125, 1.0], [160.95716857910156, 219.81439208984375, 1.0], [208.04290771484375, 84.39204406738281, 1.0], [132.0646209716797, 125.29228973388672, 1.0], [133.53591918945312, 179.5839385986328, 1.0], [163.72720336914062, 221.0431671142578, 1.0], [223.22251892089844, 107.64347839355469, 1.0], [136.6491241455078, 162.9234619140625, 1.0], [130.4158172607422, 219.48129272460938, 1.0], [168.5955810546875, 243.7336883544922, 1.0], [235.24964904785156, 134.91690063476562, 1.0], [149.27633666992188, 172.78758239746094, 1.0], [153.1851806640625, 216.98712158203125, 1.0], [187.59031677246094, 234.31593322753906, 1.0], [254.13111877441406, 166.30816650390625, 1.0], [203.75279235839844, 204.70541381835938, 1.0], [185.4492645263672, 242.68540954589844, 1.0], [194.96519470214844, 265.23883056640625, 1.0]], "is_left": 0}