{"hand_pts": [[62.99153137207031, 253.99636840820312, 1.0], [150.70848083496094, 244.01292419433594, 1.0], [208.66639709472656, 241.5169219970703, 1.0], [250.6451873779297, 232.66043090820312, 1.0], [251.35365295410156, 224.98158264160156, 1.0], [182.92723083496094, 166.1199188232422, 1.0], [237.1223602294922, 156.32713317871094, 1.0], [255.0365753173828, 177.54966735839844, 1.0], [248.41940307617188, 207.0426025390625, 1.0], [143.536376953125, 155.6903839111328, 1.0], [202.4714813232422, 138.06097412109375, 1.0], [226.58883666992188, 166.1541290283203, 1.0], [224.69012451171875, 202.0513458251953, 1.0], [113.76063537597656, 153.40187072753906, 1.0], [159.3989715576172, 141.94192504882812, 1.0], [174.29025268554688, 172.37562561035156, 1.0], [169.948974609375, 204.22305297851562, 1.0], [82.3785629272461, 159.0329132080078, 1.0], [105.18498992919922, 155.5252685546875, 1.0], [122.11810302734375, 179.9849395751953, 1.0], [126.15753936767578, 206.71221923828125, 1.0]], "is_left": 0}