{"hand_pts": [[67.05274200439453, 212.7065887451172, 1.0], [85.74009704589844, 158.90919494628906, 1.0], [68.9845962524414, 124.96803283691406, 1.0], [62.03617477416992, 105.01358795166016, 1.0], [87.76874542236328, 135.02310180664062, 1.0], [174.5883331298828, 122.65641784667969, 1.0], [202.0179443359375, 126.33113861083984, 1.0], [200.7194061279297, 140.38235473632812, 1.0], [200.7242889404297, 154.3935089111328, 1.0], [190.53977966308594, 166.18479919433594, 1.0], [257.24468994140625, 159.74488830566406, 1.0], [237.8083953857422, 170.36483764648438, 1.0], [220.9165802001953, 180.0576934814453, 1.0], [197.81007385253906, 203.39224243164062, 1.0], [213.67208862304688, 235.40557861328125, 1.0], [200.3107147216797, 254.9422607421875, 1.0], [192.91136169433594, 274.1799011230469, 1.0], [195.71041870117188, 240.6581268310547, 1.0], [221.73216247558594, 245.62818908691406, 1.0], [222.8469696044922, 248.77923583984375, 1.0], [220.59442138671875, 250.05311584472656, 1.0]], "is_left": 0}