{"hand_pts": [[29.3597469329834, 96.39268493652344, 1.0], [64.92236328125, 162.5011749267578, 1.0], [87.12972259521484, 214.9408721923828, 1.0], [133.2610321044922, 240.9183349609375, 1.0], [172.00331115722656, 238.17129516601562, 1.0], [163.4859161376953, 155.03009033203125, 1.0], [218.42030334472656, 196.4185028076172, 1.0], [236.9471893310547, 234.3702850341797, 1.0], [251.663818359375, 271.21478271484375, 1.0], [168.2095184326172, 127.51275634765625, 1.0], [239.9031982421875, 163.81170654296875, 1.0], [237.02828979492188, 211.47113037109375, 1.0], [196.2676239013672, 236.6639404296875, 1.0], [166.25885009765625, 111.0754165649414, 1.0], [235.1645050048828, 143.52650451660156, 1.0], [231.95840454101562, 186.79669189453125, 1.0], [196.8478240966797, 214.6042022705078, 1.0], [154.71058654785156, 96.31491088867188, 1.0], [169.7386932373047, 131.28858947753906, 1.0], [169.19927978515625, 160.690673828125, 1.0], [142.29579162597656, 191.0661163330078, 1.0]], "is_left": 0}