{"hand_pts": [[305.8730773925781, 211.58139038085938, 1.0], [269.18438720703125, 171.46746826171875, 1.0], [268.25872802734375, 138.3472900390625, 1.0], [248.39268493652344, 136.5311737060547, 1.0], [229.3798828125, 149.6974334716797, 1.0], [177.34979248046875, 166.6325225830078, 1.0], [120.58611297607422, 156.22882080078125, 1.0], [88.17028045654297, 149.1251983642578, 1.0], [87.59550476074219, 144.33880615234375, 1.0], [175.58680725097656, 194.4670867919922, 1.0], [142.1696014404297, 177.01898193359375, 1.0], [178.88973999023438, 171.48126220703125, 1.0], [213.07395935058594, 176.99241638183594, 1.0], [179.05116271972656, 215.36680603027344, 1.0], [146.83949279785156, 210.03594970703125, 1.0], [148.48265075683594, 204.10194396972656, 1.0], [183.19091796875, 196.80946350097656, 1.0], [191.49769592285156, 234.8489990234375, 1.0], [188.8762969970703, 238.74380493164062, 1.0], [214.63287353515625, 232.84799194335938, 1.0], [233.9221954345703, 224.9311981201172, 1.0]], "is_left": 0}