{"hand_pts": [[186.0850830078125, 226.4738006591797, 1.0], [211.49940490722656, 247.1065216064453, 1.0], [227.88087463378906, 291.5481262207031, 1.0], [253.5854034423828, 274.6695251464844, 1.0], [262.15447998046875, 227.25259399414062, 1.0], [157.3981170654297, 237.6114959716797, 1.0], [174.97962951660156, 224.6765594482422, 1.0], [200.21075439453125, 211.51138305664062, 1.0], [230.89451599121094, 198.64340209960938, 1.0], [142.9789581298828, 203.7801055908203, 1.0], [158.69876098632812, 183.29159545898438, 1.0], [188.46612548828125, 173.19012451171875, 1.0], [225.44195556640625, 172.55210876464844, 1.0], [138.51235961914062, 176.2299041748047, 1.0], [125.72114562988281, 145.3283233642578, 1.0], [142.4916534423828, 130.38172912597656, 1.0], [174.7974395751953, 127.35216522216797, 1.0], [139.17596435546875, 151.94906616210938, 1.0], [152.79266357421875, 115.70783996582031, 1.0], [176.248046875, 100.30860900878906, 1.0], [206.5524444580078, 94.64386749267578, 1.0]], "is_left": 0}