{"hand_pts": [[37.35732650756836, 230.90835571289062, 1.0], [102.80542755126953, 251.0455322265625, 1.0], [150.13287353515625, 254.970947265625, 1.0], [191.77304077148438, 239.69932556152344, 1.0], [202.6275634765625, 222.6776580810547, 1.0], [167.40541076660156, 186.23890686035156, 1.0], [219.74749755859375, 182.27133178710938, 1.0], [249.00245666503906, 189.6064910888672, 1.0], [264.3504333496094, 212.02052307128906, 1.0], [147.2891845703125, 168.28993225097656, 1.0], [208.89402770996094, 128.85142517089844, 1.0], [249.55372619628906, 111.9167251586914, 1.0], [269.5276184082031, 145.7064666748047, 1.0], [129.9395751953125, 161.2920684814453, 1.0], [190.86111450195312, 141.05197143554688, 1.0], [193.67613220214844, 181.532958984375, 1.0], [176.1215057373047, 217.9801025390625, 1.0], [107.53783416748047, 161.02752685546875, 1.0], [132.12744140625, 167.789794921875, 1.0], [145.50433349609375, 188.27896118164062, 1.0], [156.77920532226562, 218.41429138183594, 1.0]], "is_left": 0}