{"hand_pts": [[125.30358123779297, 250.86744689941406, 1.0], [109.99459838867188, 191.32521057128906, 1.0], [74.37508392333984, 154.8067169189453, 1.0], [108.1522445678711, 115.67619323730469, 1.0], [153.6895751953125, 126.69511413574219, 1.0], [118.16890716552734, 197.74392700195312, 1.0], [157.8335723876953, 146.7711639404297, 1.0], [166.873291015625, 138.0604248046875, 1.0], [152.03028869628906, 160.55880737304688, 1.0], [157.81129455566406, 224.1878204345703, 1.0], [213.8622283935547, 169.11485290527344, 1.0], [209.36643981933594, 156.55674743652344, 1.0], [177.55801391601562, 176.9691162109375, 1.0], [191.0828399658203, 240.00909423828125, 1.0], [253.96865844726562, 196.0519256591797, 1.0], [243.48944091796875, 187.37771606445312, 1.0], [206.13951110839844, 205.7440948486328, 1.0], [219.95826721191406, 253.9030303955078, 1.0], [267.2017517089844, 230.83660888671875, 1.0], [257.81048583984375, 215.5047149658203, 1.0], [220.81871032714844, 226.12474060058594, 1.0]], "is_left": 0}