{"hand_pts": [[334.6970520019531, 127.73040771484375, 1.0], [285.6943359375, 174.21620178222656, 1.0], [260.35296630859375, 202.36248779296875, 1.0], [221.3791046142578, 247.3127899169922, 1.0], [203.02232360839844, 268.5529479980469, 1.0], [210.9532012939453, 129.73114013671875, 1.0], [145.6584014892578, 154.024169921875, 1.0], [125.70158386230469, 200.4303436279297, 1.0], [146.66403198242188, 234.79359436035156, 1.0], [211.21832275390625, 112.82475280761719, 1.0], [151.07821655273438, 187.8704071044922, 1.0], [147.13934326171875, 247.7274932861328, 1.0], [158.38775634765625, 298.4210205078125, 1.0], [213.34381103515625, 107.9654312133789, 1.0], [156.11585998535156, 176.31419372558594, 1.0], [172.0613250732422, 221.05052185058594, 1.0], [211.87057495117188, 212.0079803466797, 1.0], [222.61488342285156, 107.43441772460938, 1.0], [177.22218322753906, 104.8490982055664, 1.0], [147.43760681152344, 132.07789611816406, 1.0], [132.26048278808594, 176.036376953125, 1.0]], "is_left": 0}