{"hand_pts": [[95.46666717529297, 153.45703125, 1.0], [89.63936614990234, 165.58633422851562, 1.0], [65.54521179199219, 173.45872497558594, 1.0], [89.64507293701172, 167.85757446289062, 1.0], [133.6426544189453, 156.38821411132812, 1.0], [145.44424438476562, 242.5099334716797, 1.0], [168.97532653808594, 233.0677490234375, 1.0], [167.48316955566406, 195.97496032714844, 1.0], [155.71261596679688, 160.134521484375, 1.0], [180.1138458251953, 234.9359588623047, 1.0], [224.50775146484375, 222.2901153564453, 1.0], [211.93679809570312, 180.27780151367188, 1.0], [182.4921417236328, 148.4418182373047, 1.0], [205.10145568847656, 221.41526794433594, 1.0], [249.25949096679688, 203.20037841796875, 1.0], [242.30064392089844, 167.22421264648438, 1.0], [213.04290771484375, 139.05050659179688, 1.0], [222.20632934570312, 202.0311737060547, 1.0], [255.4774932861328, 183.69004821777344, 1.0], [246.0983123779297, 155.5329132080078, 1.0], [212.1525421142578, 142.86868286132812, 1.0]], "is_left": 0}