{"hand_pts": [[95.71101379394531, 246.2400360107422, 1.0], [145.17593383789062, 179.7080078125, 1.0], [196.711181640625, 128.13619995117188, 1.0], [184.84437561035156, 93.61954498291016, 1.0], [150.72042846679688, 85.3836441040039, 1.0], [231.49908447265625, 194.95260620117188, 1.0], [230.18663024902344, 144.1905517578125, 1.0], [195.67462158203125, 119.38282012939453, 1.0], [155.2299041748047, 109.9297103881836, 1.0], [203.72265625, 231.60977172851562, 1.0], [245.07972717285156, 211.36453247070312, 1.0], [226.4025421142578, 173.1275634765625, 1.0], [191.9252166748047, 153.2494354248047, 1.0], [175.37974548339844, 255.16317749023438, 1.0], [188.03549194335938, 233.4328155517578, 1.0], [177.77490234375, 206.0861358642578, 1.0], [152.60447692871094, 175.98336791992188, 1.0], [141.65560913085938, 275.315185546875, 1.0], [158.2966766357422, 270.3506164550781, 1.0], [159.81358337402344, 247.33238220214844, 1.0], [145.4290313720703, 217.0929412841797, 1.0]], "is_left": 0}