{"hand_pts": [[142.55352783203125, 297.04644775390625, 1.0], [115.21121978759766, 231.834228515625, 1.0], [77.35621643066406, 179.43983459472656, 1.0], [81.06634521484375, 150.24082946777344, 1.0], [112.07122039794922, 162.11123657226562, 1.0], [178.2801971435547, 155.12692260742188, 1.0], [173.19561767578125, 120.49429321289062, 1.0], [149.68919372558594, 140.95823669433594, 1.0], [130.08303833007812, 179.52798461914062, 1.0], [216.08079528808594, 179.66104125976562, 1.0], [226.20849609375, 136.26426696777344, 1.0], [190.3862762451172, 154.26364135742188, 1.0], [153.46600341796875, 186.62120056152344, 1.0], [240.41339111328125, 202.36622619628906, 1.0], [255.0353546142578, 176.8545379638672, 1.0], [220.68453979492188, 196.5507354736328, 1.0], [185.95579528808594, 221.08377075195312, 1.0], [256.4216613769531, 230.49607849121094, 1.0], [267.7779846191406, 222.79835510253906, 1.0], [238.4553985595703, 233.0115509033203, 1.0], [203.28590393066406, 246.20973205566406, 1.0]], "is_left": 0}