{"hand_pts": [[182.2017364501953, 322.48052978515625, 1.0], [150.54844665527344, 256.5333557128906, 1.0], [108.6881332397461, 218.0332794189453, 1.0], [85.3917465209961, 180.69989013671875, 1.0], [98.29479217529297, 173.3296356201172, 1.0], [210.7366485595703, 181.65802001953125, 1.0], [209.49801635742188, 119.7392807006836, 1.0], [180.7655029296875, 98.5094223022461, 1.0], [154.13758850097656, 121.55805969238281, 1.0], [231.70782470703125, 200.5325164794922, 1.0], [183.8663787841797, 170.8343505859375, 1.0], [145.8131103515625, 196.90744018554688, 1.0], [110.76396179199219, 221.9025421142578, 1.0], [240.5001678466797, 217.5186004638672, 1.0], [276.8652038574219, 162.5948028564453, 1.0], [273.309326171875, 128.62139892578125, 1.0], [254.21287536621094, 100.24626159667969, 1.0], [242.9972381591797, 240.1866455078125, 1.0], [206.10379028320312, 228.6788330078125, 1.0], [173.14173889160156, 235.3935546875, 1.0], [154.0331268310547, 256.16455078125, 1.0]], "is_left": 0}