{"hand_pts": [[54.85606384277344, 60.70266342163086, 1.0], [125.72444152832031, 79.30609893798828, 1.0], [176.20687866210938, 82.91677856445312, 1.0], [225.35084533691406, 107.16205596923828, 1.0], [262.62286376953125, 138.7660369873047, 1.0], [172.46392822265625, 168.87164306640625, 1.0], [219.1366729736328, 218.28184509277344, 1.0], [249.71038818359375, 238.7514190673828, 1.0], [271.5233154296875, 248.74722290039062, 1.0], [146.62020874023438, 185.13845825195312, 1.0], [210.55020141601562, 230.1901397705078, 1.0], [213.82810974121094, 198.42152404785156, 1.0], [219.4549560546875, 170.94346618652344, 1.0], [126.67109680175781, 192.68479919433594, 1.0], [167.33047485351562, 254.71371459960938, 1.0], [185.8073272705078, 241.76535034179688, 1.0], [192.33375549316406, 211.7598876953125, 1.0], [103.83964538574219, 190.95237731933594, 1.0], [127.03105163574219, 194.19320678710938, 1.0], [130.62588500976562, 168.1295623779297, 1.0], [122.74948120117188, 132.1842498779297, 1.0]], "is_left": 0}