{"hand_pts": [[267.8487243652344, 230.53811645507812, 1.0], [240.37091064453125, 174.1951446533203, 1.0], [232.81260681152344, 120.39544677734375, 1.0], [206.6121063232422, 86.70262908935547, 1.0], [173.5017547607422, 71.27350616455078, 1.0], [240.33236694335938, 176.74380493164062, 1.0], [213.02537536621094, 149.8181610107422, 1.0], [179.2679901123047, 133.9576416015625, 1.0], [147.53025817871094, 124.64997100830078, 1.0], [231.67770385742188, 213.47900390625, 1.0], [200.87197875976562, 199.69357299804688, 1.0], [167.1306610107422, 181.03057861328125, 1.0], [133.45384216308594, 160.35546875, 1.0], [220.3598175048828, 239.9996795654297, 1.0], [184.7869873046875, 239.0142364501953, 1.0], [151.45106506347656, 224.74501037597656, 1.0], [121.97782897949219, 205.00637817382812, 1.0], [210.3651123046875, 264.1427001953125, 1.0], [170.73861694335938, 256.62664794921875, 1.0], [142.1134490966797, 244.90708923339844, 1.0], [114.2995376586914, 227.69544982910156, 1.0]], "is_left": 0}