{"hand_pts": [[186.05238342285156, 22.388856887817383, 1.0], [215.68508911132812, 66.91382598876953, 1.0], [229.73719787597656, 87.05060577392578, 1.0], [226.96311950683594, 133.97039794921875, 1.0], [223.0911865234375, 178.56219482421875, 1.0], [155.35848999023438, 144.0552215576172, 1.0], [201.3739776611328, 181.3650665283203, 1.0], [236.42578125, 187.0982666015625, 1.0], [249.3600311279297, 153.9222412109375, 1.0], [136.27871704101562, 153.0271759033203, 1.0], [139.69607543945312, 228.57656860351562, 1.0], [176.44032287597656, 250.75106811523438, 1.0], [216.0271453857422, 238.07891845703125, 1.0], [129.02818298339844, 158.60403442382812, 1.0], [158.53497314453125, 217.05337524414062, 1.0], [191.69374084472656, 229.5633544921875, 1.0], [221.32078552246094, 202.57298278808594, 1.0], [127.97595977783203, 156.02835083007812, 1.0], [126.9128646850586, 200.7432098388672, 1.0], [144.3868865966797, 225.76356506347656, 1.0], [172.63360595703125, 242.5070343017578, 1.0]], "is_left": 0}