{"hand_pts": [[188.62936401367188, 115.74858856201172, 1.0], [145.16043090820312, 159.1871795654297, 1.0], [104.87619018554688, 203.53054809570312, 1.0], [80.8649673461914, 205.31185913085938, 1.0], [101.19815826416016, 168.37078857421875, 1.0], [197.56942749023438, 248.91346740722656, 1.0], [167.59432983398438, 249.5285186767578, 1.0], [143.83511352539062, 208.59324645996094, 1.0], [143.14866638183594, 179.38265991210938, 1.0], [232.33070373535156, 230.29049682617188, 1.0], [199.28570556640625, 212.4263916015625, 1.0], [167.6485137939453, 172.25128173828125, 1.0], [162.76382446289062, 158.5613555908203, 1.0], [253.25074768066406, 209.00672912597656, 1.0], [238.14097595214844, 185.01637268066406, 1.0], [206.747802734375, 150.68228149414062, 1.0], [200.5086669921875, 152.4311065673828, 1.0], [267.4815673828125, 180.97381591796875, 1.0], [258.3459167480469, 156.65296936035156, 1.0], [227.6619415283203, 132.66761779785156, 1.0], [223.3311309814453, 143.67514038085938, 1.0]], "is_left": 0}