{"hand_pts": [[218.9253387451172, 51.763980865478516, 1.0], [176.2552947998047, 103.47132110595703, 1.0], [180.94351196289062, 127.2088623046875, 1.0], [169.05001831054688, 167.2843017578125, 1.0], [153.02053833007812, 193.42543029785156, 1.0], [236.20933532714844, 163.15643310546875, 1.0], [211.0697021484375, 214.52769470214844, 1.0], [173.48745727539062, 239.96031188964844, 1.0], [134.916015625, 260.7032470703125, 1.0], [254.1832275390625, 157.8512725830078, 1.0], [177.59799194335938, 206.90676879882812, 1.0], [118.75099182128906, 212.4378662109375, 1.0], [72.77397155761719, 201.0681610107422, 1.0], [258.6021728515625, 152.30043029785156, 1.0], [228.97178649902344, 205.01010131835938, 1.0], [173.0049285888672, 207.15724182128906, 1.0], [154.59059143066406, 182.5911865234375, 1.0], [256.90655517578125, 140.70001220703125, 1.0], [213.1905975341797, 172.31475830078125, 1.0], [168.98387145996094, 183.6280059814453, 1.0], [148.28103637695312, 163.61119079589844, 1.0]], "is_left": 0}