{"hand_pts": [[116.88946533203125, 141.81915283203125, 1.0], [136.54513549804688, 112.5356674194336, 1.0], [162.5966796875, 66.03156280517578, 1.0], [214.3653564453125, 73.12863159179688, 1.0], [258.49798583984375, 98.71126556396484, 1.0], [103.3292465209961, 169.9619598388672, 1.0], [127.8612060546875, 187.46849060058594, 1.0], [177.22389221191406, 180.64981079101562, 1.0], [229.73635864257812, 171.1237335205078, 1.0], [119.42484283447266, 201.34754943847656, 1.0], [100.95648193359375, 228.99783325195312, 1.0], [152.195068359375, 208.233154296875, 1.0], [196.22239685058594, 177.96664428710938, 1.0], [140.20643615722656, 220.27764892578125, 1.0], [176.1764678955078, 252.8883056640625, 1.0], [219.29225158691406, 251.2865447998047, 1.0], [263.19854736328125, 247.9569549560547, 1.0], [161.79397583007812, 231.98280334472656, 1.0], [223.45782470703125, 221.218017578125, 1.0], [262.6387634277344, 197.15965270996094, 1.0], [251.5608673095703, 169.70285034179688, 1.0]], "is_left": 0}