{"hand_pts": [[158.73519897460938, 326.6718444824219, 1.0], [113.92253112792969, 287.4443054199219, 1.0], [70.83518981933594, 267.96636962890625, 1.0], [65.04890441894531, 235.47183227539062, 1.0], [69.7366943359375, 204.6075897216797, 1.0], [139.3447265625, 214.49830627441406, 1.0], [158.10317993164062, 165.34860229492188, 1.0], [169.01170349121094, 133.72622680664062, 1.0], [177.98828125, 107.14505004882812, 1.0], [183.68504333496094, 213.82749938964844, 1.0], [212.91111755371094, 155.62765502929688, 1.0], [215.74530029296875, 130.64869689941406, 1.0], [214.38272094726562, 111.7857894897461, 1.0], [216.1675567626953, 216.48207092285156, 1.0], [233.60313415527344, 160.3382110595703, 1.0], [218.83250427246094, 155.56910705566406, 1.0], [198.3924560546875, 184.50485229492188, 1.0], [243.24588012695312, 226.39166259765625, 1.0], [256.8267517089844, 195.3587188720703, 1.0], [264.2610168457031, 175.27146911621094, 1.0], [247.04754638671875, 173.9204864501953, 1.0]], "is_left": 0}