{"hand_pts": [[261.81341552734375, 105.5041275024414, 1.0], [278.0831298828125, 139.9447021484375, 1.0], [300.5408935546875, 177.483642578125, 1.0], [267.5785217285156, 194.39151000976562, 1.0], [230.4017333984375, 192.6278076171875, 1.0], [221.77467346191406, 205.34576416015625, 1.0], [200.82321166992188, 223.23196411132812, 1.0], [192.65650939941406, 223.1340789794922, 1.0], [183.80245971679688, 223.0660858154297, 1.0], [185.64820861816406, 190.68565368652344, 1.0], [161.287109375, 210.32989501953125, 1.0], [179.3623809814453, 188.2093963623047, 1.0], [206.5712127685547, 162.3531951904297, 1.0], [160.62466430664062, 174.487548828125, 1.0], [109.99156951904297, 206.88307189941406, 1.0], [125.87589263916016, 191.61181640625, 1.0], [144.3424530029297, 175.36318969726562, 1.0], [143.19593811035156, 153.61239624023438, 1.0], [131.7991180419922, 148.43341064453125, 1.0], [129.66322326660156, 141.22071838378906, 1.0], [153.23265075683594, 124.41902923583984, 1.0]], "is_left": 0}