{"hand_pts": [[275.0142822265625, 311.5348205566406, 1.0], [206.2853546142578, 271.95086669921875, 1.0], [141.1990966796875, 263.69024658203125, 1.0], [100.6336441040039, 241.40504455566406, 1.0], [97.44324493408203, 222.45484924316406, 1.0], [215.2276611328125, 176.6291046142578, 1.0], [185.18128967285156, 119.252685546875, 1.0], [146.32582092285156, 108.9535903930664, 1.0], [118.57587432861328, 131.30780029296875, 1.0], [242.59521484375, 180.4972381591797, 1.0], [164.3854522705078, 178.39501953125, 1.0], [137.417724609375, 217.08206176757812, 1.0], [143.39593505859375, 256.6322021484375, 1.0], [257.9678039550781, 189.1280517578125, 1.0], [234.26197814941406, 130.83584594726562, 1.0], [197.53329467773438, 116.06558990478516, 1.0], [156.06092834472656, 129.23358154296875, 1.0], [271.3617858886719, 205.97738647460938, 1.0], [256.0984802246094, 170.75123596191406, 1.0], [219.8787841796875, 180.7839813232422, 1.0], [227.4906768798828, 206.9235382080078, 1.0]], "is_left": 0}