{"hand_pts": [[277.7778015136719, 106.3568115234375, 1.0], [215.44613647460938, 135.73439025878906, 1.0], [157.9746856689453, 136.35079956054688, 1.0], [109.11418151855469, 136.06996154785156, 1.0], [80.23939514160156, 135.60000610351562, 1.0], [212.1100616455078, 219.3120880126953, 1.0], [185.40159606933594, 272.2397766113281, 1.0], [155.45657348632812, 286.4032897949219, 1.0], [128.87538146972656, 262.59698486328125, 1.0], [239.02590942382812, 211.42530822753906, 1.0], [180.1046905517578, 195.9310760498047, 1.0], [144.92115783691406, 166.6999969482422, 1.0], [126.65693664550781, 125.57282257080078, 1.0], [256.3879089355469, 198.77261352539062, 1.0], [207.13348388671875, 215.94039916992188, 1.0], [182.8286590576172, 180.30503845214844, 1.0], [163.54656982421875, 144.31240844726562, 1.0], [272.8957214355469, 179.0909881591797, 1.0], [238.4584197998047, 179.0115966796875, 1.0], [217.80126953125, 151.96603393554688, 1.0], [205.60498046875, 124.9881362915039, 1.0]], "is_left": 0}