{"hand_pts": [[267.6357116699219, 158.58116149902344, 1.0], [219.22523498535156, 209.2560577392578, 1.0], [171.07704162597656, 252.89175415039062, 1.0], [140.91709899902344, 286.4830017089844, 1.0], [154.59890747070312, 284.8356628417969, 1.0], [151.4200439453125, 164.78573608398438, 1.0], [112.92386627197266, 196.3074188232422, 1.0], [94.56794738769531, 219.7526397705078, 1.0], [85.77291870117188, 246.58197021484375, 1.0], [180.3343048095703, 133.88735961914062, 1.0], [176.71441650390625, 167.04150390625, 1.0], [199.6905975341797, 211.21009826660156, 1.0], [224.1654052734375, 236.03395080566406, 1.0], [208.1451416015625, 116.61685180664062, 1.0], [173.10479736328125, 91.44416809082031, 1.0], [186.09547424316406, 134.45213317871094, 1.0], [205.87985229492188, 170.0806121826172, 1.0], [239.69761657714844, 104.82611083984375, 1.0], [249.2919158935547, 128.62033081054688, 1.0], [262.83856201171875, 159.98416137695312, 1.0], [275.54412841796875, 193.9754180908203, 1.0]], "is_left": 0}