{"hand_pts": [[164.00938415527344, 89.0611801147461, 1.0], [203.1982879638672, 91.2226791381836, 1.0], [246.99374389648438, 80.80103302001953, 1.0], [258.35369873046875, 83.26483154296875, 1.0], [237.70274353027344, 96.08467102050781, 1.0], [249.0542755126953, 170.68519592285156, 1.0], [236.996826171875, 185.9291534423828, 1.0], [209.5382537841797, 162.9766082763672, 1.0], [195.6108856201172, 139.85000610351562, 1.0], [213.699951171875, 195.8419189453125, 1.0], [182.0075225830078, 208.91552734375, 1.0], [158.44943237304688, 201.2981414794922, 1.0], [135.91395568847656, 181.9079132080078, 1.0], [181.30795288085938, 210.46176147460938, 1.0], [167.23731994628906, 259.1012878417969, 1.0], [152.2671356201172, 270.7394714355469, 1.0], [136.6431884765625, 261.68511962890625, 1.0], [147.7577667236328, 216.15138244628906, 1.0], [129.7685546875, 236.5218048095703, 1.0], [117.61100006103516, 221.3967742919922, 1.0], [116.76506042480469, 189.93418884277344, 1.0]], "is_left": 0}