{"hand_pts": [[184.8882598876953, 213.8387908935547, 1.0], [218.7117462158203, 164.09078979492188, 1.0], [246.27178955078125, 102.81513214111328, 1.0], [275.3060607910156, 112.06397247314453, 1.0], [271.49322509765625, 167.28981018066406, 1.0], [139.69802856445312, 109.39751434326172, 1.0], [183.53517150878906, 119.84212493896484, 1.0], [223.98977661132812, 152.4996795654297, 1.0], [227.3853759765625, 169.9265594482422, 1.0], [112.90911102294922, 148.0211944580078, 1.0], [155.97021484375, 171.94102478027344, 1.0], [208.02203369140625, 196.45823669433594, 1.0], [217.94451904296875, 196.3439178466797, 1.0], [101.15962219238281, 183.0426788330078, 1.0], [135.98123168945312, 219.6575469970703, 1.0], [181.3024139404297, 236.96759033203125, 1.0], [184.9402313232422, 223.0127410888672, 1.0], [97.93785095214844, 220.02638244628906, 1.0], [120.97019958496094, 257.92816162109375, 1.0], [162.1801300048828, 267.9263916015625, 1.0], [168.91477966308594, 245.0718536376953, 1.0]], "is_left": 0}