{"hand_pts": [[62.15947723388672, 78.53062438964844, 1.0], [72.3353042602539, 121.73685455322266, 1.0], [76.27362823486328, 164.185302734375, 1.0], [95.13301086425781, 198.7591552734375, 1.0], [119.07058715820312, 228.4064178466797, 1.0], [138.15553283691406, 170.18019104003906, 1.0], [171.5077362060547, 219.03570556640625, 1.0], [194.19618225097656, 247.82754516601562, 1.0], [216.614990234375, 276.2991943359375, 1.0], [155.89117431640625, 147.4585418701172, 1.0], [203.63795471191406, 199.9005584716797, 1.0], [230.87472534179688, 231.30615234375, 1.0], [257.4663391113281, 261.3773193359375, 1.0], [166.4521942138672, 126.85798645019531, 1.0], [218.12203979492188, 170.1532745361328, 1.0], [244.65545654296875, 193.65036010742188, 1.0], [271.2479248046875, 216.76547241210938, 1.0], [169.69393920898438, 103.43017578125, 1.0], [209.80662536621094, 124.47337341308594, 1.0], [235.83782958984375, 139.36119079589844, 1.0], [260.974365234375, 156.72329711914062, 1.0]], "is_left": 0}