{"hand_pts": [[203.8084259033203, 92.63710021972656, 1.0], [235.04641723632812, 103.11308288574219, 1.0], [271.37158203125, 84.56349182128906, 1.0], [287.9652099609375, 134.68975830078125, 1.0], [270.993408203125, 190.2339630126953, 1.0], [160.75698852539062, 99.82147216796875, 1.0], [182.01507568359375, 161.08349609375, 1.0], [219.49449157714844, 193.09999084472656, 1.0], [239.6588897705078, 189.02304077148438, 1.0], [127.932373046875, 125.48690032958984, 1.0], [146.1063995361328, 208.15756225585938, 1.0], [196.23165893554688, 230.22491455078125, 1.0], [227.3705291748047, 208.72091674804688, 1.0], [109.88440704345703, 150.53897094726562, 1.0], [120.1796646118164, 235.93466186523438, 1.0], [165.35369873046875, 251.02601623535156, 1.0], [189.1508026123047, 216.97593688964844, 1.0], [100.58269500732422, 173.0603790283203, 1.0], [103.92500305175781, 234.355224609375, 1.0], [143.64019775390625, 247.39122009277344, 1.0], [169.92083740234375, 214.419677734375, 1.0]], "is_left": 0}