{"hand_pts": [[223.32847595214844, 94.66500854492188, 1.0], [185.8579559326172, 93.7248306274414, 1.0], [143.40866088867188, 87.52032470703125, 1.0], [112.06588745117188, 97.18537902832031, 1.0], [106.94513702392578, 130.3838348388672, 1.0], [120.2322998046875, 160.808837890625, 1.0], [142.96632385253906, 165.05709838867188, 1.0], [178.94253540039062, 149.73890686035156, 1.0], [216.09637451171875, 127.80928039550781, 1.0], [155.78590393066406, 184.29611206054688, 1.0], [180.7755126953125, 218.33743286132812, 1.0], [214.46522521972656, 186.53968811035156, 1.0], [234.79885864257812, 152.36837768554688, 1.0], [189.9373779296875, 198.32376098632812, 1.0], [181.24732971191406, 244.69769287109375, 1.0], [201.0260772705078, 245.6808319091797, 1.0], [224.6900634765625, 217.05848693847656, 1.0], [226.39459228515625, 204.37435913085938, 1.0], [226.79122924804688, 242.84410095214844, 1.0], [228.80545043945312, 268.4356689453125, 1.0], [232.16390991210938, 290.7916259765625, 1.0]], "is_left": 0}