{"hand_pts": [[197.08169555664062, 320.9189147949219, 1.0], [159.87745666503906, 286.83612060546875, 1.0], [122.051513671875, 275.3031921386719, 1.0], [113.58741760253906, 246.61306762695312, 1.0], [131.52127075195312, 216.69241333007812, 1.0], [135.262451171875, 190.95223999023438, 1.0], [140.4847412109375, 166.90728759765625, 1.0], [155.81857299804688, 185.4444580078125, 1.0], [172.29376220703125, 209.41799926757812, 1.0], [169.67526245117188, 182.1671600341797, 1.0], [188.4212188720703, 148.81268310546875, 1.0], [200.562255859375, 180.4080352783203, 1.0], [207.93658447265625, 218.54090881347656, 1.0], [199.37957763671875, 180.30343627929688, 1.0], [201.15069580078125, 112.66527557373047, 1.0], [207.2719268798828, 104.56853485107422, 1.0], [209.86302185058594, 134.800537109375, 1.0], [228.73825073242188, 188.0543975830078, 1.0], [245.82725524902344, 151.60020446777344, 1.0], [250.3144073486328, 156.0175018310547, 1.0], [245.3577880859375, 179.27708435058594, 1.0]], "is_left": 0}