{"hand_pts": [[365.5237121582031, 259.1090393066406, 1.0], [296.3360290527344, 242.2222137451172, 1.0], [257.96441650390625, 231.91127014160156, 1.0], [212.59243774414062, 202.809326171875, 1.0], [180.08673095703125, 168.51263427734375, 1.0], [191.4171142578125, 252.7740020751953, 1.0], [133.34519958496094, 212.4598388671875, 1.0], [146.36415100097656, 180.4630584716797, 1.0], [187.2330322265625, 166.12892150878906, 1.0], [205.14358520507812, 240.2731475830078, 1.0], [132.81103515625, 189.59693908691406, 1.0], [121.9767074584961, 151.87423706054688, 1.0], [138.6043243408203, 124.46945190429688, 1.0], [220.57949829101562, 225.344970703125, 1.0], [151.88970947265625, 176.07699584960938, 1.0], [145.00408935546875, 142.70779418945312, 1.0], [168.96322631835938, 124.82315826416016, 1.0], [245.28231811523438, 211.0023651123047, 1.0], [203.9633026123047, 175.0146942138672, 1.0], [188.8580780029297, 145.63450622558594, 1.0], [199.1029052734375, 130.157470703125, 1.0]], "is_left": 0}