{"hand_pts": [[265.01861572265625, 63.2264518737793, 1.0], [269.0849304199219, 132.4149627685547, 1.0], [292.30120849609375, 179.6044921875, 1.0], [268.5495300292969, 212.02906799316406, 1.0], [235.45106506347656, 212.20278930664062, 1.0], [238.51699829101562, 166.0754852294922, 1.0], [225.92413330078125, 214.4642333984375, 1.0], [213.73635864257812, 248.3059844970703, 1.0], [201.9751434326172, 279.5708312988281, 1.0], [209.66783142089844, 139.8417510986328, 1.0], [172.56118774414062, 197.62049865722656, 1.0], [153.88888549804688, 232.8726806640625, 1.0], [136.530517578125, 265.56829833984375, 1.0], [186.94932556152344, 120.72720336914062, 1.0], [143.37725830078125, 163.120849609375, 1.0], [121.80804443359375, 193.15655517578125, 1.0], [100.81430053710938, 222.1643829345703, 1.0], [169.4426727294922, 99.75900268554688, 1.0], [131.43875122070312, 106.56647491455078, 1.0], [113.68389129638672, 131.58314514160156, 1.0], [101.27006530761719, 161.4383544921875, 1.0]], "is_left": 0}