{"hand_pts": [[113.5694580078125, 149.68829345703125, 1.0], [121.14484405517578, 124.76542663574219, 1.0], [141.43380737304688, 83.18588256835938, 1.0], [161.95774841308594, 59.019187927246094, 1.0], [174.4989013671875, 95.325439453125, 1.0], [207.47354125976562, 144.0115509033203, 1.0], [181.7183380126953, 151.76950073242188, 1.0], [139.84849548339844, 152.8572998046875, 1.0], [99.60984802246094, 155.97540283203125, 1.0], [210.5465087890625, 178.7733154296875, 1.0], [176.00454711914062, 194.06529235839844, 1.0], [137.1258087158203, 195.14230346679688, 1.0], [93.12938690185547, 185.7974395751953, 1.0], [204.95323181152344, 205.8730010986328, 1.0], [254.8036346435547, 236.60572814941406, 1.0], [253.91261291503906, 247.12181091308594, 1.0], [259.0700988769531, 259.4006652832031, 1.0], [191.8388214111328, 229.0786590576172, 1.0], [216.84751892089844, 258.7721862792969, 1.0], [208.44790649414062, 262.98492431640625, 1.0], [201.0457000732422, 266.2427062988281, 1.0]], "is_left": 0}