{"hand_pts": [[63.922855377197266, 42.961029052734375, 1.0], [75.36338806152344, 107.11874389648438, 1.0], [77.89971160888672, 155.7846221923828, 1.0], [114.4526138305664, 192.78407287597656, 1.0], [146.18650817871094, 186.35952758789062, 1.0], [178.17257690429688, 154.1330108642578, 1.0], [178.25648498535156, 209.03091430664062, 1.0], [147.0796356201172, 229.2268829345703, 1.0], [113.40164947509766, 245.2634735107422, 1.0], [189.51910400390625, 139.99754333496094, 1.0], [237.0208740234375, 200.66171264648438, 1.0], [239.55335998535156, 239.64395141601562, 1.0], [206.0004425048828, 260.79852294921875, 1.0], [190.42059326171875, 129.36068725585938, 1.0], [246.68284606933594, 181.79364013671875, 1.0], [215.69102478027344, 202.75502014160156, 1.0], [174.1153564453125, 211.0686492919922, 1.0], [181.48001098632812, 114.50471496582031, 1.0], [222.4086151123047, 138.9589385986328, 1.0], [239.0088348388672, 164.3289337158203, 1.0], [248.26522827148438, 194.61361694335938, 1.0]], "is_left": 0}