{"hand_pts": [[51.44806671142578, 99.5246810913086, 1.0], [81.31144714355469, 122.99349212646484, 1.0], [76.89386749267578, 134.9847869873047, 1.0], [94.9989242553711, 139.3057098388672, 1.0], [137.12010192871094, 133.94061279296875, 1.0], [132.24644470214844, 211.65065002441406, 1.0], [189.80589294433594, 231.12973022460938, 1.0], [209.76547241210938, 197.8957061767578, 1.0], [227.98587036132812, 164.24838256835938, 1.0], [151.0659637451172, 204.51576232910156, 1.0], [209.1134033203125, 229.5843505859375, 1.0], [240.6356964111328, 224.66261291503906, 1.0], [241.375244140625, 186.61520385742188, 1.0], [166.6577606201172, 191.62747192382812, 1.0], [210.8678741455078, 251.5446014404297, 1.0], [236.6472930908203, 234.80267333984375, 1.0], [265.1676025390625, 222.78024291992188, 1.0], [175.56105041503906, 171.60289001464844, 1.0], [225.15916442871094, 157.38473510742188, 1.0], [213.00035095214844, 130.35215759277344, 1.0], [182.35205078125, 110.5882797241211, 1.0]], "is_left": 0}