{"hand_pts": [[21.76363182067871, 210.9220428466797, 1.0], [91.13676452636719, 224.88104248046875, 1.0], [128.2431182861328, 244.0782012939453, 1.0], [167.3308868408203, 245.96461486816406, 1.0], [188.39939880371094, 229.88870239257812, 1.0], [163.41639709472656, 207.48455810546875, 1.0], [208.28079223632812, 204.27133178710938, 1.0], [213.8303680419922, 204.49203491210938, 1.0], [207.56784057617188, 205.28305053710938, 1.0], [148.8701171875, 187.64842224121094, 1.0], [205.55361938476562, 172.768310546875, 1.0], [240.2109375, 166.3150634765625, 1.0], [271.4232177734375, 160.69000244140625, 1.0], [135.58978271484375, 172.56300354003906, 1.0], [193.49195861816406, 162.38316345214844, 1.0], [216.4314727783203, 162.67507934570312, 1.0], [233.0782012939453, 164.69239807128906, 1.0], [116.04373168945312, 159.97988891601562, 1.0], [147.99603271484375, 144.39207458496094, 1.0], [171.67591857910156, 135.7167205810547, 1.0], [197.4472198486328, 128.05360412597656, 1.0]], "is_left": 0}