{"hand_pts": [[42.976707458496094, 137.35581970214844, 1.0], [101.86482238769531, 114.82492065429688, 1.0], [150.1033477783203, 81.6051254272461, 1.0], [201.2160186767578, 92.39033508300781, 1.0], [227.52316284179688, 137.84664916992188, 1.0], [127.56822204589844, 156.803955078125, 1.0], [198.44610595703125, 160.0485382080078, 1.0], [230.4168243408203, 156.66232299804688, 1.0], [252.31114196777344, 152.24069213867188, 1.0], [119.2961196899414, 192.90078735351562, 1.0], [200.77418518066406, 231.31361389160156, 1.0], [244.4812469482422, 222.07318115234375, 1.0], [225.78074645996094, 189.35830688476562, 1.0], [116.74898529052734, 218.14669799804688, 1.0], [201.63348388671875, 230.17019653320312, 1.0], [219.20217895507812, 206.7779541015625, 1.0], [180.77752685546875, 185.08840942382812, 1.0], [111.53236389160156, 236.3411865234375, 1.0], [157.87942504882812, 243.06353759765625, 1.0], [183.6564483642578, 238.8174285888672, 1.0], [202.416748046875, 223.8449249267578, 1.0]], "is_left": 0}