{"hand_pts": [[307.6080322265625, 183.62594604492188, 1.0], [276.94683837890625, 212.9733123779297, 1.0], [256.1803283691406, 245.49893188476562, 1.0], [228.51806640625, 262.2084045410156, 1.0], [202.78794860839844, 232.66732788085938, 1.0], [189.8027801513672, 205.52503967285156, 1.0], [161.00502014160156, 215.84901428222656, 1.0], [158.22999572753906, 219.64158630371094, 1.0], [151.98062133789062, 222.73385620117188, 1.0], [188.91229248046875, 174.45912170410156, 1.0], [124.21987915039062, 181.37271118164062, 1.0], [95.65129089355469, 187.1515655517578, 1.0], [85.24889373779297, 192.94956970214844, 1.0], [193.86402893066406, 150.4134979248047, 1.0], [164.451171875, 148.2975616455078, 1.0], [189.040771484375, 155.5825958251953, 1.0], [223.78207397460938, 165.06961059570312, 1.0], [206.9150848388672, 129.33583068847656, 1.0], [190.03196716308594, 114.9931411743164, 1.0], [204.4134979248047, 120.69243621826172, 1.0], [228.85250854492188, 135.19374084472656, 1.0]], "is_left": 0}