{"hand_pts": [[107.08203125, 121.97294616699219, 1.0], [167.57713317871094, 127.35664367675781, 1.0], [211.74691772460938, 94.54376983642578, 1.0], [247.66067504882812, 68.21329498291016, 1.0], [267.3707275390625, 55.238128662109375, 1.0], [189.15750122070312, 207.14991760253906, 1.0], [227.54078674316406, 217.0057830810547, 1.0], [243.30084228515625, 198.69834899902344, 1.0], [237.25404357910156, 164.64759826660156, 1.0], [156.01881408691406, 215.92332458496094, 1.0], [202.4355926513672, 221.99090576171875, 1.0], [222.81927490234375, 192.19866943359375, 1.0], [213.53195190429688, 154.97532653808594, 1.0], [130.95611572265625, 216.18763732910156, 1.0], [138.9073028564453, 261.2164306640625, 1.0], [154.3384552001953, 233.73468017578125, 1.0], [154.64425659179688, 206.35623168945312, 1.0], [106.09762573242188, 209.17547607421875, 1.0], [117.0982437133789, 232.16912841796875, 1.0], [134.22756958007812, 216.53469848632812, 1.0], [144.1643524169922, 185.73373413085938, 1.0]], "is_left": 0}