{"hand_pts": [[104.23886108398438, 244.2873077392578, 1.0], [90.49114990234375, 206.36325073242188, 1.0], [67.96784973144531, 163.01959228515625, 1.0], [110.46395111083984, 132.51333618164062, 1.0], [158.74435424804688, 142.5858917236328, 1.0], [130.0163116455078, 237.7388458251953, 1.0], [143.21197509765625, 172.5650634765625, 1.0], [140.2337646484375, 133.39012145996094, 1.0], [128.1986083984375, 143.76870727539062, 1.0], [168.40740966796875, 245.92189025878906, 1.0], [196.453857421875, 240.78927612304688, 1.0], [203.68797302246094, 189.3670654296875, 1.0], [195.56494140625, 150.5608367919922, 1.0], [197.52923583984375, 245.16867065429688, 1.0], [242.05491638183594, 210.49444580078125, 1.0], [256.5553894042969, 168.53558349609375, 1.0], [252.7535400390625, 124.66883850097656, 1.0], [219.80250549316406, 241.7901153564453, 1.0], [266.0525817871094, 211.3413848876953, 1.0], [254.65257263183594, 178.2797088623047, 1.0], [229.96896362304688, 152.41856384277344, 1.0]], "is_left": 0}