{"hand_pts": [[52.809776306152344, 137.8764190673828, 1.0], [121.02709197998047, 137.7459259033203, 1.0], [177.3441925048828, 132.33590698242188, 1.0], [230.5010528564453, 139.39100646972656, 1.0], [252.6439971923828, 151.92237854003906, 1.0], [146.6314697265625, 191.9310302734375, 1.0], [210.00689697265625, 204.89219665527344, 1.0], [246.38169860839844, 190.66146850585938, 1.0], [263.1591491699219, 168.06141662597656, 1.0], [122.78683471679688, 200.3846435546875, 1.0], [189.5966339111328, 220.01296997070312, 1.0], [232.21929931640625, 201.8905487060547, 1.0], [254.99118041992188, 173.6057586669922, 1.0], [107.32423400878906, 202.39434814453125, 1.0], [167.09591674804688, 215.35235595703125, 1.0], [198.9351348876953, 195.15570068359375, 1.0], [215.34825134277344, 168.05929565429688, 1.0], [90.85657501220703, 199.17630004882812, 1.0], [126.2393569946289, 203.83920288085938, 1.0], [154.2577362060547, 189.7434844970703, 1.0], [172.06137084960938, 166.19854736328125, 1.0]], "is_left": 0}