{"hand_pts": [[229.26551818847656, 335.40313720703125, 1.0], [253.50436401367188, 278.66357421875, 1.0], [293.0473937988281, 236.61083984375, 1.0], [299.9469299316406, 194.2204132080078, 1.0], [274.6048889160156, 166.87042236328125, 1.0], [219.8412628173828, 201.58001708984375, 1.0], [221.55677795410156, 149.42478942871094, 1.0], [222.82858276367188, 124.25244903564453, 1.0], [222.95062255859375, 101.36760711669922, 1.0], [184.52366638183594, 217.11105346679688, 1.0], [160.32666015625, 152.6595001220703, 1.0], [155.66795349121094, 123.93505859375, 1.0], [158.94818115234375, 110.48861694335938, 1.0], [158.80941772460938, 232.35328674316406, 1.0], [122.39869689941406, 178.49484252929688, 1.0], [121.31681060791016, 161.4976043701172, 1.0], [136.46609497070312, 164.60694885253906, 1.0], [138.7106475830078, 253.6647186279297, 1.0], [112.77671813964844, 230.87380981445312, 1.0], [104.57205200195312, 220.194580078125, 1.0], [121.90692901611328, 224.1135711669922, 1.0]], "is_left": 0}