{"hand_pts": [[191.80096435546875, 212.98480224609375, 1.0], [172.02001953125, 226.6143798828125, 1.0], [166.1378936767578, 256.8791198730469, 1.0], [129.37171936035156, 245.7224578857422, 1.0], [92.7899169921875, 211.9798583984375, 1.0], [259.38604736328125, 227.92552185058594, 1.0], [227.5414581298828, 210.6051025390625, 1.0], [176.9449920654297, 193.52523803710938, 1.0], [126.4957275390625, 181.9958038330078, 1.0], [264.1001892089844, 202.91680908203125, 1.0], [204.933349609375, 184.85633850097656, 1.0], [139.7877960205078, 177.44146728515625, 1.0], [88.63996887207031, 177.1350555419922, 1.0], [256.865234375, 181.4656524658203, 1.0], [263.36517333984375, 162.03738403320312, 1.0], [210.6013641357422, 151.91201782226562, 1.0], [160.06143188476562, 151.6103973388672, 1.0], [242.27122497558594, 161.85177612304688, 1.0], [218.15171813964844, 134.65283203125, 1.0], [176.89622497558594, 121.47187805175781, 1.0], [134.9784698486328, 126.84839630126953, 1.0]], "is_left": 0}