{"hand_pts": [[230.22732543945312, 110.97412872314453, 1.0], [243.9742431640625, 90.7947769165039, 1.0], [262.312744140625, 71.93014526367188, 1.0], [242.00595092773438, 104.00739288330078, 1.0], [217.2974395751953, 140.92800903320312, 1.0], [268.14617919921875, 159.5704345703125, 1.0], [220.04220581054688, 150.18482971191406, 1.0], [194.64443969726562, 124.93119812011719, 1.0], [196.6058349609375, 110.44744873046875, 1.0], [231.73800659179688, 193.2134552001953, 1.0], [226.7591552734375, 248.06605529785156, 1.0], [191.11505126953125, 233.06509399414062, 1.0], [174.01266479492188, 197.17413330078125, 1.0], [197.4888153076172, 214.1589813232422, 1.0], [152.84291076660156, 246.82852172851562, 1.0], [120.57955169677734, 251.16757202148438, 1.0], [100.35126495361328, 220.71932983398438, 1.0], [164.3092498779297, 226.79727172851562, 1.0], [117.75166320800781, 243.79458618164062, 1.0], [90.61870574951172, 227.78790283203125, 1.0], [79.01409149169922, 196.96849060058594, 1.0]], "is_left": 0}