{"hand_pts": [[293.4726867675781, 250.41439819335938, 1.0], [232.41099548339844, 255.405029296875, 1.0], [181.2247772216797, 273.457275390625, 1.0], [159.4877166748047, 262.84710693359375, 1.0], [176.5924072265625, 234.2792510986328, 1.0], [127.52664184570312, 212.9339141845703, 1.0], [107.1752700805664, 197.61404418945312, 1.0], [137.74908447265625, 198.9664306640625, 1.0], [176.0441131591797, 203.0143280029297, 1.0], [160.4055633544922, 186.46665954589844, 1.0], [116.2116470336914, 149.30886840820312, 1.0], [125.11080169677734, 142.25718688964844, 1.0], [149.44577026367188, 146.04881286621094, 1.0], [193.8203582763672, 167.86680603027344, 1.0], [195.71734619140625, 143.60885620117188, 1.0], [232.4514923095703, 159.82688903808594, 1.0], [261.0526428222656, 184.1280975341797, 1.0], [233.66087341308594, 155.65516662597656, 1.0], [234.83560180664062, 128.61431884765625, 1.0], [251.63180541992188, 131.3494873046875, 1.0], [264.619384765625, 157.21212768554688, 1.0]], "is_left": 0}