{"hand_pts": [[313.44732666015625, 239.80833435058594, 1.0], [255.98095703125, 213.4935760498047, 1.0], [220.56240844726562, 177.30630493164062, 1.0], [181.3190460205078, 148.532958984375, 1.0], [146.68243408203125, 133.20726013183594, 1.0], [236.18310546875, 152.47683715820312, 1.0], [168.28431701660156, 166.26412963867188, 1.0], [155.16513061523438, 200.86056518554688, 1.0], [173.130859375, 226.71726989746094, 1.0], [244.796630859375, 169.1033935546875, 1.0], [181.74267578125, 146.14578247070312, 1.0], [134.28488159179688, 145.8349151611328, 1.0], [93.51957702636719, 164.5238494873047, 1.0], [247.68702697753906, 187.46994018554688, 1.0], [172.73477172851562, 191.09092712402344, 1.0], [135.26214599609375, 210.36355590820312, 1.0], [116.56721496582031, 234.59637451171875, 1.0], [252.55120849609375, 209.7549591064453, 1.0], [218.0129852294922, 202.15530395507812, 1.0], [183.95828247070312, 211.22360229492188, 1.0], [154.2674560546875, 222.49620056152344, 1.0]], "is_left": 0}