{"hand_pts": [[119.57303619384766, 329.2613830566406, 1.0], [111.2127914428711, 265.7459411621094, 1.0], [84.93650817871094, 222.91358947753906, 1.0], [92.98686218261719, 178.6262664794922, 1.0], [118.81803131103516, 143.8354949951172, 1.0], [135.53500366210938, 211.61830139160156, 1.0], [149.9487762451172, 155.06979370117188, 1.0], [163.099609375, 124.80953979492188, 1.0], [176.8684539794922, 101.13921356201172, 1.0], [166.37217712402344, 229.2345428466797, 1.0], [197.050537109375, 167.61062622070312, 1.0], [213.79901123046875, 130.95294189453125, 1.0], [224.62232971191406, 104.29752349853516, 1.0], [190.995849609375, 243.2245635986328, 1.0], [233.2548828125, 190.43922424316406, 1.0], [240.99786376953125, 175.6256561279297, 1.0], [234.30079650878906, 175.70169067382812, 1.0], [210.73876953125, 261.4782409667969, 1.0], [242.967041015625, 228.52871704101562, 1.0], [249.41064453125, 207.56057739257812, 1.0], [236.52394104003906, 201.63841247558594, 1.0]], "is_left": 0}