{"hand_pts": [[117.22085571289062, 56.84993362426758, 1.0], [138.91885375976562, 122.32017517089844, 1.0], [162.0104522705078, 175.68389892578125, 1.0], [168.02310180664062, 218.90457153320312, 1.0], [159.48822021484375, 233.3275604248047, 1.0], [223.1631622314453, 149.65586853027344, 1.0], [262.84332275390625, 198.58383178710938, 1.0], [249.66343688964844, 235.5194549560547, 1.0], [216.86610412597656, 263.52496337890625, 1.0], [207.34043884277344, 127.0786361694336, 1.0], [233.81454467773438, 191.03475952148438, 1.0], [211.1116180419922, 234.18113708496094, 1.0], [175.56346130371094, 266.4437561035156, 1.0], [186.30307006835938, 111.74958801269531, 1.0], [177.17034912109375, 167.32073974609375, 1.0], [144.6763458251953, 199.29249572753906, 1.0], [107.50540161132812, 224.26026916503906, 1.0], [159.12582397460938, 94.87557983398438, 1.0], [163.30670166015625, 122.94070434570312, 1.0], [150.6062774658203, 152.7068634033203, 1.0], [130.08535766601562, 185.16452026367188, 1.0]], "is_left": 0}