{"hand_pts": [[244.8784637451172, 115.04017639160156, 1.0], [222.85873413085938, 184.6287078857422, 1.0], [188.91671752929688, 240.2196502685547, 1.0], [171.64100646972656, 267.3559265136719, 1.0], [161.26539611816406, 282.7135314941406, 1.0], [144.88414001464844, 180.04566955566406, 1.0], [123.44515991210938, 212.0546112060547, 1.0], [142.63031005859375, 237.25949096679688, 1.0], [168.587158203125, 259.2270812988281, 1.0], [159.02520751953125, 138.9153594970703, 1.0], [182.56607055664062, 181.40264892578125, 1.0], [220.08319091796875, 212.0442352294922, 1.0], [261.5491027832031, 234.199462890625, 1.0], [177.59104919433594, 110.36582946777344, 1.0], [164.02748107910156, 136.79713439941406, 1.0], [184.66566467285156, 166.35340881347656, 1.0], [214.16708374023438, 196.92587280273438, 1.0], [201.69326782226562, 84.62547302246094, 1.0], [195.59622192382812, 95.70671081542969, 1.0], [212.4666748046875, 122.66680145263672, 1.0], [233.74783325195312, 154.63046264648438, 1.0]], "is_left": 0}