{"hand_pts": [[29.741527557373047, 153.61593627929688, 1.0], [71.59334564208984, 189.78033447265625, 1.0], [77.94230651855469, 220.5421142578125, 1.0], [137.4855499267578, 241.63270568847656, 1.0], [156.87557983398438, 226.31922912597656, 1.0], [130.4051055908203, 161.9740447998047, 1.0], [194.4266357421875, 195.3032989501953, 1.0], [201.31239318847656, 218.55091857910156, 1.0], [177.0816650390625, 224.76441955566406, 1.0], [148.4204559326172, 142.2900848388672, 1.0], [234.75291442871094, 172.84898376464844, 1.0], [237.6368408203125, 201.99143981933594, 1.0], [199.3029022216797, 213.0806884765625, 1.0], [163.62879943847656, 131.25636291503906, 1.0], [246.40931701660156, 159.81468200683594, 1.0], [243.67446899414062, 185.1730499267578, 1.0], [206.8296356201172, 196.9267578125, 1.0], [171.92977905273438, 123.34972381591797, 1.0], [231.46351623535156, 137.52139282226562, 1.0], [225.1138458251953, 160.90428161621094, 1.0], [183.82742309570312, 166.3654022216797, 1.0]], "is_left": 0}