{"hand_pts": [[125.47650909423828, 323.8297424316406, 1.0], [159.48391723632812, 279.8645324707031, 1.0], [195.03282165527344, 274.14556884765625, 1.0], [232.89450073242188, 255.221923828125, 1.0], [241.95223999023438, 242.2249755859375, 1.0], [137.19720458984375, 188.73312377929688, 1.0], [133.3690185546875, 131.42019653320312, 1.0], [145.73793029785156, 98.58303833007812, 1.0], [182.326416015625, 98.19024658203125, 1.0], [134.97474670410156, 193.5414581298828, 1.0], [163.48153686523438, 133.16758728027344, 1.0], [196.64112854003906, 110.91969299316406, 1.0], [234.86334228515625, 121.9135513305664, 1.0], [139.6774139404297, 202.48670959472656, 1.0], [160.6175537109375, 144.6386260986328, 1.0], [198.7563934326172, 142.0601348876953, 1.0], [229.9647674560547, 160.31930541992188, 1.0], [145.81149291992188, 219.709716796875, 1.0], [191.73085021972656, 220.62655639648438, 1.0], [221.13629150390625, 235.73324584960938, 1.0], [208.97164916992188, 258.30181884765625, 1.0]], "is_left": 0}