{"hand_pts": [[322.5809631347656, 244.59750366210938, 1.0], [251.9318389892578, 212.89764404296875, 1.0], [202.37850952148438, 207.97389221191406, 1.0], [152.20372009277344, 209.98902893066406, 1.0], [116.19467163085938, 227.83216857910156, 1.0], [222.36141967773438, 138.553955078125, 1.0], [184.97842407226562, 97.06849670410156, 1.0], [150.09286499023438, 123.40338134765625, 1.0], [131.5418243408203, 161.50460815429688, 1.0], [240.70166015625, 162.90484619140625, 1.0], [189.86158752441406, 123.18240356445312, 1.0], [148.06961059570312, 147.6864471435547, 1.0], [105.77606964111328, 163.1518096923828, 1.0], [251.74563598632812, 188.93113708496094, 1.0], [193.59246826171875, 164.87203979492188, 1.0], [159.35556030273438, 188.43309020996094, 1.0], [136.69525146484375, 217.21023559570312, 1.0], [264.8785400390625, 219.2613067626953, 1.0], [227.19058227539062, 233.2738037109375, 1.0], [199.0340118408203, 246.7663116455078, 1.0], [181.40858459472656, 266.10626220703125, 1.0]], "is_left": 0}