{"hand_pts": [[12.900050163269043, 156.87586975097656, 1.0], [63.95761489868164, 181.90521240234375, 1.0], [94.33390045166016, 201.53341674804688, 1.0], [144.07810974121094, 208.0529022216797, 1.0], [178.78697204589844, 198.7648468017578, 1.0], [132.20729064941406, 140.5726318359375, 1.0], [193.20538330078125, 147.7075653076172, 1.0], [225.27960205078125, 174.36387634277344, 1.0], [251.6938018798828, 201.6503143310547, 1.0], [142.02247619628906, 132.8545379638672, 1.0], [207.32017517089844, 171.1608123779297, 1.0], [228.54087829589844, 206.4596405029297, 1.0], [217.6978759765625, 236.35301208496094, 1.0], [149.69346618652344, 133.2795867919922, 1.0], [214.62562561035156, 177.69564819335938, 1.0], [222.0403289794922, 211.55014038085938, 1.0], [227.2398223876953, 243.8264923095703, 1.0], [149.89002990722656, 137.4037322998047, 1.0], [194.55235290527344, 167.28456115722656, 1.0], [208.87875366210938, 195.72894287109375, 1.0], [183.5181884765625, 210.83863830566406, 1.0]], "is_left": 0}