{"hand_pts": [[264.6809997558594, 291.7942199707031, 1.0], [206.84986877441406, 254.98410034179688, 1.0], [160.39382934570312, 242.1591796875, 1.0], [119.22347259521484, 228.5632781982422, 1.0], [92.27749633789062, 217.96212768554688, 1.0], [200.71340942382812, 167.83067321777344, 1.0], [182.2164764404297, 115.99351501464844, 1.0], [162.67247009277344, 91.06511688232422, 1.0], [145.64735412597656, 65.86719512939453, 1.0], [224.5882568359375, 171.74729919433594, 1.0], [168.9691925048828, 143.19918823242188, 1.0], [155.66587829589844, 177.08035278320312, 1.0], [151.62142944335938, 212.17349243164062, 1.0], [239.6788330078125, 179.93675231933594, 1.0], [197.95858764648438, 173.8615264892578, 1.0], [190.27838134765625, 205.51698303222656, 1.0], [199.63201904296875, 231.63674926757812, 1.0], [254.11016845703125, 195.65631103515625, 1.0], [234.9335174560547, 189.18844604492188, 1.0], [216.35618591308594, 199.6285400390625, 1.0], [207.4618377685547, 221.64463806152344, 1.0]], "is_left": 0}