{"hand_pts": [[233.8289031982422, 119.12185668945312, 1.0], [251.31344604492188, 155.03562927246094, 1.0], [291.7552795410156, 176.93333435058594, 1.0], [285.38616943359375, 219.45782470703125, 1.0], [244.77374267578125, 238.12435913085938, 1.0], [209.33358764648438, 129.97540283203125, 1.0], [209.3986358642578, 185.12893676757812, 1.0], [219.78289794921875, 221.61373901367188, 1.0], [229.22735595703125, 251.9752197265625, 1.0], [177.59645080566406, 121.82206726074219, 1.0], [154.70462036132812, 178.45262145996094, 1.0], [164.44578552246094, 226.06158447265625, 1.0], [191.69107055664062, 244.62716674804688, 1.0], [155.3037109375, 121.66832733154297, 1.0], [123.35609436035156, 168.40501403808594, 1.0], [147.6414337158203, 199.02218627929688, 1.0], [171.38560485839844, 179.52166748046875, 1.0], [139.30221557617188, 123.6601333618164, 1.0], [102.070556640625, 148.36935424804688, 1.0], [93.973876953125, 180.2010040283203, 1.0], [123.3432846069336, 207.262451171875, 1.0]], "is_left": 0}