{"hand_pts": [[44.5098762512207, 151.42913818359375, 1.0], [83.6826400756836, 197.82249450683594, 1.0], [100.11131286621094, 236.58326721191406, 1.0], [149.73568725585938, 237.1461944580078, 1.0], [152.51455688476562, 205.90927124023438, 1.0], [158.38922119140625, 183.12667846679688, 1.0], [201.805419921875, 219.57455444335938, 1.0], [184.09339904785156, 231.767578125, 1.0], [151.53221130371094, 218.93402099609375, 1.0], [166.84732055664062, 156.75750732421875, 1.0], [225.22178649902344, 191.0509033203125, 1.0], [231.5887908935547, 219.8247833251953, 1.0], [238.84523010253906, 246.88055419921875, 1.0], [171.4630584716797, 139.677001953125, 1.0], [205.73507690429688, 165.6461181640625, 1.0], [174.8629913330078, 177.901611328125, 1.0], [142.0020751953125, 188.80250549316406, 1.0], [168.3448944091797, 125.16411590576172, 1.0], [214.6011962890625, 116.29863739013672, 1.0], [247.21261596679688, 113.4130859375, 1.0], [281.5969543457031, 116.98835754394531, 1.0]], "is_left": 0}