{"hand_pts": [[61.87937545776367, 120.04328155517578, 1.0], [116.2531967163086, 123.81779479980469, 1.0], [163.40879821777344, 90.47406005859375, 1.0], [218.01467895507812, 89.8619155883789, 1.0], [247.12152099609375, 110.1677017211914, 1.0], [139.9073944091797, 208.1742706298828, 1.0], [178.69216918945312, 248.39907836914062, 1.0], [214.8704833984375, 220.7400360107422, 1.0], [237.37193298339844, 187.955810546875, 1.0], [133.75527954101562, 217.50497436523438, 1.0], [185.28466796875, 270.5340270996094, 1.0], [231.16287231445312, 283.26702880859375, 1.0], [278.2875061035156, 280.2749938964844, 1.0], [132.47454833984375, 217.6038055419922, 1.0], [198.2394561767578, 186.8565673828125, 1.0], [205.52853393554688, 144.65782165527344, 1.0], [179.2540740966797, 118.5384292602539, 1.0], [128.71397399902344, 209.82603454589844, 1.0], [175.90261840820312, 183.142822265625, 1.0], [164.86190795898438, 152.73516845703125, 1.0], [143.9044189453125, 127.36723327636719, 1.0]], "is_left": 0}