{"hand_pts": [[312.0752258300781, 173.62901306152344, 1.0], [296.47442626953125, 172.55050659179688, 1.0], [303.04498291015625, 172.37481689453125, 1.0], [258.1972351074219, 192.3212432861328, 1.0], [206.4806365966797, 212.958740234375, 1.0], [229.9452667236328, 107.42134094238281, 1.0], [179.37831115722656, 115.74578094482422, 1.0], [160.61276245117188, 155.69381713867188, 1.0], [165.90426635742188, 196.1599884033203, 1.0], [200.4686737060547, 119.55718994140625, 1.0], [145.11549377441406, 167.55401611328125, 1.0], [161.80023193359375, 210.0877227783203, 1.0], [200.94920349121094, 223.1804656982422, 1.0], [178.93182373046875, 137.02003479003906, 1.0], [122.86164855957031, 191.59873962402344, 1.0], [137.80062866210938, 228.5820770263672, 1.0], [171.88095092773438, 246.6637725830078, 1.0], [166.19281005859375, 158.34872436523438, 1.0], [123.8946533203125, 193.51797485351562, 1.0], [132.91551208496094, 223.25732421875, 1.0], [170.2076873779297, 224.4481964111328, 1.0]], "is_left": 0}