{"hand_pts": [[247.73550415039062, 137.14573669433594, 1.0], [188.7393798828125, 154.23602294921875, 1.0], [131.1438751220703, 171.43121337890625, 1.0], [89.57284545898438, 179.48638916015625, 1.0], [69.37178802490234, 179.05714416503906, 1.0], [201.71339416503906, 193.42430114746094, 1.0], [169.57318115234375, 214.51528930664062, 1.0], [133.86109924316406, 212.68690490722656, 1.0], [97.74451446533203, 207.4567413330078, 1.0], [227.7381134033203, 176.7580108642578, 1.0], [207.09820556640625, 210.55628967285156, 1.0], [177.57464599609375, 223.6341552734375, 1.0], [148.82472229003906, 235.9350128173828, 1.0], [242.6132049560547, 159.50930786132812, 1.0], [227.95870971679688, 178.62159729003906, 1.0], [195.5430450439453, 177.59303283691406, 1.0], [165.44998168945312, 177.848388671875, 1.0], [255.12625122070312, 140.2163543701172, 1.0], [250.13262939453125, 150.01097106933594, 1.0], [236.99847412109375, 154.1337890625, 1.0], [211.6595916748047, 156.41343688964844, 1.0]], "is_left": 0}