{"hand_pts": [[322.6281433105469, 245.53443908691406, 1.0], [289.4934387207031, 194.58905029296875, 1.0], [272.0110778808594, 153.35989379882812, 1.0], [240.93296813964844, 123.07429504394531, 1.0], [200.5043182373047, 122.23778533935547, 1.0], [218.97560119628906, 190.5235137939453, 1.0], [177.78988647460938, 154.5159912109375, 1.0], [179.34664916992188, 140.11868286132812, 1.0], [176.17405700683594, 124.27412414550781, 1.0], [209.64410400390625, 218.5672149658203, 1.0], [147.7713623046875, 194.39990234375, 1.0], [111.18376159667969, 173.96018981933594, 1.0], [97.46466064453125, 149.96543884277344, 1.0], [204.43841552734375, 238.4820098876953, 1.0], [160.7848663330078, 203.071044921875, 1.0], [157.61143493652344, 182.5811309814453, 1.0], [156.2594757080078, 162.7873992919922, 1.0], [206.7046661376953, 257.2744445800781, 1.0], [165.6735076904297, 253.64794921875, 1.0], [160.6058807373047, 235.6276092529297, 1.0], [179.80294799804688, 219.28335571289062, 1.0]], "is_left": 0}