{"hand_pts": [[273.2080993652344, 84.79308319091797, 1.0], [254.92074584960938, 156.10142517089844, 1.0], [249.8368682861328, 221.94195556640625, 1.0], [216.59112548828125, 253.76980590820312, 1.0], [181.93121337890625, 238.16041564941406, 1.0], [241.3960723876953, 192.9071044921875, 1.0], [212.17184448242188, 241.6265411376953, 1.0], [179.3278350830078, 259.2867126464844, 1.0], [152.73939514160156, 259.32135009765625, 1.0], [227.4322052001953, 150.7288818359375, 1.0], [175.29774475097656, 199.59735107421875, 1.0], [143.21371459960938, 225.1625518798828, 1.0], [127.89808654785156, 234.10565185546875, 1.0], [213.88833618164062, 118.25396728515625, 1.0], [158.41229248046875, 153.82461547851562, 1.0], [148.2803497314453, 159.64895629882812, 1.0], [166.54730224609375, 150.7799072265625, 1.0], [203.5773162841797, 85.94375610351562, 1.0], [169.09304809570312, 97.01026916503906, 1.0], [143.8135528564453, 114.96936798095703, 1.0], [127.53277587890625, 137.47409057617188, 1.0]], "is_left": 0}