{"hand_pts": [[66.19310760498047, 132.7249755859375, 1.0], [134.46136474609375, 120.74817657470703, 1.0], [190.17071533203125, 97.1965560913086, 1.0], [236.6829833984375, 80.1552734375, 1.0], [233.6033477783203, 88.46331787109375, 1.0], [183.75872802734375, 193.00975036621094, 1.0], [229.71949768066406, 199.96142578125, 1.0], [252.1475067138672, 190.63710021972656, 1.0], [276.8064270019531, 191.63693237304688, 1.0], [152.50448608398438, 209.1894073486328, 1.0], [208.84225463867188, 254.19647216796875, 1.0], [245.91281127929688, 259.0354309082031, 1.0], [254.01898193359375, 221.93927001953125, 1.0], [127.07982635498047, 214.76412963867188, 1.0], [152.85841369628906, 190.29783630371094, 1.0], [142.4733428955078, 150.64271545410156, 1.0], [131.0198211669922, 113.06131744384766, 1.0], [99.1432876586914, 213.1123809814453, 1.0], [121.30901336669922, 228.70777893066406, 1.0], [138.63502502441406, 229.6058349609375, 1.0], [156.23861694335938, 203.05426025390625, 1.0]], "is_left": 0}