{"hand_pts": [[224.86070251464844, 164.79342651367188, 1.0], [162.70115661621094, 182.039306640625, 1.0], [109.18385314941406, 205.08859252929688, 1.0], [81.24657440185547, 208.07012939453125, 1.0], [78.61552429199219, 197.09886169433594, 1.0], [191.74581909179688, 222.36758422851562, 1.0], [160.5506591796875, 228.1685028076172, 1.0], [135.70863342285156, 224.9586944580078, 1.0], [104.80965423583984, 209.2216796875, 1.0], [227.17701721191406, 197.79757690429688, 1.0], [208.48081970214844, 200.76205444335938, 1.0], [170.8914031982422, 183.34397888183594, 1.0], [128.42344665527344, 160.45445251464844, 1.0], [248.6612091064453, 173.14382934570312, 1.0], [230.04620361328125, 170.32862854003906, 1.0], [208.42349243164062, 161.95530700683594, 1.0], [186.9561767578125, 153.6121368408203, 1.0], [265.6279602050781, 147.09671020507812, 1.0], [267.7152404785156, 145.4504852294922, 1.0], [252.11749267578125, 138.22413635253906, 1.0], [229.54920959472656, 130.4390411376953, 1.0]], "is_left": 0}