{"hand_pts": [[103.97069549560547, 93.10528564453125, 1.0], [114.22527313232422, 160.8626251220703, 1.0], [102.86457824707031, 224.81365966796875, 1.0], [127.64771270751953, 241.08470153808594, 1.0], [158.0478057861328, 229.0803985595703, 1.0], [191.57127380371094, 182.7790069580078, 1.0], [184.0885009765625, 242.4874725341797, 1.0], [167.1527099609375, 276.66241455078125, 1.0], [130.8514862060547, 266.12799072265625, 1.0], [200.9461669921875, 146.81997680664062, 1.0], [258.20159912109375, 194.8267364501953, 1.0], [288.0828857421875, 232.44981384277344, 1.0], [284.0365295410156, 271.90167236328125, 1.0], [202.81881713867188, 120.04627990722656, 1.0], [192.29629516601562, 137.33163452148438, 1.0], [154.12242126464844, 131.91455078125, 1.0], [134.53359985351562, 124.501220703125, 1.0], [196.978271484375, 93.20670318603516, 1.0], [204.584228515625, 114.07234191894531, 1.0], [194.75006103515625, 132.9718017578125, 1.0], [170.388671875, 155.23912048339844, 1.0]], "is_left": 0}