{"hand_pts": [[119.54231262207031, 340.39617919921875, 1.0], [121.92801666259766, 273.0696716308594, 1.0], [117.86836242675781, 238.97169494628906, 1.0], [106.66324615478516, 189.6318359375, 1.0], [94.36195373535156, 145.63076782226562, 1.0], [229.70680236816406, 209.1755828857422, 1.0], [210.235595703125, 146.73997497558594, 1.0], [162.66700744628906, 156.60797119140625, 1.0], [124.41008758544922, 183.1711883544922, 1.0], [244.2648468017578, 217.4177703857422, 1.0], [222.7403106689453, 147.64613342285156, 1.0], [167.7696990966797, 153.42245483398438, 1.0], [116.53050231933594, 166.9669647216797, 1.0], [246.27293395996094, 223.1772918701172, 1.0], [283.0619201660156, 150.01942443847656, 1.0], [254.13638305664062, 120.92382049560547, 1.0], [206.94564819335938, 135.01731872558594, 1.0], [237.8594970703125, 234.81983947753906, 1.0], [216.91383361816406, 200.33705139160156, 1.0], [177.41542053222656, 201.16403198242188, 1.0], [148.37380981445312, 226.3933868408203, 1.0]], "is_left": 0}