{"hand_pts": [[65.55046844482422, 123.1770248413086, 1.0], [91.06927490234375, 125.21754455566406, 1.0], [94.55526733398438, 107.24282836914062, 1.0], [121.00530242919922, 148.13047790527344, 1.0], [139.41249084472656, 192.85670471191406, 1.0], [200.2328338623047, 101.94042205810547, 1.0], [229.73507690429688, 139.06736755371094, 1.0], [198.3520965576172, 175.5525360107422, 1.0], [157.697021484375, 197.2072296142578, 1.0], [213.16818237304688, 125.95796203613281, 1.0], [231.3961944580078, 194.198486328125, 1.0], [187.6439208984375, 225.95953369140625, 1.0], [137.98025512695312, 222.49737548828125, 1.0], [216.31964111328125, 150.9792938232422, 1.0], [261.7478332519531, 210.47239685058594, 1.0], [226.0934600830078, 239.56275939941406, 1.0], [182.22750854492188, 225.34906005859375, 1.0], [208.5245361328125, 175.81509399414062, 1.0], [224.87713623046875, 227.0977325439453, 1.0], [190.19802856445312, 240.8712615966797, 1.0], [154.13580322265625, 220.8177032470703, 1.0]], "is_left": 0}