{"hand_pts": [[320.5040588378906, 184.978271484375, 1.0], [245.34274291992188, 215.0205535888672, 1.0], [205.5465545654297, 226.81922912597656, 1.0], [164.447265625, 232.89927673339844, 1.0], [124.82215881347656, 234.42100524902344, 1.0], [203.91119384765625, 174.36656188964844, 1.0], [147.8020477294922, 176.20587158203125, 1.0], [121.42267608642578, 197.11007690429688, 1.0], [94.47209930419922, 212.96826171875, 1.0], [227.25633239746094, 152.2624053955078, 1.0], [154.93832397460938, 170.32461547851562, 1.0], [142.3292999267578, 203.7771453857422, 1.0], [132.7742462158203, 233.58441162109375, 1.0], [244.23695373535156, 140.1529083251953, 1.0], [186.57749938964844, 163.6663360595703, 1.0], [189.89596557617188, 190.46372985839844, 1.0], [213.73458862304688, 199.93692016601562, 1.0], [264.03839111328125, 132.85809326171875, 1.0], [228.16615295410156, 131.5624542236328, 1.0], [199.61907958984375, 144.3089599609375, 1.0], [177.2830047607422, 171.96824645996094, 1.0]], "is_left": 0}