{"hand_pts": [[131.72923278808594, 59.23322296142578, 1.0], [197.2792205810547, 109.52935791015625, 1.0], [246.52821350097656, 146.90924072265625, 1.0], [281.3934020996094, 168.08786010742188, 1.0], [278.5416259765625, 160.71829223632812, 1.0], [171.08311462402344, 205.73492431640625, 1.0], [209.12733459472656, 243.38150024414062, 1.0], [242.7567138671875, 241.37232971191406, 1.0], [273.1129150390625, 219.98171997070312, 1.0], [133.6915740966797, 186.98843383789062, 1.0], [148.36334228515625, 239.53933715820312, 1.0], [173.31427001953125, 257.2699279785156, 1.0], [208.75868225097656, 255.1830291748047, 1.0], [110.37675476074219, 165.7232666015625, 1.0], [144.05430603027344, 177.68125915527344, 1.0], [174.03152465820312, 168.12713623046875, 1.0], [208.43788146972656, 141.91091918945312, 1.0], [91.38429260253906, 137.2640838623047, 1.0], [100.82331085205078, 148.43179321289062, 1.0], [129.47007751464844, 139.83688354492188, 1.0], [161.626220703125, 120.31639862060547, 1.0]], "is_left": 0}