{"hand_pts": [[260.1754455566406, 280.5152893066406, 1.0], [269.3554382324219, 254.34881591796875, 1.0], [257.3775329589844, 275.80426025390625, 1.0], [243.93946838378906, 270.53338623046875, 1.0], [230.85328674316406, 238.15805053710938, 1.0], [168.75271606445312, 234.0131378173828, 1.0], [120.99999237060547, 222.70458984375, 1.0], [141.4066162109375, 182.37974548339844, 1.0], [177.90599060058594, 153.78050231933594, 1.0], [149.03463745117188, 215.68917846679688, 1.0], [199.1197052001953, 157.0959014892578, 1.0], [250.05911254882812, 168.96697998046875, 1.0], [273.7629089355469, 198.92201232910156, 1.0], [142.76593017578125, 197.68072509765625, 1.0], [152.2881622314453, 131.1825408935547, 1.0], [198.22132873535156, 107.16011810302734, 1.0], [237.5679473876953, 126.26097106933594, 1.0], [146.43441772460938, 183.36805725097656, 1.0], [107.32836151123047, 146.38270568847656, 1.0], [100.90045166015625, 114.41368103027344, 1.0], [128.9264373779297, 91.4430923461914, 1.0]], "is_left": 0}