{"hand_pts": [[353.6827697753906, 171.05279541015625, 1.0], [284.3256530761719, 188.65484619140625, 1.0], [241.42767333984375, 191.82073974609375, 1.0], [189.4027862548828, 213.24822998046875, 1.0], [167.2795867919922, 232.1234588623047, 1.0], [211.1185302734375, 139.05934143066406, 1.0], [145.04562377929688, 147.9705047607422, 1.0], [112.72162628173828, 173.6216583251953, 1.0], [106.85791778564453, 208.78121948242188, 1.0], [223.88414001464844, 134.70977783203125, 1.0], [153.97119140625, 171.91436767578125, 1.0], [134.05224609375, 212.45033264160156, 1.0], [131.85792541503906, 251.60997009277344, 1.0], [234.77215576171875, 138.16551208496094, 1.0], [163.61517333984375, 139.80606079101562, 1.0], [155.19984436035156, 176.75198364257812, 1.0], [172.63548278808594, 204.38327026367188, 1.0], [251.83839416503906, 145.71292114257812, 1.0], [218.68341064453125, 178.04994201660156, 1.0], [208.55577087402344, 208.55892944335938, 1.0], [210.91748046875, 239.01498413085938, 1.0]], "is_left": 0}