{"hand_pts": [[238.78329467773438, 123.87212371826172, 1.0], [209.3228759765625, 187.3072052001953, 1.0], [218.78758239746094, 254.30987548828125, 1.0], [192.5861358642578, 286.7001037597656, 1.0], [158.0393829345703, 290.798828125, 1.0], [246.4193572998047, 215.8068389892578, 1.0], [201.0636444091797, 240.46018981933594, 1.0], [155.81448364257812, 245.62330627441406, 1.0], [109.9310073852539, 244.86575317382812, 1.0], [248.8499298095703, 173.5709991455078, 1.0], [189.3385009765625, 186.7882843017578, 1.0], [151.34657287597656, 183.7620849609375, 1.0], [172.46621704101562, 178.9993438720703, 1.0], [243.2959442138672, 139.64785766601562, 1.0], [185.1417694091797, 145.58026123046875, 1.0], [144.50608825683594, 147.26547241210938, 1.0], [115.79679870605469, 149.06622314453125, 1.0], [234.97225952148438, 105.93324279785156, 1.0], [186.43301391601562, 91.26181030273438, 1.0], [150.61236572265625, 92.30609130859375, 1.0], [143.68878173828125, 105.83061218261719, 1.0]], "is_left": 0}