{"hand_pts": [[351.02178955078125, 134.2606964111328, 1.0], [282.5187683105469, 154.70611572265625, 1.0], [241.83663940429688, 171.17974853515625, 1.0], [194.39678955078125, 177.3778533935547, 1.0], [159.69888305664062, 174.2393341064453, 1.0], [221.9224395751953, 220.55068969726562, 1.0], [162.38937377929688, 234.1957550048828, 1.0], [131.5997772216797, 219.2941436767578, 1.0], [113.75377655029297, 194.08306884765625, 1.0], [234.5653533935547, 206.93138122558594, 1.0], [163.94406127929688, 218.48907470703125, 1.0], [132.44729614257812, 198.301513671875, 1.0], [117.39654541015625, 171.1419677734375, 1.0], [244.44329833984375, 189.51559448242188, 1.0], [179.4227752685547, 195.09718322753906, 1.0], [153.1997528076172, 174.78944396972656, 1.0], [142.480224609375, 149.43630981445312, 1.0], [259.8352966308594, 167.1334991455078, 1.0], [219.56072998046875, 163.09239196777344, 1.0], [195.90609741210938, 147.76512145996094, 1.0], [185.94192504882812, 129.20169067382812, 1.0]], "is_left": 0}