{"hand_pts": [[326.8907775878906, 165.25973510742188, 1.0], [279.2138671875, 122.90254211425781, 1.0], [244.29598999023438, 77.31605529785156, 1.0], [197.32342529296875, 67.82091522216797, 1.0], [153.21261596679688, 82.60930633544922, 1.0], [245.7472381591797, 155.94216918945312, 1.0], [196.56813049316406, 152.8134765625, 1.0], [155.5711212158203, 147.1863250732422, 1.0], [115.29611206054688, 142.04847717285156, 1.0], [244.71923828125, 196.77894592285156, 1.0], [182.48277282714844, 204.3378448486328, 1.0], [135.72975158691406, 193.45115661621094, 1.0], [93.27279663085938, 178.91033935546875, 1.0], [241.47628784179688, 225.64364624023438, 1.0], [179.84194946289062, 241.40538024902344, 1.0], [137.94529724121094, 232.03517150878906, 1.0], [100.5921630859375, 216.39308166503906, 1.0], [242.0391845703125, 249.0312957763672, 1.0], [196.11058044433594, 266.70281982421875, 1.0], [160.5540008544922, 263.53192138671875, 1.0], [128.8129425048828, 245.33692932128906, 1.0]], "is_left": 0}