{"hand_pts": [[89.55937194824219, 317.2924499511719, 1.0], [153.6869659423828, 268.4690246582031, 1.0], [221.53868103027344, 263.4835205078125, 1.0], [248.1083984375, 221.4750213623047, 1.0], [216.3574981689453, 191.00570678710938, 1.0], [222.33021545410156, 248.53565979003906, 1.0], [239.13455200195312, 182.34060668945312, 1.0], [215.3546905517578, 157.66152954101562, 1.0], [183.40896606445312, 151.32901000976562, 1.0], [187.5543975830078, 245.3502655029297, 1.0], [200.5592803955078, 165.8155975341797, 1.0], [192.90484619140625, 120.80841064453125, 1.0], [173.57960510253906, 109.70465087890625, 1.0], [156.3695526123047, 238.50186157226562, 1.0], [175.0180206298828, 172.12257385253906, 1.0], [168.48922729492188, 136.3250732421875, 1.0], [156.69578552246094, 128.3162841796875, 1.0], [121.42652130126953, 234.5836181640625, 1.0], [130.6625213623047, 196.41879272460938, 1.0], [137.79502868652344, 162.775146484375, 1.0], [147.04098510742188, 126.26219940185547, 1.0]], "is_left": 0}