{"hand_pts": [[266.2817687988281, 196.15847778320312, 1.0], [193.51231384277344, 185.55703735351562, 1.0], [138.23060607910156, 165.36807250976562, 1.0], [101.39887237548828, 168.8341064453125, 1.0], [98.7522201538086, 187.18869018554688, 1.0], [198.3302001953125, 119.3066635131836, 1.0], [157.41177368164062, 133.91043090820312, 1.0], [136.5384979248047, 174.22982788085938, 1.0], [133.2042236328125, 206.5140838623047, 1.0], [232.16375732421875, 133.13919067382812, 1.0], [193.86190795898438, 123.2935562133789, 1.0], [160.26063537597656, 163.65716552734375, 1.0], [137.85862731933594, 199.8982391357422, 1.0], [253.7650604248047, 151.6555633544922, 1.0], [217.3717803955078, 207.3806610107422, 1.0], [200.01138305664062, 242.60252380371094, 1.0], [194.77786254882812, 255.50772094726562, 1.0], [273.3368835449219, 174.57530212402344, 1.0], [248.0609588623047, 209.2030792236328, 1.0], [224.05763244628906, 236.92430114746094, 1.0], [224.74407958984375, 229.5628204345703, 1.0]], "is_left": 0}