{"hand_pts": [[106.2747573852539, 94.75557708740234, 1.0], [99.93506622314453, 148.47030639648438, 1.0], [77.10596466064453, 190.40248107910156, 1.0], [78.98495483398438, 221.37319946289062, 1.0], [96.09597778320312, 240.39129638671875, 1.0], [181.27609252929688, 196.8701934814453, 1.0], [151.5673828125, 215.30348205566406, 1.0], [119.5804214477539, 215.22996520996094, 1.0], [83.89017486572266, 189.41932678222656, 1.0], [198.6230926513672, 169.92808532714844, 1.0], [238.85484313964844, 199.69705200195312, 1.0], [241.09442138671875, 214.53208923339844, 1.0], [206.7810516357422, 216.162353515625, 1.0], [205.11663818359375, 146.65232849121094, 1.0], [268.287841796875, 168.6734619140625, 1.0], [256.6610412597656, 180.86151123046875, 1.0], [218.45169067382812, 185.1595916748047, 1.0], [203.34547424316406, 120.6285171508789, 1.0], [238.76348876953125, 136.3121337890625, 1.0], [245.79788208007812, 150.1903839111328, 1.0], [237.60791015625, 166.16677856445312, 1.0]], "is_left": 0}