{"hand_pts": [[165.96905517578125, 210.64779663085938, 1.0], [213.2078857421875, 233.29153442382812, 1.0], [277.3433532714844, 249.14100646972656, 1.0], [289.9087219238281, 263.8272399902344, 1.0], [234.31044006347656, 261.76416015625, 1.0], [239.8494873046875, 172.49679565429688, 1.0], [252.09837341308594, 185.50537109375, 1.0], [228.01658630371094, 226.5378875732422, 1.0], [208.847412109375, 236.5091552734375, 1.0], [194.4711456298828, 156.89707946777344, 1.0], [191.24114990234375, 110.02740478515625, 1.0], [181.78878784179688, 127.08589172363281, 1.0], [173.6746368408203, 166.61160278320312, 1.0], [155.61721801757812, 151.9828338623047, 1.0], [145.8019256591797, 103.65724182128906, 1.0], [138.54629516601562, 89.93680572509766, 1.0], [138.6693572998047, 127.87379455566406, 1.0], [117.5911636352539, 153.2602996826172, 1.0], [94.32614135742188, 196.1238250732422, 1.0], [92.0230712890625, 231.26019287109375, 1.0], [96.40274047851562, 264.73663330078125, 1.0]], "is_left": 0}