{"hand_pts": [[287.8096923828125, 119.44763946533203, 1.0], [206.24681091308594, 134.22523498535156, 1.0], [135.18492126464844, 143.94717407226562, 1.0], [100.57943725585938, 149.16586303710938, 1.0], [124.12396240234375, 146.78292846679688, 1.0], [171.1533966064453, 236.3553466796875, 1.0], [113.34351348876953, 221.45419311523438, 1.0], [116.50667572021484, 172.24838256835938, 1.0], [146.12814331054688, 131.92527770996094, 1.0], [208.86830139160156, 244.4925079345703, 1.0], [159.97479248046875, 217.15933227539062, 1.0], [161.676025390625, 158.07708740234375, 1.0], [183.304931640625, 118.6636734008789, 1.0], [237.53353881835938, 242.68270874023438, 1.0], [200.1287078857422, 213.87942504882812, 1.0], [207.1925811767578, 162.25299072265625, 1.0], [226.03887939453125, 153.98965454101562, 1.0], [267.7159423828125, 230.9624786376953, 1.0], [258.341064453125, 232.580322265625, 1.0], [242.0955352783203, 193.59043884277344, 1.0], [239.26486206054688, 173.64349365234375, 1.0]], "is_left": 0}