{"hand_pts": [[47.06533432006836, 131.82618713378906, 1.0], [67.114013671875, 157.2620849609375, 1.0], [78.34957122802734, 177.01089477539062, 1.0], [101.0176773071289, 190.94900512695312, 1.0], [127.78840637207031, 201.0486602783203, 1.0], [149.5021209716797, 191.31716918945312, 1.0], [190.47276306152344, 216.62838745117188, 1.0], [214.52154541015625, 228.59146118164062, 1.0], [238.8605499267578, 241.1130828857422, 1.0], [157.40692138671875, 171.9095458984375, 1.0], [209.2740478515625, 197.41476440429688, 1.0], [234.17794799804688, 208.2012176513672, 1.0], [258.6169738769531, 219.11917114257812, 1.0], [158.64630126953125, 153.6675262451172, 1.0], [209.96229553222656, 172.9422149658203, 1.0], [231.86412048339844, 179.23965454101562, 1.0], [252.55728149414062, 185.08807373046875, 1.0], [152.12844848632812, 133.7896728515625, 1.0], [186.32591247558594, 139.84849548339844, 1.0], [205.80010986328125, 142.5684051513672, 1.0], [223.29771423339844, 145.6122283935547, 1.0]], "is_left": 0}