{"hand_pts": [[82.46688842773438, 331.7392578125, 1.0], [134.31642150878906, 291.1040344238281, 1.0], [193.79908752441406, 256.13330078125, 1.0], [249.11895751953125, 204.92466735839844, 1.0], [281.55706787109375, 150.18429565429688, 1.0], [199.07901000976562, 202.44741821289062, 1.0], [227.16355895996094, 161.97393798828125, 1.0], [230.8340301513672, 151.56033325195312, 1.0], [236.29579162597656, 137.79466247558594, 1.0], [167.8289031982422, 207.5006866455078, 1.0], [214.06307983398438, 141.1228790283203, 1.0], [233.49081420898438, 113.7526626586914, 1.0], [243.8282012939453, 99.63768768310547, 1.0], [140.56283569335938, 215.53514099121094, 1.0], [172.80307006835938, 145.9993438720703, 1.0], [160.62319946289062, 161.83319091796875, 1.0], [141.8306427001953, 195.9817657470703, 1.0], [110.74617767333984, 231.1548614501953, 1.0], [110.37763214111328, 205.61032104492188, 1.0], [103.60296630859375, 208.0450897216797, 1.0], [95.3906021118164, 224.45716857910156, 1.0]], "is_left": 0}