{"hand_pts": [[162.22764587402344, 207.4202117919922, 1.0], [127.16829681396484, 183.15756225585938, 1.0], [86.6703109741211, 149.80714416503906, 1.0], [99.0799331665039, 123.55191040039062, 1.0], [117.03932189941406, 101.17052459716797, 1.0], [140.9645233154297, 215.1728973388672, 1.0], [130.20269775390625, 213.91055297851562, 1.0], [137.73536682128906, 184.4419403076172, 1.0], [149.43605041503906, 153.6864776611328, 1.0], [183.98922729492188, 220.88893127441406, 1.0], [181.63812255859375, 183.12844848632812, 1.0], [172.05101013183594, 148.62742614746094, 1.0], [162.26141357421875, 130.84744262695312, 1.0], [216.48263549804688, 219.563232421875, 1.0], [236.518310546875, 223.8967742919922, 1.0], [243.96754455566406, 208.7528533935547, 1.0], [245.1825714111328, 184.04400634765625, 1.0], [243.70065307617188, 215.60633850097656, 1.0], [268.9001770019531, 222.01161193847656, 1.0], [274.8406677246094, 209.29052734375, 1.0], [266.820556640625, 186.41102600097656, 1.0]], "is_left": 0}