{"hand_pts": [[241.56170654296875, 5.936584949493408, 1.0], [208.03451538085938, 79.7450180053711, 1.0], [194.07879638671875, 125.26561737060547, 1.0], [153.3220672607422, 182.98619079589844, 1.0], [123.71825408935547, 206.28887939453125, 1.0], [261.5851135253906, 177.71923828125, 1.0], [207.25738525390625, 249.18496704101562, 1.0], [154.62503051757812, 236.03805541992188, 1.0], [133.29278564453125, 190.72454833984375, 1.0], [267.7589111328125, 168.75929260253906, 1.0], [206.06927490234375, 255.14556884765625, 1.0], [145.59881591796875, 242.42166137695312, 1.0], [116.88681030273438, 198.0835723876953, 1.0], [263.3193054199219, 158.7849884033203, 1.0], [189.12484741210938, 224.210205078125, 1.0], [142.45164489746094, 199.03591918945312, 1.0], [146.3778839111328, 152.5094757080078, 1.0], [254.35855102539062, 139.6362762451172, 1.0], [201.58558654785156, 172.83938598632812, 1.0], [160.29434204101562, 158.71975708007812, 1.0], [159.8035125732422, 125.74707794189453, 1.0]], "is_left": 0}