{"hand_pts": [[27.274675369262695, 304.0625915527344, 1.0], [97.62391662597656, 284.1182556152344, 1.0], [147.6511688232422, 288.7929992675781, 1.0], [199.76904296875, 249.54150390625, 1.0], [226.9445037841797, 196.21646118164062, 1.0], [201.09706115722656, 260.0712585449219, 1.0], [248.5330810546875, 197.61509704589844, 1.0], [244.66204833984375, 161.32740783691406, 1.0], [218.9942626953125, 138.8895721435547, 1.0], [181.4391632080078, 236.7460479736328, 1.0], [228.1707000732422, 155.09410095214844, 1.0], [224.6824951171875, 115.96015167236328, 1.0], [193.5802001953125, 107.42813110351562, 1.0], [161.60533142089844, 215.50518798828125, 1.0], [212.676025390625, 143.36215209960938, 1.0], [187.54991149902344, 133.58718872070312, 1.0], [154.35235595703125, 136.5492706298828, 1.0], [133.7167510986328, 198.9674530029297, 1.0], [146.78427124023438, 144.66990661621094, 1.0], [123.35928344726562, 149.19606018066406, 1.0], [103.25968933105469, 189.38229370117188, 1.0]], "is_left": 0}