{"hand_pts": [[213.42666625976562, 91.77217864990234, 1.0], [251.59503173828125, 135.43475341796875, 1.0], [290.5832824707031, 141.7384796142578, 1.0], [291.3815002441406, 168.80494689941406, 1.0], [282.68896484375, 196.8603057861328, 1.0], [222.57235717773438, 134.174072265625, 1.0], [222.72344970703125, 154.3037872314453, 1.0], [223.2340087890625, 190.48818969726562, 1.0], [224.05140686035156, 235.16297912597656, 1.0], [181.28970336914062, 133.2361297607422, 1.0], [155.20021057128906, 156.08460998535156, 1.0], [155.3231964111328, 204.16900634765625, 1.0], [175.28004455566406, 239.0205078125, 1.0], [151.5813446044922, 138.0608367919922, 1.0], [138.37503051757812, 218.30865478515625, 1.0], [138.30435180664062, 261.43548583984375, 1.0], [155.2663116455078, 281.58697509765625, 1.0], [127.60700225830078, 142.1375274658203, 1.0], [93.39229583740234, 160.8759307861328, 1.0], [92.27210998535156, 196.11575317382812, 1.0], [118.18888092041016, 224.5733642578125, 1.0]], "is_left": 0}