{"hand_pts": [[218.90338134765625, 141.6094970703125, 1.0], [213.20965576171875, 196.0509033203125, 1.0], [215.70147705078125, 247.17510986328125, 1.0], [207.36497497558594, 282.03533935546875, 1.0], [192.85504150390625, 305.1891174316406, 1.0], [225.2996063232422, 189.23275756835938, 1.0], [232.68394470214844, 215.53408813476562, 1.0], [227.22235107421875, 235.4123992919922, 1.0], [222.97779846191406, 253.2858428955078, 1.0], [202.30694580078125, 153.89187622070312, 1.0], [206.0263214111328, 171.2324676513672, 1.0], [194.89984130859375, 192.7129364013672, 1.0], [184.0977325439453, 213.48060607910156, 1.0], [178.8429412841797, 129.0433807373047, 1.0], [163.3311309814453, 139.1695098876953, 1.0], [143.0852508544922, 155.13458251953125, 1.0], [120.9231948852539, 173.3651123046875, 1.0], [156.59854125976562, 106.96883392333984, 1.0], [134.35128784179688, 106.192626953125, 1.0], [113.0682373046875, 114.3866958618164, 1.0], [90.22953796386719, 128.16502380371094, 1.0]], "is_left": 0}