{"hand_pts": [[102.56963348388672, 41.18343734741211, 1.0], [130.96730041503906, 63.75312423706055, 1.0], [144.0594024658203, 73.91236114501953, 1.0], [152.91659545898438, 106.57106018066406, 1.0], [158.2682647705078, 145.279541015625, 1.0], [197.70191955566406, 129.6884765625, 1.0], [239.2783660888672, 164.67176818847656, 1.0], [258.4169921875, 190.05593872070312, 1.0], [270.65252685546875, 215.81080627441406, 1.0], [178.18446350097656, 148.6551055908203, 1.0], [210.69517517089844, 200.25987243652344, 1.0], [215.53810119628906, 226.86691284179688, 1.0], [222.42218017578125, 252.53842163085938, 1.0], [156.2977294921875, 161.7943878173828, 1.0], [180.82522583007812, 216.92831420898438, 1.0], [175.99269104003906, 238.953857421875, 1.0], [165.16424560546875, 253.50079345703125, 1.0], [129.83741760253906, 167.2433319091797, 1.0], [145.93124389648438, 208.7786407470703, 1.0], [150.8332977294922, 234.92149353027344, 1.0], [153.40147399902344, 257.94635009765625, 1.0]], "is_left": 0}