{"hand_pts": [[64.93376922607422, 277.4815368652344, 1.0], [100.54961395263672, 269.58172607421875, 1.0], [103.78401947021484, 280.3453369140625, 1.0], [105.72409057617188, 270.4009704589844, 1.0], [104.92522430419922, 221.57569885253906, 1.0], [198.47825622558594, 244.5306396484375, 1.0], [267.0716857910156, 219.3179473876953, 1.0], [260.8916015625, 183.9045867919922, 1.0], [236.3105926513672, 156.34829711914062, 1.0], [192.29673767089844, 218.18736267089844, 1.0], [243.6960906982422, 172.4412078857422, 1.0], [247.72889709472656, 143.88211059570312, 1.0], [204.74234008789062, 140.2891082763672, 1.0], [180.7356719970703, 195.77671813964844, 1.0], [200.9686737060547, 137.7012176513672, 1.0], [157.54209899902344, 145.013427734375, 1.0], [126.65946197509766, 176.26199340820312, 1.0], [160.92803955078125, 178.13072204589844, 1.0], [183.4346466064453, 132.4336700439453, 1.0], [193.32980346679688, 101.00894165039062, 1.0], [190.86595153808594, 74.6932373046875, 1.0]], "is_left": 0}