{"hand_pts": [[172.73301696777344, 199.38681030273438, 1.0], [229.16615295410156, 175.1723175048828, 1.0], [273.795654296875, 137.15821838378906, 1.0], [288.66595458984375, 140.62770080566406, 1.0], [292.3475036621094, 154.4506072998047, 1.0], [188.8871307373047, 125.04043579101562, 1.0], [233.01968383789062, 150.65933227539062, 1.0], [265.07586669921875, 176.77565002441406, 1.0], [294.1043701171875, 211.89195251464844, 1.0], [147.98599243164062, 155.0784149169922, 1.0], [126.55897521972656, 149.81448364257812, 1.0], [137.0373077392578, 164.2322540283203, 1.0], [150.34222412109375, 180.10931396484375, 1.0], [121.95671844482422, 185.01544189453125, 1.0], [115.52996826171875, 173.6182098388672, 1.0], [153.24917602539062, 200.8555908203125, 1.0], [190.8209228515625, 227.91038513183594, 1.0], [102.04625701904297, 216.83258056640625, 1.0], [98.0141372680664, 244.62937927246094, 1.0], [128.2133026123047, 267.787109375, 1.0], [166.17726135253906, 276.9132080078125, 1.0]], "is_left": 0}