{"hand_pts": [[260.5807189941406, 187.86851501464844, 1.0], [196.9152069091797, 209.73313903808594, 1.0], [143.55252075195312, 241.74464416503906, 1.0], [122.19682312011719, 267.1510314941406, 1.0], [147.31011962890625, 266.4844055175781, 1.0], [161.91090393066406, 146.98825073242188, 1.0], [118.55745697021484, 137.7722625732422, 1.0], [96.42888641357422, 150.32994079589844, 1.0], [80.86005401611328, 171.698974609375, 1.0], [200.2242431640625, 139.43563842773438, 1.0], [179.75241088867188, 165.25042724609375, 1.0], [181.28004455566406, 215.95489501953125, 1.0], [186.02456665039062, 256.6694030761719, 1.0], [231.21780395507812, 141.94390869140625, 1.0], [213.72805786132812, 136.2915496826172, 1.0], [202.14926147460938, 152.38816833496094, 1.0], [192.27769470214844, 194.65084838867188, 1.0], [262.83636474609375, 149.8833770751953, 1.0], [268.6421813964844, 160.00823974609375, 1.0], [257.2994079589844, 195.0468292236328, 1.0], [251.53118896484375, 188.10421752929688, 1.0]], "is_left": 0}