{"hand_pts": [[203.62442016601562, 249.95281982421875, 1.0], [241.45394897460938, 219.38739013671875, 1.0], [291.5763244628906, 190.16534423828125, 1.0], [289.3042907714844, 189.94134521484375, 1.0], [248.4042510986328, 211.94480895996094, 1.0], [217.9641876220703, 127.13811492919922, 1.0], [215.8716278076172, 127.0585708618164, 1.0], [218.546630859375, 169.53512573242188, 1.0], [221.02853393554688, 208.412109375, 1.0], [176.26451110839844, 137.8719024658203, 1.0], [159.36099243164062, 137.94186401367188, 1.0], [174.0738983154297, 184.05650329589844, 1.0], [194.34027099609375, 214.8103485107422, 1.0], [145.38841247558594, 153.6568603515625, 1.0], [119.78158569335938, 156.5532684326172, 1.0], [133.2074737548828, 195.7122039794922, 1.0], [157.94692993164062, 223.28765869140625, 1.0], [119.69084167480469, 176.73214721679688, 1.0], [97.66516876220703, 194.34130859375, 1.0], [113.44158172607422, 224.8345489501953, 1.0], [142.27459716796875, 235.16038513183594, 1.0]], "is_left": 0}