{"hand_pts": [[119.9857177734375, 172.16085815429688, 1.0], [186.15907287597656, 190.46014404296875, 1.0], [244.09303283691406, 209.64779663085938, 1.0], [288.159423828125, 211.53839111328125, 1.0], [284.2608337402344, 188.66441345214844, 1.0], [178.09954833984375, 241.44593811035156, 1.0], [217.61341857910156, 209.83975219726562, 1.0], [220.80113220214844, 182.0865936279297, 1.0], [205.04928588867188, 174.67271423339844, 1.0], [143.79891967773438, 222.12879943847656, 1.0], [146.037353515625, 230.1721954345703, 1.0], [177.95220947265625, 201.97616577148438, 1.0], [207.83807373046875, 175.1931610107422, 1.0], [121.28024291992188, 201.6337432861328, 1.0], [139.27037048339844, 178.24232482910156, 1.0], [161.14239501953125, 154.13723754882812, 1.0], [181.58351135253906, 132.55722045898438, 1.0], [101.20278930664062, 178.59129333496094, 1.0], [129.40826416015625, 152.2928924560547, 1.0], [152.68748474121094, 130.60427856445312, 1.0], [178.64564514160156, 108.72380065917969, 1.0]], "is_left": 0}