{"hand_pts": [[229.4309539794922, 52.915157318115234, 1.0], [228.37176513671875, 119.96876525878906, 1.0], [242.52503967285156, 177.2417755126953, 1.0], [222.85731506347656, 229.34886169433594, 1.0], [190.35572814941406, 233.4735870361328, 1.0], [229.9385223388672, 159.30140686035156, 1.0], [206.17977905273438, 229.5394744873047, 1.0], [184.82583618164062, 253.77127075195312, 1.0], [172.2367401123047, 246.39869689941406, 1.0], [214.07968139648438, 133.77381896972656, 1.0], [177.83287048339844, 209.3885040283203, 1.0], [162.59109497070312, 229.1064910888672, 1.0], [166.32748413085938, 214.04237365722656, 1.0], [199.4540252685547, 115.8905029296875, 1.0], [159.49012756347656, 177.9057159423828, 1.0], [144.99766540527344, 198.50730895996094, 1.0], [148.98965454101562, 193.84703063964844, 1.0], [186.69825744628906, 96.03825378417969, 1.0], [154.95140075683594, 125.71170043945312, 1.0], [144.14315795898438, 145.06483459472656, 1.0], [154.6466522216797, 146.84197998046875, 1.0]], "is_left": 0}