{"hand_pts": [[344.3204650878906, 133.54620361328125, 1.0], [275.7829895019531, 139.2404327392578, 1.0], [246.07073974609375, 173.34922790527344, 1.0], [207.70643615722656, 201.03480529785156, 1.0], [163.82888793945312, 211.10020446777344, 1.0], [226.54473876953125, 229.8105926513672, 1.0], [169.58380126953125, 263.6300964355469, 1.0], [135.74322509765625, 224.83041381835938, 1.0], [133.91415405273438, 173.96868896484375, 1.0], [238.15650939941406, 226.60606384277344, 1.0], [159.40367126464844, 185.19276428222656, 1.0], [138.08493041992188, 126.19133758544922, 1.0], [144.24867248535156, 73.73368072509766, 1.0], [245.951171875, 214.20355224609375, 1.0], [171.57720947265625, 183.31336975097656, 1.0], [137.60821533203125, 139.34701538085938, 1.0], [108.52373504638672, 92.11396789550781, 1.0], [258.5043029785156, 193.87579345703125, 1.0], [210.7101287841797, 201.90318298339844, 1.0], [173.7847442626953, 196.73089599609375, 1.0], [135.26748657226562, 173.66238403320312, 1.0]], "is_left": 0}