{"hand_pts": [[183.0240936279297, 104.24392700195312, 1.0], [193.5352020263672, 171.56336975097656, 1.0], [181.65182495117188, 231.64002990722656, 1.0], [216.27249145507812, 246.9241943359375, 1.0], [242.20138549804688, 204.30809020996094, 1.0], [142.06524658203125, 208.91375732421875, 1.0], [114.38786315917969, 251.90255737304688, 1.0], [118.13214874267578, 274.7363586425781, 1.0], [118.07339477539062, 296.28985595703125, 1.0], [144.7303009033203, 170.22116088867188, 1.0], [159.75144958496094, 189.7794189453125, 1.0], [177.65162658691406, 201.91024780273438, 1.0], [188.46615600585938, 213.05686950683594, 1.0], [153.8376922607422, 138.81663513183594, 1.0], [200.5700225830078, 138.797119140625, 1.0], [237.04556274414062, 136.3440399169922, 1.0], [276.2557678222656, 133.01373291015625, 1.0], [166.715087890625, 106.34709930419922, 1.0], [199.3516845703125, 115.32785034179688, 1.0], [226.65451049804688, 121.19916534423828, 1.0], [248.5102081298828, 123.523681640625, 1.0]], "is_left": 0}