{"hand_pts": [[60.11766815185547, 231.41802978515625, 1.0], [74.30289459228516, 200.62940979003906, 1.0], [70.92718505859375, 156.92129516601562, 1.0], [96.43407440185547, 137.67889404296875, 1.0], [135.10720825195312, 149.45782470703125, 1.0], [160.20721435546875, 144.07427978515625, 1.0], [208.8490447998047, 127.40196990966797, 1.0], [213.78050231933594, 145.79055786132812, 1.0], [203.45123291015625, 174.34750366210938, 1.0], [180.1736297607422, 165.62152099609375, 1.0], [219.3491668701172, 165.86468505859375, 1.0], [198.24285888671875, 191.0745391845703, 1.0], [153.51748657226562, 216.5043182373047, 1.0], [190.93716430664062, 187.8018035888672, 1.0], [253.87002563476562, 188.38746643066406, 1.0], [254.05645751953125, 206.9345245361328, 1.0], [231.7941436767578, 228.2308807373047, 1.0], [192.3271484375, 213.408447265625, 1.0], [228.38705444335938, 225.16452026367188, 1.0], [212.1767578125, 240.89495849609375, 1.0], [174.0490264892578, 250.10105895996094, 1.0]], "is_left": 0}