{"hand_pts": [[272.18267822265625, 298.0696716308594, 1.0], [203.8777313232422, 260.7873229980469, 1.0], [142.29254150390625, 241.39158630371094, 1.0], [112.60211944580078, 208.99887084960938, 1.0], [92.82513427734375, 178.75518798828125, 1.0], [156.5905303955078, 179.25509643554688, 1.0], [120.65924835205078, 123.89007568359375, 1.0], [108.56305694580078, 105.53483581542969, 1.0], [95.17573547363281, 83.04786682128906, 1.0], [195.0213165283203, 181.1374053955078, 1.0], [161.3275909423828, 149.10568237304688, 1.0], [168.5475311279297, 177.6006317138672, 1.0], [176.46141052246094, 205.12820434570312, 1.0], [225.589111328125, 186.6723175048828, 1.0], [230.0447998046875, 177.14866638183594, 1.0], [240.27406311035156, 204.42881774902344, 1.0], [241.57418823242188, 226.78558349609375, 1.0], [257.0847473144531, 199.4744415283203, 1.0], [260.23486328125, 189.00608825683594, 1.0], [259.9454650878906, 200.5784454345703, 1.0], [256.2568359375, 220.5006561279297, 1.0]], "is_left": 0}