{"hand_pts": [[337.21575927734375, 243.0962371826172, 1.0], [266.45465087890625, 223.69595336914062, 1.0], [213.09153747558594, 211.33143615722656, 1.0], [152.96417236328125, 205.41241455078125, 1.0], [114.81251525878906, 207.53756713867188, 1.0], [223.5653839111328, 161.63937377929688, 1.0], [172.29580688476562, 125.0705337524414, 1.0], [144.75804138183594, 145.9213104248047, 1.0], [150.25448608398438, 176.65386962890625, 1.0], [243.34927368164062, 169.49681091308594, 1.0], [165.75103759765625, 179.26954650878906, 1.0], [130.05824279785156, 200.97933959960938, 1.0], [115.24818420410156, 229.69398498535156, 1.0], [256.6317443847656, 180.4858856201172, 1.0], [189.575927734375, 153.9814453125, 1.0], [145.61080932617188, 155.98822021484375, 1.0], [112.93584442138672, 172.50485229492188, 1.0], [272.8067321777344, 196.01092529296875, 1.0], [232.359375, 193.62013244628906, 1.0], [201.58837890625, 198.08863830566406, 1.0], [189.88662719726562, 216.23361206054688, 1.0]], "is_left": 0}