{"hand_pts": [[255.67739868164062, 64.87754821777344, 1.0], [265.778564453125, 114.28509521484375, 1.0], [295.8103332519531, 138.5475616455078, 1.0], [261.4122314453125, 165.3372344970703, 1.0], [211.52188110351562, 167.45277404785156, 1.0], [248.87020874023438, 200.38839721679688, 1.0], [207.01318359375, 232.9825439453125, 1.0], [197.98703002929688, 204.86402893066406, 1.0], [210.14540100097656, 168.25608825683594, 1.0], [210.27920532226562, 198.26673889160156, 1.0], [154.3003387451172, 233.60813903808594, 1.0], [158.1348419189453, 198.81101989746094, 1.0], [189.55392456054688, 162.36390686035156, 1.0], [177.91537475585938, 192.89437866210938, 1.0], [117.8960189819336, 230.75411987304688, 1.0], [125.3627700805664, 199.86708068847656, 1.0], [160.24061584472656, 171.23593139648438, 1.0], [150.2233428955078, 179.60104370117188, 1.0], [102.78572845458984, 193.77520751953125, 1.0], [108.61404418945312, 172.35816955566406, 1.0], [145.39527893066406, 150.69210815429688, 1.0]], "is_left": 0}