{"hand_pts": [[51.6572380065918, 182.5342254638672, 1.0], [73.74272155761719, 218.3899383544922, 1.0], [85.65990447998047, 269.3086242675781, 1.0], [122.01746368408203, 267.46563720703125, 1.0], [157.5908660888672, 245.80014038085938, 1.0], [172.224853515625, 230.21910095214844, 1.0], [216.39523315429688, 233.88954162597656, 1.0], [211.49942016601562, 221.16188049316406, 1.0], [182.13095092773438, 202.81686401367188, 1.0], [181.489501953125, 192.20669555664062, 1.0], [247.38702392578125, 184.66424560546875, 1.0], [252.3321533203125, 176.32188415527344, 1.0], [234.82989501953125, 169.68243408203125, 1.0], [182.25811767578125, 160.48760986328125, 1.0], [215.78358459472656, 147.68238830566406, 1.0], [206.6286163330078, 140.84263610839844, 1.0], [187.2101593017578, 136.0637969970703, 1.0], [173.41265869140625, 130.5321044921875, 1.0], [195.64317321777344, 112.87095642089844, 1.0], [178.8490753173828, 110.86420440673828, 1.0], [151.84329223632812, 115.25470733642578, 1.0]], "is_left": 0}