{"hand_pts": [[300.90625, 224.05372619628906, 1.0], [235.61451721191406, 252.91107177734375, 1.0], [201.6584930419922, 285.8565673828125, 1.0], [154.77316284179688, 286.5372619628906, 1.0], [153.33766174316406, 260.4747314453125, 1.0], [197.21839904785156, 191.0576629638672, 1.0], [139.07290649414062, 196.91287231445312, 1.0], [144.89817810058594, 218.08270263671875, 1.0], [179.9066162109375, 227.37550354003906, 1.0], [210.6286163330078, 151.4800567626953, 1.0], [143.7279052734375, 149.00674438476562, 1.0], [152.07888793945312, 183.59701538085938, 1.0], [188.88804626464844, 201.4702911376953, 1.0], [218.81515502929688, 125.61245727539062, 1.0], [161.39927673339844, 119.28498077392578, 1.0], [171.97100830078125, 151.93971252441406, 1.0], [203.207763671875, 169.39158630371094, 1.0], [230.287109375, 108.17217254638672, 1.0], [198.3086395263672, 98.38561248779297, 1.0], [199.79360961914062, 129.27020263671875, 1.0], [222.0240478515625, 148.1175079345703, 1.0]], "is_left": 0}