{"hand_pts": [[115.63273620605469, 128.0095977783203, 1.0], [181.45555114746094, 106.57794189453125, 1.0], [245.1058807373047, 76.79508209228516, 1.0], [282.89874267578125, 74.29566192626953, 1.0], [285.53546142578125, 97.9948959350586, 1.0], [194.88099670410156, 162.19757080078125, 1.0], [233.30709838867188, 175.43116760253906, 1.0], [253.47061157226562, 174.58163452148438, 1.0], [268.1448059082031, 170.83226013183594, 1.0], [149.9359893798828, 190.60816955566406, 1.0], [182.04502868652344, 214.91688537597656, 1.0], [205.34130859375, 207.90036010742188, 1.0], [225.83164978027344, 194.3018035888672, 1.0], [117.66898345947266, 207.29100036621094, 1.0], [133.2485809326172, 235.43099975585938, 1.0], [147.44699096679688, 235.5674285888672, 1.0], [162.57286071777344, 229.9730987548828, 1.0], [88.46076965332031, 216.9930419921875, 1.0], [94.2131576538086, 237.3037872314453, 1.0], [107.0241470336914, 235.18508911132812, 1.0], [125.98182678222656, 219.3027801513672, 1.0]], "is_left": 0}