{"hand_pts": [[71.25232696533203, 92.77710723876953, 1.0], [73.46498107910156, 129.92205810546875, 1.0], [74.48979187011719, 162.78067016601562, 1.0], [87.048095703125, 190.11264038085938, 1.0], [102.61827087402344, 214.5861358642578, 1.0], [141.02052307128906, 174.83168029785156, 1.0], [169.4048309326172, 217.9883270263672, 1.0], [188.5282745361328, 244.4931182861328, 1.0], [206.5703887939453, 270.5224914550781, 1.0], [161.7407989501953, 153.19891357421875, 1.0], [203.6776123046875, 199.08180236816406, 1.0], [226.94039916992188, 226.32769775390625, 1.0], [250.4214324951172, 252.61460876464844, 1.0], [173.88331604003906, 133.25238037109375, 1.0], [220.5661163330078, 170.96127319335938, 1.0], [244.64971923828125, 191.31787109375, 1.0], [269.7806396484375, 211.47096252441406, 1.0], [178.49017333984375, 110.82060241699219, 1.0], [214.9545135498047, 129.34860229492188, 1.0], [238.82150268554688, 142.04507446289062, 1.0], [263.23529052734375, 156.71463012695312, 1.0]], "is_left": 0}