{"hand_pts": [[180.94781494140625, 320.759521484375, 1.0], [210.79122924804688, 280.2654724121094, 1.0], [263.1717529296875, 272.8341064453125, 1.0], [227.08599853515625, 237.41014099121094, 1.0], [164.51014709472656, 223.01025390625, 1.0], [282.7391052246094, 185.34217834472656, 1.0], [245.15138244628906, 138.289306640625, 1.0], [198.0446014404297, 161.40353393554688, 1.0], [186.84910583496094, 202.59552001953125, 1.0], [250.18228149414062, 172.93893432617188, 1.0], [191.14190673828125, 121.53535461425781, 1.0], [153.6144256591797, 159.6894073486328, 1.0], [165.1929473876953, 207.44151306152344, 1.0], [216.91769409179688, 166.5717315673828, 1.0], [149.80624389648438, 115.37873840332031, 1.0], [122.84497833251953, 152.44216918945312, 1.0], [149.1221923828125, 192.7679443359375, 1.0], [180.52691650390625, 170.0689697265625, 1.0], [123.85990142822266, 143.4947509765625, 1.0], [106.42511749267578, 172.60377502441406, 1.0], [138.09056091308594, 205.63865661621094, 1.0]], "is_left": 0}