{"hand_pts": [[122.22563171386719, 302.4626159667969, 1.0], [197.413330078125, 277.06646728515625, 1.0], [248.512939453125, 271.3817443847656, 1.0], [250.14727783203125, 229.49978637695312, 1.0], [246.2783203125, 190.86814880371094, 1.0], [165.43572998046875, 222.9731903076172, 1.0], [229.78672790527344, 197.60458374023438, 1.0], [251.9295654296875, 209.3097686767578, 1.0], [240.21707153320312, 232.97189331054688, 1.0], [122.34869384765625, 206.44602966308594, 1.0], [158.91995239257812, 148.20693969726562, 1.0], [203.1343536376953, 137.74095153808594, 1.0], [228.74977111816406, 161.1765594482422, 1.0], [94.7579345703125, 193.81781005859375, 1.0], [165.33880615234375, 160.38674926757812, 1.0], [208.40052795410156, 149.74606323242188, 1.0], [248.48143005371094, 135.24893188476562, 1.0], [71.80056762695312, 187.61062622070312, 1.0], [86.0345687866211, 147.2821044921875, 1.0], [104.03366088867188, 122.0506820678711, 1.0], [142.3997802734375, 135.03184509277344, 1.0]], "is_left": 0}