{"hand_pts": [[60.037994384765625, 244.76992797851562, 1.0], [85.8132095336914, 208.83291625976562, 1.0], [90.645751953125, 170.12518310546875, 1.0], [112.46265411376953, 135.935546875, 1.0], [142.74278259277344, 107.45516967773438, 1.0], [167.5080108642578, 230.6581268310547, 1.0], [196.37033081054688, 193.51492309570312, 1.0], [188.87864685058594, 160.40318298339844, 1.0], [175.2091522216797, 133.38916015625, 1.0], [181.9143524169922, 238.7205047607422, 1.0], [242.52822875976562, 231.5923614501953, 1.0], [266.60284423828125, 200.1949005126953, 1.0], [257.9686279296875, 164.85821533203125, 1.0], [189.60716247558594, 239.17730712890625, 1.0], [222.86300659179688, 185.63673400878906, 1.0], [212.81285095214844, 154.06126403808594, 1.0], [194.2523956298828, 127.3512191772461, 1.0], [188.52505493164062, 237.800048828125, 1.0], [207.11959838867188, 202.75302124023438, 1.0], [182.1284637451172, 187.31732177734375, 1.0], [153.1895751953125, 200.16171264648438, 1.0]], "is_left": 0}