{"hand_pts": [[364.1976318359375, 200.0293731689453, 1.0], [292.2469482421875, 153.30966186523438, 1.0], [252.48764038085938, 95.70159149169922, 1.0], [186.83953857421875, 101.29393005371094, 1.0], [164.54611206054688, 145.08436584472656, 1.0], [223.77774047851562, 149.8842315673828, 1.0], [140.46620178222656, 139.69656372070312, 1.0], [127.60509490966797, 143.04605102539062, 1.0], [169.4203338623047, 152.6236114501953, 1.0], [229.83033752441406, 187.3731689453125, 1.0], [136.88694763183594, 189.644287109375, 1.0], [122.86473083496094, 185.688232421875, 1.0], [147.5679931640625, 178.96632385253906, 1.0], [233.6378173828125, 216.30638122558594, 1.0], [143.50936889648438, 226.3020477294922, 1.0], [126.48048400878906, 221.31509399414062, 1.0], [150.24212646484375, 209.15185546875, 1.0], [244.0388946533203, 243.04830932617188, 1.0], [197.59495544433594, 260.20697021484375, 1.0], [200.87759399414062, 252.00833129882812, 1.0], [235.388427734375, 231.5057373046875, 1.0]], "is_left": 0}