{"hand_pts": [[176.27110290527344, 178.23928833007812, 1.0], [229.83627319335938, 206.047607421875, 1.0], [270.8402099609375, 249.28627014160156, 1.0], [281.166748046875, 267.7172546386719, 1.0], [240.2902374267578, 236.78018188476562, 1.0], [181.6111297607422, 243.99325561523438, 1.0], [191.2506561279297, 236.92587280273438, 1.0], [218.7913360595703, 203.60069274902344, 1.0], [242.8074188232422, 171.24935913085938, 1.0], [142.65296936035156, 210.4976348876953, 1.0], [200.70791625976562, 186.2425537109375, 1.0], [246.82984924316406, 165.6004180908203, 1.0], [280.14739990234375, 150.2603302001953, 1.0], [118.52239227294922, 179.1583709716797, 1.0], [100.26818084716797, 203.12496948242188, 1.0], [136.27171325683594, 181.94918823242188, 1.0], [165.15997314453125, 162.68333435058594, 1.0], [100.69988250732422, 147.14682006835938, 1.0], [93.84491729736328, 110.0982666015625, 1.0], [111.42132568359375, 83.82270812988281, 1.0], [137.0224609375, 59.64591598510742, 1.0]], "is_left": 0}