{"hand_pts": [[305.0467834472656, 234.10470581054688, 1.0], [265.50543212890625, 251.1730499267578, 1.0], [237.48239135742188, 282.9431457519531, 1.0], [197.15164184570312, 275.35308837890625, 1.0], [159.72732543945312, 254.00845336914062, 1.0], [176.7407684326172, 252.41343688964844, 1.0], [120.62937927246094, 243.45367431640625, 1.0], [115.91946411132812, 216.38726806640625, 1.0], [134.7674560546875, 190.5253143310547, 1.0], [178.61061096191406, 215.6253204345703, 1.0], [141.3943634033203, 176.12867736816406, 1.0], [175.201171875, 166.78700256347656, 1.0], [214.7526092529297, 170.93223571777344, 1.0], [185.17977905273438, 183.5386962890625, 1.0], [167.27728271484375, 122.52269744873047, 1.0], [183.4199981689453, 97.75785064697266, 1.0], [210.69712829589844, 87.28846740722656, 1.0], [199.9784698486328, 154.22157287597656, 1.0], [192.3679656982422, 106.04154205322266, 1.0], [214.51483154296875, 101.0839614868164, 1.0], [234.8352813720703, 134.0331573486328, 1.0]], "is_left": 0}