{"hand_pts": [[169.13406372070312, 181.12680053710938, 1.0], [217.8336639404297, 158.5111846923828, 1.0], [271.6187744140625, 130.3197021484375, 1.0], [288.4439697265625, 150.9664306640625, 1.0], [264.11090087890625, 189.40553283691406, 1.0], [174.72958374023438, 110.36971282958984, 1.0], [192.4306640625, 125.80052185058594, 1.0], [220.22418212890625, 163.08900451660156, 1.0], [239.56381225585938, 194.21800231933594, 1.0], [137.1141357421875, 136.83009338378906, 1.0], [168.62339782714844, 175.26502990722656, 1.0], [206.9126434326172, 206.86749267578125, 1.0], [225.80931091308594, 214.7907257080078, 1.0], [113.88200378417969, 162.94247436523438, 1.0], [123.41220092773438, 192.5938720703125, 1.0], [160.3827362060547, 217.15927124023438, 1.0], [186.29534912109375, 224.11087036132812, 1.0], [97.15171813964844, 190.72549438476562, 1.0], [97.1565933227539, 223.57635498046875, 1.0], [124.38673400878906, 248.46713256835938, 1.0], [161.64657592773438, 258.8222961425781, 1.0]], "is_left": 0}