{"hand_pts": [[245.89962768554688, 319.38702392578125, 1.0], [184.46084594726562, 289.9122009277344, 1.0], [140.42234802246094, 284.33837890625, 1.0], [101.98168182373047, 251.26870727539062, 1.0], [102.39482116699219, 226.14828491210938, 1.0], [219.45254516601562, 186.51377868652344, 1.0], [168.3201904296875, 146.71263122558594, 1.0], [132.54208374023438, 167.74838256835938, 1.0], [122.66490936279297, 206.07688903808594, 1.0], [251.17454528808594, 170.7158966064453, 1.0], [196.6858673095703, 120.35954284667969, 1.0], [153.09249877929688, 153.45932006835938, 1.0], [140.03076171875, 202.59072875976562, 1.0], [268.3180236816406, 163.8134307861328, 1.0], [222.8733367919922, 115.61573028564453, 1.0], [184.7128143310547, 147.38043212890625, 1.0], [173.9550323486328, 192.73007202148438, 1.0], [280.5757751464844, 167.7940216064453, 1.0], [252.5960235595703, 141.36317443847656, 1.0], [217.94973754882812, 164.3819122314453, 1.0], [205.33534240722656, 202.35719299316406, 1.0]], "is_left": 0}