{"hand_pts": [[90.63040924072266, 110.63744354248047, 1.0], [85.35455322265625, 167.87429809570312, 1.0], [65.39081573486328, 208.39907836914062, 1.0], [95.1578369140625, 208.01455688476562, 1.0], [130.7730712890625, 181.0594024658203, 1.0], [150.83155822753906, 220.20611572265625, 1.0], [175.00363159179688, 244.44972229003906, 1.0], [169.22393798828125, 232.76329040527344, 1.0], [155.8605194091797, 211.63868713378906, 1.0], [181.99171447753906, 185.55322265625, 1.0], [223.27980041503906, 224.52882385253906, 1.0], [225.16160583496094, 230.65451049804688, 1.0], [203.86935424804688, 217.2878875732422, 1.0], [203.16738891601562, 155.01480102539062, 1.0], [236.31875610351562, 161.37197875976562, 1.0], [207.28936767578125, 147.4958953857422, 1.0], [175.56700134277344, 134.74269104003906, 1.0], [216.15794372558594, 121.82630920410156, 1.0], [256.3955993652344, 131.2113494873047, 1.0], [257.5812072753906, 138.1936798095703, 1.0], [234.37181091308594, 141.18081665039062, 1.0]], "is_left": 0}