{"hand_pts": [[284.07098388671875, 309.3359375, 1.0], [284.8244934082031, 242.1612091064453, 1.0], [306.7933349609375, 195.70578002929688, 1.0], [263.5791931152344, 171.45272827148438, 1.0], [218.8611297607422, 184.17178344726562, 1.0], [238.24867248535156, 178.54151916503906, 1.0], [212.67071533203125, 127.95207214355469, 1.0], [188.1820526123047, 113.14688873291016, 1.0], [174.2189483642578, 118.11732482910156, 1.0], [203.6319580078125, 203.1832275390625, 1.0], [167.1571044921875, 144.134521484375, 1.0], [150.27517700195312, 113.43409729003906, 1.0], [145.40365600585938, 98.84530639648438, 1.0], [176.80718994140625, 224.22906494140625, 1.0], [120.25141906738281, 188.77410888671875, 1.0], [127.41729736328125, 197.02577209472656, 1.0], [161.43222045898438, 218.3891143798828, 1.0], [157.00051879882812, 249.76988220214844, 1.0], [115.3509292602539, 240.18585205078125, 1.0], [128.42210388183594, 246.6541748046875, 1.0], [165.7146759033203, 255.69557189941406, 1.0]], "is_left": 0}