{"hand_pts": [[171.08116149902344, 83.37252807617188, 1.0], [182.0867919921875, 157.5225830078125, 1.0], [209.24044799804688, 219.48196411132812, 1.0], [249.78094482421875, 256.5024719238281, 1.0], [286.4748840332031, 279.1457824707031, 1.0], [103.93128204345703, 189.1567840576172, 1.0], [151.67221069335938, 231.7781219482422, 1.0], [206.683349609375, 232.99624633789062, 1.0], [247.9814910888672, 216.27565002441406, 1.0], [102.47481536865234, 150.2220458984375, 1.0], [180.9706573486328, 196.0389404296875, 1.0], [238.68365478515625, 216.99986267089844, 1.0], [287.3493957519531, 240.03977966308594, 1.0], [110.88023376464844, 120.4483642578125, 1.0], [118.13343048095703, 158.60581970214844, 1.0], [168.99783325195312, 177.38185119628906, 1.0], [220.06326293945312, 190.37890625, 1.0], [125.61027526855469, 90.27186584472656, 1.0], [138.19793701171875, 101.71977996826172, 1.0], [179.05230712890625, 119.5230712890625, 1.0], [214.5996856689453, 134.89468383789062, 1.0]], "is_left": 0}