{"hand_pts": [[98.61831665039062, 314.986083984375, 1.0], [168.30364990234375, 259.5893859863281, 1.0], [219.00875854492188, 223.4086456298828, 1.0], [261.0840148925781, 193.24575805664062, 1.0], [266.36297607421875, 188.7907257080078, 1.0], [153.2566375732422, 156.97743225097656, 1.0], [206.39695739746094, 117.35255432128906, 1.0], [241.82444763183594, 136.800048828125, 1.0], [255.76687622070312, 177.02896118164062, 1.0], [119.5738296508789, 170.85171508789062, 1.0], [176.21131896972656, 126.90143585205078, 1.0], [219.11122131347656, 152.94354248046875, 1.0], [237.9205780029297, 195.66500854492188, 1.0], [98.81675720214844, 187.8594970703125, 1.0], [145.3434295654297, 152.68992614746094, 1.0], [182.7306671142578, 177.6803741455078, 1.0], [198.8005828857422, 214.78073120117188, 1.0], [80.8699951171875, 213.72962951660156, 1.0], [107.24537658691406, 201.79083251953125, 1.0], [140.4896697998047, 218.33859252929688, 1.0], [159.71463012695312, 243.54397583007812, 1.0]], "is_left": 0}