{"hand_pts": [[92.4773178100586, 158.00369262695312, 1.0], [161.95753479003906, 136.65975952148438, 1.0], [220.7166748046875, 90.28996276855469, 1.0], [249.5078582763672, 66.26437377929688, 1.0], [253.53077697753906, 61.717533111572266, 1.0], [217.8456268310547, 210.4578857421875, 1.0], [235.17355346679688, 171.63577270507812, 1.0], [208.22140502929688, 133.95989990234375, 1.0], [174.57054138183594, 107.27859497070312, 1.0], [174.8562774658203, 234.68162536621094, 1.0], [198.80172729492188, 207.61427307128906, 1.0], [206.1552734375, 175.88851928710938, 1.0], [204.28944396972656, 134.8226776123047, 1.0], [138.32562255859375, 246.25157165527344, 1.0], [179.00338745117188, 257.8468017578125, 1.0], [197.35646057128906, 247.57513427734375, 1.0], [215.5176239013672, 239.73033142089844, 1.0], [99.945556640625, 249.8878936767578, 1.0], [104.4301986694336, 256.96063232421875, 1.0], [108.24182891845703, 234.9289093017578, 1.0], [111.8315200805664, 195.3434600830078, 1.0]], "is_left": 0}