{"hand_pts": [[82.55915832519531, 240.79620361328125, 1.0], [156.1228790283203, 240.48419189453125, 1.0], [219.31483459472656, 262.7189025878906, 1.0], [259.3954162597656, 240.11277770996094, 1.0], [260.05914306640625, 197.6652374267578, 1.0], [169.576416015625, 252.0089874267578, 1.0], [217.24203491210938, 227.9723358154297, 1.0], [242.49334716796875, 195.9176788330078, 1.0], [253.56863403320312, 166.3253631591797, 1.0], [135.24241638183594, 228.05230712890625, 1.0], [184.18804931640625, 189.99978637695312, 1.0], [215.9080047607422, 159.60887145996094, 1.0], [232.97866821289062, 141.71974182128906, 1.0], [111.41770935058594, 204.9696044921875, 1.0], [150.2921142578125, 158.7274169921875, 1.0], [176.46519470214844, 131.60470581054688, 1.0], [191.72653198242188, 121.59056854248047, 1.0], [88.16534423828125, 183.1431884765625, 1.0], [106.33727264404297, 143.3756866455078, 1.0], [129.57069396972656, 121.08670806884766, 1.0], [149.3072509765625, 119.78093719482422, 1.0]], "is_left": 0}