{"hand_pts": [[264.7984313964844, 285.0277099609375, 1.0], [269.99072265625, 274.6802062988281, 1.0], [294.5111389160156, 283.6188049316406, 1.0], [270.144775390625, 276.3905334472656, 1.0], [221.67001342773438, 260.3825378417969, 1.0], [260.4419250488281, 163.1348876953125, 1.0], [230.73497009277344, 131.24569702148438, 1.0], [199.7490234375, 149.8330841064453, 1.0], [174.23524475097656, 188.0026397705078, 1.0], [225.62899780273438, 151.3144073486328, 1.0], [177.84402465820312, 115.11090087890625, 1.0], [152.10606384277344, 149.86785888671875, 1.0], [145.5225067138672, 201.23025512695312, 1.0], [195.47789001464844, 151.08399963378906, 1.0], [138.33489990234375, 130.11061096191406, 1.0], [114.74718475341797, 161.79824829101562, 1.0], [116.22093200683594, 209.8557586669922, 1.0], [169.39515686035156, 161.48831176757812, 1.0], [123.35784912109375, 151.63377380371094, 1.0], [104.9075927734375, 176.4132537841797, 1.0], [114.3868179321289, 217.31396484375, 1.0]], "is_left": 0}