{"hand_pts": [[88.4500961303711, 124.78718566894531, 1.0], [142.28402709960938, 106.33890533447266, 1.0], [172.07449340820312, 70.38033294677734, 1.0], [214.43017578125, 75.9842529296875, 1.0], [231.1518096923828, 117.55194854736328, 1.0], [143.1845703125, 144.79844665527344, 1.0], [193.85231018066406, 160.14588928222656, 1.0], [226.5129852294922, 164.1238250732422, 1.0], [236.07867431640625, 160.65367126464844, 1.0], [127.98082733154297, 182.80960083007812, 1.0], [187.5504150390625, 212.38633728027344, 1.0], [218.6280517578125, 204.67591857910156, 1.0], [231.53662109375, 186.55975341796875, 1.0], [121.11335754394531, 210.46585083007812, 1.0], [170.24111938476562, 247.01931762695312, 1.0], [200.19886779785156, 241.0817413330078, 1.0], [205.71495056152344, 217.1353302001953, 1.0], [114.63097381591797, 231.1306915283203, 1.0], [147.6269989013672, 259.4326477050781, 1.0], [170.79019165039062, 253.3678436279297, 1.0], [172.7521209716797, 224.4422607421875, 1.0]], "is_left": 0}