{"hand_pts": [[239.4343719482422, 112.36087799072266, 1.0], [260.3585510253906, 148.81857299804688, 1.0], [299.9166259765625, 171.31509399414062, 1.0], [286.7471008300781, 205.42193603515625, 1.0], [244.2572784423828, 226.77105712890625, 1.0], [224.01976013183594, 136.02044677734375, 1.0], [206.04251098632812, 173.18051147460938, 1.0], [200.2740478515625, 207.50527954101562, 1.0], [200.8093719482422, 231.06375122070312, 1.0], [186.757568359375, 128.78302001953125, 1.0], [160.88150024414062, 180.73040771484375, 1.0], [168.26708984375, 216.9541778564453, 1.0], [188.2930145263672, 233.62855529785156, 1.0], [159.53163146972656, 128.2063751220703, 1.0], [124.10841369628906, 175.94325256347656, 1.0], [130.47256469726562, 207.2238006591797, 1.0], [154.96917724609375, 218.6868438720703, 1.0], [138.74012756347656, 128.6186065673828, 1.0], [106.45857238769531, 158.14808654785156, 1.0], [111.18206787109375, 185.20021057128906, 1.0], [138.19078063964844, 199.27395629882812, 1.0]], "is_left": 0}