{"hand_pts": [[248.56271362304688, 242.68292236328125, 1.0], [259.154296875, 261.66058349609375, 1.0], [289.609619140625, 285.9512634277344, 1.0], [270.8207702636719, 309.0244445800781, 1.0], [221.65908813476562, 305.5046081542969, 1.0], [240.6251678466797, 191.458251953125, 1.0], [225.4413604736328, 157.79074096679688, 1.0], [205.32806396484375, 152.48094177246094, 1.0], [185.60523986816406, 144.38465881347656, 1.0], [207.14340209960938, 173.66409301757812, 1.0], [193.95535278320312, 130.78530883789062, 1.0], [182.7341766357422, 115.8077163696289, 1.0], [169.30650329589844, 114.6239242553711, 1.0], [179.87881469726562, 167.38397216796875, 1.0], [123.26583099365234, 145.0770721435547, 1.0], [107.473388671875, 182.56430053710938, 1.0], [129.93572998046875, 220.50038146972656, 1.0], [157.28358459472656, 168.3550262451172, 1.0], [122.89208221435547, 152.4218292236328, 1.0], [100.7722396850586, 155.2577667236328, 1.0], [83.83942413330078, 171.62628173828125, 1.0]], "is_left": 0}