{"hand_pts": [[81.10591125488281, 70.11053466796875, 1.0], [138.54261779785156, 81.70574951171875, 1.0], [183.44313049316406, 65.04597473144531, 1.0], [221.07911682128906, 89.05833435058594, 1.0], [245.7953338623047, 117.67886352539062, 1.0], [151.33401489257812, 160.57394409179688, 1.0], [194.12876892089844, 199.0014190673828, 1.0], [228.48338317871094, 205.99642944335938, 1.0], [251.66165161132812, 197.54039001464844, 1.0], [133.7342071533203, 179.92391967773438, 1.0], [188.48489379882812, 223.74176025390625, 1.0], [214.40635681152344, 201.4053955078125, 1.0], [234.0160369873047, 175.1236572265625, 1.0], [123.51930236816406, 190.59442138671875, 1.0], [153.68661499023438, 252.9774627685547, 1.0], [186.9857635498047, 251.3860626220703, 1.0], [200.68153381347656, 218.2794647216797, 1.0], [112.75711059570312, 192.5982666015625, 1.0], [141.8341827392578, 228.83407592773438, 1.0], [171.2866973876953, 228.03883361816406, 1.0], [179.67005920410156, 195.96815490722656, 1.0]], "is_left": 0}