{"hand_pts": [[98.67842864990234, 308.72723388671875, 1.0], [94.55641174316406, 251.42013549804688, 1.0], [81.19552612304688, 214.32301330566406, 1.0], [95.01116180419922, 166.42356872558594, 1.0], [118.8206787109375, 129.24993896484375, 1.0], [175.11578369140625, 239.10101318359375, 1.0], [195.8499298095703, 182.27645874023438, 1.0], [192.15719604492188, 138.72824096679688, 1.0], [178.690673828125, 99.29528045654297, 1.0], [194.570068359375, 251.25613403320312, 1.0], [223.34893798828125, 187.50845336914062, 1.0], [216.0093536376953, 138.15484619140625, 1.0], [188.31488037109375, 98.33011627197266, 1.0], [203.20970153808594, 256.14862060546875, 1.0], [240.9762725830078, 203.78509521484375, 1.0], [233.7640380859375, 161.68333435058594, 1.0], [210.2410430908203, 125.17062377929688, 1.0], [203.4582061767578, 261.9646301269531, 1.0], [217.52725219726562, 221.9082489013672, 1.0], [202.78086853027344, 190.4674072265625, 1.0], [176.981689453125, 162.11032104492188, 1.0]], "is_left": 0}