{"hand_pts": [[298.13232421875, 170.10484313964844, 1.0], [268.5466613769531, 227.11611938476562, 1.0], [265.6700744628906, 284.5029602050781, 1.0], [269.3509216308594, 281.014892578125, 1.0], [272.7392272949219, 234.6878204345703, 1.0], [179.20578002929688, 206.1209259033203, 1.0], [123.07731628417969, 210.69154357910156, 1.0], [94.8630599975586, 216.1625518798828, 1.0], [103.33134460449219, 228.5979766845703, 1.0], [190.2080078125, 166.35093688964844, 1.0], [122.07681274414062, 169.2447052001953, 1.0], [88.89891052246094, 178.76466369628906, 1.0], [104.42845916748047, 204.87545776367188, 1.0], [206.2376708984375, 139.0977783203125, 1.0], [167.0037078857422, 117.186767578125, 1.0], [182.27346801757812, 138.69419860839844, 1.0], [210.7735137939453, 168.97242736816406, 1.0], [229.16925048828125, 116.02283477783203, 1.0], [194.4962921142578, 109.89616394042969, 1.0], [204.76199340820312, 135.4157257080078, 1.0], [233.6876983642578, 158.76026916503906, 1.0]], "is_left": 0}