{"hand_pts": [[161.78076171875, 70.57445526123047, 1.0], [148.02615356445312, 110.81596374511719, 1.0], [98.29176330566406, 129.0339813232422, 1.0], [99.0625991821289, 167.89842224121094, 1.0], [137.44961547851562, 184.70565795898438, 1.0], [107.28914642333984, 176.61361694335938, 1.0], [102.41340637207031, 223.38575744628906, 1.0], [114.66393280029297, 252.7923126220703, 1.0], [118.38370513916016, 281.369140625, 1.0], [137.08050537109375, 174.74496459960938, 1.0], [207.9232177734375, 195.9376220703125, 1.0], [230.7564239501953, 170.19137573242188, 1.0], [242.305908203125, 142.10983276367188, 1.0], [166.30032348632812, 171.2635040283203, 1.0], [230.60806274414062, 195.5345458984375, 1.0], [264.9460144042969, 188.58926391601562, 1.0], [293.0220947265625, 175.88941955566406, 1.0], [195.82618713378906, 161.8795166015625, 1.0], [239.05955505371094, 182.33258056640625, 1.0], [271.0535583496094, 190.4100799560547, 1.0], [279.077880859375, 176.7991180419922, 1.0]], "is_left": 0}