{"hand_pts": [[349.9081726074219, 171.8980712890625, 1.0], [273.2366943359375, 214.16354370117188, 1.0], [232.55686950683594, 255.79476928710938, 1.0], [165.52993774414062, 282.33160400390625, 1.0], [138.25901794433594, 273.6280212402344, 1.0], [198.75088500976562, 152.63626098632812, 1.0], [129.95436096191406, 204.40476989746094, 1.0], [158.4151611328125, 230.42359924316406, 1.0], [210.82887268066406, 212.48880004882812, 1.0], [205.50611877441406, 122.53255462646484, 1.0], [118.927490234375, 171.66246032714844, 1.0], [151.0612335205078, 210.35006713867188, 1.0], [207.42320251464844, 205.68035888671875, 1.0], [210.1483917236328, 106.9351806640625, 1.0], [123.28609466552734, 132.01527404785156, 1.0], [144.099853515625, 172.62628173828125, 1.0], [192.47055053710938, 172.4132080078125, 1.0], [221.88914489746094, 98.45147705078125, 1.0], [185.1663055419922, 118.7629165649414, 1.0], [200.2650909423828, 153.9480743408203, 1.0], [232.44261169433594, 154.47409057617188, 1.0]], "is_left": 0}