{"hand_pts": [[71.37310791015625, 214.73045349121094, 1.0], [100.7238540649414, 240.51231384277344, 1.0], [109.2703628540039, 295.4013366699219, 1.0], [117.82254791259766, 267.5289001464844, 1.0], [116.95061492919922, 206.2286376953125, 1.0], [221.28692626953125, 248.00253295898438, 1.0], [233.55435180664062, 219.5889892578125, 1.0], [179.02903747558594, 203.3424530029297, 1.0], [143.93930053710938, 208.8673553466797, 1.0], [231.30389404296875, 211.592041015625, 1.0], [262.62066650390625, 165.08546447753906, 1.0], [198.9715576171875, 159.84498596191406, 1.0], [156.00738525390625, 184.69284057617188, 1.0], [231.3070068359375, 180.6284637451172, 1.0], [256.30938720703125, 123.55624389648438, 1.0], [198.89540100097656, 123.48970031738281, 1.0], [167.61892700195312, 156.61001586914062, 1.0], [219.62741088867188, 151.93606567382812, 1.0], [219.88792419433594, 102.23454284667969, 1.0], [175.49276733398438, 101.79595184326172, 1.0], [146.93020629882812, 139.35147094726562, 1.0]], "is_left": 0}