{"hand_pts": [[296.6929626464844, 192.07606506347656, 1.0], [298.38800048828125, 164.15992736816406, 1.0], [305.8837890625, 141.5641632080078, 1.0], [289.3919677734375, 125.89328002929688, 1.0], [261.05548095703125, 116.3675537109375, 1.0], [235.14697265625, 204.77310180664062, 1.0], [208.2371368408203, 208.7915802001953, 1.0], [190.4925079345703, 198.0978240966797, 1.0], [172.77162170410156, 186.82583618164062, 1.0], [205.39991760253906, 210.6064453125, 1.0], [164.1796417236328, 212.40206909179688, 1.0], [146.72691345214844, 192.378662109375, 1.0], [131.19512939453125, 172.74737548828125, 1.0], [184.93780517578125, 208.1908416748047, 1.0], [138.15333557128906, 208.10092163085938, 1.0], [120.74024200439453, 187.53424072265625, 1.0], [108.11737060546875, 162.789306640625, 1.0], [172.26495361328125, 202.4113006591797, 1.0], [135.53176879882812, 195.61842346191406, 1.0], [117.27842712402344, 179.80641174316406, 1.0], [107.03033447265625, 156.09767150878906, 1.0]], "is_left": 0}