{"hand_pts": [[330.650634765625, 139.91184997558594, 1.0], [290.3839111328125, 189.72891235351562, 1.0], [264.74456787109375, 230.8501434326172, 1.0], [220.24452209472656, 258.6734313964844, 1.0], [185.14077758789062, 255.23257446289062, 1.0], [207.47630310058594, 189.77017211914062, 1.0], [165.02716064453125, 224.50668334960938, 1.0], [139.97650146484375, 245.91946411132812, 1.0], [111.29561614990234, 265.2561340332031, 1.0], [206.18185424804688, 155.23924255371094, 1.0], [127.68744659423828, 170.55755615234375, 1.0], [100.4176254272461, 192.03944396972656, 1.0], [110.87056732177734, 208.61817932128906, 1.0], [208.81948852539062, 130.28292846679688, 1.0], [145.1791534423828, 147.44876098632812, 1.0], [133.24464416503906, 164.97781372070312, 1.0], [145.64710998535156, 182.6446533203125, 1.0], [219.28048706054688, 107.88400268554688, 1.0], [213.06427001953125, 112.9783935546875, 1.0], [236.956787109375, 123.2165756225586, 1.0], [267.9398498535156, 132.71517944335938, 1.0]], "is_left": 0}