{"hand_pts": [[80.11250305175781, 164.78057861328125, 1.0], [131.81016540527344, 203.18698120117188, 1.0], [195.7548828125, 234.75631713867188, 1.0], [229.64459228515625, 247.0718231201172, 1.0], [245.752685546875, 249.57232666015625, 1.0], [207.79672241210938, 172.73580932617188, 1.0], [250.7815704345703, 189.9722137451172, 1.0], [244.92185974121094, 215.20297241210938, 1.0], [230.84080505371094, 240.45852661132812, 1.0], [175.63421630859375, 148.9041290283203, 1.0], [208.63795471191406, 178.295654296875, 1.0], [191.31895446777344, 216.2216339111328, 1.0], [164.25181579589844, 251.26829528808594, 1.0], [143.91224670410156, 134.92385864257812, 1.0], [190.810546875, 129.17909240722656, 1.0], [191.1053466796875, 154.97560119628906, 1.0], [175.8650665283203, 188.607177734375, 1.0], [107.24906921386719, 124.83820343017578, 1.0], [117.45692443847656, 121.03406524658203, 1.0], [117.74833679199219, 137.58558654785156, 1.0], [110.96014404296875, 170.7039031982422, 1.0]], "is_left": 0}