{"hand_pts": [[204.75497436523438, 321.8926696777344, 1.0], [237.23020935058594, 260.1736145019531, 1.0], [289.2169189453125, 227.60897827148438, 1.0], [279.2920227050781, 182.443359375, 1.0], [249.1996612548828, 147.793212890625, 1.0], [228.2812042236328, 198.68466186523438, 1.0], [238.98838806152344, 146.34506225585938, 1.0], [233.96002197265625, 111.39356231689453, 1.0], [218.43296813964844, 107.86331939697266, 1.0], [188.07864379882812, 208.3418426513672, 1.0], [157.14483642578125, 147.14332580566406, 1.0], [160.6996307373047, 155.81829833984375, 1.0], [176.86489868164062, 184.8641815185547, 1.0], [155.7799835205078, 216.2271270751953, 1.0], [117.13278198242188, 163.95948791503906, 1.0], [127.04196166992188, 179.12002563476562, 1.0], [144.8193817138672, 202.6002960205078, 1.0], [126.91780853271484, 229.69723510742188, 1.0], [100.09178161621094, 201.4976806640625, 1.0], [111.15462493896484, 209.8005828857422, 1.0], [138.7629852294922, 233.88282775878906, 1.0]], "is_left": 0}