{"hand_pts": [[24.504783630371094, 227.99082946777344, 1.0], [69.46186828613281, 233.85391235351562, 1.0], [82.4509506225586, 242.2017822265625, 1.0], [127.84256744384766, 252.4338836669922, 1.0], [173.88845825195312, 258.7633972167969, 1.0], [131.50283813476562, 158.2841796875, 1.0], [193.7017364501953, 146.3965301513672, 1.0], [222.87307739257812, 170.34877014160156, 1.0], [229.57373046875, 203.2100067138672, 1.0], [142.69766235351562, 145.9753875732422, 1.0], [220.12213134765625, 138.68006896972656, 1.0], [234.72598266601562, 177.49069213867188, 1.0], [206.61154174804688, 212.12803649902344, 1.0], [151.95205688476562, 143.5706787109375, 1.0], [228.44334411621094, 127.51712036132812, 1.0], [251.5413818359375, 156.71351623535156, 1.0], [231.58206176757812, 192.19772338867188, 1.0], [154.0475311279297, 148.60403442382812, 1.0], [200.43174743652344, 161.63397216796875, 1.0], [207.55947875976562, 191.7608184814453, 1.0], [178.2239532470703, 215.2904815673828, 1.0]], "is_left": 0}