{"hand_pts": [[253.55239868164062, 268.1329040527344, 1.0], [276.5647277832031, 219.5221710205078, 1.0], [303.4927062988281, 182.05726623535156, 1.0], [306.71710205078125, 156.67398071289062, 1.0], [289.95001220703125, 145.7271728515625, 1.0], [198.94789123535156, 167.8648681640625, 1.0], [183.941162109375, 132.6437530517578, 1.0], [190.9243621826172, 123.829345703125, 1.0], [202.09153747558594, 121.2187728881836, 1.0], [169.69671630859375, 198.5138702392578, 1.0], [142.82440185546875, 162.34378051757812, 1.0], [155.98521423339844, 152.53329467773438, 1.0], [174.95550537109375, 146.96551513671875, 1.0], [154.091796875, 226.1870574951172, 1.0], [122.88783264160156, 199.68150329589844, 1.0], [132.27511596679688, 193.1140899658203, 1.0], [151.96990966796875, 190.481201171875, 1.0], [147.33982849121094, 256.4281005859375, 1.0], [126.99945831298828, 250.16062927246094, 1.0], [131.88894653320312, 247.34625244140625, 1.0], [155.21310424804688, 244.97689819335938, 1.0]], "is_left": 0}