{"hand_pts": [[43.56953048706055, 98.67030334472656, 1.0], [94.25318145751953, 97.72817993164062, 1.0], [100.48111724853516, 76.7313461303711, 1.0], [163.77474975585938, 98.6265640258789, 1.0], [214.38710021972656, 133.0796661376953, 1.0], [108.19650268554688, 169.3191680908203, 1.0], [186.22433471679688, 197.44163513183594, 1.0], [227.1099395751953, 188.4469757080078, 1.0], [227.656494140625, 165.1106719970703, 1.0], [114.29434967041016, 197.35061645507812, 1.0], [213.17056274414062, 223.74485778808594, 1.0], [242.67868041992188, 198.72474670410156, 1.0], [234.33056640625, 162.26731872558594, 1.0], [124.49688720703125, 214.7633514404297, 1.0], [214.7510986328125, 248.19761657714844, 1.0], [240.4171905517578, 224.4333038330078, 1.0], [222.81820678710938, 188.27243041992188, 1.0], [131.7624969482422, 223.4734649658203, 1.0], [193.18113708496094, 246.16773986816406, 1.0], [209.56304931640625, 222.5877685546875, 1.0], [175.21897888183594, 191.5994873046875, 1.0]], "is_left": 0}