{"hand_pts": [[38.09770965576172, 145.6214141845703, 1.0], [86.56932830810547, 212.78228759765625, 1.0], [108.42369079589844, 271.5021057128906, 1.0], [137.5491485595703, 290.590087890625, 1.0], [148.82391357421875, 259.8694763183594, 1.0], [176.93992614746094, 211.29104614257812, 1.0], [196.134033203125, 239.4465789794922, 1.0], [166.56292724609375, 242.02183532714844, 1.0], [132.53977966308594, 226.9063720703125, 1.0], [171.7781219482422, 164.68614196777344, 1.0], [242.27432250976562, 184.59030151367188, 1.0], [237.82969665527344, 204.7963409423828, 1.0], [214.1502685546875, 216.2755889892578, 1.0], [163.25230407714844, 130.00210571289062, 1.0], [226.84576416015625, 123.70138549804688, 1.0], [257.8716125488281, 130.8350067138672, 1.0], [249.62387084960938, 154.75607299804688, 1.0], [146.52622985839844, 98.05693817138672, 1.0], [179.5501708984375, 94.76673126220703, 1.0], [200.9857635498047, 94.38656616210938, 1.0], [199.2163848876953, 116.69756317138672, 1.0]], "is_left": 0}