{"hand_pts": [[32.0617790222168, 101.51459503173828, 1.0], [66.7918701171875, 160.42979431152344, 1.0], [84.55559539794922, 210.4768829345703, 1.0], [116.69775390625, 242.654296875, 1.0], [148.9868927001953, 251.6923065185547, 1.0], [177.0592041015625, 172.40188598632812, 1.0], [227.80917358398438, 206.43743896484375, 1.0], [234.3018341064453, 229.6683349609375, 1.0], [228.46177673339844, 249.1978759765625, 1.0], [178.51625061035156, 144.0739288330078, 1.0], [232.96646118164062, 183.1597900390625, 1.0], [224.76124572753906, 211.83242797851562, 1.0], [201.92723083496094, 236.045166015625, 1.0], [172.29342651367188, 123.58819580078125, 1.0], [226.21775817871094, 152.7338104248047, 1.0], [222.7971954345703, 177.013916015625, 1.0], [201.67782592773438, 199.71441650390625, 1.0], [155.91131591796875, 103.1419448852539, 1.0], [184.7161407470703, 117.90595245361328, 1.0], [180.9434356689453, 137.52468872070312, 1.0], [159.01004028320312, 160.0423583984375, 1.0]], "is_left": 0}