{"hand_pts": [[68.73831939697266, 42.4299201965332, 1.0], [96.48603057861328, 67.16754150390625, 1.0], [110.90471649169922, 81.58059692382812, 1.0], [139.36593627929688, 107.29605865478516, 1.0], [172.47177124023438, 136.73731994628906, 1.0], [126.86377716064453, 162.7335968017578, 1.0], [155.11187744140625, 211.4466552734375, 1.0], [185.62799072265625, 228.613525390625, 1.0], [215.2508544921875, 246.24620056152344, 1.0], [141.8899688720703, 163.6973419189453, 1.0], [179.81910705566406, 220.97579956054688, 1.0], [212.0122528076172, 239.08261108398438, 1.0], [243.16233825683594, 250.50045776367188, 1.0], [155.6473846435547, 157.91860961914062, 1.0], [203.8702850341797, 205.18356323242188, 1.0], [235.8156280517578, 218.21063232421875, 1.0], [266.9296569824219, 228.9827423095703, 1.0], [164.75233459472656, 144.0284881591797, 1.0], [198.95977783203125, 175.68072509765625, 1.0], [225.2252960205078, 187.4655303955078, 1.0], [250.01925659179688, 189.4483184814453, 1.0]], "is_left": 0}