{"hand_pts": [[141.3617401123047, 54.225948333740234, 1.0], [204.03369140625, 108.20574951171875, 1.0], [247.7216033935547, 138.6376953125, 1.0], [280.710693359375, 160.87142944335938, 1.0], [263.98260498046875, 149.4083709716797, 1.0], [169.0666046142578, 220.82913208007812, 1.0], [215.60797119140625, 244.11541748046875, 1.0], [234.6372528076172, 204.7769775390625, 1.0], [221.0134735107422, 167.07080078125, 1.0], [132.7110137939453, 217.12496948242188, 1.0], [179.75518798828125, 242.90408325195312, 1.0], [206.56961059570312, 196.96826171875, 1.0], [197.9688720703125, 161.57032775878906, 1.0], [111.08059692382812, 208.5220947265625, 1.0], [148.13357543945312, 228.5403289794922, 1.0], [171.6018524169922, 187.5537567138672, 1.0], [163.78948974609375, 163.14048767089844, 1.0], [94.52619934082031, 189.9901580810547, 1.0], [113.40351104736328, 194.82997131347656, 1.0], [138.8079071044922, 165.24517822265625, 1.0], [136.72018432617188, 150.33021545410156, 1.0]], "is_left": 0}