{"hand_pts": [[73.06880950927734, 260.9998474121094, 1.0], [129.94448852539062, 211.94546508789062, 1.0], [158.9911346435547, 160.69244384765625, 1.0], [183.76206970214844, 115.11210632324219, 1.0], [205.675537109375, 74.49999237060547, 1.0], [203.69094848632812, 231.0174560546875, 1.0], [226.2532958984375, 170.66014099121094, 1.0], [202.9752655029297, 142.70266723632812, 1.0], [179.49017333984375, 116.25668334960938, 1.0], [178.38681030273438, 244.8553009033203, 1.0], [220.0855712890625, 238.4811248779297, 1.0], [228.73399353027344, 197.495849609375, 1.0], [237.9182586669922, 160.35137939453125, 1.0], [154.65582275390625, 249.37307739257812, 1.0], [195.3878631591797, 214.124267578125, 1.0], [210.95993041992188, 181.48068237304688, 1.0], [221.06976318359375, 145.21682739257812, 1.0], [126.21492767333984, 252.02552795410156, 1.0], [132.56729125976562, 224.1222381591797, 1.0], [130.7557830810547, 192.12953186035156, 1.0], [126.09354400634766, 159.91448974609375, 1.0]], "is_left": 0}