{"hand_pts": [[207.8912811279297, 111.59449005126953, 1.0], [148.63404846191406, 144.08480834960938, 1.0], [122.71807861328125, 192.32005310058594, 1.0], [114.11515045166016, 225.04885864257812, 1.0], [111.59172058105469, 248.68209838867188, 1.0], [199.16848754882812, 217.46546936035156, 1.0], [155.52825927734375, 233.16590881347656, 1.0], [119.01129150390625, 231.92269897460938, 1.0], [82.38579559326172, 201.05430603027344, 1.0], [237.94281005859375, 198.62232971191406, 1.0], [173.8323516845703, 183.7115478515625, 1.0], [139.98553466796875, 150.331298828125, 1.0], [151.731689453125, 141.26260375976562, 1.0], [260.6595153808594, 177.80335998535156, 1.0], [271.6188049316406, 204.14976501464844, 1.0], [247.54798889160156, 201.90121459960938, 1.0], [214.0058135986328, 193.64889526367188, 1.0], [276.7389221191406, 151.94203186035156, 1.0], [255.4708709716797, 137.48658752441406, 1.0], [219.88641357421875, 117.09748840332031, 1.0], [180.07725524902344, 97.6384506225586, 1.0]], "is_left": 0}