{"hand_pts": [[22.04755401611328, 173.947021484375, 1.0], [65.0680923461914, 135.87965393066406, 1.0], [100.89976501464844, 87.97810363769531, 1.0], [148.4832305908203, 91.61811828613281, 1.0], [191.53033447265625, 100.22529602050781, 1.0], [168.34693908691406, 149.6977996826172, 1.0], [230.4113006591797, 140.87158203125, 1.0], [213.11331176757812, 144.48902893066406, 1.0], [173.4101104736328, 152.14578247070312, 1.0], [164.13929748535156, 188.40769958496094, 1.0], [243.54202270507812, 199.0625457763672, 1.0], [237.20204162597656, 192.3866729736328, 1.0], [238.09332275390625, 187.7205047607422, 1.0], [154.47598266601562, 217.6466064453125, 1.0], [226.29595947265625, 239.439208984375, 1.0], [207.971923828125, 227.47988891601562, 1.0], [190.26211547851562, 215.9462127685547, 1.0], [135.73683166503906, 242.8738250732422, 1.0], [180.0074005126953, 268.7490539550781, 1.0], [181.4561309814453, 255.5503387451172, 1.0], [183.73171997070312, 240.0377655029297, 1.0]], "is_left": 0}