{"hand_pts": [[303.7687683105469, 217.97128295898438, 1.0], [233.27919006347656, 212.54246520996094, 1.0], [169.61892700195312, 224.99407958984375, 1.0], [115.66754150390625, 223.60643005371094, 1.0], [105.40198516845703, 192.38754272460938, 1.0], [187.16729736328125, 233.2461700439453, 1.0], [127.78902435302734, 206.91371154785156, 1.0], [143.9531707763672, 180.60215759277344, 1.0], [175.38284301757812, 166.60910034179688, 1.0], [218.79910278320312, 218.59852600097656, 1.0], [152.73452758789062, 232.43788146972656, 1.0], [112.05730438232422, 207.60873413085938, 1.0], [107.9275894165039, 174.56324768066406, 1.0], [244.72860717773438, 201.69667053222656, 1.0], [192.77536010742188, 151.811279296875, 1.0], [189.80462646484375, 130.4725341796875, 1.0], [205.47198486328125, 128.80221557617188, 1.0], [273.6343994140625, 184.20619201660156, 1.0], [256.21087646484375, 141.8997802734375, 1.0], [248.7803497314453, 126.82393646240234, 1.0], [242.24891662597656, 119.42974090576172, 1.0]], "is_left": 0}