{"hand_pts": [[193.5086212158203, 118.19087219238281, 1.0], [152.78280639648438, 101.16694641113281, 1.0], [100.1243896484375, 79.60786437988281, 1.0], [97.19060516357422, 83.7650146484375, 1.0], [120.40673065185547, 100.19861602783203, 1.0], [125.41871643066406, 181.12217712402344, 1.0], [110.45489501953125, 184.84352111816406, 1.0], [126.55835723876953, 158.11607360839844, 1.0], [146.11622619628906, 130.4424285888672, 1.0], [170.84657287597656, 202.2173309326172, 1.0], [163.08995056152344, 246.1219482421875, 1.0], [168.94091796875, 244.8426971435547, 1.0], [178.6842498779297, 229.22634887695312, 1.0], [209.9026336669922, 210.77757263183594, 1.0], [232.4901123046875, 238.1086883544922, 1.0], [250.33473205566406, 228.34303283691406, 1.0], [266.59600830078125, 204.8465118408203, 1.0], [247.48541259765625, 210.96774291992188, 1.0], [272.6427917480469, 224.5181121826172, 1.0], [285.6058349609375, 206.04843139648438, 1.0], [285.56884765625, 168.55479431152344, 1.0]], "is_left": 0}