{"hand_pts": [[214.83843994140625, 162.2420196533203, 1.0], [256.25146484375, 196.8470001220703, 1.0], [288.0488586425781, 231.79244995117188, 1.0], [283.5321350097656, 230.8208770751953, 1.0], [264.82647705078125, 215.05084228515625, 1.0], [191.2267608642578, 222.3302001953125, 1.0], [216.03976440429688, 225.69532775878906, 1.0], [236.89273071289062, 223.1089630126953, 1.0], [265.2380065917969, 212.6448974609375, 1.0], [158.6226348876953, 187.80287170410156, 1.0], [122.50175476074219, 205.56521606445312, 1.0], [143.0548095703125, 201.3643341064453, 1.0], [177.19419860839844, 192.0343475341797, 1.0], [140.64297485351562, 157.07431030273438, 1.0], [128.3679656982422, 163.58717346191406, 1.0], [152.47900390625, 159.104248046875, 1.0], [187.48684692382812, 152.49546813964844, 1.0], [130.1128387451172, 126.32035064697266, 1.0], [104.25299072265625, 119.7046127319336, 1.0], [122.60820007324219, 116.71168518066406, 1.0], [157.03237915039062, 117.24626159667969, 1.0]], "is_left": 0}