{"hand_pts": [[214.67630004882812, 83.02430725097656, 1.0], [171.98828125, 119.74462890625, 1.0], [137.97325134277344, 150.18017578125, 1.0], [115.9256591796875, 183.00723266601562, 1.0], [131.1702880859375, 190.22811889648438, 1.0], [187.87661743164062, 202.90133666992188, 1.0], [185.0695343017578, 262.7825622558594, 1.0], [181.39404296875, 302.71435546875, 1.0], [160.9610137939453, 302.7841491699219, 1.0], [214.21572875976562, 191.1326904296875, 1.0], [177.2123565673828, 193.5425262451172, 1.0], [151.1938934326172, 162.35227966308594, 1.0], [152.47984313964844, 133.8230438232422, 1.0], [231.02577209472656, 175.8976593017578, 1.0], [210.96688842773438, 194.75267028808594, 1.0], [189.5344696044922, 162.57907104492188, 1.0], [197.6925811767578, 152.26966857910156, 1.0], [244.71792602539062, 153.35911560058594, 1.0], [235.78135681152344, 153.51284790039062, 1.0], [221.5790252685547, 145.3997802734375, 1.0], [196.76675415039062, 126.1763687133789, 1.0]], "is_left": 0}