{"hand_pts": [[108.947509765625, 238.2524871826172, 1.0], [119.77698516845703, 173.33607482910156, 1.0], [120.65910339355469, 116.2196273803711, 1.0], [124.09779357910156, 93.30786895751953, 1.0], [128.56326293945312, 99.52355194091797, 1.0], [204.80819702148438, 175.75738525390625, 1.0], [230.4010009765625, 144.901123046875, 1.0], [230.43972778320312, 124.1630630493164, 1.0], [228.29908752441406, 105.5258560180664, 1.0], [196.10694885253906, 217.85987854003906, 1.0], [236.81430053710938, 189.9320526123047, 1.0], [250.52197265625, 167.17965698242188, 1.0], [252.987060546875, 142.58782958984375, 1.0], [180.417236328125, 248.06851196289062, 1.0], [186.86492919921875, 220.29368591308594, 1.0], [155.50521850585938, 195.8025665283203, 1.0], [121.70077514648438, 172.42831420898438, 1.0], [158.34402465820312, 275.4424743652344, 1.0], [169.4600372314453, 281.3075866699219, 1.0], [170.39041137695312, 279.0380554199219, 1.0], [160.6351318359375, 263.5278015136719, 1.0]], "is_left": 0}