{"hand_pts": [[99.52159881591797, 91.24871063232422, 1.0], [99.30233764648438, 106.48188781738281, 1.0], [106.70311737060547, 75.44737243652344, 1.0], [137.40969848632812, 86.91130065917969, 1.0], [162.90237426757812, 132.97779846191406, 1.0], [184.10821533203125, 112.1137466430664, 1.0], [167.84820556640625, 171.9235382080078, 1.0], [142.2968292236328, 208.38255310058594, 1.0], [107.33193969726562, 231.1546630859375, 1.0], [202.98558044433594, 135.17074584960938, 1.0], [192.33619689941406, 219.03024291992188, 1.0], [155.57069396972656, 255.2010498046875, 1.0], [110.78382110595703, 262.6094055175781, 1.0], [211.1511688232422, 157.75991821289062, 1.0], [278.54278564453125, 186.92942810058594, 1.0], [281.7120666503906, 224.82684326171875, 1.0], [276.72088623046875, 260.98406982421875, 1.0], [210.54258728027344, 177.60882568359375, 1.0], [234.64093017578125, 226.6583709716797, 1.0], [203.32884216308594, 240.90496826171875, 1.0], [167.1402130126953, 225.59078979492188, 1.0]], "is_left": 0}