{"hand_pts": [[15.975144386291504, 217.6854705810547, 1.0], [81.336669921875, 217.2909393310547, 1.0], [106.2494125366211, 216.74307250976562, 1.0], [147.87245178222656, 175.1449432373047, 1.0], [184.09954833984375, 134.60150146484375, 1.0], [189.6018524169922, 270.9532775878906, 1.0], [222.09176635742188, 216.1982879638672, 1.0], [181.81790161132812, 184.63108825683594, 1.0], [137.3061065673828, 160.1788330078125, 1.0], [186.09556579589844, 255.56625366210938, 1.0], [226.92626953125, 187.66712951660156, 1.0], [173.2234344482422, 171.02090454101562, 1.0], [120.76665496826172, 158.2446746826172, 1.0], [179.78192138671875, 236.16275024414062, 1.0], [236.7811737060547, 182.65989685058594, 1.0], [256.3503723144531, 144.52175903320312, 1.0], [220.97280883789062, 120.67830657958984, 1.0], [163.9519805908203, 214.03143310546875, 1.0], [201.9735565185547, 178.99879455566406, 1.0], [225.23983764648438, 151.68719482421875, 1.0], [207.70526123046875, 128.6925048828125, 1.0]], "is_left": 0}