{"hand_pts": [[181.96092224121094, 241.95570373535156, 1.0], [139.4606475830078, 200.83750915527344, 1.0], [83.80220031738281, 177.97425842285156, 1.0], [88.29652404785156, 140.44845581054688, 1.0], [136.78843688964844, 127.54412078857422, 1.0], [132.4620819091797, 235.8551483154297, 1.0], [134.177490234375, 187.80599975585938, 1.0], [145.64613342285156, 153.32972717285156, 1.0], [156.1544189453125, 145.25775146484375, 1.0], [174.97183227539062, 248.74713134765625, 1.0], [190.47532653808594, 191.4646759033203, 1.0], [191.1106719970703, 153.77517700195312, 1.0], [182.35032653808594, 151.45462036132812, 1.0], [209.44589233398438, 251.47422790527344, 1.0], [237.16989135742188, 200.9837188720703, 1.0], [235.80859375, 166.98765563964844, 1.0], [219.34103393554688, 164.6956329345703, 1.0], [241.3600311279297, 250.8323974609375, 1.0], [270.984619140625, 215.61419677734375, 1.0], [266.1048889160156, 186.46177673339844, 1.0], [240.04981994628906, 187.15866088867188, 1.0]], "is_left": 0}