{"hand_pts": [[71.13943481445312, 267.3651428222656, 1.0], [132.404296875, 268.0696716308594, 1.0], [177.0294647216797, 292.0064697265625, 1.0], [222.7151336669922, 279.76953125, 1.0], [214.65313720703125, 251.87640380859375, 1.0], [154.88723754882812, 207.3510284423828, 1.0], [217.78936767578125, 200.0284423828125, 1.0], [220.63388061523438, 222.42044067382812, 1.0], [198.4795684814453, 243.10037231445312, 1.0], [139.81417846679688, 187.12037658691406, 1.0], [180.71688842773438, 139.01251220703125, 1.0], [221.16566467285156, 149.23268127441406, 1.0], [254.9594268798828, 164.56570434570312, 1.0], [131.1147003173828, 174.98214721679688, 1.0], [169.26991271972656, 123.42528533935547, 1.0], [200.9357452392578, 139.59796142578125, 1.0], [232.87493896484375, 154.639892578125, 1.0], [120.58247375488281, 169.71347045898438, 1.0], [142.28359985351562, 132.98333740234375, 1.0], [160.80343627929688, 108.74690246582031, 1.0], [181.70066833496094, 83.73625183105469, 1.0]], "is_left": 0}