{"hand_pts": [[29.357954025268555, 223.9359893798828, 1.0], [98.88440704345703, 243.7737274169922, 1.0], [150.35382080078125, 268.2867126464844, 1.0], [197.0310821533203, 272.90594482421875, 1.0], [222.13636779785156, 264.44622802734375, 1.0], [172.58619689941406, 172.74159240722656, 1.0], [233.66493225097656, 171.586181640625, 1.0], [253.75067138671875, 191.99229431152344, 1.0], [260.5545959472656, 218.1887969970703, 1.0], [151.4617919921875, 147.9740753173828, 1.0], [221.32164001464844, 144.49449157714844, 1.0], [226.99868774414062, 185.1825408935547, 1.0], [217.5794219970703, 228.4949951171875, 1.0], [132.8152313232422, 135.32655334472656, 1.0], [195.7312469482422, 110.80317687988281, 1.0], [218.07057189941406, 132.02008056640625, 1.0], [220.4584197998047, 170.8099822998047, 1.0], [108.37882995605469, 130.58474731445312, 1.0], [130.91664123535156, 138.3187255859375, 1.0], [126.59664916992188, 172.78257751464844, 1.0], [110.03407287597656, 207.13351440429688, 1.0]], "is_left": 0}