{"hand_pts": [[221.15380859375, 78.57659149169922, 1.0], [219.97120666503906, 134.01693725585938, 1.0], [232.13873291015625, 179.99374389648438, 1.0], [229.94775390625, 223.88995361328125, 1.0], [219.98121643066406, 263.2503662109375, 1.0], [229.58660888671875, 170.2822723388672, 1.0], [230.3968048095703, 222.26039123535156, 1.0], [208.9878692626953, 256.83184814453125, 1.0], [184.95411682128906, 288.56268310546875, 1.0], [212.52000427246094, 145.44033813476562, 1.0], [169.55816650390625, 193.20306396484375, 1.0], [153.97877502441406, 198.3751678466797, 1.0], [153.95181274414062, 186.2684783935547, 1.0], [195.78582763671875, 126.89277648925781, 1.0], [156.69842529296875, 163.15049743652344, 1.0], [137.88397216796875, 178.38999938964844, 1.0], [129.83262634277344, 185.24606323242188, 1.0], [180.49720764160156, 106.84370422363281, 1.0], [156.66534423828125, 122.19322967529297, 1.0], [139.4432830810547, 146.1165008544922, 1.0], [132.7920379638672, 166.39474487304688, 1.0]], "is_left": 0}