{"hand_pts": [[319.23077392578125, 279.4188537597656, 1.0], [253.79408264160156, 267.67974853515625, 1.0], [201.62303161621094, 259.0797424316406, 1.0], [156.77212524414062, 234.66241455078125, 1.0], [134.76846313476562, 195.20016479492188, 1.0], [193.08148193359375, 251.15980529785156, 1.0], [133.7700653076172, 234.798828125, 1.0], [112.26888275146484, 199.9857635498047, 1.0], [105.56749725341797, 165.3670654296875, 1.0], [220.37730407714844, 228.6081085205078, 1.0], [161.6160125732422, 174.57330322265625, 1.0], [144.79293823242188, 144.22189331054688, 1.0], [144.0537567138672, 125.51515197753906, 1.0], [244.09242248535156, 208.0636444091797, 1.0], [188.8688507080078, 160.75523376464844, 1.0], [168.2345733642578, 129.63079833984375, 1.0], [151.33026123046875, 101.59823608398438, 1.0], [271.90496826171875, 191.1904754638672, 1.0], [249.1025390625, 149.19403076171875, 1.0], [230.4845733642578, 120.26148986816406, 1.0], [219.6727294921875, 112.30529022216797, 1.0]], "is_left": 0}