{"hand_pts": [[177.7220001220703, 146.058349609375, 1.0], [134.19989013671875, 119.38810729980469, 1.0], [85.20166015625, 91.87060546875, 1.0], [61.283599853515625, 103.63678741455078, 1.0], [64.23467254638672, 140.30874633789062, 1.0], [197.50596618652344, 125.18073272705078, 1.0], [185.52474975585938, 130.954833984375, 1.0], [160.2465362548828, 144.36831665039062, 1.0], [130.18380737304688, 161.4933319091797, 1.0], [223.2027587890625, 167.4305419921875, 1.0], [232.8968048095703, 174.88951110839844, 1.0], [201.11990356445312, 186.9217987060547, 1.0], [159.23870849609375, 198.45660400390625, 1.0], [235.15069580078125, 202.75218200683594, 1.0], [247.64527893066406, 222.2153778076172, 1.0], [223.29331970214844, 235.89779663085938, 1.0], [192.92881774902344, 247.91134643554688, 1.0], [240.72650146484375, 234.86428833007812, 1.0], [247.7746124267578, 258.19842529296875, 1.0], [226.5040283203125, 269.6640930175781, 1.0], [194.1928253173828, 275.494873046875, 1.0]], "is_left": 0}