{"hand_pts": [[150.1498565673828, 263.52484130859375, 1.0], [147.30967712402344, 253.85508728027344, 1.0], [180.92535400390625, 271.9240417480469, 1.0], [187.4379425048828, 245.45956420898438, 1.0], [173.50534057617188, 210.2578582763672, 1.0], [230.4466552734375, 224.6837615966797, 1.0], [274.2854919433594, 211.95326232910156, 1.0], [289.8359680175781, 197.5073699951172, 1.0], [269.6201477050781, 175.90650939941406, 1.0], [229.03372192382812, 206.935791015625, 1.0], [192.07974243164062, 159.20448303222656, 1.0], [152.3056640625, 134.52317810058594, 1.0], [102.38166046142578, 122.86007690429688, 1.0], [218.77989196777344, 192.54055786132812, 1.0], [160.20361328125, 161.3362579345703, 1.0], [113.88436126708984, 161.45510864257812, 1.0], [86.29444122314453, 179.6008758544922, 1.0], [201.9118194580078, 182.39532470703125, 1.0], [175.11045837402344, 150.7369842529297, 1.0], [148.70257568359375, 131.24539184570312, 1.0], [110.55175018310547, 122.25360107421875, 1.0]], "is_left": 0}