{"hand_pts": [[146.91510009765625, 143.6510467529297, 1.0], [219.62893676757812, 192.4676513671875, 1.0], [238.2356719970703, 249.22714233398438, 1.0], [251.02618408203125, 259.99322509765625, 1.0], [248.59811401367188, 229.66506958007812, 1.0], [152.18698120117188, 238.82215881347656, 1.0], [120.26628875732422, 260.1651611328125, 1.0], [143.11924743652344, 253.8568878173828, 1.0], [185.0237274169922, 236.30355834960938, 1.0], [113.4420394897461, 201.1837158203125, 1.0], [192.77491760253906, 203.67002868652344, 1.0], [251.61239624023438, 184.19883728027344, 1.0], [262.616455078125, 170.44021606445312, 1.0], [93.93435668945312, 167.10646057128906, 1.0], [177.80372619628906, 145.43820190429688, 1.0], [207.09193420410156, 134.0414581298828, 1.0], [224.78579711914062, 126.65780639648438, 1.0], [82.00614929199219, 131.3904266357422, 1.0], [128.14639282226562, 103.18092346191406, 1.0], [176.33245849609375, 90.10299682617188, 1.0], [217.28709411621094, 86.87287139892578, 1.0]], "is_left": 0}