{"hand_pts": [[36.71474838256836, 120.44686126708984, 1.0], [119.14836883544922, 136.5129852294922, 1.0], [169.7401580810547, 146.28419494628906, 1.0], [228.1256866455078, 145.45982360839844, 1.0], [230.37782287597656, 137.80828857421875, 1.0], [161.48912048339844, 230.19337463378906, 1.0], [233.41343688964844, 238.2226104736328, 1.0], [255.2853240966797, 203.51214599609375, 1.0], [229.58665466308594, 168.58151245117188, 1.0], [140.62437438964844, 232.93115234375, 1.0], [225.17674255371094, 228.0204315185547, 1.0], [223.36325073242188, 180.23731994628906, 1.0], [191.2232208251953, 147.93287658691406, 1.0], [127.33663940429688, 227.49256896972656, 1.0], [194.2704620361328, 202.90274047851562, 1.0], [185.3646240234375, 161.9696502685547, 1.0], [149.12310791015625, 157.20132446289062, 1.0], [111.02117156982422, 213.96588134765625, 1.0], [153.18435668945312, 204.27462768554688, 1.0], [166.0864715576172, 172.12705993652344, 1.0], [146.47010803222656, 155.40977478027344, 1.0]], "is_left": 0}