{"hand_pts": [[186.8118438720703, 313.39178466796875, 1.0], [146.2264404296875, 293.4538269042969, 1.0], [113.34590911865234, 298.1299133300781, 1.0], [86.17305755615234, 265.97210693359375, 1.0], [66.6754150390625, 228.92208862304688, 1.0], [212.5914306640625, 237.22161865234375, 1.0], [219.08090209960938, 198.61180114746094, 1.0], [198.14451599121094, 170.22320556640625, 1.0], [169.1207275390625, 144.70068359375, 1.0], [236.44943237304688, 217.1636199951172, 1.0], [240.0820770263672, 158.72779846191406, 1.0], [213.65406799316406, 127.10304260253906, 1.0], [176.0312957763672, 104.31340789794922, 1.0], [245.76075744628906, 202.46463012695312, 1.0], [215.28614807128906, 148.71974182128906, 1.0], [177.03424072265625, 129.05743408203125, 1.0], [129.9213409423828, 128.49948120117188, 1.0], [247.95919799804688, 194.99427795410156, 1.0], [225.35263061523438, 155.7440643310547, 1.0], [188.54782104492188, 146.6373291015625, 1.0], [146.2866668701172, 152.96376037597656, 1.0]], "is_left": 0}