{"hand_pts": [[103.74755859375, 86.2664566040039, 1.0], [91.30325317382812, 139.50967407226562, 1.0], [75.09530639648438, 190.57778930664062, 1.0], [87.63453674316406, 220.58682250976562, 1.0], [114.52238464355469, 231.84942626953125, 1.0], [179.14439392089844, 182.6899871826172, 1.0], [219.8083038330078, 227.47137451171875, 1.0], [235.65966796875, 253.04736328125, 1.0], [249.13629150390625, 276.01055908203125, 1.0], [193.65582275390625, 152.47483825683594, 1.0], [226.28897094726562, 201.65625, 1.0], [228.75228881835938, 230.61215209960938, 1.0], [227.34788513183594, 257.24786376953125, 1.0], [196.0660858154297, 126.70503234863281, 1.0], [209.7517852783203, 162.5224609375, 1.0], [177.81817626953125, 174.18910217285156, 1.0], [143.77000427246094, 184.73825073242188, 1.0], [190.0134735107422, 98.92747497558594, 1.0], [203.39674377441406, 112.0447769165039, 1.0], [200.58680725097656, 121.98634338378906, 1.0], [178.84483337402344, 134.4688720703125, 1.0]], "is_left": 0}