{"hand_pts": [[258.3683166503906, 287.44036865234375, 1.0], [271.9393005371094, 245.7108612060547, 1.0], [292.3161315917969, 221.70436096191406, 1.0], [279.18408203125, 191.4896697998047, 1.0], [245.8151092529297, 177.7992706298828, 1.0], [218.4696502685547, 192.0005645751953, 1.0], [210.29405212402344, 155.7783203125, 1.0], [219.03146362304688, 158.11856079101562, 1.0], [230.36309814453125, 177.48289489746094, 1.0], [183.41600036621094, 200.0706024169922, 1.0], [135.69125366210938, 153.3366241455078, 1.0], [114.19121551513672, 125.96531677246094, 1.0], [97.8324203491211, 101.79630279541016, 1.0], [158.13665771484375, 208.2040557861328, 1.0], [131.16880798339844, 171.1448974609375, 1.0], [149.72866821289062, 177.86758422851562, 1.0], [176.95323181152344, 194.93516540527344, 1.0], [140.20530700683594, 221.3501739501953, 1.0], [122.35749053955078, 201.32472229003906, 1.0], [144.10435485839844, 209.08740234375, 1.0], [174.13768005371094, 227.09823608398438, 1.0]], "is_left": 0}