{"hand_pts": [[81.50631713867188, 183.05087280273438, 1.0], [155.2879638671875, 161.8432159423828, 1.0], [226.23719787597656, 165.41567993164062, 1.0], [250.51976013183594, 156.83056640625, 1.0], [245.04888916015625, 146.85716247558594, 1.0], [208.21978759765625, 215.74044799804688, 1.0], [248.31253051757812, 243.11431884765625, 1.0], [249.9741973876953, 206.8707275390625, 1.0], [234.12022399902344, 164.72227478027344, 1.0], [166.3816680908203, 217.81658935546875, 1.0], [211.9097442626953, 227.13778686523438, 1.0], [219.59205627441406, 180.39584350585938, 1.0], [217.3343963623047, 134.17681884765625, 1.0], [131.26475524902344, 211.39373779296875, 1.0], [160.6077423095703, 229.08761596679688, 1.0], [164.64024353027344, 186.20925903320312, 1.0], [170.78207397460938, 144.8420867919922, 1.0], [93.96707916259766, 200.74472045898438, 1.0], [101.360595703125, 161.41461181640625, 1.0], [99.04004669189453, 138.91058349609375, 1.0], [94.81694793701172, 164.55615234375, 1.0]], "is_left": 0}