{"hand_pts": [[69.83197021484375, 119.8941421508789, 1.0], [87.4664306640625, 92.82109832763672, 1.0], [101.65538787841797, 67.39290618896484, 1.0], [131.21238708496094, 60.85276412963867, 1.0], [166.55296325683594, 64.5979995727539, 1.0], [119.58368682861328, 160.4445037841797, 1.0], [146.0636749267578, 181.76124572753906, 1.0], [173.85235595703125, 186.3557586669922, 1.0], [199.39041137695312, 195.4117889404297, 1.0], [143.19650268554688, 184.59353637695312, 1.0], [180.40487670898438, 220.85986328125, 1.0], [213.65614318847656, 226.06192016601562, 1.0], [245.83544921875, 231.0601348876953, 1.0], [163.41810607910156, 195.75079345703125, 1.0], [208.7953643798828, 233.1934356689453, 1.0], [244.35015869140625, 234.46121215820312, 1.0], [280.274169921875, 232.11573791503906, 1.0], [177.96327209472656, 199.31202697753906, 1.0], [218.18966674804688, 222.21347045898438, 1.0], [249.60626220703125, 227.35345458984375, 1.0], [282.5547790527344, 225.2936248779297, 1.0]], "is_left": 0}