{"hand_pts": [[192.11814880371094, 352.3189392089844, 1.0], [189.8917694091797, 291.17510986328125, 1.0], [235.440185546875, 261.65283203125, 1.0], [258.7623291015625, 210.78515625, 1.0], [278.159423828125, 162.3719024658203, 1.0], [229.64486694335938, 205.01539611816406, 1.0], [204.94393920898438, 138.27218627929688, 1.0], [163.76971435546875, 139.88441467285156, 1.0], [128.10971069335938, 158.66053771972656, 1.0], [215.13720703125, 211.8680877685547, 1.0], [201.13064575195312, 129.420654296875, 1.0], [164.89730834960938, 110.10639953613281, 1.0], [141.19712829589844, 145.88998413085938, 1.0], [197.4354248046875, 219.58921813964844, 1.0], [219.3386688232422, 148.74273681640625, 1.0], [190.55043029785156, 121.44945526123047, 1.0], [161.34620666503906, 132.72821044921875, 1.0], [177.90000915527344, 234.99371337890625, 1.0], [128.15701293945312, 219.34725952148438, 1.0], [95.44419860839844, 227.3007354736328, 1.0], [63.446102142333984, 238.1032257080078, 1.0]], "is_left": 0}