{"hand_pts": [[146.487548828125, 214.8083953857422, 1.0], [157.74642944335938, 245.67442321777344, 1.0], [174.01959228515625, 290.5651550292969, 1.0], [145.98695373535156, 278.3486328125, 1.0], [119.67411804199219, 236.1243896484375, 1.0], [263.40478515625, 220.16702270507812, 1.0], [236.521484375, 207.3587646484375, 1.0], [185.2969512939453, 206.87353515625, 1.0], [151.45716857910156, 211.91665649414062, 1.0], [261.1014404296875, 179.53138732910156, 1.0], [209.4945831298828, 162.83883666992188, 1.0], [162.8950653076172, 180.4561004638672, 1.0], [167.98422241210938, 198.65081787109375, 1.0], [249.07736206054688, 149.02464294433594, 1.0], [205.8759765625, 123.04449462890625, 1.0], [157.9906005859375, 137.3994140625, 1.0], [148.8347625732422, 161.79832458496094, 1.0], [228.17727661132812, 124.00128173828125, 1.0], [185.8306121826172, 99.93988037109375, 1.0], [153.4925537109375, 119.74382019042969, 1.0], [177.1922149658203, 142.7356719970703, 1.0]], "is_left": 0}