{"hand_pts": [[76.95518493652344, 88.46837615966797, 1.0], [88.93355560302734, 165.52403259277344, 1.0], [80.69052124023438, 224.66192626953125, 1.0], [91.9072265625, 257.79443359375, 1.0], [113.413330078125, 261.634521484375, 1.0], [190.64097595214844, 196.95774841308594, 1.0], [213.33712768554688, 241.07398986816406, 1.0], [201.37831115722656, 259.47210693359375, 1.0], [175.55821228027344, 266.2178649902344, 1.0], [202.1386260986328, 151.25949096679688, 1.0], [236.51568603515625, 195.35989379882812, 1.0], [217.44029235839844, 217.8756866455078, 1.0], [188.1125946044922, 234.6846160888672, 1.0], [203.3348388671875, 115.22543334960938, 1.0], [236.75880432128906, 140.8061981201172, 1.0], [218.12379455566406, 155.7158203125, 1.0], [178.76348876953125, 165.12400817871094, 1.0], [194.687255859375, 78.93391418457031, 1.0], [220.3721466064453, 91.54608917236328, 1.0], [209.52902221679688, 107.8550033569336, 1.0], [179.65982055664062, 125.62629699707031, 1.0]], "is_left": 0}