{"hand_pts": [[36.346435546875, 142.345458984375, 1.0], [114.51683807373047, 119.67923736572266, 1.0], [179.80580139160156, 82.9662857055664, 1.0], [229.61099243164062, 82.91291046142578, 1.0], [233.21885681152344, 110.61874389648438, 1.0], [177.783447265625, 191.8141632080078, 1.0], [240.70333862304688, 190.35142517089844, 1.0], [250.10321044921875, 165.0388946533203, 1.0], [234.9274139404297, 137.8059844970703, 1.0], [149.1284637451172, 221.21194458007812, 1.0], [215.5054168701172, 229.7392578125, 1.0], [227.4384765625, 192.89801025390625, 1.0], [215.461181640625, 151.92727661132812, 1.0], [126.63034057617188, 237.1043243408203, 1.0], [179.0838165283203, 249.13868713378906, 1.0], [188.0849151611328, 216.0347442626953, 1.0], [177.54598999023438, 176.60179138183594, 1.0], [100.5536880493164, 244.51522827148438, 1.0], [125.57463836669922, 253.29180908203125, 1.0], [136.84112548828125, 226.28729248046875, 1.0], [135.68490600585938, 188.08103942871094, 1.0]], "is_left": 0}