{"hand_pts": [[144.68772888183594, 295.7194519042969, 1.0], [200.63290405273438, 286.0961608886719, 1.0], [250.66162109375, 304.0781555175781, 1.0], [285.84710693359375, 296.34527587890625, 1.0], [271.1494140625, 268.58203125, 1.0], [185.9060821533203, 224.3129425048828, 1.0], [190.5707244873047, 183.35887145996094, 1.0], [198.57778930664062, 157.4123077392578, 1.0], [220.89633178710938, 147.21316528320312, 1.0], [156.6599578857422, 205.0367431640625, 1.0], [162.8906707763672, 152.1214141845703, 1.0], [180.84469604492188, 125.86013793945312, 1.0], [196.46238708496094, 100.63904571533203, 1.0], [137.55093383789062, 192.55862426757812, 1.0], [132.65110778808594, 142.5153045654297, 1.0], [156.5567626953125, 125.1666488647461, 1.0], [186.0127716064453, 116.53016662597656, 1.0], [120.74559020996094, 187.1629180908203, 1.0], [125.39551544189453, 150.95030212402344, 1.0], [154.716796875, 150.75177001953125, 1.0], [171.1398162841797, 179.10812377929688, 1.0]], "is_left": 0}