{"hand_pts": [[294.6661071777344, 194.94740295410156, 1.0], [225.9779052734375, 201.4951934814453, 1.0], [170.86610412597656, 211.60435485839844, 1.0], [131.49244689941406, 205.1655731201172, 1.0], [114.09548950195312, 189.3111114501953, 1.0], [202.99072265625, 231.16802978515625, 1.0], [154.14096069335938, 222.2731170654297, 1.0], [123.37060546875, 203.6876220703125, 1.0], [94.4072494506836, 185.612060546875, 1.0], [234.55039978027344, 211.47512817382812, 1.0], [185.8803253173828, 212.25132751464844, 1.0], [149.96295166015625, 188.89794921875, 1.0], [119.97364807128906, 164.05496215820312, 1.0], [257.49267578125, 190.82650756835938, 1.0], [214.4685821533203, 181.6429901123047, 1.0], [182.7500457763672, 161.16017150878906, 1.0], [152.78175354003906, 139.6893768310547, 1.0], [280.93353271484375, 169.2914276123047, 1.0], [255.5733184814453, 147.12533569335938, 1.0], [231.7017059326172, 127.2978744506836, 1.0], [205.9640350341797, 108.722412109375, 1.0]], "is_left": 0}