{"hand_pts": [[237.2589874267578, 196.85353088378906, 1.0], [206.94537353515625, 157.13992309570312, 1.0], [188.68141174316406, 108.74118041992188, 1.0], [175.6077880859375, 71.15744018554688, 1.0], [176.87977600097656, 67.3089828491211, 1.0], [154.95521545410156, 189.5154571533203, 1.0], [133.81390380859375, 158.8992919921875, 1.0], [149.25511169433594, 135.31109619140625, 1.0], [175.0961456298828, 139.29017639160156, 1.0], [172.8634033203125, 220.72535705566406, 1.0], [180.42572021484375, 177.97073364257812, 1.0], [200.2758026123047, 165.18728637695312, 1.0], [214.3447265625, 162.60182189941406, 1.0], [190.64547729492188, 240.6398162841797, 1.0], [171.5822296142578, 259.8904113769531, 1.0], [176.88003540039062, 241.2866668701172, 1.0], [186.24301147460938, 215.91653442382812, 1.0], [211.5541229248047, 255.5750274658203, 1.0], [203.46942138671875, 270.04901123046875, 1.0], [205.78643798828125, 250.32061767578125, 1.0], [210.4090118408203, 221.676513671875, 1.0]], "is_left": 0}