{"hand_pts": [[280.54583740234375, 223.99354553222656, 1.0], [222.53814697265625, 172.3721923828125, 1.0], [162.65235900878906, 134.59796142578125, 1.0], [136.0579071044922, 103.96500396728516, 1.0], [130.34994506835938, 83.93414306640625, 1.0], [153.5909423828125, 218.0753631591797, 1.0], [124.35684967041016, 183.8489990234375, 1.0], [119.23197937011719, 149.46083068847656, 1.0], [125.79467010498047, 110.71310424804688, 1.0], [191.57569885253906, 242.36090087890625, 1.0], [155.7645721435547, 231.10330200195312, 1.0], [156.24099731445312, 184.3633270263672, 1.0], [169.47067260742188, 134.04074096679688, 1.0], [226.20396423339844, 252.95315551757812, 1.0], [192.81600952148438, 240.9815216064453, 1.0], [185.4453887939453, 206.0234832763672, 1.0], [192.09164428710938, 158.69622802734375, 1.0], [264.06787109375, 258.36279296875, 1.0], [269.1741943359375, 235.1337127685547, 1.0], [275.04168701171875, 205.9697265625, 1.0], [280.0775451660156, 167.10633850097656, 1.0]], "is_left": 0}