{"hand_pts": [[324.769775390625, 213.36329650878906, 1.0], [256.0244445800781, 251.2904052734375, 1.0], [200.32571411132812, 264.104736328125, 1.0], [154.1912841796875, 253.71202087402344, 1.0], [159.93150329589844, 233.00596618652344, 1.0], [174.44497680664062, 196.29849243164062, 1.0], [130.66123962402344, 191.6686553955078, 1.0], [142.692138671875, 217.63986206054688, 1.0], [176.94219970703125, 239.03594970703125, 1.0], [203.6063232421875, 165.32481384277344, 1.0], [137.58583068847656, 163.9658203125, 1.0], [111.28787994384766, 184.43527221679688, 1.0], [127.52454376220703, 221.7478790283203, 1.0], [230.60406494140625, 147.54605102539062, 1.0], [170.93218994140625, 113.50724792480469, 1.0], [137.78143310546875, 106.1545639038086, 1.0], [119.35470581054688, 126.73489379882812, 1.0], [263.0443115234375, 136.421630859375, 1.0], [266.508544921875, 143.06748962402344, 1.0], [275.2159423828125, 161.41864013671875, 1.0], [288.25567626953125, 194.82510375976562, 1.0]], "is_left": 0}