{"hand_pts": [[312.6357116699219, 216.41444396972656, 1.0], [260.07977294921875, 228.24136352539062, 1.0], [230.1497039794922, 267.8900451660156, 1.0], [186.47518920898438, 294.3321838378906, 1.0], [144.52142333984375, 310.9220275878906, 1.0], [219.30287170410156, 148.73150634765625, 1.0], [161.27720642089844, 135.98973083496094, 1.0], [124.47101593017578, 151.11016845703125, 1.0], [108.90393829345703, 186.04359436035156, 1.0], [224.2318878173828, 132.1249237060547, 1.0], [165.4245147705078, 175.6890869140625, 1.0], [190.84591674804688, 212.40841674804688, 1.0], [228.97923278808594, 203.548583984375, 1.0], [226.44850158691406, 127.00794982910156, 1.0], [161.88746643066406, 110.86373901367188, 1.0], [125.0340576171875, 127.69795989990234, 1.0], [113.6231460571289, 168.83145141601562, 1.0], [232.65550231933594, 129.8506622314453, 1.0], [196.06283569335938, 157.50692749023438, 1.0], [183.0621795654297, 189.98280334472656, 1.0], [205.54580688476562, 212.0042724609375, 1.0]], "is_left": 0}