{"hand_pts": [[17.13887596130371, 180.84898376464844, 1.0], [73.65233612060547, 218.56590270996094, 1.0], [108.83568572998047, 253.71182250976562, 1.0], [153.60462951660156, 265.9536437988281, 1.0], [196.96328735351562, 270.82794189453125, 1.0], [139.66452026367188, 223.81324768066406, 1.0], [196.4782257080078, 229.63206481933594, 1.0], [231.10374450683594, 223.1399688720703, 1.0], [261.2184753417969, 213.92324829101562, 1.0], [134.00424194335938, 185.4469451904297, 1.0], [204.71493530273438, 180.70216369628906, 1.0], [241.45419311523438, 176.79129028320312, 1.0], [272.15692138671875, 173.1324462890625, 1.0], [128.76370239257812, 154.2941131591797, 1.0], [189.53553771972656, 145.84275817871094, 1.0], [225.8280029296875, 140.67852783203125, 1.0], [257.95928955078125, 136.8026885986328, 1.0], [117.55697631835938, 125.30767822265625, 1.0], [159.9055633544922, 115.32994079589844, 1.0], [186.53512573242188, 114.473876953125, 1.0], [205.44216918945312, 118.7418212890625, 1.0]], "is_left": 0}