{"hand_pts": [[61.72279739379883, 264.3912658691406, 1.0], [98.11053466796875, 199.47718811035156, 1.0], [115.60295104980469, 142.72137451171875, 1.0], [127.61192321777344, 104.08470153808594, 1.0], [128.9770965576172, 101.71902465820312, 1.0], [205.01588439941406, 195.4838104248047, 1.0], [217.14581298828125, 140.331787109375, 1.0], [168.45460510253906, 133.32691955566406, 1.0], [120.25846099853516, 131.23764038085938, 1.0], [197.5431365966797, 227.0027618408203, 1.0], [240.45730590820312, 181.9322509765625, 1.0], [255.91539001464844, 150.59033203125, 1.0], [217.118896484375, 125.24996948242188, 1.0], [183.8195037841797, 248.4314422607422, 1.0], [246.1982421875, 229.79457092285156, 1.0], [272.90948486328125, 212.90023803710938, 1.0], [246.85023498535156, 183.81463623046875, 1.0], [161.42178344726562, 268.633544921875, 1.0], [162.88734436035156, 254.62579345703125, 1.0], [151.789306640625, 238.48272705078125, 1.0], [120.29228973388672, 215.7980194091797, 1.0]], "is_left": 0}