{"hand_pts": [[325.2872009277344, 202.97280883789062, 1.0], [253.77938842773438, 170.42398071289062, 1.0], [199.69960021972656, 128.11048889160156, 1.0], [142.16709899902344, 123.75108337402344, 1.0], [113.5747299194336, 148.37379455566406, 1.0], [227.5592041015625, 127.9372787475586, 1.0], [151.6266326904297, 130.14747619628906, 1.0], [121.21536254882812, 153.92864990234375, 1.0], [122.92378234863281, 182.0176544189453, 1.0], [245.76956176757812, 155.5240478515625, 1.0], [162.245361328125, 177.2165069580078, 1.0], [142.95266723632812, 201.15501403808594, 1.0], [155.0623779296875, 214.39993286132812, 1.0], [256.2876892089844, 181.11416625976562, 1.0], [182.15611267089844, 200.9271240234375, 1.0], [158.99803161621094, 220.41453552246094, 1.0], [177.04827880859375, 222.5557861328125, 1.0], [268.70062255859375, 208.2338104248047, 1.0], [226.3886260986328, 237.24827575683594, 1.0], [200.95437622070312, 255.0421600341797, 1.0], [201.8771209716797, 252.53956604003906, 1.0]], "is_left": 0}