{"hand_pts": [[74.82086181640625, 244.97119140625, 1.0], [87.52163696289062, 245.63931274414062, 1.0], [75.9854965209961, 245.6819305419922, 1.0], [99.85929107666016, 238.25527954101562, 1.0], [140.93104553222656, 227.47471618652344, 1.0], [124.46343994140625, 185.0293731689453, 1.0], [156.52490234375, 170.1409912109375, 1.0], [182.045166015625, 171.78109741210938, 1.0], [208.19439697265625, 178.2829132080078, 1.0], [149.20339965820312, 180.98272705078125, 1.0], [189.31600952148438, 147.0401153564453, 1.0], [217.9809112548828, 154.81890869140625, 1.0], [242.5318603515625, 168.42779541015625, 1.0], [169.48147583007812, 183.90443420410156, 1.0], [220.09255981445312, 166.6234130859375, 1.0], [246.8152313232422, 174.80747985839844, 1.0], [270.75885009765625, 185.5661163330078, 1.0], [184.29949951171875, 192.1734161376953, 1.0], [225.1514892578125, 170.70538330078125, 1.0], [252.7225341796875, 166.56683349609375, 1.0], [279.24072265625, 163.6774139404297, 1.0]], "is_left": 0}