{"hand_pts": [[270.8515930175781, 278.82891845703125, 1.0], [275.35443115234375, 220.9306640625, 1.0], [299.3797607421875, 165.1010284423828, 1.0], [274.5397644042969, 118.88920593261719, 1.0], [235.33895874023438, 85.62443542480469, 1.0], [241.14938354492188, 218.00067138671875, 1.0], [206.40695190429688, 160.00717163085938, 1.0], [191.5573272705078, 129.32518005371094, 1.0], [191.09112548828125, 120.14842987060547, 1.0], [208.85189819335938, 237.47824096679688, 1.0], [170.0762481689453, 189.21820068359375, 1.0], [148.44667053222656, 149.80638122558594, 1.0], [133.8643341064453, 107.59505462646484, 1.0], [183.0006561279297, 248.81947326660156, 1.0], [120.46552276611328, 242.50115966796875, 1.0], [104.89896392822266, 203.0521697998047, 1.0], [130.5227813720703, 183.0469512939453, 1.0], [162.4860076904297, 259.9656066894531, 1.0], [125.65380859375, 224.9208526611328, 1.0], [121.10951232910156, 202.9163818359375, 1.0], [158.4601287841797, 206.53257751464844, 1.0]], "is_left": 0}