{"hand_pts": [[341.0464782714844, 195.3005828857422, 1.0], [273.794189453125, 220.93060302734375, 1.0], [233.57435607910156, 250.81639099121094, 1.0], [182.23590087890625, 244.01394653320312, 1.0], [147.8103485107422, 213.25180053710938, 1.0], [230.06716918945312, 252.0450439453125, 1.0], [165.96974182128906, 245.76571655273438, 1.0], [132.45242309570312, 220.62435913085938, 1.0], [115.53489685058594, 191.5421600341797, 1.0], [242.7117462158203, 217.64669799804688, 1.0], [167.07467651367188, 200.851318359375, 1.0], [131.42532348632812, 176.232177734375, 1.0], [118.7712173461914, 155.68093872070312, 1.0], [250.6195068359375, 185.68338012695312, 1.0], [180.9666290283203, 159.13467407226562, 1.0], [151.853759765625, 136.23207092285156, 1.0], [144.5865020751953, 122.24970245361328, 1.0], [262.50946044921875, 153.64915466308594, 1.0], [218.44979858398438, 124.20186614990234, 1.0], [191.8734588623047, 105.60536193847656, 1.0], [184.55838012695312, 101.50958251953125, 1.0]], "is_left": 0}