{"hand_pts": [[307.89935302734375, 311.1523132324219, 1.0], [232.55838012695312, 282.9990234375, 1.0], [180.60455322265625, 265.94744873046875, 1.0], [136.013671875, 232.17254638671875, 1.0], [98.43562316894531, 191.97830200195312, 1.0], [154.40435791015625, 244.09873962402344, 1.0], [126.7859115600586, 203.7512969970703, 1.0], [141.46578979492188, 195.0033721923828, 1.0], [181.28334045410156, 217.20159912109375, 1.0], [188.6552734375, 221.41822814941406, 1.0], [142.56272888183594, 151.6275634765625, 1.0], [138.3675079345703, 124.21710205078125, 1.0], [155.25689697265625, 121.510498046875, 1.0], [219.3444061279297, 201.15492248535156, 1.0], [162.9931182861328, 134.73435974121094, 1.0], [173.98866271972656, 124.32772064208984, 1.0], [202.39332580566406, 152.68617248535156, 1.0], [255.14895629882812, 186.86839294433594, 1.0], [261.9512939453125, 130.34547424316406, 1.0], [273.0545349121094, 139.61639404296875, 1.0], [274.93048095703125, 179.05897521972656, 1.0]], "is_left": 0}