{"hand_pts": [[192.39328002929688, 51.399654388427734, 1.0], [186.6016845703125, 67.3222885131836, 1.0], [168.9673614501953, 72.93818664550781, 1.0], [166.1162109375, 108.81053161621094, 1.0], [167.55081176757812, 148.4546661376953, 1.0], [138.3685302734375, 144.55621337890625, 1.0], [133.80276489257812, 176.95254516601562, 1.0], [158.75758361816406, 185.56594848632812, 1.0], [186.9463348388672, 192.52407836914062, 1.0], [158.82752990722656, 160.46035766601562, 1.0], [148.05235290527344, 217.9502716064453, 1.0], [160.9352569580078, 243.1156463623047, 1.0], [185.3209686279297, 255.46627807617188, 1.0], [181.5271453857422, 168.75152587890625, 1.0], [196.5469970703125, 221.48460388183594, 1.0], [228.58164978027344, 222.86904907226562, 1.0], [260.7488098144531, 220.1118927001953, 1.0], [206.00914001464844, 168.7362060546875, 1.0], [215.0078125, 210.3881072998047, 1.0], [231.8362274169922, 228.07801818847656, 1.0], [251.57533264160156, 238.13446044921875, 1.0]], "is_left": 0}