{"hand_pts": [[217.55931091308594, 52.786170959472656, 1.0], [157.50897216796875, 88.0566635131836, 1.0], [96.49327087402344, 103.4367904663086, 1.0], [98.14646911621094, 149.5831756591797, 1.0], [145.0437774658203, 163.06698608398438, 1.0], [148.55067443847656, 178.47842407226562, 1.0], [120.23535919189453, 207.94212341308594, 1.0], [115.6375961303711, 194.65982055664062, 1.0], [127.45626068115234, 161.24571228027344, 1.0], [192.5500030517578, 186.86219787597656, 1.0], [184.2024383544922, 232.3400115966797, 1.0], [177.83587646484375, 213.31964111328125, 1.0], [173.01641845703125, 173.5884246826172, 1.0], [226.16102600097656, 189.6304931640625, 1.0], [209.8401336669922, 243.7992401123047, 1.0], [203.5104522705078, 212.56423950195312, 1.0], [200.2812042236328, 174.0294189453125, 1.0], [257.64276123046875, 183.5683135986328, 1.0], [278.276611328125, 198.40505981445312, 1.0], [288.0626525878906, 197.372314453125, 1.0], [287.73272705078125, 181.1546630859375, 1.0]], "is_left": 0}