{"hand_pts": [[179.41172790527344, 343.6145324707031, 1.0], [148.11761474609375, 298.2306213378906, 1.0], [112.69412231445312, 263.6265869140625, 1.0], [100.87277221679688, 218.16195678710938, 1.0], [106.67796325683594, 177.8741455078125, 1.0], [191.15408325195312, 229.33160400390625, 1.0], [204.10824584960938, 174.79281616210938, 1.0], [206.29315185546875, 137.4972686767578, 1.0], [208.49847412109375, 101.34039306640625, 1.0], [208.04498291015625, 231.61627197265625, 1.0], [207.8249969482422, 162.27674865722656, 1.0], [180.16201782226562, 128.88919067382812, 1.0], [160.3916473388672, 93.71907806396484, 1.0], [214.90225219726562, 235.36375427246094, 1.0], [223.28585815429688, 169.97093200683594, 1.0], [198.94094848632812, 140.8673553466797, 1.0], [170.1912384033203, 117.51776885986328, 1.0], [217.20030212402344, 245.542724609375, 1.0], [212.6024169921875, 203.46023559570312, 1.0], [196.35317993164062, 178.33990478515625, 1.0], [170.31358337402344, 157.99855041503906, 1.0]], "is_left": 0}