{"hand_pts": [[274.9516906738281, 287.822265625, 1.0], [212.1212921142578, 288.995361328125, 1.0], [164.55612182617188, 291.2378845214844, 1.0], [148.02513122558594, 251.51548767089844, 1.0], [169.46836853027344, 212.66505432128906, 1.0], [144.5537567138672, 212.1999969482422, 1.0], [121.58872985839844, 213.55859375, 1.0], [133.53912353515625, 231.63502502441406, 1.0], [158.7224884033203, 253.9649200439453, 1.0], [182.34750366210938, 186.63034057617188, 1.0], [142.427734375, 130.9275360107422, 1.0], [122.58296966552734, 106.07418823242188, 1.0], [127.47257232666016, 119.60350036621094, 1.0], [216.33697509765625, 171.72122192382812, 1.0], [200.36962890625, 133.85861206054688, 1.0], [200.91526794433594, 131.376220703125, 1.0], [200.4210968017578, 126.31365203857422, 1.0], [253.5724334716797, 165.64894104003906, 1.0], [263.4813232421875, 148.85804748535156, 1.0], [273.0099792480469, 163.36143493652344, 1.0], [277.03717041015625, 195.3948211669922, 1.0]], "is_left": 0}