{"hand_pts": [[130.46917724609375, 37.31716537475586, 1.0], [116.41506958007812, 96.73678588867188, 1.0], [95.47988891601562, 143.44097900390625, 1.0], [104.7610855102539, 188.39285278320312, 1.0], [135.34841918945312, 220.70265197753906, 1.0], [130.8817138671875, 158.7642364501953, 1.0], [145.63265991210938, 213.797607421875, 1.0], [161.21670532226562, 242.07073974609375, 1.0], [179.0877685546875, 264.1983642578125, 1.0], [163.14280700683594, 139.99752807617188, 1.0], [181.57691955566406, 204.01473999023438, 1.0], [196.2799072265625, 241.43521118164062, 1.0], [210.61558532714844, 271.8038024902344, 1.0], [189.80709838867188, 123.4055404663086, 1.0], [213.7190704345703, 181.05023193359375, 1.0], [229.82315063476562, 209.93734741210938, 1.0], [242.86387634277344, 231.60317993164062, 1.0], [212.97386169433594, 102.00277709960938, 1.0], [246.5064697265625, 132.1899871826172, 1.0], [266.75030517578125, 151.42066955566406, 1.0], [281.43487548828125, 169.33120727539062, 1.0]], "is_left": 0}