{"hand_pts": [[314.6246337890625, 48.539466857910156, 1.0], [277.17230224609375, 102.8544921875, 1.0], [264.9522705078125, 128.89169311523438, 1.0], [241.8642578125, 169.70309448242188, 1.0], [229.03416442871094, 189.58071899414062, 1.0], [167.40260314941406, 155.9134521484375, 1.0], [135.39291381835938, 205.53375244140625, 1.0], [163.96681213378906, 211.60191345214844, 1.0], [202.60313415527344, 197.82464599609375, 1.0], [166.3954315185547, 152.732177734375, 1.0], [113.86841583251953, 207.16036987304688, 1.0], [122.56376647949219, 231.8974609375, 1.0], [155.6070098876953, 233.3104248046875, 1.0], [172.2805633544922, 150.69140625, 1.0], [135.115478515625, 201.92173767089844, 1.0], [140.03109741210938, 224.9845733642578, 1.0], [173.1121826171875, 218.68092346191406, 1.0], [187.3489990234375, 143.8504180908203, 1.0], [191.68006896972656, 168.91537475585938, 1.0], [216.9296112060547, 172.5497589111328, 1.0], [249.39590454101562, 162.970703125, 1.0]], "is_left": 0}