{"hand_pts": [[230.54901123046875, 118.51738739013672, 1.0], [217.50262451171875, 106.1738052368164, 1.0], [214.10159301757812, 74.08831787109375, 1.0], [185.86033630371094, 67.15319061279297, 1.0], [145.45822143554688, 90.52955627441406, 1.0], [245.5474395751953, 167.81932067871094, 1.0], [217.69558715820312, 166.2602996826172, 1.0], [186.42950439453125, 147.26869201660156, 1.0], [152.23709106445312, 130.25439453125, 1.0], [233.6610870361328, 197.71246337890625, 1.0], [193.7104949951172, 222.5447540283203, 1.0], [152.67816162109375, 208.21925354003906, 1.0], [116.0170669555664, 202.48167419433594, 1.0], [218.0523681640625, 217.06167602539062, 1.0], [195.61996459960938, 254.53961181640625, 1.0], [174.3372344970703, 268.5688171386719, 1.0], [144.23171997070312, 244.54046630859375, 1.0], [201.38973999023438, 228.8690948486328, 1.0], [168.960693359375, 250.96636962890625, 1.0], [145.22105407714844, 228.41650390625, 1.0], [159.68101501464844, 201.8420867919922, 1.0]], "is_left": 0}