{"hand_pts": [[251.26712036132812, 19.418737411499023, 1.0], [232.34837341308594, 73.173828125, 1.0], [221.9820098876953, 108.23954772949219, 1.0], [197.6632537841797, 148.1375732421875, 1.0], [169.6361541748047, 183.0255584716797, 1.0], [243.349365234375, 160.10195922851562, 1.0], [226.16415405273438, 218.0579833984375, 1.0], [197.48184204101562, 243.5964813232422, 1.0], [165.8534393310547, 263.02239990234375, 1.0], [229.10726928710938, 148.32534790039062, 1.0], [203.6331024169922, 216.94393920898438, 1.0], [169.96994018554688, 243.52688598632812, 1.0], [135.1680145263672, 259.5888977050781, 1.0], [212.348876953125, 134.66046142578125, 1.0], [181.00074768066406, 196.52667236328125, 1.0], [146.99160766601562, 215.61732482910156, 1.0], [113.01685333251953, 224.4580078125, 1.0], [196.286865234375, 113.55374908447266, 1.0], [165.99383544921875, 149.25498962402344, 1.0], [137.4123992919922, 166.44102478027344, 1.0], [108.68071746826172, 174.7657012939453, 1.0]], "is_left": 0}