{"hand_pts": [[257.1379089355469, 175.8728485107422, 1.0], [199.13180541992188, 139.47341918945312, 1.0], [141.9828643798828, 114.4408187866211, 1.0], [111.21756744384766, 116.0353775024414, 1.0], [132.17393493652344, 148.0463104248047, 1.0], [227.5299072265625, 125.41954803466797, 1.0], [160.7427215576172, 121.5764389038086, 1.0], [113.14949035644531, 124.60011291503906, 1.0], [72.7574691772461, 140.02462768554688, 1.0], [251.21261596679688, 166.2215118408203, 1.0], [208.6146240234375, 167.97064208984375, 1.0], [154.9733428955078, 180.48431396484375, 1.0], [134.438720703125, 186.74037170410156, 1.0], [262.83441162109375, 200.7013702392578, 1.0], [263.1042175292969, 227.27320861816406, 1.0], [217.651611328125, 241.51622009277344, 1.0], [174.6555633544922, 255.98980712890625, 1.0], [271.15655517578125, 233.42855834960938, 1.0], [221.75326538085938, 261.8128662109375, 1.0], [185.6024169921875, 269.0259094238281, 1.0], [151.373779296875, 269.2424011230469, 1.0]], "is_left": 0}