{"hand_pts": [[42.54732131958008, 208.521240234375, 1.0], [93.62464904785156, 229.65528869628906, 1.0], [111.02660369873047, 257.3797302246094, 1.0], [140.0528106689453, 245.48434448242188, 1.0], [160.13995361328125, 215.09739685058594, 1.0], [187.6492462158203, 202.8325958251953, 1.0], [206.89280700683594, 213.89773559570312, 1.0], [214.71836853027344, 221.23109436035156, 1.0], [191.5137939453125, 230.99270629882812, 1.0], [176.83189392089844, 178.08450317382812, 1.0], [252.87527465820312, 163.26722717285156, 1.0], [272.48590087890625, 166.94534301757812, 1.0], [271.85174560546875, 176.35055541992188, 1.0], [163.09933471679688, 160.63951110839844, 1.0], [211.95504760742188, 134.1717987060547, 1.0], [191.74856567382812, 148.71307373046875, 1.0], [163.4481964111328, 168.46066284179688, 1.0], [141.3950958251953, 147.08505249023438, 1.0], [164.63331604003906, 138.9510040283203, 1.0], [172.39083862304688, 139.23660278320312, 1.0], [156.22511291503906, 156.0858154296875, 1.0]], "is_left": 0}