{"hand_pts": [[268.5946350097656, 95.70751953125, 1.0], [271.0484619140625, 165.14622497558594, 1.0], [297.5697937011719, 216.1959991455078, 1.0], [262.7411193847656, 252.20445251464844, 1.0], [218.32601928710938, 233.6484832763672, 1.0], [236.3280487060547, 188.47406005859375, 1.0], [195.96481323242188, 237.30136108398438, 1.0], [193.0006103515625, 238.28216552734375, 1.0], [211.63397216796875, 212.33486938476562, 1.0], [201.1221466064453, 157.40780639648438, 1.0], [144.322509765625, 206.3345184326172, 1.0], [159.102783203125, 206.92782592773438, 1.0], [196.57220458984375, 185.0645294189453, 1.0], [172.78074645996094, 135.10191345214844, 1.0], [109.21527099609375, 172.5685577392578, 1.0], [126.87740325927734, 174.59580993652344, 1.0], [166.91885375976562, 159.50436401367188, 1.0], [150.71600341796875, 112.2737045288086, 1.0], [104.585693359375, 129.51800537109375, 1.0], [118.74241638183594, 139.34043884277344, 1.0], [157.75796508789062, 132.01190185546875, 1.0]], "is_left": 0}