{"hand_pts": [[272.40478515625, 274.4408264160156, 1.0], [232.15760803222656, 275.4051513671875, 1.0], [187.28302001953125, 300.5857238769531, 1.0], [159.9481658935547, 289.2825927734375, 1.0], [158.79559326171875, 253.73960876464844, 1.0], [139.3053436279297, 214.2500457763672, 1.0], [117.99015045166016, 194.84011840820312, 1.0], [144.05810546875, 196.58383178710938, 1.0], [179.15963745117188, 202.73663330078125, 1.0], [154.9887237548828, 183.8236083984375, 1.0], [151.8866729736328, 146.45852661132812, 1.0], [188.2028350830078, 161.02511596679688, 1.0], [225.4889678955078, 184.07106018066406, 1.0], [174.52330017089844, 162.58811950683594, 1.0], [180.55320739746094, 123.2190933227539, 1.0], [211.49539184570312, 133.20693969726562, 1.0], [237.34642028808594, 168.01710510253906, 1.0], [201.26051330566406, 149.247802734375, 1.0], [203.39981079101562, 113.53398895263672, 1.0], [220.66116333007812, 115.01801300048828, 1.0], [240.88626098632812, 129.69488525390625, 1.0]], "is_left": 0}