{"hand_pts": [[146.47940063476562, 271.8290100097656, 1.0], [115.88776397705078, 237.22727966308594, 1.0], [69.2259521484375, 222.66590881347656, 1.0], [60.649559020996094, 209.0454559326172, 1.0], [98.86226654052734, 206.26805114746094, 1.0], [153.6634063720703, 178.9446563720703, 1.0], [178.33999633789062, 142.3262939453125, 1.0], [180.98159790039062, 142.14178466796875, 1.0], [171.36180114746094, 160.767822265625, 1.0], [190.1705322265625, 188.1582794189453, 1.0], [210.10964965820312, 157.5176239013672, 1.0], [201.4337158203125, 158.932373046875, 1.0], [194.4971466064453, 159.1753387451172, 1.0], [215.53675842285156, 198.416748046875, 1.0], [240.88485717773438, 166.27432250976562, 1.0], [222.0927734375, 176.68785095214844, 1.0], [197.3617706298828, 195.5426483154297, 1.0], [234.89581298828125, 213.17669677734375, 1.0], [259.528564453125, 195.13552856445312, 1.0], [251.7388916015625, 192.12852478027344, 1.0], [227.11216735839844, 197.69992065429688, 1.0]], "is_left": 0}