{"hand_pts": [[64.7999496459961, 268.5279846191406, 1.0], [115.76029968261719, 197.7080841064453, 1.0], [158.43092346191406, 152.000244140625, 1.0], [167.4430694580078, 94.25389862060547, 1.0], [137.48880004882812, 111.17298126220703, 1.0], [240.11520385742188, 211.14268493652344, 1.0], [239.46429443359375, 133.34385681152344, 1.0], [181.88853454589844, 133.8152618408203, 1.0], [160.46853637695312, 178.12258911132812, 1.0], [236.32980346679688, 237.5719757080078, 1.0], [238.5421905517578, 155.72430419921875, 1.0], [176.22532653808594, 152.28367614746094, 1.0], [167.55996704101562, 194.33148193359375, 1.0], [226.07192993164062, 251.18148803710938, 1.0], [224.01026916503906, 183.11363220214844, 1.0], [171.14892578125, 178.75152587890625, 1.0], [170.98019409179688, 212.61932373046875, 1.0], [205.1438446044922, 262.47637939453125, 1.0], [189.24700927734375, 225.40927124023438, 1.0], [148.244384765625, 212.6887664794922, 1.0], [153.4080047607422, 236.0947265625, 1.0]], "is_left": 0}