{"hand_pts": [[104.80854797363281, 237.4315643310547, 1.0], [178.73374938964844, 213.67404174804688, 1.0], [256.65447998046875, 213.63768005371094, 1.0], [277.4405212402344, 169.00888061523438, 1.0], [228.9475860595703, 140.4862823486328, 1.0], [220.55276489257812, 249.9701690673828, 1.0], [249.7425079345703, 193.41673278808594, 1.0], [232.46038818359375, 158.91188049316406, 1.0], [202.75201416015625, 158.89056396484375, 1.0], [181.91329956054688, 248.79388427734375, 1.0], [202.9027099609375, 177.0328826904297, 1.0], [191.3673858642578, 147.9688262939453, 1.0], [176.94383239746094, 162.62637329101562, 1.0], [150.72909545898438, 240.9638671875, 1.0], [159.23822021484375, 174.57745361328125, 1.0], [153.2354736328125, 145.3306884765625, 1.0], [149.1109161376953, 159.51824951171875, 1.0], [117.90430450439453, 230.67532348632812, 1.0], [106.49589538574219, 182.3636016845703, 1.0], [107.94004821777344, 158.3277130126953, 1.0], [118.8673095703125, 181.1237030029297, 1.0]], "is_left": 0}