{"hand_pts": [[314.9696044921875, 225.65614318847656, 1.0], [247.32113647460938, 200.03515625, 1.0], [194.30946350097656, 190.1890411376953, 1.0], [147.01329040527344, 184.78700256347656, 1.0], [115.90165710449219, 184.63027954101562, 1.0], [218.27981567382812, 139.35076904296875, 1.0], [165.817138671875, 127.97083282470703, 1.0], [132.34130859375, 143.7355499267578, 1.0], [100.80720520019531, 159.69436645507812, 1.0], [239.09295654296875, 159.75917053222656, 1.0], [192.88111877441406, 141.57827758789062, 1.0], [153.54872131347656, 151.8139190673828, 1.0], [119.55147552490234, 171.39073181152344, 1.0], [252.70010375976562, 181.545166015625, 1.0], [199.769287109375, 190.23301696777344, 1.0], [168.10348510742188, 209.26742553710938, 1.0], [138.98426818847656, 230.2835235595703, 1.0], [268.07122802734375, 206.8275146484375, 1.0], [232.95022583007812, 225.45155334472656, 1.0], [211.6139373779297, 245.22128295898438, 1.0], [208.85934448242188, 257.65081787109375, 1.0]], "is_left": 0}