{"hand_pts": [[69.24024963378906, 260.9852600097656, 1.0], [101.8033447265625, 253.25341796875, 1.0], [91.91000366210938, 242.46823120117188, 1.0], [121.45257568359375, 220.97796630859375, 1.0], [163.30743408203125, 198.97181701660156, 1.0], [119.09120178222656, 154.80564880371094, 1.0], [185.23011779785156, 165.6454620361328, 1.0], [190.9353790283203, 209.50433349609375, 1.0], [187.6896514892578, 248.5757293701172, 1.0], [133.0873260498047, 143.245849609375, 1.0], [208.88174438476562, 161.09202575683594, 1.0], [219.4594268798828, 214.3167724609375, 1.0], [203.49049377441406, 258.4787902832031, 1.0], [148.2420196533203, 142.37330627441406, 1.0], [224.71617126464844, 114.65502166748047, 1.0], [266.9291687011719, 138.2044219970703, 1.0], [269.66900634765625, 184.1036376953125, 1.0], [160.07106018066406, 151.06919860839844, 1.0], [210.42208862304688, 132.5626220703125, 1.0], [229.56312561035156, 164.3041229248047, 1.0], [232.48948669433594, 203.81033325195312, 1.0]], "is_left": 0}