{"hand_pts": [[318.8677673339844, 277.7303771972656, 1.0], [268.9658508300781, 271.8571472167969, 1.0], [253.8208770751953, 263.3827209472656, 1.0], [219.62010192871094, 227.26564025878906, 1.0], [184.27203369140625, 185.820556640625, 1.0], [253.69715881347656, 179.0193634033203, 1.0], [225.44961547851562, 126.6415786743164, 1.0], [170.50827026367188, 121.17189025878906, 1.0], [124.84882354736328, 142.6984100341797, 1.0], [248.07798767089844, 163.27035522460938, 1.0], [159.12135314941406, 152.7982635498047, 1.0], [145.2195587158203, 201.0164337158203, 1.0], [141.36817932128906, 246.30238342285156, 1.0], [238.21726989746094, 157.89981079101562, 1.0], [141.553466796875, 160.95301818847656, 1.0], [136.69700622558594, 203.85557556152344, 1.0], [141.55178833007812, 245.37025451660156, 1.0], [231.32699584960938, 161.8740234375, 1.0], [170.5323028564453, 151.90103149414062, 1.0], [126.24303436279297, 154.87669372558594, 1.0], [115.29344940185547, 190.1783905029297, 1.0]], "is_left": 0}