{"hand_pts": [[322.33270263671875, 73.04051208496094, 1.0], [257.5012512207031, 103.03406524658203, 1.0], [204.51541137695312, 109.58228302001953, 1.0], [148.40135192871094, 130.88584899902344, 1.0], [120.25436401367188, 151.86856079101562, 1.0], [244.9022216796875, 191.85704040527344, 1.0], [194.7913360595703, 240.2458953857422, 1.0], [146.69985961914062, 233.8724365234375, 1.0], [123.68241119384766, 203.22799682617188, 1.0], [257.54473876953125, 191.83883666992188, 1.0], [170.3778076171875, 217.8400115966797, 1.0], [134.8451385498047, 183.29969787597656, 1.0], [126.81903076171875, 141.8853759765625, 1.0], [262.4516906738281, 185.8748321533203, 1.0], [211.61167907714844, 244.5187225341797, 1.0], [166.78492736816406, 227.13865661621094, 1.0], [132.4693603515625, 200.5030059814453, 1.0], [268.66876220703125, 171.55926513671875, 1.0], [213.76670837402344, 185.4472198486328, 1.0], [172.27366638183594, 181.3143768310547, 1.0], [147.53939819335938, 154.8522186279297, 1.0]], "is_left": 0}