{"hand_pts": [[289.08087158203125, 158.06240844726562, 1.0], [271.95184326171875, 131.93431091308594, 1.0], [273.1308288574219, 78.38577270507812, 1.0], [257.5663757324219, 112.64683532714844, 1.0], [245.66465759277344, 178.56138610839844, 1.0], [159.8388671875, 97.33160400390625, 1.0], [146.4679718017578, 138.0677947998047, 1.0], [194.598388671875, 169.49826049804688, 1.0], [229.1226043701172, 167.75595092773438, 1.0], [139.74276733398438, 134.76902770996094, 1.0], [114.26519775390625, 195.05499267578125, 1.0], [174.06033325195312, 219.12655639648438, 1.0], [216.77825927734375, 196.25457763671875, 1.0], [131.13333129882812, 169.42176818847656, 1.0], [119.32003784179688, 243.16578674316406, 1.0], [176.5821075439453, 249.7320556640625, 1.0], [207.20005798339844, 214.61582946777344, 1.0], [134.11668395996094, 203.91073608398438, 1.0], [123.03279876708984, 262.79388427734375, 1.0], [167.6888427734375, 271.3271789550781, 1.0], [192.01512145996094, 230.40780639648438, 1.0]], "is_left": 0}