{"hand_pts": [[288.4920654296875, 233.17999267578125, 1.0], [214.62242126464844, 246.49069213867188, 1.0], [146.58836364746094, 275.8017578125, 1.0], [107.49242401123047, 274.57867431640625, 1.0], [104.19349670410156, 252.01512145996094, 1.0], [142.2834930419922, 170.8021240234375, 1.0], [120.48080444335938, 181.10122680664062, 1.0], [150.91366577148438, 214.61105346679688, 1.0], [190.64013671875, 241.51654052734375, 1.0], [181.09579467773438, 146.07855224609375, 1.0], [145.35955810546875, 121.40789031982422, 1.0], [156.72703552246094, 158.70960998535156, 1.0], [174.09234619140625, 200.636962890625, 1.0], [214.98220825195312, 133.32028198242188, 1.0], [191.6408233642578, 122.04314422607422, 1.0], [205.36407470703125, 160.65316772460938, 1.0], [224.04734802246094, 201.32965087890625, 1.0], [252.5332489013672, 128.92904663085938, 1.0], [256.1051940917969, 123.60724639892578, 1.0], [262.9610290527344, 154.9296417236328, 1.0], [265.6348876953125, 191.44354248046875, 1.0]], "is_left": 0}