{"hand_pts": [[173.92755126953125, 343.57080078125, 1.0], [192.89437866210938, 273.7314758300781, 1.0], [206.36622619628906, 220.55641174316406, 1.0], [207.67788696289062, 178.6217803955078, 1.0], [201.5193634033203, 166.9155731201172, 1.0], [127.02538299560547, 183.80690002441406, 1.0], [138.0671844482422, 121.32344055175781, 1.0], [183.45370483398438, 123.89582061767578, 1.0], [226.02125549316406, 144.7320098876953, 1.0], [121.98389434814453, 201.27195739746094, 1.0], [109.84185791015625, 122.1384506225586, 1.0], [159.49978637695312, 111.96463012695312, 1.0], [207.75814819335938, 124.84651947021484, 1.0], [126.96305847167969, 218.270263671875, 1.0], [187.92982482910156, 185.4705352783203, 1.0], [234.60592651367188, 196.30618286132812, 1.0], [275.46673583984375, 216.77137756347656, 1.0], [137.63796997070312, 242.7525634765625, 1.0], [177.51223754882812, 226.59312438964844, 1.0], [215.8254852294922, 228.91734313964844, 1.0], [249.70664978027344, 243.7593231201172, 1.0]], "is_left": 0}