{"hand_pts": [[217.3472900390625, 129.65606689453125, 1.0], [248.62550354003906, 162.22032165527344, 1.0], [294.0266418457031, 197.69041442871094, 1.0], [260.35882568359375, 228.7318572998047, 1.0], [209.57882690429688, 237.59161376953125, 1.0], [232.30010986328125, 148.02171325683594, 1.0], [210.8856658935547, 181.6639862060547, 1.0], [204.7959747314453, 208.71902465820312, 1.0], [213.4063262939453, 200.87155151367188, 1.0], [193.14529418945312, 140.26605224609375, 1.0], [185.83848571777344, 185.5599365234375, 1.0], [195.6636199951172, 214.42141723632812, 1.0], [205.8463134765625, 236.8746795654297, 1.0], [162.86669921875, 138.83238220214844, 1.0], [135.43165588378906, 147.598876953125, 1.0], [135.73704528808594, 181.91888427734375, 1.0], [152.877197265625, 203.39483642578125, 1.0], [137.021484375, 138.65771484375, 1.0], [101.41254425048828, 150.90065002441406, 1.0], [92.03109741210938, 175.42933654785156, 1.0], [117.8020248413086, 196.86338806152344, 1.0]], "is_left": 0}