{"hand_pts": [[226.9342803955078, 38.09996032714844, 1.0], [172.3428497314453, 89.93280792236328, 1.0], [108.06462860107422, 110.0584487915039, 1.0], [113.1710433959961, 140.7520294189453, 1.0], [169.12313842773438, 148.130126953125, 1.0], [108.1182861328125, 206.04129028320312, 1.0], [122.8701171875, 229.38743591308594, 1.0], [157.27548217773438, 189.86795043945312, 1.0], [177.1075897216797, 146.25486755371094, 1.0], [145.06593322753906, 213.39483642578125, 1.0], [175.00759887695312, 254.52999877929688, 1.0], [200.90280151367188, 202.18414306640625, 1.0], [188.96774291992188, 164.32456970214844, 1.0], [179.18870544433594, 214.3336181640625, 1.0], [214.2800750732422, 253.03018188476562, 1.0], [231.49026489257812, 204.21395874023438, 1.0], [215.8495330810547, 169.62118530273438, 1.0], [216.58078002929688, 204.0410919189453, 1.0], [255.89138793945312, 219.9478302001953, 1.0], [265.2674255371094, 183.01220703125, 1.0], [241.0827178955078, 155.13197326660156, 1.0]], "is_left": 0}