{"hand_pts": [[28.661304473876953, 126.36675262451172, 1.0], [97.24977111816406, 134.8176727294922, 1.0], [141.5147705078125, 125.08898162841797, 1.0], [181.58343505859375, 132.1160125732422, 1.0], [203.50982666015625, 159.4647216796875, 1.0], [183.72366333007812, 134.84103393554688, 1.0], [233.3842010498047, 160.06300354003906, 1.0], [252.77322387695312, 182.38880920410156, 1.0], [249.85252380371094, 204.66717529296875, 1.0], [164.57167053222656, 149.8136749267578, 1.0], [203.86709594726562, 188.97518920898438, 1.0], [208.34259033203125, 210.7801055908203, 1.0], [181.3947296142578, 214.11602783203125, 1.0], [145.68405151367188, 164.78553771972656, 1.0], [199.34031677246094, 196.50885009765625, 1.0], [218.6824951171875, 218.06765747070312, 1.0], [228.65232849121094, 237.3155517578125, 1.0], [119.64872741699219, 178.365234375, 1.0], [137.9003448486328, 209.76622009277344, 1.0], [143.15623474121094, 229.62205505371094, 1.0], [134.36575317382812, 235.89649963378906, 1.0]], "is_left": 0}