{"hand_pts": [[271.57135009765625, 68.12836456298828, 1.0], [213.7291259765625, 88.31282806396484, 1.0], [163.4113006591797, 102.75234985351562, 1.0], [136.82241821289062, 139.6400604248047, 1.0], [148.35899353027344, 167.6346893310547, 1.0], [191.9226531982422, 165.52267456054688, 1.0], [162.47808837890625, 214.8065643310547, 1.0], [136.3953857421875, 238.28704833984375, 1.0], [111.81623077392578, 259.7921447753906, 1.0], [215.63485717773438, 172.83482360839844, 1.0], [173.39537048339844, 230.26910400390625, 1.0], [141.85011291503906, 258.1934509277344, 1.0], [115.55180358886719, 287.7700500488281, 1.0], [233.19329833984375, 173.77133178710938, 1.0], [203.12353515625, 199.2387237548828, 1.0], [193.40811157226562, 167.5847930908203, 1.0], [196.2772979736328, 131.26129150390625, 1.0], [252.05328369140625, 167.044189453125, 1.0], [241.55563354492188, 186.50457763671875, 1.0], [224.6923065185547, 171.03057861328125, 1.0], [209.5628662109375, 142.08834838867188, 1.0]], "is_left": 0}