{"hand_pts": [[314.4689025878906, 126.05909729003906, 1.0], [252.40939331054688, 114.76530456542969, 1.0], [221.03060913085938, 91.12705993652344, 1.0], [175.23974609375, 83.37348175048828, 1.0], [129.79637145996094, 82.70838928222656, 1.0], [219.9757843017578, 190.35462951660156, 1.0], [161.61187744140625, 168.58697509765625, 1.0], [175.96865844726562, 143.05706787109375, 1.0], [212.63088989257812, 140.7238311767578, 1.0], [226.98828125, 217.49960327148438, 1.0], [157.24819946289062, 207.9932403564453, 1.0], [149.15316772460938, 172.4314422607422, 1.0], [143.91958618164062, 138.1840057373047, 1.0], [229.36207580566406, 233.09336853027344, 1.0], [163.1754608154297, 259.63409423828125, 1.0], [155.115966796875, 224.8804931640625, 1.0], [170.3264617919922, 190.79684448242188, 1.0], [235.08114624023438, 240.270751953125, 1.0], [207.6486053466797, 278.6131286621094, 1.0], [177.2110137939453, 264.60919189453125, 1.0], [146.61289978027344, 247.13433837890625, 1.0]], "is_left": 0}