{"hand_pts": [[319.4846496582031, 102.88115692138672, 1.0], [249.22528076171875, 123.19894409179688, 1.0], [199.21926879882812, 144.49891662597656, 1.0], [154.40780639648438, 162.97750854492188, 1.0], [129.98814392089844, 172.99549865722656, 1.0], [221.36111450195312, 201.99334716796875, 1.0], [165.8714141845703, 227.87351989746094, 1.0], [130.15609741210938, 216.97189331054688, 1.0], [110.13770294189453, 188.51022338867188, 1.0], [243.27728271484375, 198.78472900390625, 1.0], [174.89393615722656, 209.4272918701172, 1.0], [136.2583770751953, 187.19650268554688, 1.0], [109.44530487060547, 156.27711486816406, 1.0], [257.88275146484375, 189.70648193359375, 1.0], [197.9945068359375, 211.5857696533203, 1.0], [161.2525634765625, 195.17294311523438, 1.0], [141.641845703125, 164.16033935546875, 1.0], [274.38995361328125, 173.74240112304688, 1.0], [240.79766845703125, 185.02493286132812, 1.0], [209.38604736328125, 176.71803283691406, 1.0], [186.8237762451172, 153.2182159423828, 1.0]], "is_left": 0}