{"hand_pts": [[303.9046630859375, 114.89995574951172, 1.0], [287.7901916503906, 176.74497985839844, 1.0], [281.4283447265625, 234.1351776123047, 1.0], [266.3847961425781, 273.8468322753906, 1.0], [248.5604705810547, 298.25482177734375, 1.0], [201.89723205566406, 192.2884063720703, 1.0], [169.2453155517578, 234.12965393066406, 1.0], [160.22988891601562, 257.5498046875, 1.0], [145.01651000976562, 279.8292541503906, 1.0], [191.96766662597656, 152.66522216796875, 1.0], [128.11309814453125, 188.43563842773438, 1.0], [130.47276306152344, 212.28768920898438, 1.0], [150.68540954589844, 227.5483856201172, 1.0], [190.3620147705078, 122.3731460571289, 1.0], [142.2816162109375, 131.8217010498047, 1.0], [162.21810913085938, 146.09939575195312, 1.0], [197.01593017578125, 158.68446350097656, 1.0], [197.181640625, 93.3426284790039, 1.0], [158.0243682861328, 91.50715637207031, 1.0], [139.78330993652344, 97.69796752929688, 1.0], [157.7069091796875, 120.68785858154297, 1.0]], "is_left": 0}