{"hand_pts": [[45.40098190307617, 250.30130004882812, 1.0], [69.4949951171875, 223.33233642578125, 1.0], [70.4784164428711, 204.02870178222656, 1.0], [109.29551696777344, 191.36956787109375, 1.0], [163.44415283203125, 189.8160858154297, 1.0], [114.20630645751953, 168.60406494140625, 1.0], [166.6776885986328, 147.27865600585938, 1.0], [199.98190307617188, 151.74057006835938, 1.0], [225.26223754882812, 166.6658172607422, 1.0], [135.41482543945312, 180.09671020507812, 1.0], [200.681640625, 151.43267822265625, 1.0], [233.7080841064453, 154.7570037841797, 1.0], [255.98550415039062, 165.35418701171875, 1.0], [152.95309448242188, 193.3109130859375, 1.0], [223.61367797851562, 170.78790283203125, 1.0], [249.02308654785156, 180.1641845703125, 1.0], [250.82415771484375, 197.6397705078125, 1.0], [164.35682678222656, 210.55722045898438, 1.0], [218.5608367919922, 210.36656188964844, 1.0], [242.26821899414062, 218.7486572265625, 1.0], [247.5329132080078, 230.93795776367188, 1.0]], "is_left": 0}