{"hand_pts": [[40.19061279296875, 219.77308654785156, 1.0], [87.3609848022461, 241.46498107910156, 1.0], [135.80404663085938, 289.16058349609375, 1.0], [187.1602325439453, 301.22296142578125, 1.0], [211.9766387939453, 266.03564453125, 1.0], [186.03018188476562, 231.31222534179688, 1.0], [224.79718017578125, 219.47567749023438, 1.0], [184.03407287597656, 210.0533447265625, 1.0], [137.81439208984375, 205.3595733642578, 1.0], [175.8795623779297, 197.22776794433594, 1.0], [252.4949493408203, 170.0338134765625, 1.0], [260.627685546875, 155.70980834960938, 1.0], [221.4962921142578, 165.5787811279297, 1.0], [161.9299774169922, 169.6258087158203, 1.0], [218.99879455566406, 128.4130096435547, 1.0], [245.34869384765625, 104.94544982910156, 1.0], [242.11935424804688, 95.86084747314453, 1.0], [139.7003936767578, 145.45742797851562, 1.0], [146.76821899414062, 108.83167266845703, 1.0], [121.27179718017578, 116.11094665527344, 1.0], [100.946044921875, 146.26837158203125, 1.0]], "is_left": 0}