{"hand_pts": [[242.52601623535156, 301.4947814941406, 1.0], [216.74057006835938, 281.1020812988281, 1.0], [232.5074462890625, 271.9190979003906, 1.0], [225.49594116210938, 242.56863403320312, 1.0], [210.18026733398438, 208.52635192871094, 1.0], [242.82565307617188, 192.63047790527344, 1.0], [191.12594604492188, 184.4013671875, 1.0], [153.79290771484375, 206.23805236816406, 1.0], [140.90635681152344, 240.0297393798828, 1.0], [239.96884155273438, 177.18646240234375, 1.0], [169.27557373046875, 150.74639892578125, 1.0], [126.32477569580078, 174.49473571777344, 1.0], [89.37792205810547, 201.70164489746094, 1.0], [231.35704040527344, 169.96047973632812, 1.0], [208.89907836914062, 99.31590270996094, 1.0], [167.8960723876953, 105.33361053466797, 1.0], [131.70143127441406, 123.30722045898438, 1.0], [221.4585723876953, 172.00413513183594, 1.0], [178.92628479003906, 146.79991149902344, 1.0], [148.87461853027344, 164.47154235839844, 1.0], [131.48065185546875, 196.37216186523438, 1.0]], "is_left": 0}