{"hand_pts": [[240.23255920410156, 309.98236083984375, 1.0], [220.98974609375, 229.40049743652344, 1.0], [207.83053588867188, 164.82489013671875, 1.0], [223.58010864257812, 116.39494323730469, 1.0], [245.25515747070312, 120.33152770996094, 1.0], [120.49891662597656, 199.75767517089844, 1.0], [146.4418182373047, 133.4669647216797, 1.0], [197.66305541992188, 129.3126678466797, 1.0], [224.71290588378906, 165.92544555664062, 1.0], [122.19593048095703, 229.43026733398438, 1.0], [152.7788543701172, 154.28382873535156, 1.0], [209.25527954101562, 138.30950927734375, 1.0], [247.0301971435547, 160.52969360351562, 1.0], [132.27732849121094, 249.94668579101562, 1.0], [123.25798797607422, 198.64852905273438, 1.0], [171.94497680664062, 181.5147705078125, 1.0], [191.087646484375, 199.22698974609375, 1.0], [151.19595336914062, 272.00323486328125, 1.0], [161.05166625976562, 240.6767120361328, 1.0], [197.47105407714844, 217.18988037109375, 1.0], [226.3406982421875, 212.39573669433594, 1.0]], "is_left": 0}