{"hand_pts": [[330.8050537109375, 233.54714965820312, 1.0], [296.6511535644531, 181.80178833007812, 1.0], [274.13446044921875, 139.4957733154297, 1.0], [242.24729919433594, 112.22394561767578, 1.0], [205.79966735839844, 107.95865631103516, 1.0], [213.76361083984375, 176.28382873535156, 1.0], [162.0782470703125, 155.81997680664062, 1.0], [131.02976989746094, 141.5458984375, 1.0], [101.64350128173828, 128.21743774414062, 1.0], [213.34347534179688, 210.78509521484375, 1.0], [157.29653930664062, 183.2447509765625, 1.0], [136.1724090576172, 160.8890838623047, 1.0], [119.42259979248047, 138.99981689453125, 1.0], [217.38458251953125, 236.48204040527344, 1.0], [163.5389862060547, 222.8116455078125, 1.0], [147.49874877929688, 207.90440368652344, 1.0], [145.00559997558594, 190.76951599121094, 1.0], [229.2801971435547, 260.508544921875, 1.0], [197.80662536621094, 258.1451416015625, 1.0], [188.75588989257812, 247.10231018066406, 1.0], [186.2115478515625, 230.92892456054688, 1.0]], "is_left": 0}