{"hand_pts": [[31.585588455200195, 175.17245483398438, 1.0], [91.80744934082031, 153.65374755859375, 1.0], [136.70404052734375, 134.17823791503906, 1.0], [179.58203125, 127.22793579101562, 1.0], [219.27688598632812, 126.58332824707031, 1.0], [149.43838500976562, 150.19473266601562, 1.0], [197.81494140625, 135.26251220703125, 1.0], [232.63087463378906, 135.9803924560547, 1.0], [265.819091796875, 139.1492919921875, 1.0], [134.43130493164062, 182.205322265625, 1.0], [192.90594482421875, 178.31871032714844, 1.0], [232.33908081054688, 179.06759643554688, 1.0], [269.4607849121094, 180.63392639160156, 1.0], [122.06006622314453, 209.1788330078125, 1.0], [179.25662231445312, 216.58851623535156, 1.0], [212.3004913330078, 223.49407958984375, 1.0], [244.57688903808594, 230.17832946777344, 1.0], [105.03569030761719, 233.7779998779297, 1.0], [141.12196350097656, 247.5872039794922, 1.0], [167.3999481201172, 256.0113830566406, 1.0], [193.4400634765625, 261.3751525878906, 1.0]], "is_left": 0}