{"hand_pts": [[20.51003646850586, 129.92013549804688, 1.0], [97.6646728515625, 177.04806518554688, 1.0], [136.97239685058594, 234.00845336914062, 1.0], [208.18490600585938, 222.13729858398438, 1.0], [219.7186737060547, 169.71713256835938, 1.0], [149.51837158203125, 266.9116516113281, 1.0], [236.00613403320312, 249.45291137695312, 1.0], [230.16888427734375, 200.4969024658203, 1.0], [179.74143981933594, 177.4970245361328, 1.0], [141.5927276611328, 239.7272186279297, 1.0], [242.74867248535156, 210.91078186035156, 1.0], [232.4019775390625, 165.69155883789062, 1.0], [176.8525390625, 158.87008666992188, 1.0], [138.38894653320312, 211.15830993652344, 1.0], [229.7073974609375, 174.72003173828125, 1.0], [217.9625701904297, 138.26455688476562, 1.0], [168.68167114257812, 144.1691436767578, 1.0], [130.07852172851562, 176.75894165039062, 1.0], [182.61587524414062, 138.01219177246094, 1.0], [180.13223266601562, 112.37446594238281, 1.0], [142.18243408203125, 130.27662658691406, 1.0]], "is_left": 0}