{"hand_pts": [[279.0077209472656, 322.7775573730469, 1.0], [280.06646728515625, 256.9915466308594, 1.0], [282.1153869628906, 205.96835327148438, 1.0], [270.5387878417969, 160.5806427001953, 1.0], [242.10256958007812, 126.14921569824219, 1.0], [240.37452697753906, 213.95103454589844, 1.0], [221.9229278564453, 167.14764404296875, 1.0], [202.20896911621094, 133.45199584960938, 1.0], [182.7540283203125, 100.72864532470703, 1.0], [210.24220275878906, 234.52352905273438, 1.0], [185.28521728515625, 183.77114868164062, 1.0], [167.4930419921875, 144.1204071044922, 1.0], [151.73837280273438, 107.83503723144531, 1.0], [186.7591552734375, 249.9141845703125, 1.0], [142.55380249023438, 196.44247436523438, 1.0], [119.21912384033203, 163.30628967285156, 1.0], [100.6893310546875, 131.3411407470703, 1.0], [169.19862365722656, 268.4599609375, 1.0], [130.8782501220703, 239.5343475341797, 1.0], [106.51319122314453, 215.51318359375, 1.0], [87.79845428466797, 187.14781188964844, 1.0]], "is_left": 0}