{"hand_pts": [[112.06028747558594, 71.30367279052734, 1.0], [155.982177734375, 83.35832214355469, 1.0], [189.42153930664062, 74.4174575805664, 1.0], [220.54124450683594, 94.49688720703125, 1.0], [232.55282592773438, 124.9993667602539, 1.0], [152.2692413330078, 173.79005432128906, 1.0], [193.71807861328125, 201.56959533691406, 1.0], [220.64772033691406, 189.29351806640625, 1.0], [237.66136169433594, 167.3560791015625, 1.0], [135.4048614501953, 192.67935180664062, 1.0], [181.0652313232422, 232.45431518554688, 1.0], [213.98760986328125, 216.025634765625, 1.0], [234.0000457763672, 181.74539184570312, 1.0], [126.6348648071289, 201.134033203125, 1.0], [158.0246124267578, 254.65003967285156, 1.0], [187.0252685546875, 238.67112731933594, 1.0], [204.33541870117188, 201.89503479003906, 1.0], [119.15630340576172, 199.22862243652344, 1.0], [141.42906188964844, 227.69497680664062, 1.0], [165.25523376464844, 214.22267150878906, 1.0], [179.4071044921875, 179.6898651123047, 1.0]], "is_left": 0}