{"hand_pts": [[344.7984924316406, 194.71034240722656, 1.0], [298.0466613769531, 156.86622619628906, 1.0], [261.70989990234375, 104.25202178955078, 1.0], [208.81787109375, 106.92433166503906, 1.0], [179.52474975585938, 138.86862182617188, 1.0], [201.77291870117188, 137.50108337402344, 1.0], [166.3592987060547, 135.25393676757812, 1.0], [178.93777465820312, 146.43240356445312, 1.0], [223.3446044921875, 163.22012329101562, 1.0], [206.9160919189453, 174.3252716064453, 1.0], [133.02688598632812, 181.63111877441406, 1.0], [114.13291931152344, 190.9515838623047, 1.0], [123.8855209350586, 199.58993530273438, 1.0], [215.37037658691406, 204.5929412841797, 1.0], [139.55474853515625, 212.20652770996094, 1.0], [137.3983917236328, 218.4472198486328, 1.0], [175.51153564453125, 214.9478302001953, 1.0], [232.10536193847656, 233.28240966796875, 1.0], [190.67247009277344, 252.87423706054688, 1.0], [171.58921813964844, 261.4770202636719, 1.0], [165.85897827148438, 261.36798095703125, 1.0]], "is_left": 0}