{"hand_pts": [[329.2153625488281, 283.7691955566406, 1.0], [275.5716552734375, 260.2586975097656, 1.0], [222.9638671875, 266.373046875, 1.0], [180.46498107910156, 230.1311798095703, 1.0], [187.6249237060547, 198.3402099609375, 1.0], [169.56031799316406, 252.2484588623047, 1.0], [122.56730651855469, 201.8645782470703, 1.0], [159.6879119873047, 168.91665649414062, 1.0], [204.16787719726562, 146.3172149658203, 1.0], [185.3177947998047, 235.22650146484375, 1.0], [128.26158142089844, 173.02420043945312, 1.0], [156.33013916015625, 134.47637939453125, 1.0], [200.42442321777344, 128.45448303222656, 1.0], [205.10617065429688, 217.2889862060547, 1.0], [122.6086196899414, 193.5670928955078, 1.0], [114.6470718383789, 155.4534454345703, 1.0], [102.77271270751953, 119.00167846679688, 1.0], [233.83689880371094, 201.83482360839844, 1.0], [233.5435028076172, 148.28070068359375, 1.0], [247.1609649658203, 116.7398452758789, 1.0], [279.06512451171875, 128.85687255859375, 1.0]], "is_left": 0}