{"hand_pts": [[42.285526275634766, 74.04800415039062, 1.0], [111.72776794433594, 78.69989776611328, 1.0], [173.44580078125, 77.35819244384766, 1.0], [225.47959899902344, 104.20301055908203, 1.0], [236.0404052734375, 154.78062438964844, 1.0], [176.22361755371094, 139.9202423095703, 1.0], [209.33338928222656, 155.6309051513672, 1.0], [222.33914184570312, 161.47198486328125, 1.0], [209.6327362060547, 152.00564575195312, 1.0], [152.2334747314453, 167.62940979003906, 1.0], [218.17959594726562, 228.97166442871094, 1.0], [223.29762268066406, 218.9227752685547, 1.0], [207.6460723876953, 190.19837951660156, 1.0], [132.07720947265625, 186.82740783691406, 1.0], [179.9342803955078, 259.18359375, 1.0], [191.466796875, 250.33985900878906, 1.0], [183.06524658203125, 216.46737670898438, 1.0], [107.38431549072266, 197.92587280273438, 1.0], [144.3087921142578, 233.4855499267578, 1.0], [167.39488220214844, 247.78298950195312, 1.0], [173.74940490722656, 228.59197998046875, 1.0]], "is_left": 0}