{"hand_pts": [[34.10167694091797, 104.53028106689453, 1.0], [98.43760681152344, 134.35006713867188, 1.0], [134.9815673828125, 143.57347106933594, 1.0], [165.36859130859375, 166.80374145507812, 1.0], [191.9512939453125, 189.87930297851562, 1.0], [183.1658477783203, 129.8502655029297, 1.0], [231.7411346435547, 169.62062072753906, 1.0], [260.3667907714844, 196.7058563232422, 1.0], [266.6903991699219, 231.2513427734375, 1.0], [166.4562530517578, 135.50111389160156, 1.0], [209.4606475830078, 191.6457977294922, 1.0], [221.10455322265625, 225.26748657226562, 1.0], [234.53558349609375, 255.95901489257812, 1.0], [149.0638885498047, 145.08155822753906, 1.0], [171.11477661132812, 207.10601806640625, 1.0], [163.096435546875, 234.9186553955078, 1.0], [131.23727416992188, 223.4308319091797, 1.0], [124.19768524169922, 154.11402893066406, 1.0], [160.55982971191406, 168.16635131835938, 1.0], [187.0735626220703, 182.01673889160156, 1.0], [206.89642333984375, 208.9126434326172, 1.0]], "is_left": 0}