{"hand_pts": [[170.1743621826172, 89.91394805908203, 1.0], [221.5612030029297, 127.00897216796875, 1.0], [275.42425537109375, 163.3544464111328, 1.0], [305.082763671875, 188.93988037109375, 1.0], [315.50457763671875, 204.83164978027344, 1.0], [183.4712371826172, 191.19102478027344, 1.0], [193.48013305664062, 238.99966430664062, 1.0], [209.72557067871094, 255.83859252929688, 1.0], [225.03749084472656, 269.6129455566406, 1.0], [151.8232421875, 165.89703369140625, 1.0], [153.90614318847656, 215.0221405029297, 1.0], [177.09027099609375, 228.74517822265625, 1.0], [199.9211883544922, 240.0863800048828, 1.0], [133.1812744140625, 140.44651794433594, 1.0], [132.09793090820312, 175.67820739746094, 1.0], [153.19798278808594, 181.32699584960938, 1.0], [178.23631286621094, 183.35926818847656, 1.0], [119.5172348022461, 111.28507232666016, 1.0], [115.83749389648438, 123.45874786376953, 1.0], [129.9326629638672, 125.87466430664062, 1.0], [156.95391845703125, 125.43024444580078, 1.0]], "is_left": 0}