{"hand_pts": [[114.73603057861328, 279.89263916015625, 1.0], [179.83877563476562, 225.86227416992188, 1.0], [232.87562561035156, 168.37606811523438, 1.0], [275.975341796875, 137.67857360839844, 1.0], [266.2582092285156, 162.89532470703125, 1.0], [167.5692901611328, 156.53562927246094, 1.0], [237.8422393798828, 136.02818298339844, 1.0], [253.8302001953125, 169.52565002441406, 1.0], [223.14517211914062, 202.52853393554688, 1.0], [132.32044982910156, 184.63461303710938, 1.0], [179.5036163330078, 170.49855041503906, 1.0], [219.71817016601562, 175.35125732421875, 1.0], [257.14862060546875, 196.46322631835938, 1.0], [109.86292266845703, 210.66754150390625, 1.0], [108.1462173461914, 174.6640625, 1.0], [140.19322204589844, 164.55516052246094, 1.0], [180.97499084472656, 174.41357421875, 1.0], [90.56085968017578, 240.90419006347656, 1.0], [117.14097595214844, 226.6565704345703, 1.0], [141.82437133789062, 219.1358642578125, 1.0], [175.9686279296875, 212.4961395263672, 1.0]], "is_left": 0}