{"hand_pts": [[44.36391067504883, 257.9934997558594, 1.0], [75.27313995361328, 189.5071258544922, 1.0], [74.78507232666016, 130.3529052734375, 1.0], [122.64226531982422, 101.12496948242188, 1.0], [168.26937866210938, 115.83287048339844, 1.0], [140.01641845703125, 187.18841552734375, 1.0], [184.83067321777344, 135.18283081054688, 1.0], [181.63223266601562, 121.96161651611328, 1.0], [156.30050659179688, 136.42294311523438, 1.0], [159.8946075439453, 225.00518798828125, 1.0], [236.179931640625, 185.98089599609375, 1.0], [235.5607147216797, 161.7109832763672, 1.0], [203.45704650878906, 154.55953979492188, 1.0], [174.98109436035156, 250.96478271484375, 1.0], [246.98623657226562, 221.93055725097656, 1.0], [251.56271362304688, 200.3689422607422, 1.0], [227.90892028808594, 185.73193359375, 1.0], [181.87954711914062, 274.7454833984375, 1.0], [227.76036071777344, 261.05743408203125, 1.0], [213.1123809814453, 242.25738525390625, 1.0], [175.9921417236328, 232.0882110595703, 1.0]], "is_left": 0}