{"hand_pts": [[24.354698181152344, 175.7234649658203, 1.0], [57.95356369018555, 195.61294555664062, 1.0], [68.54569244384766, 210.48440551757812, 1.0], [105.35354614257812, 224.33152770996094, 1.0], [147.93739318847656, 232.1927490234375, 1.0], [140.5785675048828, 149.969970703125, 1.0], [192.8176727294922, 159.5968017578125, 1.0], [210.68209838867188, 186.69097900390625, 1.0], [215.38026428222656, 217.6478729248047, 1.0], [154.32733154296875, 142.15240478515625, 1.0], [222.62063598632812, 153.15438842773438, 1.0], [237.48875427246094, 186.7034912109375, 1.0], [232.80186462402344, 222.79786682128906, 1.0], [162.18946838378906, 142.5206298828125, 1.0], [230.66944885253906, 153.92649841308594, 1.0], [240.86341857910156, 185.80044555664062, 1.0], [229.4505615234375, 219.45631408691406, 1.0], [160.95640563964844, 147.21070861816406, 1.0], [205.73269653320312, 160.9582061767578, 1.0], [216.95518493652344, 186.46368408203125, 1.0], [203.2600860595703, 215.50753784179688, 1.0]], "is_left": 0}