{"hand_pts": [[128.3915252685547, 132.76634216308594, 1.0], [138.33299255371094, 193.6882781982422, 1.0], [145.97607421875, 244.9895782470703, 1.0], [158.81080627441406, 282.8922119140625, 1.0], [178.7778778076172, 299.8851013183594, 1.0], [216.5732879638672, 208.60772705078125, 1.0], [189.9274444580078, 234.0107879638672, 1.0], [150.8382110595703, 233.73675537109375, 1.0], [133.83767700195312, 214.6065216064453, 1.0], [217.79141235351562, 167.36331176757812, 1.0], [261.02685546875, 191.21507263183594, 1.0], [228.226806640625, 204.82069396972656, 1.0], [205.00489807128906, 219.7374725341797, 1.0], [211.71575927734375, 135.2849884033203, 1.0], [179.80410766601562, 148.30166625976562, 1.0], [140.12625122070312, 152.0043487548828, 1.0], [103.03734588623047, 154.80496215820312, 1.0], [198.67979431152344, 104.34503173828125, 1.0], [208.47113037109375, 91.69633483886719, 1.0], [203.55886840820312, 90.76897430419922, 1.0], [185.9913787841797, 101.78709411621094, 1.0]], "is_left": 0}