{"hand_pts": [[44.36384201049805, 167.78871154785156, 1.0], [118.80023956298828, 133.18641662597656, 1.0], [181.22755432128906, 110.05554962158203, 1.0], [223.7136688232422, 105.93138885498047, 1.0], [201.37509155273438, 123.18724060058594, 1.0], [194.4119110107422, 174.54327392578125, 1.0], [243.32167053222656, 166.26324462890625, 1.0], [238.38589477539062, 145.316162109375, 1.0], [212.2837371826172, 126.05035400390625, 1.0], [160.7458953857422, 203.74139404296875, 1.0], [216.54837036132812, 207.75155639648438, 1.0], [236.5041046142578, 190.12158203125, 1.0], [257.172607421875, 176.03138732910156, 1.0], [131.79702758789062, 221.37013244628906, 1.0], [161.6515350341797, 212.19818115234375, 1.0], [165.73876953125, 193.08523559570312, 1.0], [171.4110565185547, 176.5919647216797, 1.0], [98.72262573242188, 233.3325958251953, 1.0], [124.97152709960938, 252.45172119140625, 1.0], [144.73809814453125, 259.6564636230469, 1.0], [163.24972534179688, 239.5087127685547, 1.0]], "is_left": 0}