{"hand_pts": [[136.28834533691406, 87.91377258300781, 1.0], [176.1541290283203, 144.56597900390625, 1.0], [237.17459106445312, 168.92462158203125, 1.0], [278.91192626953125, 202.59432983398438, 1.0], [310.2928466796875, 236.5403289794922, 1.0], [231.30821228027344, 159.4059295654297, 1.0], [225.6780548095703, 218.182861328125, 1.0], [193.42652893066406, 215.1791534423828, 1.0], [167.66015625, 191.54725646972656, 1.0], [201.43348693847656, 141.14236450195312, 1.0], [164.06407165527344, 200.4636688232422, 1.0], [130.11558532714844, 225.36270141601562, 1.0], [100.55418395996094, 236.44012451171875, 1.0], [172.57029724121094, 129.6967315673828, 1.0], [211.8795928955078, 163.83242797851562, 1.0], [206.18711853027344, 202.24026489257812, 1.0], [183.12721252441406, 219.03213500976562, 1.0], [140.6619110107422, 117.40299224853516, 1.0], [121.05633544921875, 152.75527954101562, 1.0], [105.30894470214844, 174.07212829589844, 1.0], [93.79620361328125, 190.7545928955078, 1.0]], "is_left": 0}