{"hand_pts": [[28.42572021484375, 116.08502197265625, 1.0], [111.20182800292969, 138.33682250976562, 1.0], [163.4685821533203, 169.83438110351562, 1.0], [216.29872131347656, 187.19863891601562, 1.0], [260.2225036621094, 198.5573272705078, 1.0], [172.1055145263672, 222.65374755859375, 1.0], [231.37315368652344, 240.85752868652344, 1.0], [247.58151245117188, 211.60244750976562, 1.0], [245.84596252441406, 173.79638671875, 1.0], [143.6512451171875, 212.85133361816406, 1.0], [213.4427490234375, 215.7648162841797, 1.0], [236.59982299804688, 184.5659637451172, 1.0], [256.4948425292969, 153.97291564941406, 1.0], [121.2911148071289, 197.6938018798828, 1.0], [166.764404296875, 175.2418212890625, 1.0], [164.2339324951172, 136.557861328125, 1.0], [157.40069580078125, 99.34676361083984, 1.0], [94.90684509277344, 176.1121826171875, 1.0], [125.51622772216797, 191.59103393554688, 1.0], [152.83416748046875, 189.4924774169922, 1.0], [166.67572021484375, 167.12608337402344, 1.0]], "is_left": 0}