{"hand_pts": [[19.62700843811035, 216.2576141357422, 1.0], [101.76045989990234, 239.79173278808594, 1.0], [156.16651916503906, 277.8735046386719, 1.0], [217.8469696044922, 261.3600158691406, 1.0], [236.27516174316406, 216.43234252929688, 1.0], [156.34617614746094, 241.69741821289062, 1.0], [231.7825164794922, 222.65878295898438, 1.0], [246.7015380859375, 205.0914306640625, 1.0], [226.80755615234375, 194.7506103515625, 1.0], [136.2603302001953, 207.6659393310547, 1.0], [221.44898986816406, 174.67709350585938, 1.0], [236.4717254638672, 163.3436279296875, 1.0], [212.743896484375, 169.1978302001953, 1.0], [121.87051391601562, 178.95362854003906, 1.0], [197.10589599609375, 139.3671875, 1.0], [207.3426513671875, 131.31398010253906, 1.0], [183.4393768310547, 144.6805877685547, 1.0], [103.10719299316406, 152.4805908203125, 1.0], [146.25440979003906, 117.65611267089844, 1.0], [161.00030517578125, 111.7352523803711, 1.0], [146.41319274902344, 131.5731201171875, 1.0]], "is_left": 0}