{"hand_pts": [[191.17684936523438, 37.28676986694336, 1.0], [148.19338989257812, 82.87542724609375, 1.0], [108.4253158569336, 121.49629974365234, 1.0], [82.47859954833984, 159.75390625, 1.0], [64.48687744140625, 196.0706787109375, 1.0], [179.2516326904297, 151.02716064453125, 1.0], [180.80252075195312, 205.87225341796875, 1.0], [175.18988037109375, 240.4898223876953, 1.0], [177.52474975585938, 273.8928527832031, 1.0], [200.6444091796875, 139.51837158203125, 1.0], [206.58526611328125, 204.81515502929688, 1.0], [194.4866943359375, 243.32962036132812, 1.0], [190.56068420410156, 280.4681396484375, 1.0], [211.66954040527344, 127.12444305419922, 1.0], [225.61395263671875, 186.75686645507812, 1.0], [220.27548217773438, 220.71868896484375, 1.0], [218.10964965820312, 254.04066467285156, 1.0], [219.02871704101562, 108.96507263183594, 1.0], [219.29742431640625, 146.1988525390625, 1.0], [212.12814331054688, 171.41419982910156, 1.0], [199.94927978515625, 198.0792694091797, 1.0]], "is_left": 0}