{"hand_pts": [[363.1999816894531, 168.41552734375, 1.0], [302.7705383300781, 153.3159637451172, 1.0], [268.58380126953125, 139.48020935058594, 1.0], [216.83599853515625, 139.93283081054688, 1.0], [179.53465270996094, 149.85011291503906, 1.0], [212.81967163085938, 217.99180603027344, 1.0], [157.77561950683594, 201.36317443847656, 1.0], [149.31198120117188, 168.0841064453125, 1.0], [155.87753295898438, 134.030029296875, 1.0], [214.39059448242188, 228.0660858154297, 1.0], [136.24578857421875, 238.81759643554688, 1.0], [119.31703186035156, 203.89273071289062, 1.0], [144.48959350585938, 168.01441955566406, 1.0], [218.1295166015625, 228.51206970214844, 1.0], [149.3072967529297, 217.3106231689453, 1.0], [137.98948669433594, 184.35716247558594, 1.0], [142.01461791992188, 148.46192932128906, 1.0], [230.52549743652344, 222.91746520996094, 1.0], [192.32449340820312, 205.640380859375, 1.0], [192.18292236328125, 175.48500061035156, 1.0], [221.68069458007812, 156.62501525878906, 1.0]], "is_left": 0}