{"hand_pts": [[195.47837829589844, 344.5242004394531, 1.0], [210.2217559814453, 298.2804870605469, 1.0], [217.93824768066406, 264.2850341796875, 1.0], [225.64549255371094, 223.43978881835938, 1.0], [231.94833374023438, 181.40370178222656, 1.0], [164.09347534179688, 229.90272521972656, 1.0], [148.68746948242188, 174.7324676513672, 1.0], [149.89825439453125, 138.46820068359375, 1.0], [154.56004333496094, 103.82379913330078, 1.0], [165.66229248046875, 231.9848175048828, 1.0], [145.90573120117188, 164.86878967285156, 1.0], [162.27313232421875, 126.49143981933594, 1.0], [181.8504638671875, 92.75273132324219, 1.0], [174.08474731445312, 235.68731689453125, 1.0], [174.9372100830078, 168.54823303222656, 1.0], [202.59344482421875, 139.7519989013672, 1.0], [229.664794921875, 112.15003967285156, 1.0], [186.11886596679688, 246.0402374267578, 1.0], [187.31393432617188, 202.0326385498047, 1.0], [201.44827270507812, 172.3152618408203, 1.0], [223.18386840820312, 144.84820556640625, 1.0]], "is_left": 0}