{"hand_pts": [[60.04500198364258, 185.5605926513672, 1.0], [117.120849609375, 150.28427124023438, 1.0], [140.87962341308594, 115.891357421875, 1.0], [190.7788543701172, 105.7528076171875, 1.0], [239.55149841308594, 111.6113052368164, 1.0], [126.48152923583984, 151.3000946044922, 1.0], [178.8739471435547, 149.590087890625, 1.0], [220.04794311523438, 150.78512573242188, 1.0], [258.641357421875, 155.2211456298828, 1.0], [121.44842529296875, 185.60733032226562, 1.0], [156.43711853027344, 194.63937377929688, 1.0], [201.80856323242188, 196.84869384765625, 1.0], [243.69842529296875, 198.8956756591797, 1.0], [123.06666564941406, 212.3777618408203, 1.0], [179.07431030273438, 228.17710876464844, 1.0], [222.69125366210938, 229.00059509277344, 1.0], [229.1290740966797, 217.81137084960938, 1.0], [123.16862487792969, 236.36123657226562, 1.0], [168.6180877685547, 240.70114135742188, 1.0], [198.63990783691406, 233.69886779785156, 1.0], [215.38714599609375, 222.8988037109375, 1.0]], "is_left": 0}