{"hand_pts": [[325.29229736328125, 225.1741485595703, 1.0], [289.49359130859375, 171.93397521972656, 1.0], [284.65716552734375, 109.37110900878906, 1.0], [239.0477294921875, 93.46771240234375, 1.0], [208.23060607910156, 131.5364990234375, 1.0], [200.843017578125, 165.5142364501953, 1.0], [150.82115173339844, 142.0688934326172, 1.0], [166.37925720214844, 141.7277374267578, 1.0], [206.63572692871094, 154.94236755371094, 1.0], [186.4866180419922, 199.97348022460938, 1.0], [122.08672332763672, 183.76231384277344, 1.0], [149.7487335205078, 174.68435668945312, 1.0], [203.19100952148438, 173.98211669921875, 1.0], [178.23648071289062, 225.80215454101562, 1.0], [112.39384460449219, 221.40982055664062, 1.0], [136.8156280517578, 211.90184020996094, 1.0], [186.5749969482422, 204.02944946289062, 1.0], [179.2122039794922, 250.20469665527344, 1.0], [142.08055114746094, 258.1251220703125, 1.0], [161.7322235107422, 247.29464721679688, 1.0], [205.16976928710938, 230.83517456054688, 1.0]], "is_left": 0}