{"hand_pts": [[30.40779685974121, 175.5054931640625, 1.0], [95.3502197265625, 224.6439208984375, 1.0], [130.462646484375, 271.14251708984375, 1.0], [160.5425262451172, 253.9438018798828, 1.0], [178.41354370117188, 224.93960571289062, 1.0], [159.68832397460938, 207.36105346679688, 1.0], [213.2012481689453, 238.52239990234375, 1.0], [245.11557006835938, 258.1261901855469, 1.0], [278.8211669921875, 273.5504455566406, 1.0], [144.6659698486328, 170.1126251220703, 1.0], [207.7111358642578, 174.25628662109375, 1.0], [229.8106231689453, 190.87554931640625, 1.0], [209.15777587890625, 210.11318969726562, 1.0], [131.20326232910156, 142.73849487304688, 1.0], [186.8455810546875, 125.06884765625, 1.0], [215.85675048828125, 131.5269775390625, 1.0], [238.6322021484375, 145.72401428222656, 1.0], [111.90567016601562, 118.41394805908203, 1.0], [152.85264587402344, 108.9673080444336, 1.0], [184.27435302734375, 110.6655044555664, 1.0], [215.87757873535156, 126.04511260986328, 1.0]], "is_left": 0}