{"hand_pts": [[320.1737060546875, 101.20796203613281, 1.0], [300.8931579589844, 140.60409545898438, 1.0], [292.4132080078125, 165.62380981445312, 1.0], [245.85955810546875, 179.3092498779297, 1.0], [203.1904296875, 180.81739807128906, 1.0], [254.21060180664062, 216.38319396972656, 1.0], [210.9259796142578, 230.6885528564453, 1.0], [186.01467895507812, 218.21234130859375, 1.0], [166.7224884033203, 196.29029846191406, 1.0], [227.22906494140625, 194.4785614013672, 1.0], [182.34385681152344, 246.5010528564453, 1.0], [145.7466278076172, 256.0626220703125, 1.0], [118.84300231933594, 246.01788330078125, 1.0], [204.79627990722656, 170.54364013671875, 1.0], [136.4564971923828, 179.1982421875, 1.0], [121.69318389892578, 156.16439819335938, 1.0], [143.79544067382812, 132.5122833251953, 1.0], [189.021728515625, 141.02093505859375, 1.0], [137.84495544433594, 143.7453155517578, 1.0], [117.60018157958984, 132.87059020996094, 1.0], [139.57571411132812, 121.8325424194336, 1.0]], "is_left": 0}