{"hand_pts": [[234.58981323242188, 20.59299087524414, 1.0], [250.06961059570312, 88.96537780761719, 1.0], [239.7675018310547, 145.13180541992188, 1.0], [239.57391357421875, 201.5658416748047, 1.0], [248.41925048828125, 225.7552032470703, 1.0], [163.29103088378906, 165.37777709960938, 1.0], [183.72555541992188, 227.07945251464844, 1.0], [221.78492736816406, 249.86167907714844, 1.0], [271.3575439453125, 250.63536071777344, 1.0], [152.78396606445312, 146.14312744140625, 1.0], [110.4365463256836, 221.80641174316406, 1.0], [163.8555908203125, 229.90731811523438, 1.0], [214.64096069335938, 203.10049438476562, 1.0], [153.97914123535156, 128.9649200439453, 1.0], [141.05133056640625, 181.16444396972656, 1.0], [156.73744201660156, 206.745361328125, 1.0], [205.12139892578125, 209.77304077148438, 1.0], [162.6834716796875, 106.14810943603516, 1.0], [136.35618591308594, 130.4700927734375, 1.0], [153.18263244628906, 154.91773986816406, 1.0], [170.29055786132812, 181.87155151367188, 1.0]], "is_left": 0}