{"hand_pts": [[79.43836975097656, 52.98930740356445, 1.0], [87.84284973144531, 112.43001556396484, 1.0], [71.88762664794922, 150.6813201904297, 1.0], [116.83245086669922, 183.2832489013672, 1.0], [174.031982421875, 181.9855499267578, 1.0], [100.54197692871094, 218.05979919433594, 1.0], [162.08685302734375, 240.62295532226562, 1.0], [186.2758026123047, 205.63514709472656, 1.0], [180.2179718017578, 158.9502410888672, 1.0], [131.55641174316406, 202.7969207763672, 1.0], [203.76512145996094, 248.66334533691406, 1.0], [227.84129333496094, 218.5848846435547, 1.0], [209.2724609375, 172.1134490966797, 1.0], [159.72747802734375, 185.18820190429688, 1.0], [237.77349853515625, 223.3013153076172, 1.0], [259.637939453125, 197.2632293701172, 1.0], [232.49229431152344, 160.47451782226562, 1.0], [183.86163330078125, 159.0238037109375, 1.0], [243.84591674804688, 168.5308837890625, 1.0], [254.95956420898438, 146.63961791992188, 1.0], [216.76040649414062, 126.77644348144531, 1.0]], "is_left": 0}