{"hand_pts": [[216.4089813232422, 214.16781616210938, 1.0], [246.6707305908203, 175.0423126220703, 1.0], [275.23175048828125, 150.12039184570312, 1.0], [256.39312744140625, 145.4857635498047, 1.0], [225.17799377441406, 148.2914276123047, 1.0], [164.6227569580078, 136.70555114746094, 1.0], [165.49571228027344, 114.29243469238281, 1.0], [192.09613037109375, 117.36163330078125, 1.0], [231.48672485351562, 144.41497802734375, 1.0], [135.31887817382812, 171.3977508544922, 1.0], [98.89425659179688, 147.146484375, 1.0], [141.83837890625, 156.3218994140625, 1.0], [196.1863555908203, 174.50689697265625, 1.0], [121.56063079833984, 202.45425415039062, 1.0], [169.92088317871094, 235.02133178710938, 1.0], [218.56591796875, 252.5343017578125, 1.0], [260.04388427734375, 262.0099792480469, 1.0], [117.33547973632812, 234.18470764160156, 1.0], [120.91053771972656, 238.68727111816406, 1.0], [165.6067657470703, 242.8137969970703, 1.0], [184.85743713378906, 240.70375061035156, 1.0]], "is_left": 0}