{"hand_pts": [[116.11518859863281, 32.84809875488281, 1.0], [147.0278778076172, 70.1835708618164, 1.0], [157.30172729492188, 85.36882781982422, 1.0], [188.49664306640625, 134.73574829101562, 1.0], [203.5837860107422, 160.09237670898438, 1.0], [120.52577209472656, 178.846923828125, 1.0], [157.5821533203125, 238.46603393554688, 1.0], [201.37599182128906, 239.35934448242188, 1.0], [229.25901794433594, 206.49974060058594, 1.0], [122.43746948242188, 189.10650634765625, 1.0], [193.21315002441406, 225.89845275878906, 1.0], [225.23072814941406, 184.77157592773438, 1.0], [226.0105743408203, 134.5236358642578, 1.0], [130.82675170898438, 191.6300506591797, 1.0], [195.87379455566406, 232.19259643554688, 1.0], [235.67051696777344, 214.2054901123047, 1.0], [229.2692413330078, 168.63839721679688, 1.0], [140.54144287109375, 183.4716796875, 1.0], [169.73611450195312, 229.5452880859375, 1.0], [195.24957275390625, 208.17276000976562, 1.0], [173.5953826904297, 174.39488220214844, 1.0]], "is_left": 0}