{"hand_pts": [[7.035252094268799, 284.4877624511719, 1.0], [78.52147674560547, 256.32623291015625, 1.0], [114.57748413085938, 246.3463134765625, 1.0], [174.41380310058594, 236.67019653320312, 1.0], [204.80963134765625, 234.64962768554688, 1.0], [136.27493286132812, 141.45693969726562, 1.0], [211.83140563964844, 130.50161743164062, 1.0], [233.17636108398438, 167.0894317626953, 1.0], [225.42417907714844, 213.07513427734375, 1.0], [130.40113830566406, 139.71734619140625, 1.0], [222.08529663085938, 120.9233627319336, 1.0], [237.79461669921875, 168.28424072265625, 1.0], [216.59486389160156, 218.61183166503906, 1.0], [127.72797393798828, 147.19007873535156, 1.0], [213.79209899902344, 133.24107360839844, 1.0], [225.80075073242188, 176.23367309570312, 1.0], [195.83677673339844, 217.29379272460938, 1.0], [119.11511993408203, 165.3701934814453, 1.0], [172.7007293701172, 159.7088623046875, 1.0], [193.74072265625, 187.85568237304688, 1.0], [181.280029296875, 222.75332641601562, 1.0]], "is_left": 0}