{"hand_pts": [[240.23268127441406, 178.80686950683594, 1.0], [221.14450073242188, 225.19515991210938, 1.0], [210.82022094726562, 271.0521545410156, 1.0], [189.02586364746094, 300.2585754394531, 1.0], [157.0042266845703, 293.6971130371094, 1.0], [248.46905517578125, 194.14283752441406, 1.0], [237.3464813232422, 199.0681915283203, 1.0], [195.0933074951172, 215.0025634765625, 1.0], [151.6885223388672, 230.20716857910156, 1.0], [236.7938995361328, 156.83493041992188, 1.0], [212.9242706298828, 152.802734375, 1.0], [167.9261016845703, 175.76292419433594, 1.0], [126.93399047851562, 196.0404815673828, 1.0], [220.71044921875, 132.25160217285156, 1.0], [169.42933654785156, 133.5487060546875, 1.0], [126.88746643066406, 152.3860321044922, 1.0], [95.06551361083984, 181.01263427734375, 1.0], [204.00918579101562, 113.18046569824219, 1.0], [189.89535522460938, 100.5303955078125, 1.0], [161.8727264404297, 116.7090835571289, 1.0], [135.43556213378906, 147.536865234375, 1.0]], "is_left": 0}