{"hand_pts": [[282.3344421386719, 255.67381286621094, 1.0], [235.10308837890625, 216.17080688476562, 1.0], [196.57252502441406, 183.4874267578125, 1.0], [166.32522583007812, 153.57676696777344, 1.0], [140.83164978027344, 126.52159118652344, 1.0], [186.799072265625, 209.8013916015625, 1.0], [139.94664001464844, 194.55032348632812, 1.0], [112.25228881835938, 179.7078857421875, 1.0], [84.06262969970703, 171.2166290283203, 1.0], [216.13739013671875, 213.74325561523438, 1.0], [166.02447509765625, 195.77699279785156, 1.0], [137.9299774169922, 173.21435546875, 1.0], [109.99549102783203, 156.5862579345703, 1.0], [242.5109405517578, 213.0665283203125, 1.0], [203.44754028320312, 190.87945556640625, 1.0], [184.1906280517578, 166.30227661132812, 1.0], [165.23716735839844, 142.78860473632812, 1.0], [271.28399658203125, 213.3792724609375, 1.0], [253.37979125976562, 195.4923858642578, 1.0], [240.88671875, 177.70164489746094, 1.0], [226.23709106445312, 156.17005920410156, 1.0]], "is_left": 0}