{"hand_pts": [[290.0223083496094, 83.54522705078125, 1.0], [240.73025512695312, 92.23282623291016, 1.0], [225.9398651123047, 78.10520935058594, 1.0], [168.04591369628906, 99.00897216796875, 1.0], [131.1431884765625, 127.73123168945312, 1.0], [261.32965087890625, 181.93016052246094, 1.0], [187.9508819580078, 204.38897705078125, 1.0], [148.31285095214844, 180.4083251953125, 1.0], [150.38795471191406, 149.5157470703125, 1.0], [263.37091064453125, 207.8973388671875, 1.0], [171.66836547851562, 237.76171875, 1.0], [134.32363891601562, 199.15740966796875, 1.0], [150.25013732910156, 156.3022003173828, 1.0], [256.8896789550781, 223.19293212890625, 1.0], [170.1907196044922, 258.1392822265625, 1.0], [137.08010864257812, 222.7105255126953, 1.0], [153.5800323486328, 180.68637084960938, 1.0], [249.4173126220703, 228.49655151367188, 1.0], [188.71409606933594, 249.32289123535156, 1.0], [161.310791015625, 218.3513946533203, 1.0], [182.7718048095703, 181.2821044921875, 1.0]], "is_left": 0}