{"hand_pts": [[152.5501251220703, 147.75872802734375, 1.0], [126.41829681396484, 189.2956085205078, 1.0], [88.9161148071289, 225.7257843017578, 1.0], [67.25019073486328, 253.8585968017578, 1.0], [87.997802734375, 260.61505126953125, 1.0], [158.1350860595703, 164.7091064453125, 1.0], [157.40579223632812, 190.5304412841797, 1.0], [155.09609985351562, 215.49203491210938, 1.0], [154.26905822753906, 237.5592041015625, 1.0], [190.8412628173828, 144.18003845214844, 1.0], [197.06849670410156, 160.3331298828125, 1.0], [181.71188354492188, 197.99342346191406, 1.0], [166.8684844970703, 231.06619262695312, 1.0], [215.17413330078125, 132.5619354248047, 1.0], [233.91726684570312, 161.37098693847656, 1.0], [235.51321411132812, 187.2577667236328, 1.0], [218.57864379882812, 220.1512908935547, 1.0], [235.06716918945312, 123.76640319824219, 1.0], [262.2408447265625, 124.74119567871094, 1.0], [272.4765930175781, 136.43711853027344, 1.0], [269.11053466796875, 160.83526611328125, 1.0]], "is_left": 0}