{"hand_pts": [[222.99383544921875, 290.5604553222656, 1.0], [170.78057861328125, 292.9333190917969, 1.0], [123.32176208496094, 307.63226318359375, 1.0], [92.46623992919922, 283.2798767089844, 1.0], [84.61370849609375, 239.45172119140625, 1.0], [207.28346252441406, 250.63186645507812, 1.0], [186.23095703125, 214.8338623046875, 1.0], [153.65394592285156, 190.84034729003906, 1.0], [120.3338394165039, 169.27865600585938, 1.0], [235.89154052734375, 216.815185546875, 1.0], [223.71798706054688, 169.94970703125, 1.0], [189.12338256835938, 144.85386657714844, 1.0], [148.49789428710938, 127.37825775146484, 1.0], [251.17227172851562, 191.10731506347656, 1.0], [229.66819763183594, 135.6340789794922, 1.0], [194.2593994140625, 115.69963836669922, 1.0], [154.22317504882812, 109.72550964355469, 1.0], [261.57098388671875, 172.4844970703125, 1.0], [243.28665161132812, 130.1772003173828, 1.0], [214.57432556152344, 114.7940902709961, 1.0], [178.65374755859375, 116.62002563476562, 1.0]], "is_left": 0}