{"hand_pts": [[321.6995849609375, 76.08818054199219, 1.0], [299.7032165527344, 145.7433624267578, 1.0], [299.8509521484375, 204.2661590576172, 1.0], [267.31256103515625, 246.28079223632812, 1.0], [226.59573364257812, 254.79718017578125, 1.0], [213.45285034179688, 153.7131805419922, 1.0], [173.168212890625, 206.48492431640625, 1.0], [169.29248046875, 240.0642852783203, 1.0], [175.69686889648438, 265.35498046875, 1.0], [197.6483917236328, 124.91586303710938, 1.0], [138.4390106201172, 176.13232421875, 1.0], [140.92324829101562, 217.70008850097656, 1.0], [157.70046997070312, 250.14697265625, 1.0], [189.7321014404297, 106.45726013183594, 1.0], [130.92071533203125, 148.26734924316406, 1.0], [129.36700439453125, 184.35256958007812, 1.0], [145.84683227539062, 215.26577758789062, 1.0], [190.96961975097656, 88.6606216430664, 1.0], [154.02426147460938, 115.5261001586914, 1.0], [149.6566619873047, 145.49887084960938, 1.0], [170.8204803466797, 174.04859924316406, 1.0]], "is_left": 0}