{"hand_pts": [[47.66535568237305, 295.76348876953125, 1.0], [78.16835021972656, 219.12692260742188, 1.0], [109.89910888671875, 169.08633422851562, 1.0], [146.3956756591797, 128.99490356445312, 1.0], [171.5184783935547, 114.4562759399414, 1.0], [191.06141662597656, 209.2501983642578, 1.0], [234.87252807617188, 167.55467224121094, 1.0], [219.6954803466797, 133.67552185058594, 1.0], [194.4495849609375, 105.5792465209961, 1.0], [186.17987060546875, 238.9334716796875, 1.0], [209.76344299316406, 181.99037170410156, 1.0], [199.4822998046875, 140.64125061035156, 1.0], [190.27586364746094, 102.77023315429688, 1.0], [173.4846649169922, 257.4784240722656, 1.0], [234.27484130859375, 235.45909118652344, 1.0], [232.59556579589844, 197.89439392089844, 1.0], [219.52023315429688, 159.79876708984375, 1.0], [151.49147033691406, 275.4827575683594, 1.0], [167.58096313476562, 249.1132049560547, 1.0], [162.63780212402344, 220.28053283691406, 1.0], [136.08802795410156, 189.66929626464844, 1.0]], "is_left": 0}