{"hand_pts": [[42.72450637817383, 226.36734008789062, 1.0], [119.06558227539062, 244.8873291015625, 1.0], [167.57379150390625, 278.7095947265625, 1.0], [218.15411376953125, 282.71356201171875, 1.0], [260.6761779785156, 265.5918884277344, 1.0], [163.33648681640625, 231.07656860351562, 1.0], [206.89620971679688, 228.45387268066406, 1.0], [236.21116638183594, 209.75497436523438, 1.0], [266.6142578125, 192.6071319580078, 1.0], [138.034423828125, 194.86917114257812, 1.0], [190.4912109375, 169.70529174804688, 1.0], [225.3246307373047, 152.44595336914062, 1.0], [243.65884399414062, 144.1737823486328, 1.0], [119.59269714355469, 165.4873809814453, 1.0], [178.35874938964844, 142.06927490234375, 1.0], [189.7704315185547, 138.02777099609375, 1.0], [176.10971069335938, 146.2648162841797, 1.0], [98.41827392578125, 139.8973846435547, 1.0], [133.34901428222656, 115.7428207397461, 1.0], [153.6548309326172, 109.05790710449219, 1.0], [154.15371704101562, 119.59446716308594, 1.0]], "is_left": 0}