{"hand_pts": [[303.0379638671875, 326.28857421875, 1.0], [281.7278747558594, 264.20513916015625, 1.0], [278.1547546386719, 223.400146484375, 1.0], [231.2330322265625, 190.00469970703125, 1.0], [179.4926300048828, 182.63467407226562, 1.0], [267.8349914550781, 157.541015625, 1.0], [217.3975372314453, 104.54973602294922, 1.0], [177.38226318359375, 117.22684478759766, 1.0], [147.32308959960938, 149.5227508544922, 1.0], [246.63812255859375, 179.7269287109375, 1.0], [174.5751495361328, 129.41941833496094, 1.0], [138.68824768066406, 151.967041015625, 1.0], [128.93214416503906, 192.8450164794922, 1.0], [226.26678466796875, 203.18212890625, 1.0], [156.53660583496094, 156.87887573242188, 1.0], [119.9336929321289, 168.71669006347656, 1.0], [108.97084045410156, 200.14463806152344, 1.0], [209.65341186523438, 234.30055236816406, 1.0], [154.3861846923828, 223.6037139892578, 1.0], [124.55296325683594, 235.36106872558594, 1.0], [122.98011779785156, 259.0066833496094, 1.0]], "is_left": 0}