{"hand_pts": [[159.64785766601562, 261.4633483886719, 1.0], [195.78224182128906, 204.74147033691406, 1.0], [212.89915466308594, 148.11898803710938, 1.0], [236.4360809326172, 103.77938842773438, 1.0], [265.3970031738281, 74.24210357666016, 1.0], [152.0319061279297, 154.25897216796875, 1.0], [139.48765563964844, 102.18595123291016, 1.0], [174.30393981933594, 107.11737060546875, 1.0], [204.1110382080078, 135.4449920654297, 1.0], [135.4171600341797, 190.0218505859375, 1.0], [182.28489685058594, 155.58346557617188, 1.0], [221.08111572265625, 174.09095764160156, 1.0], [205.56155395507812, 195.45779418945312, 1.0], [129.48805236816406, 221.13040161132812, 1.0], [150.15707397460938, 217.70628356933594, 1.0], [191.3490447998047, 227.4443817138672, 1.0], [204.59713745117188, 231.63011169433594, 1.0], [128.0835723876953, 254.30715942382812, 1.0], [163.6001739501953, 264.1537780761719, 1.0], [188.56846618652344, 269.1543884277344, 1.0], [190.49349975585938, 266.6714782714844, 1.0]], "is_left": 0}