{"hand_pts": [[187.70774841308594, 294.3013610839844, 1.0], [145.03912353515625, 264.7217712402344, 1.0], [99.35961151123047, 261.9137268066406, 1.0], [75.39933776855469, 215.63360595703125, 1.0], [88.12114715576172, 170.3524932861328, 1.0], [189.3505401611328, 241.69053649902344, 1.0], [163.96324157714844, 179.710205078125, 1.0], [138.552734375, 160.3229217529297, 1.0], [125.62840270996094, 168.31884765625, 1.0], [227.27169799804688, 229.6417236328125, 1.0], [210.3673858642578, 149.38136291503906, 1.0], [173.97645568847656, 133.9458770751953, 1.0], [149.7365264892578, 159.6741180419922, 1.0], [251.62545776367188, 217.3079833984375, 1.0], [251.37351989746094, 142.25999450683594, 1.0], [215.02735900878906, 136.6344451904297, 1.0], [195.11460876464844, 168.68572998046875, 1.0], [269.3149719238281, 208.80137634277344, 1.0], [269.30450439453125, 155.92626953125, 1.0], [236.10545349121094, 151.5928192138672, 1.0], [211.280029296875, 181.04571533203125, 1.0]], "is_left": 0}