{"hand_pts": [[70.16139221191406, 133.41546630859375, 1.0], [110.66876220703125, 193.4294891357422, 1.0], [146.34608459472656, 244.9317626953125, 1.0], [171.9253387451172, 285.6921081542969, 1.0], [178.29205322265625, 300.08673095703125, 1.0], [191.4033203125, 184.78099060058594, 1.0], [215.0688934326172, 235.66796875, 1.0], [180.35580444335938, 247.45230102539062, 1.0], [142.26625061035156, 243.8103485107422, 1.0], [179.35696411132812, 147.5266571044922, 1.0], [239.04635620117188, 146.5982666015625, 1.0], [255.39199829101562, 168.3581085205078, 1.0], [236.31422424316406, 198.81808471679688, 1.0], [164.46664428710938, 121.4450912475586, 1.0], [217.043701171875, 132.00497436523438, 1.0], [210.80020141601562, 161.28646850585938, 1.0], [181.55299377441406, 184.09532165527344, 1.0], [142.88433837890625, 98.1036376953125, 1.0], [172.1386260986328, 100.9289321899414, 1.0], [166.43177795410156, 129.15304565429688, 1.0], [143.9989013671875, 152.54183959960938, 1.0]], "is_left": 0}