{"hand_pts": [[163.2531280517578, 227.321044921875, 1.0], [173.49169921875, 159.76010131835938, 1.0], [201.3668975830078, 99.08019256591797, 1.0], [181.27481079101562, 84.17239379882812, 1.0], [150.32037353515625, 124.33025360107422, 1.0], [246.97787475585938, 175.53009033203125, 1.0], [203.05209350585938, 123.08734130859375, 1.0], [165.9258575439453, 121.54625701904297, 1.0], [141.43194580078125, 133.0139923095703, 1.0], [237.15817260742188, 220.1929168701172, 1.0], [287.33587646484375, 200.56800842285156, 1.0], [248.06509399414062, 165.34426879882812, 1.0], [216.21453857421875, 131.9983673095703, 1.0], [221.65367126464844, 251.10484313964844, 1.0], [157.43064880371094, 229.91403198242188, 1.0], [113.81754302978516, 214.47531127929688, 1.0], [70.92243957519531, 199.07839965820312, 1.0], [200.82608032226562, 277.99371337890625, 1.0], [153.62210083007812, 269.1214294433594, 1.0], [125.17577362060547, 249.2177734375, 1.0], [152.41529846191406, 248.09320068359375, 1.0]], "is_left": 0}