{"hand_pts": [[209.53529357910156, 257.2544860839844, 1.0], [190.4058074951172, 172.12509155273438, 1.0], [176.2246551513672, 110.20909118652344, 1.0], [172.06675720214844, 118.25890350341797, 1.0], [176.80709838867188, 160.2793731689453, 1.0], [228.60177612304688, 153.72654724121094, 1.0], [228.065673828125, 125.82646179199219, 1.0], [200.3149871826172, 111.94390869140625, 1.0], [162.62359619140625, 108.26910400390625, 1.0], [222.35964965820312, 209.2761993408203, 1.0], [225.6204833984375, 169.92694091796875, 1.0], [183.69680786132812, 151.4348602294922, 1.0], [153.34825134277344, 153.32525634765625, 1.0], [210.53526306152344, 251.0755157470703, 1.0], [195.5664825439453, 224.74371337890625, 1.0], [159.34576416015625, 207.00897216796875, 1.0], [125.0936050415039, 192.0655975341797, 1.0], [196.72683715820312, 290.65399169921875, 1.0], [180.117919921875, 279.1935729980469, 1.0], [152.88357543945312, 260.0203552246094, 1.0], [141.2215576171875, 249.73223876953125, 1.0]], "is_left": 0}