{"hand_pts": [[230.64268493652344, 267.5804443359375, 1.0], [255.58428955078125, 223.6400909423828, 1.0], [299.10443115234375, 191.22523498535156, 1.0], [283.7082824707031, 149.08749389648438, 1.0], [235.9174041748047, 128.42266845703125, 1.0], [223.28562927246094, 251.95767211914062, 1.0], [214.4215087890625, 201.86671447753906, 1.0], [213.35264587402344, 154.6337432861328, 1.0], [214.50379943847656, 122.33562469482422, 1.0], [185.63633728027344, 260.6540222167969, 1.0], [160.9779052734375, 195.1180877685547, 1.0], [171.09100341796875, 144.17050170898438, 1.0], [192.70562744140625, 123.23868560791016, 1.0], [157.42483520507812, 260.2341613769531, 1.0], [119.85974884033203, 198.49278259277344, 1.0], [128.4964141845703, 153.5635223388672, 1.0], [152.04518127441406, 128.80824279785156, 1.0], [134.65225219726562, 257.5513916015625, 1.0], [104.12448120117188, 213.54957580566406, 1.0], [107.00529479980469, 173.18093872070312, 1.0], [136.4906768798828, 153.8031768798828, 1.0]], "is_left": 0}