{"hand_pts": [[168.8621368408203, 335.8331298828125, 1.0], [141.62051391601562, 281.42864990234375, 1.0], [122.81355285644531, 277.161376953125, 1.0], [154.67520141601562, 254.10678100585938, 1.0], [199.4213104248047, 233.2801513671875, 1.0], [113.61990356445312, 164.16070556640625, 1.0], [120.2125015258789, 118.74160766601562, 1.0], [144.1719207763672, 130.80331420898438, 1.0], [171.03176879882812, 166.37905883789062, 1.0], [151.2998809814453, 166.54750061035156, 1.0], [168.58056640625, 122.40621948242188, 1.0], [186.49526977539062, 145.55145263671875, 1.0], [193.2234344482422, 197.79159545898438, 1.0], [185.5462646484375, 174.69622802734375, 1.0], [214.40032958984375, 145.25799560546875, 1.0], [221.55422973632812, 191.832763671875, 1.0], [229.50762939453125, 235.6273956298828, 1.0], [219.14776611328125, 193.64608764648438, 1.0], [242.8058319091797, 145.99627685546875, 1.0], [248.91543579101562, 159.3052520751953, 1.0], [236.3460235595703, 195.04066467285156, 1.0]], "is_left": 0}