{"hand_pts": [[299.681640625, 209.87657165527344, 1.0], [240.60696411132812, 208.0253143310547, 1.0], [196.9156951904297, 196.70355224609375, 1.0], [148.48648071289062, 187.88746643066406, 1.0], [100.51509857177734, 181.11058044433594, 1.0], [209.0808563232422, 169.06777954101562, 1.0], [160.7764129638672, 161.9959716796875, 1.0], [139.2301788330078, 179.1885223388672, 1.0], [131.4126739501953, 199.8924560546875, 1.0], [229.5791473388672, 169.45867919921875, 1.0], [163.50692749023438, 162.00965881347656, 1.0], [118.89772033691406, 166.2855987548828, 1.0], [77.81558227539062, 176.517822265625, 1.0], [243.55718994140625, 173.48919677734375, 1.0], [203.1956329345703, 196.81097412109375, 1.0], [193.29757690429688, 217.8598175048828, 1.0], [204.81576538085938, 231.6560821533203, 1.0], [259.06591796875, 180.5641326904297, 1.0], [241.79522705078125, 170.09898376464844, 1.0], [214.82666015625, 179.19247436523438, 1.0], [201.7332763671875, 192.76858520507812, 1.0]], "is_left": 0}