{"hand_pts": [[291.49737548828125, 246.51324462890625, 1.0], [259.3981018066406, 237.96664428710938, 1.0], [261.4132995605469, 229.1260223388672, 1.0], [246.0941162109375, 200.07005310058594, 1.0], [217.8295135498047, 161.6790008544922, 1.0], [159.03909301757812, 246.76608276367188, 1.0], [163.51840209960938, 191.55726623535156, 1.0], [207.19480895996094, 186.6706085205078, 1.0], [249.1004180908203, 182.09793090820312, 1.0], [153.730712890625, 228.33583068847656, 1.0], [84.77933502197266, 211.88502502441406, 1.0], [96.24684143066406, 179.01670837402344, 1.0], [105.53752136230469, 148.61355590820312, 1.0], [155.84078979492188, 209.19244384765625, 1.0], [150.41748046875, 156.54946899414062, 1.0], [187.653564453125, 139.38970947265625, 1.0], [228.28868103027344, 152.66543579101562, 1.0], [167.5603485107422, 190.97264099121094, 1.0], [170.41253662109375, 147.5074005126953, 1.0], [199.35430908203125, 131.80987548828125, 1.0], [230.61061096191406, 153.8125762939453, 1.0]], "is_left": 0}