{"hand_pts": [[51.413509368896484, 73.00161743164062, 1.0], [93.02580261230469, 95.9044418334961, 1.0], [106.76666259765625, 98.2685775756836, 1.0], [169.3325653076172, 120.68171691894531, 1.0], [214.4406280517578, 139.04446411132812, 1.0], [100.38520050048828, 199.36419677734375, 1.0], [169.54385375976562, 232.4252471923828, 1.0], [215.8751983642578, 210.47813415527344, 1.0], [225.27479553222656, 169.92686462402344, 1.0], [111.0326919555664, 208.9389190673828, 1.0], [195.98851013183594, 246.95706176757812, 1.0], [235.42776489257812, 210.4243927001953, 1.0], [245.4839324951172, 163.56246948242188, 1.0], [125.10331726074219, 209.5507354736328, 1.0], [214.6496124267578, 233.89761352539062, 1.0], [236.48829650878906, 193.80755615234375, 1.0], [217.0589599609375, 152.21762084960938, 1.0], [136.6107177734375, 200.29388427734375, 1.0], [197.1106414794922, 220.09255981445312, 1.0], [223.24945068359375, 194.25888061523438, 1.0], [202.6321258544922, 160.17494201660156, 1.0]], "is_left": 0}