{"hand_pts": [[25.04599380493164, 255.52484130859375, 1.0], [93.26126098632812, 225.6611328125, 1.0], [149.15809631347656, 199.0768585205078, 1.0], [201.66360473632812, 179.83917236328125, 1.0], [250.3981475830078, 163.8750762939453, 1.0], [141.2534637451172, 183.00990295410156, 1.0], [179.1380157470703, 137.5391845703125, 1.0], [206.55616760253906, 110.32698822021484, 1.0], [222.0419921875, 79.56243133544922, 1.0], [135.71908569335938, 210.39031982421875, 1.0], [184.78269958496094, 164.35018920898438, 1.0], [223.77452087402344, 139.50669860839844, 1.0], [250.40122985839844, 111.67975616455078, 1.0], [133.95179748535156, 236.53106689453125, 1.0], [182.06182861328125, 201.83084106445312, 1.0], [220.55435180664062, 186.4117889404297, 1.0], [253.81211853027344, 169.5159912109375, 1.0], [127.21196746826172, 264.3224182128906, 1.0], [165.65206909179688, 252.72024536132812, 1.0], [196.2613525390625, 245.64129638671875, 1.0], [228.2294464111328, 236.27493286132812, 1.0]], "is_left": 0}