{"hand_pts": [[300.9842529296875, 211.49888610839844, 1.0], [278.9944152832031, 236.0780487060547, 1.0], [290.62347412109375, 239.70484924316406, 1.0], [275.3912658691406, 234.7335205078125, 1.0], [231.68807983398438, 220.07594299316406, 1.0], [238.85202026367188, 172.15406799316406, 1.0], [197.560546875, 144.890625, 1.0], [169.20919799804688, 175.7551727294922, 1.0], [180.06033325195312, 204.5667266845703, 1.0], [219.6946563720703, 153.98980712890625, 1.0], [168.55300903320312, 199.10633850097656, 1.0], [144.6728515625, 237.6147003173828, 1.0], [162.62757873535156, 272.1362609863281, 1.0], [203.71217346191406, 147.36721801757812, 1.0], [137.73776245117188, 134.01861572265625, 1.0], [98.9061508178711, 141.04856872558594, 1.0], [91.09891510009766, 181.18148803710938, 1.0], [193.44924926757812, 147.33416748046875, 1.0], [154.1645050048828, 128.56668090820312, 1.0], [130.46603393554688, 146.6887969970703, 1.0], [130.68215942382812, 182.57595825195312, 1.0]], "is_left": 0}