{"hand_pts": [[243.13363647460938, 281.4820251464844, 1.0], [184.93081665039062, 282.63360595703125, 1.0], [138.69459533691406, 292.68341064453125, 1.0], [103.1170425415039, 286.97479248046875, 1.0], [78.15689086914062, 269.1269226074219, 1.0], [205.7321014404297, 210.72792053222656, 1.0], [181.83277893066406, 177.51718139648438, 1.0], [151.82054138183594, 165.92359924316406, 1.0], [125.87213134765625, 152.34446716308594, 1.0], [233.928466796875, 189.09100341796875, 1.0], [183.0186309814453, 162.54615783691406, 1.0], [135.9647674560547, 177.7288360595703, 1.0], [94.65372467041016, 189.52516174316406, 1.0], [249.90689086914062, 177.6088104248047, 1.0], [254.16799926757812, 114.74342346191406, 1.0], [229.06204223632812, 96.9937744140625, 1.0], [184.58340454101562, 110.6546630859375, 1.0], [262.47125244140625, 174.55538940429688, 1.0], [248.45118713378906, 143.27635192871094, 1.0], [211.30392456054688, 155.51239013671875, 1.0], [171.2697296142578, 173.81695556640625, 1.0]], "is_left": 0}