{"hand_pts": [[274.6170959472656, 241.0959014892578, 1.0], [211.3402099609375, 257.27313232421875, 1.0], [173.68260192871094, 286.6352844238281, 1.0], [139.39306640625, 269.1152648925781, 1.0], [118.56098175048828, 237.52981567382812, 1.0], [204.26795959472656, 231.6891632080078, 1.0], [151.3827362060547, 219.10926818847656, 1.0], [146.29931640625, 219.41110229492188, 1.0], [165.04843139648438, 223.82907104492188, 1.0], [229.51138305664062, 195.5233612060547, 1.0], [205.86126708984375, 184.48184204101562, 1.0], [166.64761352539062, 174.8401336669922, 1.0], [132.47056579589844, 168.48536682128906, 1.0], [245.38258361816406, 167.1811981201172, 1.0], [193.88656616210938, 145.1317138671875, 1.0], [160.28915405273438, 135.25303649902344, 1.0], [128.0900421142578, 125.19596099853516, 1.0], [260.7439270019531, 144.18357849121094, 1.0], [240.56472778320312, 117.32694244384766, 1.0], [221.98123168945312, 99.95946502685547, 1.0], [199.4046173095703, 83.93085479736328, 1.0]], "is_left": 0}