{"hand_pts": [[32.26869201660156, 203.75450134277344, 1.0], [69.633544921875, 235.32586669921875, 1.0], [82.7457275390625, 272.28558349609375, 1.0], [125.6481704711914, 290.8118591308594, 1.0], [176.5193328857422, 277.3851623535156, 1.0], [115.75696563720703, 176.31861877441406, 1.0], [173.2634735107422, 172.69290161132812, 1.0], [209.3284149169922, 194.29217529296875, 1.0], [222.92030334472656, 220.404052734375, 1.0], [131.2005157470703, 145.88072204589844, 1.0], [210.63555908203125, 162.3509521484375, 1.0], [230.26223754882812, 201.10946655273438, 1.0], [233.4296875, 239.40769958496094, 1.0], [145.22267150878906, 127.9822998046875, 1.0], [224.0142822265625, 113.39265441894531, 1.0], [250.7028350830078, 144.3299102783203, 1.0], [246.37684631347656, 182.0380096435547, 1.0], [153.2725067138672, 117.087890625, 1.0], [209.1392822265625, 106.9717025756836, 1.0], [228.6013946533203, 134.90884399414062, 1.0], [209.43759155273438, 168.53981018066406, 1.0]], "is_left": 0}