{"hand_pts": [[28.506208419799805, 145.8922119140625, 1.0], [69.63275909423828, 194.7715301513672, 1.0], [93.44784545898438, 248.2666015625, 1.0], [136.02761840820312, 268.46038818359375, 1.0], [172.02188110351562, 250.5716552734375, 1.0], [149.66815185546875, 187.940673828125, 1.0], [204.74745178222656, 212.07810974121094, 1.0], [219.9783172607422, 228.48233032226562, 1.0], [224.70016479492188, 241.32269287109375, 1.0], [151.3394775390625, 155.16310119628906, 1.0], [222.7564697265625, 169.30067443847656, 1.0], [251.4340057373047, 189.79759216308594, 1.0], [261.48876953125, 212.9109344482422, 1.0], [149.40725708007812, 131.39414978027344, 1.0], [210.0685272216797, 146.57537841796875, 1.0], [217.03395080566406, 166.83387756347656, 1.0], [212.0919647216797, 188.504150390625, 1.0], [139.68467712402344, 109.84124755859375, 1.0], [183.53192138671875, 108.51981353759766, 1.0], [195.40460205078125, 126.06201934814453, 1.0], [190.1864013671875, 151.9630889892578, 1.0]], "is_left": 0}