{"hand_pts": [[42.90691375732422, 129.6214141845703, 1.0], [66.32034301757812, 169.93145751953125, 1.0], [76.69666290283203, 202.03997802734375, 1.0], [100.65125274658203, 222.13133239746094, 1.0], [129.5779571533203, 234.5962371826172, 1.0], [144.74273681640625, 199.28652954101562, 1.0], [183.6221466064453, 227.85678100585938, 1.0], [207.65487670898438, 241.89503479003906, 1.0], [231.81930541992188, 256.01641845703125, 1.0], [155.76397705078125, 168.9756622314453, 1.0], [208.73434448242188, 192.90467834472656, 1.0], [233.87429809570312, 203.23550415039062, 1.0], [256.5309753417969, 212.45787048339844, 1.0], [160.64276123046875, 143.08518981933594, 1.0], [212.52810668945312, 158.71835327148438, 1.0], [234.61300659179688, 164.60472106933594, 1.0], [251.92019653320312, 169.3255615234375, 1.0], [157.71697998046875, 116.65312957763672, 1.0], [193.52976989746094, 119.98182678222656, 1.0], [212.40577697753906, 122.46466064453125, 1.0], [227.9333953857422, 126.51261138916016, 1.0]], "is_left": 0}