{"hand_pts": [[153.35379028320312, 11.092507362365723, 1.0], [191.53013610839844, 74.70722198486328, 1.0], [220.4622802734375, 112.7747573852539, 1.0], [249.95643615722656, 162.66136169433594, 1.0], [271.21429443359375, 207.173828125, 1.0], [133.50161743164062, 148.27162170410156, 1.0], [168.18849182128906, 212.2384490966797, 1.0], [210.29095458984375, 239.5566864013672, 1.0], [254.4753875732422, 240.78697204589844, 1.0], [117.76388549804688, 139.58673095703125, 1.0], [135.6687774658203, 217.32696533203125, 1.0], [184.41827392578125, 247.38320922851562, 1.0], [235.1547393798828, 262.8241271972656, 1.0], [114.38900756835938, 131.71359252929688, 1.0], [144.8643035888672, 199.4932403564453, 1.0], [193.1409454345703, 212.943603515625, 1.0], [238.9160614013672, 210.37893676757812, 1.0], [116.50688934326172, 117.33563995361328, 1.0], [134.60154724121094, 160.2557373046875, 1.0], [173.5196075439453, 176.12547302246094, 1.0], [212.31285095214844, 173.2035675048828, 1.0]], "is_left": 0}