{"hand_pts": [[103.66646575927734, 116.18620300292969, 1.0], [186.33651733398438, 132.93978881835938, 1.0], [247.29351806640625, 172.59075927734375, 1.0], [270.973876953125, 148.90142822265625, 1.0], [250.31639099121094, 109.28038787841797, 1.0], [193.7018585205078, 211.8466339111328, 1.0], [225.05740356445312, 255.65191650390625, 1.0], [249.89834594726562, 266.5855712890625, 1.0], [272.76495361328125, 237.43075561523438, 1.0], [149.7164306640625, 196.52337646484375, 1.0], [194.2569580078125, 211.99966430664062, 1.0], [224.72488403320312, 165.77784729003906, 1.0], [253.98471069335938, 122.49723052978516, 1.0], [118.76492309570312, 176.40316772460938, 1.0], [110.68659210205078, 213.31788635253906, 1.0], [124.11536407470703, 216.27032470703125, 1.0], [158.13343811035156, 193.1742706298828, 1.0], [89.58865356445312, 151.0775146484375, 1.0], [102.65889739990234, 159.65464782714844, 1.0], [117.67459869384766, 159.05307006835938, 1.0], [149.46067810058594, 132.4671630859375, 1.0]], "is_left": 0}