{"hand_pts": [[81.62544250488281, 173.03773498535156, 1.0], [134.9136505126953, 137.74888610839844, 1.0], [173.96351623535156, 84.85507202148438, 1.0], [217.8282012939453, 78.82601165771484, 1.0], [247.55638122558594, 108.09488677978516, 1.0], [130.85205078125, 141.21554565429688, 1.0], [183.4215087890625, 139.67764282226562, 1.0], [225.8228302001953, 144.55838012695312, 1.0], [267.3990173339844, 152.6006622314453, 1.0], [115.38298034667969, 181.7606201171875, 1.0], [179.62123107910156, 181.88929748535156, 1.0], [230.41903686523438, 179.74777221679688, 1.0], [275.4681091308594, 176.76016235351562, 1.0], [108.49586486816406, 213.9276123046875, 1.0], [163.94471740722656, 234.34608459472656, 1.0], [207.96395874023438, 239.4713134765625, 1.0], [248.5532989501953, 238.63619995117188, 1.0], [102.33805847167969, 242.5120086669922, 1.0], [133.87188720703125, 267.9756164550781, 1.0], [167.15438842773438, 277.782470703125, 1.0], [204.87954711914062, 271.9877014160156, 1.0]], "is_left": 0}