{"hand_pts": [[258.2142028808594, 32.64780044555664, 1.0], [236.41893005371094, 72.77184295654297, 1.0], [218.764404296875, 105.31094360351562, 1.0], [198.48095703125, 139.37942504882812, 1.0], [177.82952880859375, 173.03518676757812, 1.0], [234.2508544921875, 155.8021697998047, 1.0], [226.94004821777344, 213.46002197265625, 1.0], [207.52325439453125, 243.046875, 1.0], [188.8927764892578, 271.42352294921875, 1.0], [219.87940979003906, 147.96954345703125, 1.0], [193.0819854736328, 213.61968994140625, 1.0], [162.50140380859375, 239.49111938476562, 1.0], [136.7742156982422, 266.6402587890625, 1.0], [203.77975463867188, 136.12745666503906, 1.0], [170.4522247314453, 196.77088928222656, 1.0], [138.5731964111328, 217.12330627441406, 1.0], [106.1798324584961, 231.17970275878906, 1.0], [189.30165100097656, 116.6546401977539, 1.0], [162.18109130859375, 155.9844970703125, 1.0], [138.48019409179688, 179.09434509277344, 1.0], [113.4832763671875, 202.35665893554688, 1.0]], "is_left": 0}