{"hand_pts": [[204.05343627929688, 171.40283203125, 1.0], [210.73193359375, 134.2004852294922, 1.0], [216.19850158691406, 75.7109603881836, 1.0], [235.54251098632812, 79.08043670654297, 1.0], [246.12417602539062, 132.83961486816406, 1.0], [125.20843505859375, 136.79257202148438, 1.0], [156.6545867919922, 145.48646545410156, 1.0], [204.7683868408203, 154.74574279785156, 1.0], [223.23056030273438, 157.91281127929688, 1.0], [116.63581848144531, 176.77627563476562, 1.0], [144.650634765625, 200.67959594726562, 1.0], [200.2715606689453, 196.95562744140625, 1.0], [215.18112182617188, 179.9999542236328, 1.0], [118.75690460205078, 208.3802032470703, 1.0], [147.43113708496094, 246.593994140625, 1.0], [194.3501434326172, 237.8702850341797, 1.0], [194.4487762451172, 211.9711151123047, 1.0], [128.69871520996094, 236.68663024902344, 1.0], [161.2935791015625, 269.7585144042969, 1.0], [201.55276489257812, 264.0434265136719, 1.0], [216.0831298828125, 234.22975158691406, 1.0]], "is_left": 0}