{"hand_pts": [[57.25910568237305, 283.29193115234375, 1.0], [75.00274658203125, 225.04241943359375, 1.0], [68.16304779052734, 175.7674102783203, 1.0], [88.65750122070312, 133.357177734375, 1.0], [132.3721160888672, 112.15837097167969, 1.0], [150.9459228515625, 197.43174743652344, 1.0], [208.18267822265625, 165.84605407714844, 1.0], [235.1610870361328, 141.16392517089844, 1.0], [263.42718505859375, 118.13033294677734, 1.0], [172.2424774169922, 220.136962890625, 1.0], [241.36058044433594, 175.2390899658203, 1.0], [256.1997985839844, 144.1074981689453, 1.0], [253.76416015625, 121.87528228759766, 1.0], [185.6626739501953, 236.53054809570312, 1.0], [226.40826416015625, 183.2087860107422, 1.0], [217.27256774902344, 163.39817810058594, 1.0], [177.8531951904297, 178.97171020507812, 1.0], [190.412841796875, 254.1481475830078, 1.0], [211.14222717285156, 240.5378875732422, 1.0], [180.1748809814453, 240.68296813964844, 1.0], [153.74484252929688, 249.56834411621094, 1.0]], "is_left": 0}