{"hand_pts": [[152.78509521484375, 150.37550354003906, 1.0], [145.67979431152344, 113.7031021118164, 1.0], [131.55087280273438, 60.67067337036133, 1.0], [175.3467559814453, 52.07900619506836, 1.0], [223.62159729003906, 64.70218658447266, 1.0], [117.40814208984375, 176.18927001953125, 1.0], [101.98854064941406, 198.61257934570312, 1.0], [100.60723114013672, 208.95875549316406, 1.0], [106.29590606689453, 215.8203887939453, 1.0], [144.30108642578125, 208.49722290039062, 1.0], [157.6553497314453, 238.4509735107422, 1.0], [184.1840362548828, 229.71925354003906, 1.0], [217.46200561523438, 196.67010498046875, 1.0], [171.07275390625, 226.76283264160156, 1.0], [222.45188903808594, 237.2779541015625, 1.0], [249.03952026367188, 195.7563018798828, 1.0], [243.5977783203125, 161.37632751464844, 1.0], [197.77505493164062, 237.452392578125, 1.0], [241.14456176757812, 243.6468505859375, 1.0], [271.1101379394531, 219.47357177734375, 1.0], [282.9608154296875, 178.6984100341797, 1.0]], "is_left": 0}