{"hand_pts": [[38.68204879760742, 72.50875091552734, 1.0], [69.53404235839844, 143.43661499023438, 1.0], [66.51678466796875, 195.52377319335938, 1.0], [120.14094543457031, 218.58892822265625, 1.0], [170.43490600585938, 198.5181427001953, 1.0], [126.11906433105469, 210.25079345703125, 1.0], [185.9799346923828, 250.7762908935547, 1.0], [212.40972900390625, 248.62069702148438, 1.0], [235.9014892578125, 242.77047729492188, 1.0], [149.4487762451172, 179.9640655517578, 1.0], [207.35775756835938, 214.72808837890625, 1.0], [206.94808959960938, 206.96353149414062, 1.0], [174.31126403808594, 181.1363067626953, 1.0], [168.60287475585938, 153.9158477783203, 1.0], [232.19541931152344, 183.83786010742188, 1.0], [233.5738525390625, 177.45120239257812, 1.0], [194.04110717773438, 156.4398956298828, 1.0], [180.35791015625, 123.74502563476562, 1.0], [229.48712158203125, 126.44886779785156, 1.0], [242.01966857910156, 122.78895568847656, 1.0], [222.78176879882812, 116.48774719238281, 1.0]], "is_left": 0}