{"hand_pts": [[63.51025390625, 180.4323272705078, 1.0], [98.6663818359375, 139.25013732910156, 1.0], [120.06373596191406, 79.11865997314453, 1.0], [147.155517578125, 94.8086929321289, 1.0], [150.4363555908203, 151.6939239501953, 1.0], [211.53872680664062, 115.31714630126953, 1.0], [233.9773712158203, 128.19102478027344, 1.0], [196.956787109375, 151.3816680908203, 1.0], [152.9423370361328, 164.9605255126953, 1.0], [218.7096405029297, 158.33984375, 1.0], [248.284912109375, 189.38192749023438, 1.0], [197.95484924316406, 202.6212615966797, 1.0], [147.8114776611328, 196.692626953125, 1.0], [217.39773559570312, 195.2778778076172, 1.0], [247.65182495117188, 232.585205078125, 1.0], [201.1244354248047, 239.6453857421875, 1.0], [165.05702209472656, 221.04812622070312, 1.0], [205.24452209472656, 231.0175323486328, 1.0], [204.15379333496094, 270.8232116699219, 1.0], [165.07461547851562, 270.5484619140625, 1.0], [139.75933837890625, 241.98977661132812, 1.0]], "is_left": 0}