{"hand_pts": [[150.27626037597656, 20.44224739074707, 1.0], [118.75965881347656, 85.94725799560547, 1.0], [79.1196060180664, 125.86505126953125, 1.0], [96.32958984375, 175.63787841796875, 1.0], [137.93673706054688, 199.74569702148438, 1.0], [136.22474670410156, 139.36431884765625, 1.0], [134.0649871826172, 199.1338653564453, 1.0], [140.05783081054688, 232.84083557128906, 1.0], [148.37168884277344, 256.2415771484375, 1.0], [176.93814086914062, 127.5950927734375, 1.0], [200.09396362304688, 201.21920776367188, 1.0], [206.58570861816406, 237.8171844482422, 1.0], [206.58103942871094, 260.44964599609375, 1.0], [208.59585571289062, 119.18601989746094, 1.0], [225.7779083251953, 186.7972412109375, 1.0], [229.67506408691406, 224.15150451660156, 1.0], [227.61004638671875, 250.87242126464844, 1.0], [235.80752563476562, 106.10601043701172, 1.0], [257.20391845703125, 150.81422424316406, 1.0], [259.1093444824219, 178.89620971679688, 1.0], [250.08944702148438, 197.5203857421875, 1.0]], "is_left": 0}