{"hand_pts": [[240.03506469726562, 316.64642333984375, 1.0], [245.26426696777344, 288.00634765625, 1.0], [258.2646789550781, 277.79315185546875, 1.0], [260.25323486328125, 246.52723693847656, 1.0], [257.9972839355469, 211.0793914794922, 1.0], [164.4885711669922, 244.1254119873047, 1.0], [140.1092071533203, 208.36819458007812, 1.0], [136.31398010253906, 179.80616760253906, 1.0], [130.29896545410156, 152.55897521972656, 1.0], [155.9229278564453, 228.2189483642578, 1.0], [154.23631286621094, 161.01431274414062, 1.0], [170.70831298828125, 122.87153625488281, 1.0], [207.10333251953125, 99.2142562866211, 1.0], [157.41603088378906, 214.69900512695312, 1.0], [136.4880828857422, 150.02479553222656, 1.0], [155.78294372558594, 116.6212158203125, 1.0], [192.02053833007812, 98.58929443359375, 1.0], [166.38194274902344, 206.7713623046875, 1.0], [175.48480224609375, 159.0133819580078, 1.0], [209.2447509765625, 148.56639099121094, 1.0], [247.1222686767578, 155.32974243164062, 1.0]], "is_left": 0}