{"hand_pts": [[125.65746307373047, 115.30297088623047, 1.0], [181.853759765625, 172.89857482910156, 1.0], [246.38775634765625, 207.52410888671875, 1.0], [274.0574035644531, 245.7747039794922, 1.0], [241.00234985351562, 259.51849365234375, 1.0], [242.7690887451172, 151.47723388671875, 1.0], [265.1409912109375, 196.0288543701172, 1.0], [254.1630096435547, 235.0659637451172, 1.0], [235.74757385253906, 271.9532775878906, 1.0], [201.140869140625, 124.60847473144531, 1.0], [202.8482208251953, 170.92874145507812, 1.0], [183.6876678466797, 217.13958740234375, 1.0], [162.82371520996094, 259.6023254394531, 1.0], [162.45973205566406, 109.2566146850586, 1.0], [154.52828979492188, 134.93328857421875, 1.0], [135.83291625976562, 173.77597045898438, 1.0], [124.1155776977539, 200.54660034179688, 1.0], [120.60520935058594, 96.8988037109375, 1.0], [98.50261688232422, 116.4416732788086, 1.0], [83.30696868896484, 149.48704528808594, 1.0], [76.43031311035156, 186.82823181152344, 1.0]], "is_left": 0}