{"hand_pts": [[26.233959197998047, 132.0923309326172, 1.0], [83.22643280029297, 156.062255859375, 1.0], [121.90546417236328, 166.1763458251953, 1.0], [182.1456756591797, 159.36537170410156, 1.0], [215.115478515625, 147.4573974609375, 1.0], [122.77886962890625, 230.86630249023438, 1.0], [192.95091247558594, 246.3214111328125, 1.0], [230.8270721435547, 213.74217224121094, 1.0], [252.92967224121094, 173.4512176513672, 1.0], [120.89495086669922, 214.90286254882812, 1.0], [210.45347595214844, 211.8553924560547, 1.0], [227.44122314453125, 168.53799438476562, 1.0], [237.6001434326172, 127.41280364990234, 1.0], [122.1388168334961, 195.51556396484375, 1.0], [185.07656860351562, 229.28814697265625, 1.0], [230.13592529296875, 210.3278350830078, 1.0], [253.7123565673828, 178.75132751464844, 1.0], [119.13228607177734, 171.0621337890625, 1.0], [167.57269287109375, 169.5323486328125, 1.0], [198.66961669921875, 148.59201049804688, 1.0], [187.6233673095703, 134.6607666015625, 1.0]], "is_left": 0}