{"hand_pts": [[126.6461181640625, 233.79629516601562, 1.0], [150.08216857910156, 251.0761260986328, 1.0], [175.641845703125, 293.6201171875, 1.0], [153.57379150390625, 273.4069519042969, 1.0], [125.13117980957031, 231.0563201904297, 1.0], [252.9773712158203, 216.98541259765625, 1.0], [223.32696533203125, 195.6846160888672, 1.0], [174.0239715576172, 204.76234436035156, 1.0], [173.28834533691406, 218.9733123779297, 1.0], [249.80548095703125, 181.17938232421875, 1.0], [206.9391632080078, 146.13502502441406, 1.0], [158.86476135253906, 174.04150390625, 1.0], [171.21498107910156, 201.37037658691406, 1.0], [238.90682983398438, 154.30206298828125, 1.0], [198.62950134277344, 111.18570709228516, 1.0], [156.57420349121094, 139.37489318847656, 1.0], [175.2003173828125, 167.7436065673828, 1.0], [219.18296813964844, 133.48306274414062, 1.0], [187.80299377441406, 98.46725463867188, 1.0], [154.26116943359375, 125.93614196777344, 1.0], [175.13470458984375, 154.0172119140625, 1.0]], "is_left": 0}