{"hand_pts": [[3.8310959339141846, 179.31564331054688, 1.0], [60.36280822753906, 176.9055938720703, 1.0], [93.10992431640625, 151.8915557861328, 1.0], [152.01463317871094, 158.27438354492188, 1.0], [194.19496154785156, 181.03463745117188, 1.0], [147.89834594726562, 120.04757690429688, 1.0], [223.11251831054688, 116.89561462402344, 1.0], [244.05335998535156, 155.8405303955078, 1.0], [235.2289581298828, 200.6638641357422, 1.0], [147.7425994873047, 131.8910369873047, 1.0], [226.08837890625, 167.8041534423828, 1.0], [223.88442993164062, 214.06643676757812, 1.0], [192.87985229492188, 249.46873474121094, 1.0], [145.09259033203125, 148.87680053710938, 1.0], [224.0598907470703, 181.19528198242188, 1.0], [235.30282592773438, 221.24510192871094, 1.0], [220.94984436035156, 257.491455078125, 1.0], [133.73672485351562, 169.75531005859375, 1.0], [177.86659240722656, 206.99838256835938, 1.0], [188.23794555664062, 240.8994140625, 1.0], [180.0264434814453, 271.4059753417969, 1.0]], "is_left": 0}