{"hand_pts": [[329.9929504394531, 105.89452362060547, 1.0], [264.5318298339844, 96.43146514892578, 1.0], [218.50839233398438, 77.64445495605469, 1.0], [173.64407348632812, 80.36949157714844, 1.0], [141.84683227539062, 97.14571380615234, 1.0], [214.81741333007812, 165.91493225097656, 1.0], [164.86973571777344, 192.12814331054688, 1.0], [131.0232696533203, 198.10775756835938, 1.0], [102.39386749267578, 195.96266174316406, 1.0], [233.91001892089844, 186.98358154296875, 1.0], [178.3799285888672, 225.18756103515625, 1.0], [139.89295959472656, 224.44232177734375, 1.0], [103.62388610839844, 224.02467346191406, 1.0], [248.68807983398438, 197.77232360839844, 1.0], [194.07960510253906, 228.9708251953125, 1.0], [164.02984619140625, 219.5346221923828, 1.0], [137.8757781982422, 204.1353759765625, 1.0], [267.3111572265625, 201.0020294189453, 1.0], [232.84786987304688, 219.56715393066406, 1.0], [207.9221649169922, 213.40765380859375, 1.0], [184.08547973632812, 197.46478271484375, 1.0]], "is_left": 0}