{"hand_pts": [[305.3783874511719, 125.92289733886719, 1.0], [244.2703094482422, 99.35232543945312, 1.0], [199.48809814453125, 78.48636627197266, 1.0], [174.20497131347656, 85.05016326904297, 1.0], [193.6471710205078, 105.102783203125, 1.0], [190.1958770751953, 162.7362823486328, 1.0], [142.54013061523438, 192.6064910888672, 1.0], [111.30577850341797, 210.68751525878906, 1.0], [86.44939422607422, 206.7279510498047, 1.0], [213.42361450195312, 191.25880432128906, 1.0], [154.1956787109375, 212.61903381347656, 1.0], [131.1413116455078, 185.2216033935547, 1.0], [146.33482360839844, 145.49073791503906, 1.0], [233.65818786621094, 207.560302734375, 1.0], [202.92230224609375, 267.9400939941406, 1.0], [179.32957458496094, 252.40640258789062, 1.0], [171.3292999267578, 210.83860778808594, 1.0], [258.22332763671875, 216.4037322998047, 1.0], [235.20889282226562, 219.71017456054688, 1.0], [219.54302978515625, 215.60443115234375, 1.0], [212.68048095703125, 179.7374725341797, 1.0]], "is_left": 0}