{"hand_pts": [[119.2031478881836, 100.094970703125, 1.0], [101.7322769165039, 133.68629455566406, 1.0], [67.7850570678711, 160.68020629882812, 1.0], [86.6678466796875, 204.75755310058594, 1.0], [128.51324462890625, 228.60946655273438, 1.0], [160.6814422607422, 125.2259750366211, 1.0], [194.06588745117188, 126.60098266601562, 1.0], [204.77403259277344, 163.14630126953125, 1.0], [209.98443603515625, 199.24392700195312, 1.0], [198.1904754638672, 129.27886962890625, 1.0], [188.6273193359375, 193.03697204589844, 1.0], [165.0887908935547, 224.28982543945312, 1.0], [137.4174041748047, 243.69293212890625, 1.0], [224.25418090820312, 138.05593872070312, 1.0], [244.2203369140625, 200.6436309814453, 1.0], [216.51771545410156, 210.38710021972656, 1.0], [189.9646759033203, 190.11709594726562, 1.0], [242.47113037109375, 146.5321502685547, 1.0], [258.611572265625, 191.70750427246094, 1.0], [244.03042602539062, 214.64512634277344, 1.0], [211.7571258544922, 207.12538146972656, 1.0]], "is_left": 0}