{"hand_pts": [[74.8765640258789, 306.3880920410156, 1.0], [140.97093200683594, 285.1480407714844, 1.0], [190.32675170898438, 286.6602478027344, 1.0], [233.2352294921875, 253.0555877685547, 1.0], [227.09982299804688, 216.6110076904297, 1.0], [180.55194091796875, 224.9901885986328, 1.0], [227.48597717285156, 177.7737274169922, 1.0], [255.9510040283203, 148.6800994873047, 1.0], [284.9818420410156, 116.7423095703125, 1.0], [149.59703063964844, 211.44422912597656, 1.0], [193.29344177246094, 179.0982208251953, 1.0], [194.56224060058594, 196.71913146972656, 1.0], [169.8153533935547, 234.95945739746094, 1.0], [125.53629302978516, 202.61265563964844, 1.0], [167.51638793945312, 140.94097900390625, 1.0], [195.5625457763672, 106.8668441772461, 1.0], [220.11831665039062, 95.023681640625, 1.0], [99.73949432373047, 200.51220703125, 1.0], [120.31558990478516, 156.9570770263672, 1.0], [139.27682495117188, 128.37030029296875, 1.0], [163.98548889160156, 117.28619384765625, 1.0]], "is_left": 0}