{"hand_pts": [[227.8539581298828, 55.40683364868164, 1.0], [177.0847625732422, 82.61941528320312, 1.0], [155.77378845214844, 76.82252502441406, 1.0], [110.10035705566406, 113.96541595458984, 1.0], [102.21168518066406, 140.74569702148438, 1.0], [238.072021484375, 159.03329467773438, 1.0], [176.45201110839844, 203.9611053466797, 1.0], [134.14451599121094, 195.79364013671875, 1.0], [139.33802795410156, 161.1297607421875, 1.0], [261.2872009277344, 181.68748474121094, 1.0], [189.47601318359375, 236.5868682861328, 1.0], [141.73983764648438, 210.90443420410156, 1.0], [123.81831359863281, 168.99432373046875, 1.0], [269.9381103515625, 197.78846740722656, 1.0], [204.4890899658203, 253.5595245361328, 1.0], [176.15904235839844, 217.0524139404297, 1.0], [204.63150024414062, 180.03762817382812, 1.0], [272.4736022949219, 205.02915954589844, 1.0], [245.2735595703125, 254.06495666503906, 1.0], [205.45372009277344, 233.74853515625, 1.0], [212.13710021972656, 193.2519989013672, 1.0]], "is_left": 0}