{"hand_pts": [[7.222743988037109, 250.5631103515625, 1.0], [78.5468978881836, 234.15628051757812, 1.0], [112.89170837402344, 229.31802368164062, 1.0], [173.83924865722656, 228.4151611328125, 1.0], [202.66941833496094, 231.979736328125, 1.0], [146.42994689941406, 132.08399963378906, 1.0], [224.73866271972656, 135.10719299316406, 1.0], [236.1632080078125, 178.53147888183594, 1.0], [204.68673706054688, 216.8155975341797, 1.0], [143.9755096435547, 130.34117126464844, 1.0], [241.148681640625, 112.56441497802734, 1.0], [237.92019653320312, 165.2718505859375, 1.0], [195.0087890625, 202.46484375, 1.0], [143.2903594970703, 137.857421875, 1.0], [230.37551879882812, 151.9857177734375, 1.0], [206.70045471191406, 196.4091339111328, 1.0], [166.59727478027344, 228.12881469726562, 1.0], [135.55300903320312, 154.64903259277344, 1.0], [190.17593383789062, 169.05062866210938, 1.0], [197.3038330078125, 205.04005432128906, 1.0], [161.0810089111328, 222.28138732910156, 1.0]], "is_left": 0}