{"hand_pts": [[57.48102569580078, 304.423828125, 1.0], [84.97395324707031, 241.012451171875, 1.0], [92.02027893066406, 199.54653930664062, 1.0], [102.88306427001953, 152.2120361328125, 1.0], [114.7356185913086, 122.12701416015625, 1.0], [192.6518096923828, 220.57029724121094, 1.0], [235.8530731201172, 172.2960662841797, 1.0], [233.4458465576172, 134.44569396972656, 1.0], [196.16354370117188, 127.79133605957031, 1.0], [195.32925415039062, 236.62005615234375, 1.0], [250.33856201171875, 184.49977111816406, 1.0], [244.60092163085938, 143.02137756347656, 1.0], [208.31600952148438, 120.46047973632812, 1.0], [190.02914428710938, 245.47476196289062, 1.0], [223.59715270996094, 185.56736755371094, 1.0], [184.70468139648438, 171.2804412841797, 1.0], [156.26222229003906, 198.13609313964844, 1.0], [175.42674255371094, 255.65721130371094, 1.0], [203.92759704589844, 228.26763916015625, 1.0], [200.17074584960938, 198.87234497070312, 1.0], [173.58937072753906, 180.6236572265625, 1.0]], "is_left": 0}