{"hand_pts": [[326.3072509765625, 257.2213134765625, 1.0], [288.92706298828125, 239.78172302246094, 1.0], [284.2044982910156, 228.67599487304688, 1.0], [239.25836181640625, 239.3841094970703, 1.0], [206.65541076660156, 257.5816955566406, 1.0], [245.6361541748047, 152.638916015625, 1.0], [186.62892150878906, 126.49395751953125, 1.0], [153.1423797607422, 149.51129150390625, 1.0], [144.8741455078125, 187.56004333496094, 1.0], [234.26283264160156, 155.440185546875, 1.0], [164.74400329589844, 124.216064453125, 1.0], [136.0184783935547, 154.46328735351562, 1.0], [102.03964233398438, 175.09225463867188, 1.0], [223.82174682617188, 164.99754333496094, 1.0], [155.10755920410156, 146.10006713867188, 1.0], [136.26963806152344, 176.8179473876953, 1.0], [162.35162353515625, 206.76962280273438, 1.0], [218.8367156982422, 181.7590789794922, 1.0], [171.373291015625, 193.81539916992188, 1.0], [141.35169982910156, 209.7597198486328, 1.0], [112.35086822509766, 230.27639770507812, 1.0]], "is_left": 0}