{"hand_pts": [[68.31121063232422, 108.74219512939453, 1.0], [70.5826644897461, 159.60848999023438, 1.0], [55.76066207885742, 194.7128448486328, 1.0], [84.39448547363281, 228.66944885253906, 1.0], [128.153076171875, 247.48973083496094, 1.0], [130.17080688476562, 142.93453979492188, 1.0], [165.03955078125, 182.12879943847656, 1.0], [180.55511474609375, 218.14215087890625, 1.0], [186.224853515625, 251.09410095214844, 1.0], [162.27806091308594, 125.97541809082031, 1.0], [211.62283325195312, 162.31736755371094, 1.0], [222.0651092529297, 205.23912048339844, 1.0], [218.45343017578125, 243.65377807617188, 1.0], [185.8162384033203, 118.34593200683594, 1.0], [240.7462615966797, 156.319091796875, 1.0], [246.404541015625, 194.55992126464844, 1.0], [229.8336181640625, 223.7411651611328, 1.0], [201.596923828125, 112.57321166992188, 1.0], [243.02359008789062, 137.61724853515625, 1.0], [250.5060577392578, 169.48223876953125, 1.0], [238.83758544921875, 200.81121826171875, 1.0]], "is_left": 0}