{"hand_pts": [[118.81533813476562, 341.5444641113281, 1.0], [172.0407257080078, 276.5524597167969, 1.0], [206.70880126953125, 237.78077697753906, 1.0], [247.0877685546875, 189.6876220703125, 1.0], [264.7990417480469, 165.65528869628906, 1.0], [121.59925842285156, 172.00840759277344, 1.0], [190.86813354492188, 132.2774200439453, 1.0], [236.69940185546875, 153.11270141601562, 1.0], [257.5704040527344, 194.24188232421875, 1.0], [100.42948150634766, 179.7396697998047, 1.0], [155.05221557617188, 113.45963287353516, 1.0], [209.75808715820312, 136.94125366210938, 1.0], [214.68170166015625, 184.3809051513672, 1.0], [92.99803161621094, 189.98446655273438, 1.0], [166.3003387451172, 159.4486541748047, 1.0], [207.34190368652344, 191.01065063476562, 1.0], [220.14718627929688, 232.7132110595703, 1.0], [90.65103912353516, 209.73281860351562, 1.0], [125.02664947509766, 180.42103576660156, 1.0], [168.05743408203125, 191.6887969970703, 1.0], [180.61717224121094, 220.51470947265625, 1.0]], "is_left": 0}