{"hand_pts": [[6.393030166625977, 119.25813293457031, 1.0], [85.51667785644531, 122.22312927246094, 1.0], [135.2433319091797, 102.69818115234375, 1.0], [186.26824951171875, 118.68770599365234, 1.0], [224.31060791015625, 147.80699157714844, 1.0], [178.33737182617188, 127.13011932373047, 1.0], [216.34573364257812, 158.17710876464844, 1.0], [219.8173370361328, 177.22933959960938, 1.0], [208.53604125976562, 192.84629821777344, 1.0], [158.6003875732422, 150.78485107421875, 1.0], [240.6260223388672, 176.60565185546875, 1.0], [238.41590881347656, 196.63499450683594, 1.0], [231.96206665039062, 213.24473571777344, 1.0], [139.88995361328125, 172.55445861816406, 1.0], [199.28976440429688, 221.9229278564453, 1.0], [197.9117889404297, 240.54922485351562, 1.0], [181.07925415039062, 245.00418090820312, 1.0], [113.3738784790039, 191.8096466064453, 1.0], [151.72457885742188, 226.33468627929688, 1.0], [164.32147216796875, 245.0658416748047, 1.0], [154.99331665039062, 246.29124450683594, 1.0]], "is_left": 0}