{"hand_pts": [[186.66171264648438, 92.39672088623047, 1.0], [140.29689025878906, 118.87732696533203, 1.0], [86.556884765625, 113.94804382324219, 1.0], [79.14665985107422, 164.3472442626953, 1.0], [109.04789733886719, 208.64556884765625, 1.0], [179.66456604003906, 110.61800384521484, 1.0], [153.9193572998047, 170.35195922851562, 1.0], [135.18336486816406, 201.48973083496094, 1.0], [128.3890380859375, 206.06976318359375, 1.0], [218.14955139160156, 122.71963500976562, 1.0], [216.74607849121094, 188.76400756835938, 1.0], [189.17813110351562, 229.59600830078125, 1.0], [161.35696411132812, 236.22085571289062, 1.0], [243.65469360351562, 138.0136260986328, 1.0], [248.60292053222656, 204.1309356689453, 1.0], [220.63211059570312, 233.67178344726562, 1.0], [195.28912353515625, 222.55528259277344, 1.0], [263.4146728515625, 152.4173126220703, 1.0], [268.2751770019531, 206.25123596191406, 1.0], [240.3107147216797, 218.6549835205078, 1.0], [223.09033203125, 185.2954559326172, 1.0]], "is_left": 0}