{"hand_pts": [[149.66505432128906, 295.3511962890625, 1.0], [119.11237335205078, 253.5428466796875, 1.0], [78.0853042602539, 230.283935546875, 1.0], [71.24384307861328, 192.46234130859375, 1.0], [100.65574645996094, 171.05052185058594, 1.0], [177.18421936035156, 211.56756591796875, 1.0], [159.15513610839844, 168.4874267578125, 1.0], [136.0284881591797, 155.405029296875, 1.0], [116.52836608886719, 169.9504852294922, 1.0], [211.2415008544922, 215.35301208496094, 1.0], [237.92572021484375, 162.58969116210938, 1.0], [225.25961303710938, 132.54405212402344, 1.0], [192.16897583007812, 125.05693817138672, 1.0], [232.13189697265625, 217.95372009277344, 1.0], [264.82281494140625, 171.06097412109375, 1.0], [242.5013427734375, 150.8776397705078, 1.0], [208.36268615722656, 149.38856506347656, 1.0], [245.50889587402344, 224.43711853027344, 1.0], [245.93350219726562, 194.1682586669922, 1.0], [216.23382568359375, 193.5763397216797, 1.0], [195.55838012695312, 215.4298553466797, 1.0]], "is_left": 0}