{"hand_pts": [[227.4718780517578, 293.3988342285156, 1.0], [243.79019165039062, 272.1874084472656, 1.0], [280.1426086425781, 252.54478454589844, 1.0], [302.1885681152344, 229.94091796875, 1.0], [281.9236145019531, 204.9276123046875, 1.0], [237.34310913085938, 190.32713317871094, 1.0], [219.34674072265625, 148.16720581054688, 1.0], [199.12184143066406, 150.0157012939453, 1.0], [188.3256072998047, 183.1429901123047, 1.0], [204.74560546875, 183.5833282470703, 1.0], [167.37933349609375, 143.3452911376953, 1.0], [164.65956115722656, 182.19346618652344, 1.0], [164.3014678955078, 220.386474609375, 1.0], [177.60433959960938, 183.328369140625, 1.0], [124.44281768798828, 154.0455322265625, 1.0], [97.00712585449219, 155.6605987548828, 1.0], [107.44176483154297, 193.44175720214844, 1.0], [153.8431854248047, 191.1728515625, 1.0], [120.26495361328125, 151.15658569335938, 1.0], [112.20159149169922, 150.4008331298828, 1.0], [123.97876739501953, 170.39730834960938, 1.0]], "is_left": 0}