{"hand_pts": [[76.72142791748047, 296.0257873535156, 1.0], [146.83106994628906, 282.36883544921875, 1.0], [202.0792236328125, 280.70806884765625, 1.0], [243.17718505859375, 258.8943176269531, 1.0], [265.4767761230469, 229.06170654296875, 1.0], [155.1936798095703, 208.186767578125, 1.0], [202.9556427001953, 177.1243896484375, 1.0], [238.26361083984375, 173.43060302734375, 1.0], [268.48944091796875, 177.41949462890625, 1.0], [126.61587524414062, 194.7525177001953, 1.0], [173.0742645263672, 148.86056518554688, 1.0], [216.09169006347656, 143.6958465576172, 1.0], [256.05670166015625, 146.8591766357422, 1.0], [107.90033721923828, 188.69168090820312, 1.0], [147.9590301513672, 143.00192260742188, 1.0], [184.9443359375, 138.98062133789062, 1.0], [219.99990844726562, 150.052734375, 1.0], [89.4971694946289, 190.38475036621094, 1.0], [112.24057006835938, 158.9112091064453, 1.0], [142.8109588623047, 155.04263305664062, 1.0], [176.12559509277344, 168.65065002441406, 1.0]], "is_left": 0}