{"hand_pts": [[51.48637008666992, 272.21197509765625, 1.0], [123.97354125976562, 273.1245422363281, 1.0], [175.02574157714844, 285.2900390625, 1.0], [220.11077880859375, 282.23602294921875, 1.0], [245.56956481933594, 263.666748046875, 1.0], [168.25096130371094, 192.42022705078125, 1.0], [217.63018798828125, 160.09234619140625, 1.0], [248.11012268066406, 157.78729248046875, 1.0], [267.2872619628906, 169.9193115234375, 1.0], [139.1608428955078, 174.8983154296875, 1.0], [194.75611877441406, 149.1658477783203, 1.0], [217.5100860595703, 173.31060791015625, 1.0], [238.82247924804688, 196.69039916992188, 1.0], [116.22338104248047, 167.4232177734375, 1.0], [165.6454315185547, 137.4166717529297, 1.0], [194.24600219726562, 139.58148193359375, 1.0], [221.6837921142578, 145.51307678222656, 1.0], [90.36405181884766, 168.2830810546875, 1.0], [117.03660583496094, 142.7379913330078, 1.0], [139.36228942871094, 153.84494018554688, 1.0], [157.19720458984375, 180.04335021972656, 1.0]], "is_left": 0}