{"hand_pts": [[97.5101318359375, 52.27200698852539, 1.0], [148.83961486816406, 92.68832397460938, 1.0], [181.79322814941406, 128.8735809326172, 1.0], [214.69500732421875, 173.0863494873047, 1.0], [219.31057739257812, 194.56857299804688, 1.0], [158.72952270507812, 196.37905883789062, 1.0], [207.8886260986328, 225.83737182617188, 1.0], [219.8290252685547, 185.65553283691406, 1.0], [200.32957458496094, 149.5652313232422, 1.0], [143.51919555664062, 184.99624633789062, 1.0], [161.77247619628906, 265.5726318359375, 1.0], [199.81044006347656, 262.4125671386719, 1.0], [224.66433715820312, 231.88760375976562, 1.0], [135.8246612548828, 169.92706298828125, 1.0], [165.16310119628906, 221.16946411132812, 1.0], [196.2836151123047, 220.05165100097656, 1.0], [225.5474853515625, 223.23667907714844, 1.0], [128.07179260253906, 147.64703369140625, 1.0], [158.08963012695312, 134.2709197998047, 1.0], [177.82603454589844, 121.4625244140625, 1.0], [195.6840057373047, 98.95746612548828, 1.0]], "is_left": 0}