{"hand_pts": [[279.9586181640625, 134.42770385742188, 1.0], [277.5514221191406, 167.08023071289062, 1.0], [295.8553771972656, 194.93014526367188, 1.0], [286.21319580078125, 219.3440704345703, 1.0], [264.7482604980469, 239.09432983398438, 1.0], [225.7904052734375, 167.0354461669922, 1.0], [213.52772521972656, 199.70272827148438, 1.0], [212.03456115722656, 219.8939208984375, 1.0], [217.72764587402344, 231.79544067382812, 1.0], [196.4698028564453, 152.74551391601562, 1.0], [154.8052215576172, 173.42044067382812, 1.0], [141.85426330566406, 197.69882202148438, 1.0], [160.5994110107422, 204.67257690429688, 1.0], [174.87303161621094, 143.96768188476562, 1.0], [106.84555053710938, 155.5317840576172, 1.0], [110.55697631835938, 173.8885955810547, 1.0], [110.87580108642578, 191.72506713867188, 1.0], [160.9436798095703, 135.9233856201172, 1.0], [121.33019256591797, 150.41864013671875, 1.0], [119.1165771484375, 166.57212829589844, 1.0], [144.761474609375, 177.0865478515625, 1.0]], "is_left": 0}