{"hand_pts": [[137.7855682373047, 105.38428497314453, 1.0], [206.5677947998047, 173.544921875, 1.0], [279.0306091308594, 218.02236938476562, 1.0], [280.8099060058594, 266.8297119140625, 1.0], [221.22401428222656, 259.7823181152344, 1.0], [266.6463928222656, 151.3222198486328, 1.0], [261.2041320800781, 220.0352783203125, 1.0], [226.6722412109375, 246.66690063476562, 1.0], [197.93472290039062, 235.54258728027344, 1.0], [217.11778259277344, 120.18658447265625, 1.0], [197.03750610351562, 192.6161651611328, 1.0], [170.25021362304688, 224.46737670898438, 1.0], [163.35092163085938, 215.05450439453125, 1.0], [173.45460510253906, 102.4914779663086, 1.0], [141.55673217773438, 161.0203094482422, 1.0], [122.78729248046875, 187.77426147460938, 1.0], [137.4253692626953, 168.02285766601562, 1.0], [127.70654296875, 88.12813568115234, 1.0], [93.5129623413086, 119.0013656616211, 1.0], [88.08029174804688, 149.212890625, 1.0], [109.6192626953125, 144.63829040527344, 1.0]], "is_left": 0}