{"hand_pts": [[251.15318298339844, 288.7164001464844, 1.0], [265.9490661621094, 237.19847106933594, 1.0], [302.13336181640625, 194.46160888671875, 1.0], [293.3024597167969, 147.40182495117188, 1.0], [258.439453125, 117.17989349365234, 1.0], [211.88632202148438, 237.9075164794922, 1.0], [207.17820739746094, 178.1492462158203, 1.0], [211.36314392089844, 139.32318115234375, 1.0], [221.74371337890625, 111.59136199951172, 1.0], [179.94471740722656, 247.06265258789062, 1.0], [138.99502563476562, 202.2752227783203, 1.0], [142.36495971679688, 157.99842834472656, 1.0], [167.22964477539062, 133.19886779785156, 1.0], [157.95004272460938, 249.2200927734375, 1.0], [121.55026245117188, 202.6385498046875, 1.0], [140.591796875, 171.87770080566406, 1.0], [168.9758758544922, 159.28997802734375, 1.0], [142.74623107910156, 251.5354766845703, 1.0], [109.63101196289062, 220.19198608398438, 1.0], [116.3932113647461, 187.67523193359375, 1.0], [137.6555633544922, 158.9737091064453, 1.0]], "is_left": 0}