{"hand_pts": [[206.4641571044922, 114.4137954711914, 1.0], [191.0548553466797, 103.82945251464844, 1.0], [172.2729949951172, 76.61567687988281, 1.0], [205.07945251464844, 88.06346130371094, 1.0], [247.24661254882812, 119.80754089355469, 1.0], [92.76182556152344, 162.96888732910156, 1.0], [128.68052673339844, 186.13473510742188, 1.0], [182.92819213867188, 174.8303680419922, 1.0], [214.03993225097656, 153.99594116210938, 1.0], [105.4692611694336, 197.9051513671875, 1.0], [169.399658203125, 217.9759063720703, 1.0], [211.3582305908203, 185.33837890625, 1.0], [184.193115234375, 165.37896728515625, 1.0], [125.43240356445312, 222.37496948242188, 1.0], [174.78591918945312, 262.736083984375, 1.0], [218.73985290527344, 235.2243194580078, 1.0], [213.8237762451172, 201.62991333007812, 1.0], [152.62899780273438, 238.9305877685547, 1.0], [202.59164428710938, 258.9957580566406, 1.0], [230.8563232421875, 231.23733520507812, 1.0], [200.06996154785156, 210.14572143554688, 1.0]], "is_left": 0}