{"hand_pts": [[296.4986572265625, 276.2740783691406, 1.0], [291.3908996582031, 224.10459899902344, 1.0], [303.31005859375, 181.5512237548828, 1.0], [277.1687927246094, 140.34378051757812, 1.0], [234.76377868652344, 120.50560760498047, 1.0], [228.52786254882812, 229.8495635986328, 1.0], [189.28208923339844, 190.13580322265625, 1.0], [178.80816650390625, 152.26968383789062, 1.0], [175.21432495117188, 118.01039123535156, 1.0], [201.7018280029297, 245.34609985351562, 1.0], [154.69020080566406, 188.8231964111328, 1.0], [156.6288299560547, 144.87908935546875, 1.0], [174.678955078125, 112.95095825195312, 1.0], [182.64622497558594, 252.8523406982422, 1.0], [123.84439086914062, 215.91436767578125, 1.0], [108.16163635253906, 176.51144409179688, 1.0], [111.99319458007812, 137.90908813476562, 1.0], [171.05450439453125, 259.69842529296875, 1.0], [134.23721313476562, 223.701171875, 1.0], [140.3247833251953, 191.6862030029297, 1.0], [164.2539520263672, 167.45053100585938, 1.0]], "is_left": 0}