{"hand_pts": [[194.9687957763672, 19.78016471862793, 1.0], [232.8868408203125, 94.04715728759766, 1.0], [279.7719421386719, 132.3124237060547, 1.0], [256.3192443847656, 180.37571716308594, 1.0], [209.60614013671875, 190.6275634765625, 1.0], [242.5248565673828, 153.4108428955078, 1.0], [253.1103057861328, 219.05943298339844, 1.0], [239.13153076171875, 217.1758575439453, 1.0], [223.6177978515625, 185.06427001953125, 1.0], [198.94700622558594, 140.31861877441406, 1.0], [173.70199584960938, 215.37139892578125, 1.0], [159.98052978515625, 248.3357391357422, 1.0], [163.36643981933594, 226.3023223876953, 1.0], [162.614990234375, 131.1898193359375, 1.0], [156.7093505859375, 195.11375427246094, 1.0], [151.8468017578125, 216.45361328125, 1.0], [155.4996337890625, 195.2720947265625, 1.0], [128.7862091064453, 116.73653411865234, 1.0], [110.67333221435547, 156.2899169921875, 1.0], [100.42667388916016, 190.66729736328125, 1.0], [92.19633483886719, 228.2898712158203, 1.0]], "is_left": 0}