{"hand_pts": [[115.80192565917969, 47.360633850097656, 1.0], [117.41702270507812, 120.86214447021484, 1.0], [97.14497375488281, 168.29823303222656, 1.0], [100.57172393798828, 209.04306030273438, 1.0], [124.20845794677734, 220.46556091308594, 1.0], [197.138427734375, 170.3738555908203, 1.0], [184.558349609375, 223.14991760253906, 1.0], [161.2188262939453, 243.35220336914062, 1.0], [140.5281982421875, 264.2868957519531, 1.0], [211.11917114257812, 146.61517333984375, 1.0], [245.19786071777344, 201.55613708496094, 1.0], [223.8793182373047, 227.2058563232422, 1.0], [207.37979125976562, 253.500244140625, 1.0], [215.59442138671875, 128.3756103515625, 1.0], [255.868408203125, 174.0934295654297, 1.0], [239.94703674316406, 200.12319946289062, 1.0], [205.6937713623047, 198.31190490722656, 1.0], [212.03050231933594, 106.48309326171875, 1.0], [203.17864990234375, 124.10005187988281, 1.0], [176.08810424804688, 126.87821960449219, 1.0], [145.05557250976562, 125.42375946044922, 1.0]], "is_left": 0}