{"hand_pts": [[71.79315185546875, 243.82650756835938, 1.0], [151.18783569335938, 191.67263793945312, 1.0], [182.2862548828125, 133.5294952392578, 1.0], [215.57569885253906, 112.2519302368164, 1.0], [240.4596710205078, 108.05282592773438, 1.0], [149.67843627929688, 126.0987319946289, 1.0], [225.20388793945312, 121.27098083496094, 1.0], [248.57643127441406, 152.60159301757812, 1.0], [233.40354919433594, 181.99298095703125, 1.0], [122.18433380126953, 162.03939819335938, 1.0], [168.395263671875, 145.16748046875, 1.0], [213.7215576171875, 144.2645721435547, 1.0], [262.9747009277344, 149.97132873535156, 1.0], [106.9931640625, 195.94366455078125, 1.0], [179.09530639648438, 230.19468688964844, 1.0], [194.6962432861328, 253.9026641845703, 1.0], [197.74253845214844, 269.9198303222656, 1.0], [92.79989624023438, 233.31884765625, 1.0], [124.79595947265625, 250.9309539794922, 1.0], [161.7670440673828, 265.9699401855469, 1.0], [188.4768829345703, 269.25567626953125, 1.0]], "is_left": 0}