{"hand_pts": [[126.81178283691406, 322.945556640625, 1.0], [120.34381103515625, 252.9076385498047, 1.0], [89.53044891357422, 200.11883544921875, 1.0], [111.94457244873047, 154.6727294921875, 1.0], [157.71340942382812, 156.15330505371094, 1.0], [110.56900787353516, 194.0998077392578, 1.0], [123.38580322265625, 129.28684997558594, 1.0], [153.6324920654297, 101.81282806396484, 1.0], [184.51177978515625, 108.08499145507812, 1.0], [140.24453735351562, 219.81179809570312, 1.0], [183.4408416748047, 153.9345245361328, 1.0], [214.94699096679688, 139.6844940185547, 1.0], [231.45887756347656, 145.3256378173828, 1.0], [167.97364807128906, 241.10894775390625, 1.0], [222.1356658935547, 190.2421417236328, 1.0], [253.8836669921875, 173.44854736328125, 1.0], [260.6302795410156, 177.7746124267578, 1.0], [193.84002685546875, 266.5706787109375, 1.0], [241.0674285888672, 241.785400390625, 1.0], [268.5108947753906, 228.08822631835938, 1.0], [260.1282043457031, 231.26620483398438, 1.0]], "is_left": 0}