{"hand_pts": [[103.91959381103516, 260.376708984375, 1.0], [165.00765991210938, 218.616943359375, 1.0], [221.33946228027344, 189.75149536132812, 1.0], [262.68438720703125, 175.18296813964844, 1.0], [293.02313232421875, 167.8334197998047, 1.0], [159.73391723632812, 162.75772094726562, 1.0], [197.17677307128906, 125.44537353515625, 1.0], [229.66490173339844, 112.45182037353516, 1.0], [262.3148193359375, 103.79923248291016, 1.0], [134.41993713378906, 195.24192810058594, 1.0], [156.63558959960938, 150.53465270996094, 1.0], [188.57679748535156, 133.54212951660156, 1.0], [225.42185974121094, 124.0237045288086, 1.0], [119.54280090332031, 225.7892303466797, 1.0], [154.08009338378906, 208.71209716796875, 1.0], [190.35873413085938, 210.9562530517578, 1.0], [228.77183532714844, 216.19606018066406, 1.0], [106.254150390625, 258.8106994628906, 1.0], [118.11195373535156, 246.8348846435547, 1.0], [139.46029663085938, 241.792724609375, 1.0], [174.01612854003906, 239.4282989501953, 1.0]], "is_left": 0}