{"hand_pts": [[285.8810729980469, 263.25152587890625, 1.0], [264.183349609375, 191.35662841796875, 1.0], [264.5975646972656, 137.83343505859375, 1.0], [243.7261962890625, 99.10118865966797, 1.0], [215.74630737304688, 103.6512451171875, 1.0], [219.88760375976562, 195.8795623779297, 1.0], [192.35031127929688, 146.4453582763672, 1.0], [188.19764709472656, 120.82429504394531, 1.0], [189.8539581298828, 103.8851547241211, 1.0], [205.26040649414062, 230.6494903564453, 1.0], [162.7998809814453, 182.76661682128906, 1.0], [151.27906799316406, 144.94207763671875, 1.0], [163.2943115234375, 124.30984497070312, 1.0], [193.47227478027344, 256.47296142578125, 1.0], [140.16151428222656, 233.8993682861328, 1.0], [119.34838104248047, 205.13925170898438, 1.0], [102.85047149658203, 175.36770629882812, 1.0], [186.33926391601562, 282.3985900878906, 1.0], [150.7112274169922, 269.67840576171875, 1.0], [156.90817260742188, 243.4791259765625, 1.0], [178.58221435546875, 217.79281616210938, 1.0]], "is_left": 0}