{"hand_pts": [[66.00619506835938, 257.9222412109375, 1.0], [119.50148010253906, 254.7872772216797, 1.0], [170.3689727783203, 276.50543212890625, 1.0], [216.4122772216797, 276.0752868652344, 1.0], [256.4001159667969, 264.573974609375, 1.0], [202.71694946289062, 235.40003967285156, 1.0], [265.78485107421875, 222.33859252929688, 1.0], [282.6984558105469, 195.45327758789062, 1.0], [287.10003662109375, 167.11363220214844, 1.0], [181.93145751953125, 210.4709930419922, 1.0], [197.60333251953125, 164.57455444335938, 1.0], [164.45445251464844, 161.94142150878906, 1.0], [128.98768615722656, 166.4285888671875, 1.0], [160.66921997070312, 189.25135803222656, 1.0], [177.5420684814453, 134.003173828125, 1.0], [157.87867736816406, 118.25801086425781, 1.0], [128.95115661621094, 137.50540161132812, 1.0], [133.3156280517578, 171.94964599609375, 1.0], [142.8162078857422, 129.06097412109375, 1.0], [144.3299102783203, 100.60991668701172, 1.0], [135.412353515625, 87.76431274414062, 1.0]], "is_left": 0}