{"hand_pts": [[183.51268005371094, 115.21211242675781, 1.0], [210.53680419921875, 176.3777313232422, 1.0], [234.57518005371094, 233.7508087158203, 1.0], [243.74905395507812, 275.8919677734375, 1.0], [226.08006286621094, 269.5346984863281, 1.0], [241.44419860839844, 155.0684356689453, 1.0], [227.7178955078125, 205.2379150390625, 1.0], [210.92361450195312, 244.3612060546875, 1.0], [196.80850219726562, 280.3075866699219, 1.0], [211.4741668701172, 124.51148986816406, 1.0], [206.04971313476562, 160.3953857421875, 1.0], [187.05978393554688, 206.7668914794922, 1.0], [175.95216369628906, 230.09487915039062, 1.0], [184.73362731933594, 107.30601501464844, 1.0], [163.31991577148438, 117.06720733642578, 1.0], [143.64329528808594, 151.268310546875, 1.0], [135.20909118652344, 193.40399169921875, 1.0], [158.12054443359375, 93.84832763671875, 1.0], [122.75428771972656, 119.58727264404297, 1.0], [104.38517761230469, 147.35121154785156, 1.0], [85.84767150878906, 178.5365753173828, 1.0]], "is_left": 0}