{"hand_pts": [[73.96441650390625, 141.68856811523438, 1.0], [109.521484375, 110.66845703125, 1.0], [126.96561431884766, 66.60433959960938, 1.0], [152.41485595703125, 77.8416519165039, 1.0], [166.47592163085938, 130.5902862548828, 1.0], [225.921875, 131.4716339111328, 1.0], [260.2337951660156, 154.58885192871094, 1.0], [212.3463897705078, 161.8015594482422, 1.0], [163.656005859375, 155.30628967285156, 1.0], [220.58731079101562, 171.8039093017578, 1.0], [264.3966369628906, 197.61424255371094, 1.0], [239.99314880371094, 200.686279296875, 1.0], [185.9246826171875, 187.98184204101562, 1.0], [207.22482299804688, 203.0986328125, 1.0], [206.9504852294922, 246.5349884033203, 1.0], [172.5189208984375, 255.62986755371094, 1.0], [127.55388641357422, 252.41270446777344, 1.0], [183.84228515625, 229.89852905273438, 1.0], [173.64695739746094, 261.5677185058594, 1.0], [135.44911193847656, 253.0960235595703, 1.0], [102.72039031982422, 221.6226348876953, 1.0]], "is_left": 0}