{"hand_pts": [[233.48550415039062, 53.31923294067383, 1.0], [195.94261169433594, 80.64671325683594, 1.0], [161.5608367919922, 76.89692687988281, 1.0], [156.4990997314453, 119.17869567871094, 1.0], [183.8779296875, 155.29776000976562, 1.0], [140.05459594726562, 142.8077392578125, 1.0], [135.7604217529297, 194.45509338378906, 1.0], [158.0847625732422, 199.68368530273438, 1.0], [184.47357177734375, 178.9976043701172, 1.0], [162.28395080566406, 162.67147827148438, 1.0], [157.7726287841797, 230.97523498535156, 1.0], [180.36410522460938, 219.81185913085938, 1.0], [197.6841278076172, 179.8448486328125, 1.0], [183.6140594482422, 177.8992462158203, 1.0], [177.74217224121094, 252.3220977783203, 1.0], [194.26242065429688, 251.80438232421875, 1.0], [204.9556884765625, 212.3806915283203, 1.0], [208.26307678222656, 185.4001007080078, 1.0], [224.32533264160156, 229.18174743652344, 1.0], [236.86549377441406, 216.3995819091797, 1.0], [230.2731475830078, 177.60678100585938, 1.0]], "is_left": 0}