{"hand_pts": [[134.71595764160156, 119.24241638183594, 1.0], [119.74169158935547, 99.23494720458984, 1.0], [95.22835540771484, 77.89404296875, 1.0], [95.51004791259766, 73.27411651611328, 1.0], [111.71056365966797, 80.32367706298828, 1.0], [125.53971862792969, 182.0223388671875, 1.0], [129.75079345703125, 187.2185516357422, 1.0], [138.1919403076172, 182.96267700195312, 1.0], [145.10623168945312, 184.35897827148438, 1.0], [163.8349609375, 200.21925354003906, 1.0], [188.74948120117188, 208.0328826904297, 1.0], [205.9136962890625, 198.3192138671875, 1.0], [222.8904571533203, 174.12774658203125, 1.0], [196.4427947998047, 205.4698944091797, 1.0], [223.86341857910156, 231.44534301757812, 1.0], [242.67176818847656, 231.2266387939453, 1.0], [261.2317199707031, 225.91709899902344, 1.0], [225.19406127929688, 202.4196014404297, 1.0], [251.92825317382812, 227.9766387939453, 1.0], [270.22979736328125, 229.0623779296875, 1.0], [286.8769226074219, 225.1880340576172, 1.0]], "is_left": 0}