{"hand_pts": [[150.94778442382812, 240.72389221191406, 1.0], [126.677490234375, 207.75482177734375, 1.0], [78.59454345703125, 211.10667419433594, 1.0], [59.862735748291016, 200.9436798095703, 1.0], [103.50618743896484, 178.44989013671875, 1.0], [141.4888153076172, 232.55223083496094, 1.0], [142.00042724609375, 215.38980102539062, 1.0], [155.09242248535156, 171.414794921875, 1.0], [164.0721893310547, 153.36195373535156, 1.0], [178.07296752929688, 237.67640686035156, 1.0], [199.91519165039062, 203.628173828125, 1.0], [207.74342346191406, 155.34986877441406, 1.0], [203.92449951171875, 112.99246978759766, 1.0], [207.04356384277344, 235.39126586914062, 1.0], [248.69821166992188, 171.66209411621094, 1.0], [262.6934814453125, 126.29856872558594, 1.0], [252.4644317626953, 95.7508773803711, 1.0], [231.7387237548828, 231.18072509765625, 1.0], [258.9537353515625, 192.34759521484375, 1.0], [246.07693481445312, 164.6602325439453, 1.0], [221.09609985351562, 155.63909912109375, 1.0]], "is_left": 0}