{"hand_pts": [[140.00083923339844, 302.1928405761719, 1.0], [193.04653930664062, 274.3976745605469, 1.0], [246.6368408203125, 252.6339569091797, 1.0], [279.55999755859375, 223.57737731933594, 1.0], [303.4234924316406, 195.91989135742188, 1.0], [196.82505798339844, 181.73004150390625, 1.0], [221.67483520507812, 180.8855743408203, 1.0], [224.14181518554688, 213.7886199951172, 1.0], [210.04273986816406, 248.21612548828125, 1.0], [160.2064208984375, 177.299072265625, 1.0], [186.89881896972656, 141.8892059326172, 1.0], [206.65879821777344, 132.51390075683594, 1.0], [221.19268798828125, 165.45535278320312, 1.0], [132.8365478515625, 179.50425720214844, 1.0], [131.146728515625, 143.08346557617188, 1.0], [142.8029022216797, 171.72933959960938, 1.0], [154.55941772460938, 209.14381408691406, 1.0], [107.4125747680664, 190.4339599609375, 1.0], [99.96527862548828, 144.84719848632812, 1.0], [111.19773864746094, 126.60807037353516, 1.0], [133.33518981933594, 151.2432098388672, 1.0]], "is_left": 0}