{"hand_pts": [[50.002899169921875, 63.657127380371094, 1.0], [114.0575942993164, 90.64391326904297, 1.0], [160.25192260742188, 95.05769348144531, 1.0], [186.92413330078125, 149.0622100830078, 1.0], [181.11761474609375, 198.3872833251953, 1.0], [208.73045349121094, 107.14138793945312, 1.0], [250.22097778320312, 155.5072021484375, 1.0], [232.77529907226562, 183.49462890625, 1.0], [194.0054168701172, 196.81146240234375, 1.0], [186.40284729003906, 125.0443115234375, 1.0], [243.802001953125, 195.06411743164062, 1.0], [242.33419799804688, 233.59202575683594, 1.0], [226.2850341796875, 259.7442321777344, 1.0], [163.34107971191406, 143.2465362548828, 1.0], [193.13136291503906, 223.29318237304688, 1.0], [162.6318359375, 231.67466735839844, 1.0], [129.25152587890625, 202.8157501220703, 1.0], [132.80224609375, 157.79966735839844, 1.0], [150.60154724121094, 216.0738983154297, 1.0], [150.1266326904297, 249.4936065673828, 1.0], [134.0348663330078, 252.59124755859375, 1.0]], "is_left": 0}