{"hand_pts": [[171.20242309570312, 341.1231689453125, 1.0], [208.84962463378906, 295.4094543457031, 1.0], [234.0919647216797, 266.04522705078125, 1.0], [243.9424591064453, 223.75868225097656, 1.0], [224.41050720214844, 180.86582946777344, 1.0], [223.63059997558594, 226.80368041992188, 1.0], [231.31524658203125, 169.4375762939453, 1.0], [234.05392456054688, 132.54811096191406, 1.0], [233.9236602783203, 98.1906509399414, 1.0], [189.0253143310547, 225.5628662109375, 1.0], [198.86740112304688, 156.53746032714844, 1.0], [198.56509399414062, 141.45010375976562, 1.0], [192.80335998535156, 175.49057006835938, 1.0], [160.5354461669922, 225.77110290527344, 1.0], [150.02252197265625, 167.42367553710938, 1.0], [143.9988250732422, 127.16834259033203, 1.0], [144.91009521484375, 103.43356323242188, 1.0], [133.26126098632812, 232.74636840820312, 1.0], [117.6591796875, 199.94512939453125, 1.0], [107.32957458496094, 181.06488037109375, 1.0], [99.38823699951172, 166.25103759765625, 1.0]], "is_left": 0}