{"hand_pts": [[179.7089385986328, 209.89370727539062, 1.0], [227.37989807128906, 220.53074645996094, 1.0], [273.60528564453125, 228.5228729248047, 1.0], [292.8039855957031, 235.91371154785156, 1.0], [288.009765625, 241.10655212402344, 1.0], [216.38107299804688, 166.25315856933594, 1.0], [231.24778747558594, 151.87228393554688, 1.0], [238.3504638671875, 165.73379516601562, 1.0], [243.33677673339844, 183.26785278320312, 1.0], [172.13926696777344, 165.15391540527344, 1.0], [176.40599060058594, 145.8784942626953, 1.0], [184.91783142089844, 155.10354614257812, 1.0], [195.053955078125, 172.59317016601562, 1.0], [138.6087646484375, 171.43838500976562, 1.0], [129.62954711914062, 159.36965942382812, 1.0], [134.96376037597656, 179.84701538085938, 1.0], [144.25474548339844, 207.2338409423828, 1.0], [109.14358520507812, 182.2605743408203, 1.0], [92.81198120117188, 181.92562866210938, 1.0], [91.64415740966797, 195.93682861328125, 1.0], [100.24667358398438, 218.6929168701172, 1.0]], "is_left": 0}