{"hand_pts": [[96.66767883300781, 289.04486083984375, 1.0], [99.26346588134766, 225.98822021484375, 1.0], [77.14163208007812, 179.80300903320312, 1.0], [85.1295166015625, 151.63330078125, 1.0], [120.96636199951172, 172.2041473388672, 1.0], [185.2611846923828, 163.006103515625, 1.0], [199.79075622558594, 120.6528549194336, 1.0], [204.30445861816406, 99.24166107177734, 1.0], [196.48594665527344, 93.20122528076172, 1.0], [207.45382690429688, 192.18190002441406, 1.0], [241.85919189453125, 169.70098876953125, 1.0], [208.3177947998047, 181.70619201660156, 1.0], [173.01736450195312, 194.9875946044922, 1.0], [218.5802764892578, 217.75308227539062, 1.0], [251.4634246826172, 179.8179168701172, 1.0], [217.17530822753906, 189.8851318359375, 1.0], [180.5399169921875, 205.16883850097656, 1.0], [220.35641479492188, 246.88893127441406, 1.0], [222.98741149902344, 236.333251953125, 1.0], [193.2403106689453, 240.6478271484375, 1.0], [158.7222442626953, 248.86270141601562, 1.0]], "is_left": 0}