{"hand_pts": [[99.3919906616211, 55.772796630859375, 1.0], [116.72766876220703, 109.47006225585938, 1.0], [130.7196502685547, 134.2064971923828, 1.0], [145.45497131347656, 173.88734436035156, 1.0], [159.6063232421875, 216.54856872558594, 1.0], [220.4630126953125, 134.87901306152344, 1.0], [185.88803100585938, 203.30177307128906, 1.0], [140.1722869873047, 187.34043884277344, 1.0], [96.98261260986328, 171.7350311279297, 1.0], [225.08285522460938, 132.2241973876953, 1.0], [207.67994689941406, 218.06459045410156, 1.0], [183.8267059326172, 266.74176025390625, 1.0], [130.74188232421875, 261.1681213378906, 1.0], [220.1041259765625, 133.74624633789062, 1.0], [288.5097351074219, 183.9647674560547, 1.0], [262.7370910644531, 226.6356658935547, 1.0], [216.02197265625, 242.72265625, 1.0], [205.46035766601562, 132.25047302246094, 1.0], [206.74176025390625, 181.54415893554688, 1.0], [168.2923583984375, 192.688232421875, 1.0], [142.2884521484375, 174.5235595703125, 1.0]], "is_left": 0}