{"hand_pts": [[61.4874267578125, 127.70026397705078, 1.0], [79.8771743774414, 171.38592529296875, 1.0], [70.85938262939453, 213.36538696289062, 1.0], [74.3695297241211, 250.26544189453125, 1.0], [104.50669860839844, 270.8025817871094, 1.0], [149.9456024169922, 168.005859375, 1.0], [182.84251403808594, 202.7650146484375, 1.0], [177.00250244140625, 222.90164184570312, 1.0], [155.3134765625, 213.67327880859375, 1.0], [166.94911193847656, 148.45632934570312, 1.0], [235.38027954101562, 163.1912078857422, 1.0], [220.75534057617188, 189.091552734375, 1.0], [214.3221435546875, 214.8749542236328, 1.0], [177.44241333007812, 136.15914916992188, 1.0], [235.41845703125, 161.6811981201172, 1.0], [255.498291015625, 186.6719207763672, 1.0], [271.2356872558594, 212.5092010498047, 1.0], [180.0623321533203, 124.93647766113281, 1.0], [227.17453002929688, 124.26747131347656, 1.0], [250.85580444335938, 140.49365234375, 1.0], [240.8509063720703, 166.6912384033203, 1.0]], "is_left": 0}