{"hand_pts": [[81.48506164550781, 257.6429443359375, 1.0], [105.2471694946289, 266.40911865234375, 1.0], [117.50032806396484, 283.0599365234375, 1.0], [131.83126831054688, 282.2153015136719, 1.0], [147.09088134765625, 270.101318359375, 1.0], [182.00604248046875, 227.37892150878906, 1.0], [231.87098693847656, 206.44427490234375, 1.0], [243.679443359375, 189.3412628173828, 1.0], [243.36959838867188, 172.4895477294922, 1.0], [172.27243041992188, 198.88424682617188, 1.0], [235.05874633789062, 169.47201538085938, 1.0], [268.0302429199219, 151.972900390625, 1.0], [295.54248046875, 135.8777618408203, 1.0], [158.2281494140625, 178.11524963378906, 1.0], [190.24899291992188, 138.80511474609375, 1.0], [176.21690368652344, 133.05120849609375, 1.0], [159.7109375, 129.7991180419922, 1.0], [138.2460479736328, 163.2091522216797, 1.0], [156.62908935546875, 131.78500366210938, 1.0], [154.9825439453125, 121.12177276611328, 1.0], [146.5064239501953, 119.11392974853516, 1.0]], "is_left": 0}