{"hand_pts": [[311.38018798828125, 313.31475830078125, 1.0], [273.0369567871094, 277.0789489746094, 1.0], [257.28314208984375, 252.46678161621094, 1.0], [203.3472137451172, 218.25379943847656, 1.0], [158.67283630371094, 195.13037109375, 1.0], [251.6421661376953, 169.53724670410156, 1.0], [195.4337158203125, 113.44349670410156, 1.0], [151.62237548828125, 129.7601776123047, 1.0], [151.14617919921875, 178.8716278076172, 1.0], [243.00180053710938, 172.24488830566406, 1.0], [175.29547119140625, 106.00017547607422, 1.0], [132.34182739257812, 127.99122619628906, 1.0], [136.2436981201172, 180.0923614501953, 1.0], [232.57452392578125, 181.58370971679688, 1.0], [148.5927734375, 160.64173889160156, 1.0], [140.4803924560547, 206.345703125, 1.0], [155.5174102783203, 251.49021911621094, 1.0], [225.56016540527344, 200.3009796142578, 1.0], [171.1076202392578, 178.1531524658203, 1.0], [138.5582275390625, 191.78411865234375, 1.0], [157.8439483642578, 222.3642578125, 1.0]], "is_left": 0}