{"hand_pts": [[109.61848449707031, 99.1963119506836, 1.0], [105.20453643798828, 104.70719909667969, 1.0], [78.54954528808594, 102.34394836425781, 1.0], [96.036865234375, 109.12532043457031, 1.0], [141.9568634033203, 120.84432983398438, 1.0], [112.21887969970703, 204.88832092285156, 1.0], [137.54103088378906, 219.55210876464844, 1.0], [165.7252655029297, 192.0967559814453, 1.0], [189.17471313476562, 152.0759735107422, 1.0], [146.02975463867188, 213.4071502685547, 1.0], [178.75894165039062, 251.50148010253906, 1.0], [206.0872039794922, 227.97726440429688, 1.0], [227.39859008789062, 191.3295440673828, 1.0], [175.67010498046875, 211.2926788330078, 1.0], [225.7037811279297, 220.0037078857422, 1.0], [247.61654663085938, 186.6792449951172, 1.0], [256.9859313964844, 144.40272521972656, 1.0], [201.57716369628906, 199.91757202148438, 1.0], [241.05654907226562, 218.77450561523438, 1.0], [262.2359313964844, 203.38890075683594, 1.0], [270.19793701171875, 173.3222198486328, 1.0]], "is_left": 0}