{"hand_pts": [[284.3171691894531, 69.68130493164062, 1.0], [267.0637512207031, 101.8671646118164, 1.0], [255.05345153808594, 112.64464569091797, 1.0], [216.8175048828125, 131.06094360351562, 1.0], [175.46646118164062, 149.36495971679688, 1.0], [257.9061279296875, 177.8770751953125, 1.0], [244.7477264404297, 224.19346618652344, 1.0], [214.3862762451172, 239.85353088378906, 1.0], [185.6109619140625, 256.2864685058594, 1.0], [235.9210205078125, 173.14691162109375, 1.0], [187.2256622314453, 214.59475708007812, 1.0], [151.3878173828125, 227.61268615722656, 1.0], [117.91743469238281, 239.73043823242188, 1.0], [214.0967254638672, 164.26661682128906, 1.0], [157.70079040527344, 196.33482360839844, 1.0], [129.9011993408203, 182.49720764160156, 1.0], [105.20628356933594, 166.75491333007812, 1.0], [195.1121063232422, 148.40675354003906, 1.0], [152.62306213378906, 172.89395141601562, 1.0], [119.645263671875, 182.78546142578125, 1.0], [87.13165283203125, 188.56614685058594, 1.0]], "is_left": 0}