{"hand_pts": [[9.728349685668945, 186.47837829589844, 1.0], [64.2848892211914, 230.1316375732422, 1.0], [100.30593872070312, 276.134521484375, 1.0], [143.75282287597656, 298.67022705078125, 1.0], [188.7215118408203, 288.1063537597656, 1.0], [166.19427490234375, 211.8699951171875, 1.0], [228.4953155517578, 215.51341247558594, 1.0], [238.84524536132812, 218.35574340820312, 1.0], [231.56358337402344, 219.81698608398438, 1.0], [159.0359344482422, 170.53826904296875, 1.0], [234.25169372558594, 166.6005096435547, 1.0], [236.6234588623047, 178.98243713378906, 1.0], [226.2958984375, 193.2875518798828, 1.0], [148.3517608642578, 139.83499145507812, 1.0], [205.68545532226562, 132.36734008789062, 1.0], [198.0169219970703, 144.5115203857422, 1.0], [186.6595916748047, 157.85250854492188, 1.0], [128.6380615234375, 113.45158386230469, 1.0], [173.01837158203125, 100.13092803955078, 1.0], [189.6992950439453, 104.67848205566406, 1.0], [192.30215454101562, 121.18175506591797, 1.0]], "is_left": 0}