{"hand_pts": [[119.24606323242188, 219.93124389648438, 1.0], [171.80503845214844, 243.98635864257812, 1.0], [207.58551025390625, 282.6123962402344, 1.0], [252.08189392089844, 267.2655944824219, 1.0], [266.4732360839844, 223.9086456298828, 1.0], [119.92327880859375, 232.82144165039062, 1.0], [179.5011444091797, 216.7441864013672, 1.0], [230.87127685546875, 207.0541229248047, 1.0], [254.1168670654297, 204.07415771484375, 1.0], [97.99760437011719, 197.2576904296875, 1.0], [167.3050994873047, 167.65306091308594, 1.0], [227.01429748535156, 166.95245361328125, 1.0], [251.44464111328125, 180.3411865234375, 1.0], [89.8777084350586, 168.47618103027344, 1.0], [152.0026092529297, 131.66427612304688, 1.0], [204.54806518554688, 133.1958770751953, 1.0], [220.9761505126953, 152.8356475830078, 1.0], [87.01073455810547, 143.16732788085938, 1.0], [130.08631896972656, 110.9002685546875, 1.0], [176.35777282714844, 114.00959777832031, 1.0], [189.66310119628906, 140.2365264892578, 1.0]], "is_left": 0}