{"hand_pts": [[337.0437927246094, 221.98207092285156, 1.0], [280.3852844238281, 247.05667114257812, 1.0], [238.38381958007812, 277.1532897949219, 1.0], [196.36947631835938, 278.5124206542969, 1.0], [164.92758178710938, 259.8727722167969, 1.0], [200.87037658691406, 212.0840301513672, 1.0], [141.94960021972656, 206.73252868652344, 1.0], [118.6476821899414, 206.81069946289062, 1.0], [104.61982727050781, 207.5769500732422, 1.0], [218.46783447265625, 180.1385498046875, 1.0], [151.9457244873047, 164.8138427734375, 1.0], [129.4363555908203, 169.26161193847656, 1.0], [118.1844253540039, 178.34799194335938, 1.0], [235.9711151123047, 157.94517517089844, 1.0], [178.29193115234375, 135.79052734375, 1.0], [161.9522247314453, 139.02586364746094, 1.0], [156.91168212890625, 149.9344482421875, 1.0], [259.5257263183594, 141.3119354248047, 1.0], [228.468017578125, 121.86597442626953, 1.0], [214.320068359375, 122.16419982910156, 1.0], [208.74288940429688, 135.40638732910156, 1.0]], "is_left": 0}