{"hand_pts": [[294.0763244628906, 310.3465881347656, 1.0], [245.0623016357422, 260.2838134765625, 1.0], [212.61154174804688, 221.32766723632812, 1.0], [168.47560119628906, 188.48980712890625, 1.0], [137.0707244873047, 175.4669952392578, 1.0], [254.71888732910156, 169.27174377441406, 1.0], [209.717529296875, 119.97245788574219, 1.0], [159.7041015625, 121.99919128417969, 1.0], [113.44820404052734, 141.6572723388672, 1.0], [258.4787292480469, 188.8193359375, 1.0], [203.3571014404297, 135.5115509033203, 1.0], [147.5589599609375, 136.08241271972656, 1.0], [98.5114517211914, 153.94427490234375, 1.0], [254.79660034179688, 209.96153259277344, 1.0], [194.2305145263672, 173.4408416748047, 1.0], [144.9107666015625, 184.20301818847656, 1.0], [105.74449157714844, 206.80667114257812, 1.0], [251.0049591064453, 237.5958709716797, 1.0], [204.9717254638672, 224.05140686035156, 1.0], [164.13067626953125, 230.01260375976562, 1.0], [134.14419555664062, 246.97755432128906, 1.0]], "is_left": 0}