{"hand_pts": [[279.0271301269531, 107.9360122680664, 1.0], [224.59396362304688, 177.83761596679688, 1.0], [180.39431762695312, 235.26022338867188, 1.0], [133.7637176513672, 226.8300018310547, 1.0], [151.42095947265625, 177.6815643310547, 1.0], [243.5165252685547, 234.59298706054688, 1.0], [167.58053588867188, 240.5381622314453, 1.0], [128.69277954101562, 217.8839874267578, 1.0], [90.30401611328125, 196.4994659423828, 1.0], [257.36907958984375, 189.73374938964844, 1.0], [250.56167602539062, 227.19212341308594, 1.0], [195.6109161376953, 235.76712036132812, 1.0], [142.8998565673828, 232.99681091308594, 1.0], [261.142578125, 150.87586975097656, 1.0], [185.0337677001953, 160.85858154296875, 1.0], [135.16958618164062, 154.9293670654297, 1.0], [96.17804718017578, 145.37217712402344, 1.0], [263.13470458984375, 109.7874755859375, 1.0], [218.2611846923828, 116.42820739746094, 1.0], [176.54624938964844, 118.2350845336914, 1.0], [182.44691467285156, 115.76851654052734, 1.0]], "is_left": 0}