{"hand_pts": [[267.3255920410156, 290.85809326171875, 1.0], [251.66107177734375, 273.2817077636719, 1.0], [270.5504455566406, 269.74041748046875, 1.0], [232.4736785888672, 252.31155395507812, 1.0], [175.77957153320312, 237.0903778076172, 1.0], [278.9090576171875, 167.711181640625, 1.0], [224.25711059570312, 145.60906982421875, 1.0], [180.0906219482422, 176.826904296875, 1.0], [161.32778930664062, 214.06964111328125, 1.0], [255.46725463867188, 153.69969177246094, 1.0], [184.9903564453125, 123.30831909179688, 1.0], [157.65359497070312, 170.22576904296875, 1.0], [171.55224609375, 210.5002899169922, 1.0], [229.3180389404297, 149.9357147216797, 1.0], [144.4329376220703, 127.23591613769531, 1.0], [113.3941879272461, 165.4439239501953, 1.0], [111.8294906616211, 207.28150939941406, 1.0], [203.6516876220703, 156.6053924560547, 1.0], [149.49713134765625, 137.35089111328125, 1.0], [113.21199035644531, 154.12710571289062, 1.0], [127.69930267333984, 188.1710205078125, 1.0]], "is_left": 0}