{"hand_pts": [[191.85519409179688, 251.1414794921875, 1.0], [183.72390747070312, 272.5037841796875, 1.0], [170.55906677246094, 305.009521484375, 1.0], [171.35533142089844, 301.8528747558594, 1.0], [183.025390625, 270.3009948730469, 1.0], [138.92567443847656, 218.1248321533203, 1.0], [142.22474670410156, 205.64085388183594, 1.0], [163.9609375, 205.34799194335938, 1.0], [194.46780395507812, 210.12893676757812, 1.0], [153.9882049560547, 181.10226440429688, 1.0], [157.5438232421875, 154.14462280273438, 1.0], [185.2860107421875, 162.538330078125, 1.0], [215.24949645996094, 178.3505859375, 1.0], [171.8513946533203, 155.38186645507812, 1.0], [174.01910400390625, 116.29020690917969, 1.0], [195.43789672851562, 115.62541961669922, 1.0], [221.5965118408203, 129.112060546875, 1.0], [192.4164581298828, 136.99769592285156, 1.0], [212.1628875732422, 111.8467788696289, 1.0], [234.8035430908203, 119.78573608398438, 1.0], [254.540771484375, 147.38648986816406, 1.0]], "is_left": 0}