{"hand_pts": [[372.1467590332031, 179.37876892089844, 1.0], [289.3699951171875, 153.6737518310547, 1.0], [243.32176208496094, 133.61122131347656, 1.0], [184.0368194580078, 114.12895965576172, 1.0], [148.89794921875, 106.23834991455078, 1.0], [198.76861572265625, 247.54551696777344, 1.0], [132.69195556640625, 205.50137329101562, 1.0], [143.6204071044922, 155.22286987304688, 1.0], [187.61807250976562, 134.1698760986328, 1.0], [210.72398376464844, 265.71856689453125, 1.0], [138.00921630859375, 219.5043182373047, 1.0], [124.89215850830078, 161.6643524169922, 1.0], [128.63052368164062, 104.14228057861328, 1.0], [221.24668884277344, 269.14886474609375, 1.0], [144.02476501464844, 255.88104248046875, 1.0], [154.66061401367188, 201.9730224609375, 1.0], [181.14356994628906, 158.9412841796875, 1.0], [240.07589721679688, 263.5289306640625, 1.0], [207.72781372070312, 223.0540313720703, 1.0], [210.95138549804688, 177.7145233154297, 1.0], [243.0810546875, 167.76564025878906, 1.0]], "is_left": 0}