{"hand_pts": [[321.2449645996094, 94.8347396850586, 1.0], [270.619384765625, 81.971923828125, 1.0], [235.95718383789062, 69.33924102783203, 1.0], [193.20028686523438, 75.2037582397461, 1.0], [151.53359985351562, 86.26542663574219, 1.0], [241.62791442871094, 147.17388916015625, 1.0], [215.74374389648438, 175.61676025390625, 1.0], [191.66583251953125, 192.38552856445312, 1.0], [172.5904998779297, 210.37498474121094, 1.0], [234.58148193359375, 171.900634765625, 1.0], [188.5139923095703, 207.9640350341797, 1.0], [144.88795471191406, 217.8768310546875, 1.0], [103.75186157226562, 226.83836364746094, 1.0], [224.79075622558594, 186.2736053466797, 1.0], [180.12005615234375, 224.47763061523438, 1.0], [142.14569091796875, 237.09219360351562, 1.0], [103.93254852294922, 247.84791564941406, 1.0], [219.01502990722656, 193.27735900878906, 1.0], [177.92648315429688, 222.14877319335938, 1.0], [143.38995361328125, 236.58346557617188, 1.0], [103.0369873046875, 242.92050170898438, 1.0]], "is_left": 0}