{"hand_pts": [[88.1528091430664, 214.712890625, 1.0], [152.796630859375, 191.68516540527344, 1.0], [213.70803833007812, 175.3217010498047, 1.0], [257.9769592285156, 172.7477264404297, 1.0], [258.29876708984375, 184.8636474609375, 1.0], [145.38880920410156, 150.71749877929688, 1.0], [200.91712951660156, 144.19607543945312, 1.0], [241.52972412109375, 162.10572814941406, 1.0], [277.8475036621094, 181.28109741210938, 1.0], [119.41173553466797, 168.66529846191406, 1.0], [167.19117736816406, 158.1180877685547, 1.0], [216.37582397460938, 167.23207092285156, 1.0], [262.2753601074219, 183.4019775390625, 1.0], [104.33013153076172, 187.05267333984375, 1.0], [128.6924591064453, 174.49267578125, 1.0], [175.15713500976562, 187.0369110107422, 1.0], [209.2261199951172, 202.2974395751953, 1.0], [90.88770294189453, 207.9151611328125, 1.0], [126.60601043701172, 222.7324676513672, 1.0], [161.07810974121094, 235.82908630371094, 1.0], [185.25135803222656, 243.0254669189453, 1.0]], "is_left": 0}