{"hand_pts": [[128.8848114013672, 47.877227783203125, 1.0], [119.44137573242188, 74.86139678955078, 1.0], [96.22206115722656, 82.50017547607422, 1.0], [115.96407318115234, 110.91027069091797, 1.0], [161.73117065429688, 141.14292907714844, 1.0], [106.76580047607422, 179.63003540039062, 1.0], [126.35518646240234, 224.7555694580078, 1.0], [158.6177215576172, 223.33656311035156, 1.0], [191.62171936035156, 201.60385131835938, 1.0], [141.32177734375, 187.95582580566406, 1.0], [177.60281372070312, 245.54380798339844, 1.0], [209.97406005859375, 232.82623291015625, 1.0], [226.77029418945312, 194.17120361328125, 1.0], [172.4413299560547, 188.0301513671875, 1.0], [211.23886108398438, 244.33316040039062, 1.0], [238.70510864257812, 231.47348022460938, 1.0], [246.36355590820312, 193.89691162109375, 1.0], [201.0010528564453, 178.24964904785156, 1.0], [244.8212127685547, 193.59634399414062, 1.0], [262.0018310546875, 172.68284606933594, 1.0], [257.053466796875, 138.47958374023438, 1.0]], "is_left": 0}