{"hand_pts": [[273.5780334472656, 298.4082336425781, 1.0], [203.69361877441406, 280.891357421875, 1.0], [153.81344604492188, 281.65570068359375, 1.0], [131.56155395507812, 250.6811065673828, 1.0], [158.00425720214844, 220.40318298339844, 1.0], [165.49258422851562, 204.190185546875, 1.0], [130.75778198242188, 196.87425231933594, 1.0], [146.1143798828125, 222.996826171875, 1.0], [174.44488525390625, 245.38430786132812, 1.0], [201.37669372558594, 189.34031677246094, 1.0], [162.43222045898438, 137.90924072265625, 1.0], [143.6634063720703, 138.00242614746094, 1.0], [142.3909912109375, 164.33486938476562, 1.0], [228.8736572265625, 181.9290008544922, 1.0], [202.41143798828125, 124.89181518554688, 1.0], [183.05662536621094, 96.22372436523438, 1.0], [160.96311950683594, 90.92295837402344, 1.0], [257.0883483886719, 182.7688751220703, 1.0], [255.89743041992188, 162.4312744140625, 1.0], [252.9222412109375, 158.4404296875, 1.0], [245.12313842773438, 185.416748046875, 1.0]], "is_left": 0}