{"hand_pts": [[73.24832916259766, 127.4557113647461, 1.0], [142.6149444580078, 112.94107818603516, 1.0], [197.2684326171875, 91.85993194580078, 1.0], [237.2325897216797, 111.78240203857422, 1.0], [245.41812133789062, 151.4238739013672, 1.0], [137.05319213867188, 131.94322204589844, 1.0], [177.49610900878906, 139.42727661132812, 1.0], [224.9507598876953, 155.95919799804688, 1.0], [248.58058166503906, 168.11790466308594, 1.0], [117.48403930664062, 167.20692443847656, 1.0], [134.42181396484375, 181.56881713867188, 1.0], [184.26783752441406, 194.86305236816406, 1.0], [237.4250946044922, 203.14797973632812, 1.0], [109.27751159667969, 195.32333374023438, 1.0], [171.88961791992188, 229.6002960205078, 1.0], [217.2854461669922, 246.22140502929688, 1.0], [260.1451416015625, 246.2251434326172, 1.0], [102.06460571289062, 218.35752868652344, 1.0], [147.37234497070312, 253.2746124267578, 1.0], [176.19085693359375, 246.18045043945312, 1.0], [177.73780822753906, 219.40940856933594, 1.0]], "is_left": 0}