{"hand_pts": [[315.44903564453125, 77.83332824707031, 1.0], [246.65850830078125, 97.13009643554688, 1.0], [185.2095489501953, 102.17388916015625, 1.0], [136.359375, 130.3896026611328, 1.0], [104.20075988769531, 166.57777404785156, 1.0], [220.14427185058594, 130.58377075195312, 1.0], [170.2178955078125, 159.02969360351562, 1.0], [133.3122100830078, 184.16493225097656, 1.0], [98.74854278564453, 209.4530487060547, 1.0], [241.42442321777344, 147.55213928222656, 1.0], [187.188720703125, 189.02528381347656, 1.0], [144.14730834960938, 217.3775634765625, 1.0], [103.6736068725586, 242.65625, 1.0], [255.71128845214844, 161.9571075439453, 1.0], [206.89404296875, 209.1580352783203, 1.0], [168.6063690185547, 236.30520629882812, 1.0], [131.7087860107422, 259.77508544921875, 1.0], [271.7471008300781, 171.89892578125, 1.0], [241.05165100097656, 210.53225708007812, 1.0], [210.59521484375, 235.456298828125, 1.0], [175.5868377685547, 254.40505981445312, 1.0]], "is_left": 0}