{"hand_pts": [[121.44877624511719, 162.04046630859375, 1.0], [105.61150360107422, 169.21690368652344, 1.0], [71.13882446289062, 160.4698028564453, 1.0], [54.128753662109375, 150.73995971679688, 1.0], [97.56480407714844, 143.65359497070312, 1.0], [146.9921875, 221.9856414794922, 1.0], [179.56460571289062, 232.93704223632812, 1.0], [184.49876403808594, 205.09474182128906, 1.0], [180.1861114501953, 175.36370849609375, 1.0], [181.245361328125, 217.14300537109375, 1.0], [214.5208740234375, 219.22726440429688, 1.0], [199.0487823486328, 186.77879333496094, 1.0], [175.8993377685547, 159.44741821289062, 1.0], [205.97523498535156, 208.18650817871094, 1.0], [252.45458984375, 187.16079711914062, 1.0], [252.8412628173828, 158.79457092285156, 1.0], [221.60501098632812, 140.8204345703125, 1.0], [224.2242889404297, 195.31719970703125, 1.0], [249.19320678710938, 194.9758758544922, 1.0], [252.68739318847656, 183.02139282226562, 1.0], [228.84512329101562, 162.80262756347656, 1.0]], "is_left": 0}