{"hand_pts": [[318.6114501953125, 231.9281768798828, 1.0], [265.0682067871094, 255.42971801757812, 1.0], [235.4082794189453, 279.846923828125, 1.0], [193.58477783203125, 268.85430908203125, 1.0], [180.12322998046875, 232.4151153564453, 1.0], [229.36065673828125, 193.551513671875, 1.0], [196.42845153808594, 179.19711303710938, 1.0], [157.77110290527344, 187.4877166748047, 1.0], [120.38855743408203, 192.9021453857422, 1.0], [232.1841583251953, 165.04864501953125, 1.0], [169.6545867919922, 136.08087158203125, 1.0], [131.92083740234375, 156.5498046875, 1.0], [92.9117431640625, 168.15512084960938, 1.0], [231.84642028808594, 148.62159729003906, 1.0], [168.94973754882812, 165.4153594970703, 1.0], [159.89810180664062, 195.4530029296875, 1.0], [191.4297637939453, 213.46099853515625, 1.0], [235.33682250976562, 139.63229370117188, 1.0], [196.01356506347656, 119.64672088623047, 1.0], [170.91744995117188, 140.48580932617188, 1.0], [148.0370330810547, 166.31581115722656, 1.0]], "is_left": 0}