{"hand_pts": [[56.75191116333008, 180.2654571533203, 1.0], [73.24113464355469, 184.24710083007812, 1.0], [81.06369018554688, 188.39500427246094, 1.0], [116.69225311279297, 190.668212890625, 1.0], [155.2873077392578, 190.2747802734375, 1.0], [149.3439178466797, 151.2180938720703, 1.0], [179.3378448486328, 165.96739196777344, 1.0], [181.24758911132812, 188.3197479248047, 1.0], [171.52468872070312, 212.4641571044922, 1.0], [166.1850128173828, 156.57337951660156, 1.0], [212.06019592285156, 161.27359008789062, 1.0], [222.4232940673828, 178.69532775878906, 1.0], [218.82369995117188, 200.49993896484375, 1.0], [175.43017578125, 165.78662109375, 1.0], [230.0390167236328, 167.1415557861328, 1.0], [246.92678833007812, 181.20639038085938, 1.0], [264.5682067871094, 194.03306579589844, 1.0], [176.24464416503906, 177.3573760986328, 1.0], [206.73460388183594, 193.9628448486328, 1.0], [203.3964080810547, 212.94891357421875, 1.0], [196.56800842285156, 232.1641082763672, 1.0]], "is_left": 0}