{"hand_pts": [[315.2575378417969, 175.39488220214844, 1.0], [286.1001281738281, 208.18283081054688, 1.0], [280.2546691894531, 241.06324768066406, 1.0], [249.24961853027344, 239.83749389648438, 1.0], [215.53524780273438, 223.66871643066406, 1.0], [204.22317504882812, 226.69216918945312, 1.0], [185.25929260253906, 233.86599731445312, 1.0], [211.11541748046875, 220.43722534179688, 1.0], [238.29681396484375, 205.4994354248047, 1.0], [193.92279052734375, 194.95652770996094, 1.0], [150.1132049560547, 190.5283966064453, 1.0], [167.51380920410156, 182.61598205566406, 1.0], [200.5899200439453, 177.25247192382812, 1.0], [189.73716735839844, 167.73191833496094, 1.0], [123.96559143066406, 154.04344177246094, 1.0], [97.9813232421875, 145.1147918701172, 1.0], [111.76439666748047, 145.30287170410156, 1.0], [194.0446014404297, 141.12933349609375, 1.0], [154.18936157226562, 130.5174560546875, 1.0], [134.26376342773438, 124.43359375, 1.0], [121.26265716552734, 121.34532928466797, 1.0]], "is_left": 0}