{"hand_pts": [[334.98291015625, 231.59017944335938, 1.0], [306.1636657714844, 192.8600311279297, 1.0], [284.1983947753906, 159.5643310546875, 1.0], [238.6760711669922, 144.73695373535156, 1.0], [193.04922485351562, 138.3619842529297, 1.0], [238.71029663085938, 173.91448974609375, 1.0], [185.9095001220703, 150.08155822753906, 1.0], [154.4278564453125, 139.11477661132812, 1.0], [131.50643920898438, 133.90013122558594, 1.0], [227.10670471191406, 198.91177368164062, 1.0], [158.5496368408203, 179.07492065429688, 1.0], [125.89544677734375, 167.41055297851562, 1.0], [113.0689926147461, 159.77854919433594, 1.0], [219.9458465576172, 219.0849609375, 1.0], [152.64048767089844, 203.3551025390625, 1.0], [123.9848403930664, 194.1308135986328, 1.0], [108.03540802001953, 185.9477996826172, 1.0], [220.169677734375, 239.40415954589844, 1.0], [176.64369201660156, 238.81719970703125, 1.0], [161.91831970214844, 235.03854370117188, 1.0], [167.82749938964844, 228.3572235107422, 1.0]], "is_left": 0}