{"hand_pts": [[276.4066467285156, 249.4748992919922, 1.0], [284.4484558105469, 229.5867156982422, 1.0], [302.14520263671875, 204.7909698486328, 1.0], [300.7999267578125, 184.8997344970703, 1.0], [280.13299560546875, 171.4781951904297, 1.0], [221.30718994140625, 177.60707092285156, 1.0], [203.2454833984375, 150.61642456054688, 1.0], [201.3240509033203, 153.5250701904297, 1.0], [196.15916442871094, 152.9792022705078, 1.0], [197.13601684570312, 193.55667114257812, 1.0], [152.13856506347656, 152.4468536376953, 1.0], [135.4560089111328, 140.50172424316406, 1.0], [120.40023803710938, 130.0492401123047, 1.0], [182.72190856933594, 211.06126403808594, 1.0], [130.19772338867188, 179.5703125, 1.0], [111.47834014892578, 173.3052978515625, 1.0], [100.18557739257812, 172.44003295898438, 1.0], [175.71682739257812, 231.73121643066406, 1.0], [142.5592498779297, 229.59512329101562, 1.0], [125.09681701660156, 231.70594787597656, 1.0], [116.5345687866211, 236.92807006835938, 1.0]], "is_left": 0}