{"hand_pts": [[118.53982543945312, 41.699180603027344, 1.0], [185.2783660888672, 75.50669860839844, 1.0], [238.68154907226562, 79.91582489013672, 1.0], [277.06787109375, 108.00227355957031, 1.0], [283.7411193847656, 154.23095703125, 1.0], [206.46682739257812, 132.4220428466797, 1.0], [231.0660400390625, 189.78921508789062, 1.0], [226.21395874023438, 188.87135314941406, 1.0], [215.16259765625, 175.8670196533203, 1.0], [165.91571044921875, 148.67701721191406, 1.0], [176.49929809570312, 217.68756103515625, 1.0], [192.75875854492188, 237.86961364746094, 1.0], [208.02735900878906, 262.03118896484375, 1.0], [134.86856079101562, 161.61825561523438, 1.0], [152.7255401611328, 233.9248809814453, 1.0], [162.40554809570312, 235.14437866210938, 1.0], [160.1207275390625, 197.14968872070312, 1.0], [104.57347869873047, 167.52650451660156, 1.0], [106.43634033203125, 215.30604553222656, 1.0], [110.51919555664062, 243.94625854492188, 1.0], [124.0308837890625, 231.16075134277344, 1.0]], "is_left": 0}