{"hand_pts": [[272.0129699707031, 142.59185791015625, 1.0], [274.6064758300781, 182.13580322265625, 1.0], [296.68414306640625, 223.83834838867188, 1.0], [307.9527893066406, 247.1840362548828, 1.0], [290.87506103515625, 222.66482543945312, 1.0], [194.7733154296875, 231.02880859375, 1.0], [185.43597412109375, 245.58656311035156, 1.0], [185.9885711669922, 245.50701904296875, 1.0], [201.2950439453125, 226.15419006347656, 1.0], [168.7672576904297, 196.48146057128906, 1.0], [115.54728698730469, 197.49790954589844, 1.0], [141.13990783691406, 171.3982696533203, 1.0], [172.09996032714844, 147.13902282714844, 1.0], [153.77003479003906, 164.1426239013672, 1.0], [136.21224975585938, 160.17893981933594, 1.0], [161.82713317871094, 141.80287170410156, 1.0], [201.47486877441406, 124.74262237548828, 1.0], [147.70602416992188, 129.91717529296875, 1.0], [107.84638214111328, 134.7050018310547, 1.0], [119.44356536865234, 128.34754943847656, 1.0], [139.95797729492188, 122.30841064453125, 1.0]], "is_left": 0}