{"hand_pts": [[289.7353210449219, 282.36865234375, 1.0], [290.2584533691406, 248.89854431152344, 1.0], [313.0547180175781, 210.2598876953125, 1.0], [270.96551513671875, 190.60726928710938, 1.0], [240.58383178710938, 215.98776245117188, 1.0], [242.07069396972656, 176.632080078125, 1.0], [213.37765502929688, 167.43869018554688, 1.0], [197.17681884765625, 170.45921325683594, 1.0], [185.4809112548828, 183.2183074951172, 1.0], [213.00314331054688, 189.29461669921875, 1.0], [158.06309509277344, 149.4786376953125, 1.0], [136.17922973632812, 148.2119598388672, 1.0], [109.73463439941406, 139.58082580566406, 1.0], [191.54214477539062, 204.37115478515625, 1.0], [132.42562866210938, 167.98226928710938, 1.0], [130.0252227783203, 181.8754425048828, 1.0], [138.7044219970703, 200.96788024902344, 1.0], [176.88763427734375, 225.01626586914062, 1.0], [140.61630249023438, 196.3815460205078, 1.0], [117.7604751586914, 180.23655700683594, 1.0], [110.34333801269531, 177.1549072265625, 1.0]], "is_left": 0}