{"hand_pts": [[311.3892822265625, 196.74395751953125, 1.0], [275.9579162597656, 224.94888305664062, 1.0], [258.45916748046875, 254.26194763183594, 1.0], [221.06568908691406, 235.72303771972656, 1.0], [200.80519104003906, 203.16455078125, 1.0], [200.16082763671875, 234.0681610107422, 1.0], [150.81898498535156, 226.89320373535156, 1.0], [138.44761657714844, 212.16981506347656, 1.0], [138.4106903076172, 196.55230712890625, 1.0], [195.5205841064453, 201.68157958984375, 1.0], [135.22042846679688, 201.83706665039062, 1.0], [97.48932647705078, 200.37722778320312, 1.0], [83.5232162475586, 194.70651245117188, 1.0], [195.1015625, 174.3265380859375, 1.0], [177.37136840820312, 137.15277099609375, 1.0], [196.97267150878906, 127.09950256347656, 1.0], [224.55322265625, 126.68665313720703, 1.0], [202.2896728515625, 148.56356811523438, 1.0], [187.02442932128906, 121.52999877929688, 1.0], [208.50714111328125, 126.66970825195312, 1.0], [233.87841796875, 143.85084533691406, 1.0]], "is_left": 0}