{"hand_pts": [[257.1855163574219, 4.718718528747559, 1.0], [253.32769775390625, 68.10446166992188, 1.0], [258.4469909667969, 108.40083312988281, 1.0], [236.19403076171875, 157.4781494140625, 1.0], [195.50669860839844, 187.826904296875, 1.0], [260.2059631347656, 162.7921905517578, 1.0], [217.5880584716797, 218.31243896484375, 1.0], [182.54769897460938, 238.14236450195312, 1.0], [147.87106323242188, 236.52500915527344, 1.0], [233.33969116210938, 154.35154724121094, 1.0], [203.14833068847656, 235.07781982421875, 1.0], [170.95753479003906, 245.548095703125, 1.0], [141.48583984375, 256.1864318847656, 1.0], [207.30447387695312, 144.02183532714844, 1.0], [156.75733947753906, 210.63819885253906, 1.0], [129.29205322265625, 210.43568420410156, 1.0], [109.31007385253906, 199.01768493652344, 1.0], [183.1881103515625, 125.15074920654297, 1.0], [137.3017120361328, 164.6813201904297, 1.0], [117.12419128417969, 168.2671661376953, 1.0], [135.50941467285156, 144.35427856445312, 1.0]], "is_left": 0}