{"hand_pts": [[150.33181762695312, 299.5859375, 1.0], [144.9666748046875, 293.3934020996094, 1.0], [138.41195678710938, 287.6510925292969, 1.0], [134.4654541015625, 268.6388854980469, 1.0], [132.0613250732422, 244.05946350097656, 1.0], [187.60995483398438, 236.6485137939453, 1.0], [211.9127197265625, 209.14479064941406, 1.0], [222.0227508544922, 187.94039916992188, 1.0], [237.4639434814453, 168.05734252929688, 1.0], [181.65650939941406, 213.12603759765625, 1.0], [207.94287109375, 171.02252197265625, 1.0], [214.3597869873047, 144.03277587890625, 1.0], [224.8876953125, 117.81144714355469, 1.0], [171.05975341796875, 196.88514709472656, 1.0], [192.80099487304688, 149.71575927734375, 1.0], [194.57858276367188, 121.90689086914062, 1.0], [197.77642822265625, 93.65848541259766, 1.0], [157.65907287597656, 187.99229431152344, 1.0], [164.02024841308594, 150.4087677001953, 1.0], [163.97909545898438, 124.45158386230469, 1.0], [162.51441955566406, 97.9051742553711, 1.0]], "is_left": 0}