{"hand_pts": [[220.38108825683594, 145.8370361328125, 1.0], [161.42832946777344, 120.44549560546875, 1.0], [122.82930755615234, 82.0122299194336, 1.0], [96.22213745117188, 104.27896118164062, 1.0], [108.94869232177734, 154.4221649169922, 1.0], [210.4579315185547, 104.79671478271484, 1.0], [162.3404998779297, 119.93132019042969, 1.0], [120.85746002197266, 143.22206115722656, 1.0], [105.2544937133789, 160.26785278320312, 1.0], [244.60287475585938, 146.46429443359375, 1.0], [228.7957763671875, 173.48257446289062, 1.0], [188.68165588378906, 199.05209350585938, 1.0], [143.29637145996094, 217.1575927734375, 1.0], [263.5052185058594, 183.35337829589844, 1.0], [245.64700317382812, 227.64942932128906, 1.0], [202.66131591796875, 245.23471069335938, 1.0], [165.02963256835938, 250.66343688964844, 1.0], [276.47515869140625, 218.36489868164062, 1.0], [254.71926879882812, 260.0428466796875, 1.0], [218.31227111816406, 272.97747802734375, 1.0], [183.0052947998047, 270.7915954589844, 1.0]], "is_left": 0}