{"hand_pts": [[191.95477294921875, 287.4649353027344, 1.0], [154.5633087158203, 225.3656768798828, 1.0], [84.270263671875, 194.26666259765625, 1.0], [88.16410064697266, 150.17796325683594, 1.0], [150.85244750976562, 152.09400939941406, 1.0], [127.14756774902344, 225.82138061523438, 1.0], [120.75749206542969, 171.8334503173828, 1.0], [144.44410705566406, 129.85667419433594, 1.0], [171.71380615234375, 97.3488540649414, 1.0], [165.45419311523438, 245.4743194580078, 1.0], [170.7181854248047, 191.4169921875, 1.0], [186.4799041748047, 139.68011474609375, 1.0], [197.47238159179688, 111.21513366699219, 1.0], [198.6696319580078, 255.46339416503906, 1.0], [220.15249633789062, 209.66517639160156, 1.0], [235.2458953857422, 162.804443359375, 1.0], [244.94448852539062, 121.33287811279297, 1.0], [231.1704864501953, 264.8001708984375, 1.0], [273.4248352050781, 228.66278076171875, 1.0], [277.3284912109375, 201.11444091796875, 1.0], [256.8292236328125, 193.66845703125, 1.0]], "is_left": 0}