{"hand_pts": [[4.820796012878418, 145.09658813476562, 1.0], [72.93998718261719, 134.87765502929688, 1.0], [115.57156372070312, 110.89318084716797, 1.0], [166.2458953857422, 136.82891845703125, 1.0], [179.90322875976562, 174.0653839111328, 1.0], [178.4658660888672, 120.58790588378906, 1.0], [241.0679931640625, 141.9876251220703, 1.0], [225.70077514648438, 167.87808227539062, 1.0], [189.5886688232422, 187.29769897460938, 1.0], [170.3377227783203, 146.34521484375, 1.0], [248.0410919189453, 179.6016082763672, 1.0], [238.93307495117188, 204.56202697753906, 1.0], [191.89126586914062, 207.07781982421875, 1.0], [159.39654541015625, 170.6904296875, 1.0], [228.11801147460938, 211.6824493408203, 1.0], [220.2703399658203, 234.4634552001953, 1.0], [180.1754150390625, 230.90753173828125, 1.0], [138.7833251953125, 194.4239044189453, 1.0], [174.8376922607422, 230.67172241210938, 1.0], [171.67327880859375, 248.67759704589844, 1.0], [143.67919921875, 241.32289123535156, 1.0]], "is_left": 0}