{"hand_pts": [[245.34188842773438, 132.8762664794922, 1.0], [271.07177734375, 158.7615203857422, 1.0], [299.87030029296875, 178.5194549560547, 1.0], [303.464111328125, 201.4565887451172, 1.0], [290.11859130859375, 223.48660278320312, 1.0], [224.86842346191406, 155.60687255859375, 1.0], [210.99131774902344, 163.4967041015625, 1.0], [202.1918182373047, 180.11741638183594, 1.0], [192.0634002685547, 193.7945098876953, 1.0], [188.01116943359375, 156.70533752441406, 1.0], [170.6884765625, 176.56631469726562, 1.0], [165.8074188232422, 196.49871826171875, 1.0], [163.96853637695312, 218.3820037841797, 1.0], [162.8891143798828, 161.2668914794922, 1.0], [129.62765502929688, 171.25563049316406, 1.0], [121.96163177490234, 192.7571563720703, 1.0], [121.16004943847656, 217.5272674560547, 1.0], [144.85552978515625, 165.3738555908203, 1.0], [118.3279800415039, 182.82835388183594, 1.0], [104.06085968017578, 198.7244415283203, 1.0], [99.6633529663086, 220.07769775390625, 1.0]], "is_left": 0}