{"hand_pts": [[131.14724731445312, 179.51657104492188, 1.0], [97.78895568847656, 188.8332977294922, 1.0], [60.5932502746582, 205.38775634765625, 1.0], [89.04849243164062, 216.2940216064453, 1.0], [138.59400939941406, 210.423583984375, 1.0], [142.8241424560547, 128.1116180419922, 1.0], [163.2862091064453, 135.98939514160156, 1.0], [157.03564453125, 184.71302795410156, 1.0], [148.6361846923828, 233.54737854003906, 1.0], [181.2342987060547, 135.02581787109375, 1.0], [211.52691650390625, 139.27149963378906, 1.0], [206.0316162109375, 179.65631103515625, 1.0], [187.8143768310547, 227.86654663085938, 1.0], [207.6012420654297, 149.1632080078125, 1.0], [257.6910095214844, 136.51235961914062, 1.0], [236.55877685546875, 181.8670654296875, 1.0], [215.90428161621094, 225.42835998535156, 1.0], [227.43359375, 167.6022186279297, 1.0], [248.17062377929688, 192.00735473632812, 1.0], [239.46258544921875, 226.81573486328125, 1.0], [225.00827026367188, 263.67926025390625, 1.0]], "is_left": 0}