{"hand_pts": [[68.8396987915039, 97.5531234741211, 1.0], [123.69326782226562, 115.16490173339844, 1.0], [165.80892944335938, 108.6250991821289, 1.0], [182.7967987060547, 139.83294677734375, 1.0], [185.3164520263672, 174.63426208496094, 1.0], [192.1941680908203, 134.46401977539062, 1.0], [237.05441284179688, 156.98904418945312, 1.0], [261.6963195800781, 179.03103637695312, 1.0], [286.0627746582031, 199.0243682861328, 1.0], [169.29110717773438, 150.5320281982422, 1.0], [192.7126922607422, 203.89862060546875, 1.0], [186.80931091308594, 227.62632751464844, 1.0], [179.62338256835938, 247.9580841064453, 1.0], [147.564208984375, 165.47560119628906, 1.0], [193.40672302246094, 198.48426818847656, 1.0], [217.47557067871094, 222.02284240722656, 1.0], [235.0061492919922, 246.46966552734375, 1.0], [120.9699478149414, 176.9383087158203, 1.0], [133.83155822753906, 211.8481903076172, 1.0], [125.32882690429688, 214.7929229736328, 1.0], [111.27505493164062, 197.7073516845703, 1.0]], "is_left": 0}