{"hand_pts": [[292.3577575683594, 304.40576171875, 1.0], [285.6512451171875, 237.85166931152344, 1.0], [289.076416015625, 193.09814453125, 1.0], [279.4533996582031, 152.5604248046875, 1.0], [264.8238830566406, 127.4087905883789, 1.0], [190.52105712890625, 193.19412231445312, 1.0], [150.85252380371094, 148.0761260986328, 1.0], [157.722900390625, 129.27548217773438, 1.0], [183.9248504638672, 130.50787353515625, 1.0], [171.45726013183594, 218.33624267578125, 1.0], [143.60951232910156, 164.8631591796875, 1.0], [178.25650024414062, 155.34434509277344, 1.0], [218.21861267089844, 156.89324951171875, 1.0], [163.33990478515625, 237.99948120117188, 1.0], [116.27134704589844, 197.23544311523438, 1.0], [123.25139617919922, 175.05050659179688, 1.0], [139.91319274902344, 156.50692749023438, 1.0], [165.2191619873047, 260.5831604003906, 1.0], [136.1112823486328, 240.54393005371094, 1.0], [156.1030731201172, 225.462890625, 1.0], [191.37796020507812, 226.08163452148438, 1.0]], "is_left": 0}