{"hand_pts": [[319.4721374511719, 315.5292663574219, 1.0], [298.0375671386719, 250.1591033935547, 1.0], [293.7998046875, 202.2004852294922, 1.0], [266.5016784667969, 153.2688446044922, 1.0], [233.36463928222656, 125.49207305908203, 1.0], [196.31507873535156, 229.9710693359375, 1.0], [149.205810546875, 176.34735107421875, 1.0], [147.6634521484375, 136.3712921142578, 1.0], [164.05938720703125, 105.82062530517578, 1.0], [184.4200439453125, 248.0185089111328, 1.0], [133.5455780029297, 181.04177856445312, 1.0], [144.47549438476562, 135.99655151367188, 1.0], [175.1697235107422, 103.95175170898438, 1.0], [181.7524871826172, 258.762451171875, 1.0], [128.82464599609375, 200.23037719726562, 1.0], [139.1501007080078, 160.79200744628906, 1.0], [171.63748168945312, 133.73240661621094, 1.0], [189.17929077148438, 270.964599609375, 1.0], [161.1791534423828, 232.77500915527344, 1.0], [167.1971435546875, 200.26992797851562, 1.0], [199.09243774414062, 177.19387817382812, 1.0]], "is_left": 0}