{"hand_pts": [[291.27490234375, 104.5658187866211, 1.0], [229.06983947753906, 105.55451965332031, 1.0], [177.7183837890625, 94.36946868896484, 1.0], [142.02931213378906, 123.3418960571289, 1.0], [123.43147277832031, 164.00376892089844, 1.0], [185.7392578125, 198.50376892089844, 1.0], [143.3631591796875, 187.67420959472656, 1.0], [144.22430419921875, 152.90283203125, 1.0], [143.77023315429688, 121.29634094238281, 1.0], [210.0220184326172, 223.054443359375, 1.0], [175.35855102539062, 207.40318298339844, 1.0], [187.55294799804688, 156.26600646972656, 1.0], [200.82763671875, 109.20439910888672, 1.0], [229.7708282470703, 235.83775329589844, 1.0], [181.4780731201172, 274.1309509277344, 1.0], [167.07257080078125, 243.6285858154297, 1.0], [171.3607177734375, 195.0750274658203, 1.0], [252.89378356933594, 238.0354766845703, 1.0], [225.7191162109375, 237.47634887695312, 1.0], [213.81883239746094, 209.75942993164062, 1.0], [204.51673889160156, 172.6305694580078, 1.0]], "is_left": 0}