{"hand_pts": [[98.49650573730469, 298.15570068359375, 1.0], [170.8087158203125, 269.4239196777344, 1.0], [231.50741577148438, 262.0594177246094, 1.0], [247.60678100585938, 220.6540069580078, 1.0], [227.19186401367188, 188.78895568847656, 1.0], [217.05909729003906, 260.3238525390625, 1.0], [256.5484924316406, 208.37730407714844, 1.0], [254.2194366455078, 174.4209442138672, 1.0], [228.48220825195312, 172.09303283691406, 1.0], [179.83164978027344, 244.21755981445312, 1.0], [201.74256896972656, 167.07765197753906, 1.0], [207.89959716796875, 125.68699645996094, 1.0], [197.74603271484375, 118.51704406738281, 1.0], [150.13055419921875, 227.29505920410156, 1.0], [154.9939422607422, 149.8131103515625, 1.0], [143.09176635742188, 152.71107482910156, 1.0], [132.66018676757812, 175.77049255371094, 1.0], [118.9880599975586, 213.1970977783203, 1.0], [115.79468536376953, 160.06199645996094, 1.0], [112.9342041015625, 125.23897552490234, 1.0], [111.50135040283203, 99.92687225341797, 1.0]], "is_left": 0}