{"hand_pts": [[318.487060546875, 127.55294036865234, 1.0], [260.4771423339844, 184.5800323486328, 1.0], [227.00390625, 237.523681640625, 1.0], [183.44496154785156, 263.8217468261719, 1.0], [146.3494110107422, 254.60739135742188, 1.0], [239.17388916015625, 209.80267333984375, 1.0], [184.97242736816406, 236.19602966308594, 1.0], [143.1065216064453, 244.51278686523438, 1.0], [103.48450469970703, 252.84616088867188, 1.0], [245.9716339111328, 165.86785888671875, 1.0], [197.47874450683594, 191.5990447998047, 1.0], [150.51364135742188, 204.23902893066406, 1.0], [106.86663055419922, 216.16343688964844, 1.0], [247.20460510253906, 129.83250427246094, 1.0], [201.2535400390625, 148.2501220703125, 1.0], [159.63710021972656, 158.47132873535156, 1.0], [118.3998794555664, 167.8837890625, 1.0], [250.8185272216797, 94.55244445800781, 1.0], [204.91604614257812, 94.72328186035156, 1.0], [170.43740844726562, 96.15347290039062, 1.0], [133.5054473876953, 102.30060577392578, 1.0]], "is_left": 0}