{"hand_pts": [[142.71531677246094, 175.1652374267578, 1.0], [110.06192016601562, 192.37461853027344, 1.0], [74.4377212524414, 204.25213623046875, 1.0], [71.30677032470703, 217.66729736328125, 1.0], [82.21397399902344, 229.65626525878906, 1.0], [145.16867065429688, 154.9935302734375, 1.0], [148.30361938476562, 160.2205810546875, 1.0], [150.22683715820312, 176.02931213378906, 1.0], [152.23257446289062, 199.80130004882812, 1.0], [184.40875244140625, 159.18157958984375, 1.0], [194.42799377441406, 154.9732666015625, 1.0], [194.57496643066406, 167.73301696777344, 1.0], [191.46697998046875, 187.21534729003906, 1.0], [213.35731506347656, 169.23899841308594, 1.0], [236.978759765625, 158.73667907714844, 1.0], [243.2750244140625, 169.67950439453125, 1.0], [246.72418212890625, 184.08253479003906, 1.0], [237.10617065429688, 181.88682556152344, 1.0], [259.8153076171875, 199.44473266601562, 1.0], [269.9365539550781, 217.5961456298828, 1.0], [266.63958740234375, 244.21168518066406, 1.0]], "is_left": 0}