{"hand_pts": [[70.44522094726562, 249.6287841796875, 1.0], [141.8443603515625, 255.7085723876953, 1.0], [195.05633544921875, 272.5226135253906, 1.0], [221.40670776367188, 241.30995178222656, 1.0], [230.72352600097656, 206.93235778808594, 1.0], [150.32130432128906, 224.7290802001953, 1.0], [218.76072692871094, 212.7746124267578, 1.0], [222.62249755859375, 218.4584503173828, 1.0], [186.2359619140625, 226.56527709960938, 1.0], [131.20530700683594, 200.27288818359375, 1.0], [187.32351684570312, 161.17242431640625, 1.0], [232.9521026611328, 146.7972412109375, 1.0], [269.25189208984375, 149.02249145507812, 1.0], [121.1182861328125, 181.65562438964844, 1.0], [140.0260772705078, 149.45266723632812, 1.0], [178.18775939941406, 136.16677856445312, 1.0], [218.80545043945312, 138.67385864257812, 1.0], [110.50936889648438, 167.4349365234375, 1.0], [137.78892517089844, 135.2747344970703, 1.0], [173.9268798828125, 128.82794189453125, 1.0], [195.2039337158203, 148.19351196289062, 1.0]], "is_left": 0}