{"hand_pts": [[306.3440246582031, 179.45895385742188, 1.0], [234.7963409423828, 190.4549560546875, 1.0], [170.2740020751953, 190.8799591064453, 1.0], [119.65786743164062, 193.48057556152344, 1.0], [138.29710388183594, 196.35459899902344, 1.0], [170.80126953125, 127.95704650878906, 1.0], [127.57903289794922, 163.43661499023438, 1.0], [112.55419158935547, 199.79734802246094, 1.0], [137.38597106933594, 242.10769653320312, 1.0], [208.94113159179688, 132.72633361816406, 1.0], [142.8125762939453, 132.07606506347656, 1.0], [118.48677825927734, 167.1263427734375, 1.0], [111.40277862548828, 211.9378662109375, 1.0], [240.56515502929688, 144.75311279296875, 1.0], [228.5327606201172, 215.0577850341797, 1.0], [240.87838745117188, 256.5577087402344, 1.0], [252.0462646484375, 297.15472412109375, 1.0], [274.41668701171875, 160.79910278320312, 1.0], [249.5, 152.85931396484375, 1.0], [229.88856506347656, 162.77830505371094, 1.0], [209.93807983398438, 186.4908905029297, 1.0]], "is_left": 0}