{"hand_pts": [[86.1612777709961, 198.23329162597656, 1.0], [151.2829132080078, 228.8260040283203, 1.0], [211.94100952148438, 257.69775390625, 1.0], [256.7638854980469, 272.6861572265625, 1.0], [273.4843444824219, 270.69903564453125, 1.0], [197.49588012695312, 198.95567321777344, 1.0], [240.27821350097656, 194.9759979248047, 1.0], [233.18917846679688, 204.74273681640625, 1.0], [232.68540954589844, 212.344970703125, 1.0], [164.7273712158203, 169.48414611816406, 1.0], [207.712158203125, 156.7520751953125, 1.0], [228.36708068847656, 166.82015991210938, 1.0], [220.47048950195312, 189.25640869140625, 1.0], [136.4297637939453, 148.6087188720703, 1.0], [148.24819946289062, 118.63151550292969, 1.0], [153.1249542236328, 135.22671508789062, 1.0], [155.7506866455078, 162.56138610839844, 1.0], [104.87236785888672, 131.77586364746094, 1.0], [113.38346862792969, 132.83277893066406, 1.0], [113.46331024169922, 155.7438201904297, 1.0], [112.8484878540039, 180.90740966796875, 1.0]], "is_left": 0}