{"hand_pts": [[94.88597106933594, 109.7849349975586, 1.0], [160.90139770507812, 111.61944580078125, 1.0], [224.3539276123047, 85.62152099609375, 1.0], [260.2281494140625, 126.30338287353516, 1.0], [251.9291229248047, 181.3888702392578, 1.0], [171.3543701171875, 109.66957092285156, 1.0], [229.5056610107422, 142.61337280273438, 1.0], [263.1850280761719, 169.45516967773438, 1.0], [276.90234375, 193.78514099121094, 1.0], [138.47747802734375, 135.21530151367188, 1.0], [187.2072296142578, 199.04833984375, 1.0], [214.5233917236328, 230.2985076904297, 1.0], [233.48394775390625, 248.54808044433594, 1.0], [115.67452239990234, 159.0338897705078, 1.0], [142.6841278076172, 234.34347534179688, 1.0], [153.1580047607422, 249.0644989013672, 1.0], [159.31285095214844, 246.60536193847656, 1.0], [93.82951354980469, 180.44610595703125, 1.0], [105.12297058105469, 220.07054138183594, 1.0], [134.22805786132812, 235.19754028320312, 1.0], [148.18087768554688, 218.10617065429688, 1.0]], "is_left": 0}