{"hand_pts": [[58.58905792236328, 201.47450256347656, 1.0], [83.79571533203125, 240.33030700683594, 1.0], [91.16203308105469, 290.9517822265625, 1.0], [139.5203094482422, 309.50079345703125, 1.0], [187.08041381835938, 316.3807678222656, 1.0], [121.20553588867188, 181.9488067626953, 1.0], [149.64022827148438, 160.4285888671875, 1.0], [175.64044189453125, 153.68511962890625, 1.0], [209.0401611328125, 159.6491241455078, 1.0], [142.4371795654297, 153.03802490234375, 1.0], [200.95314025878906, 148.0867156982422, 1.0], [238.40438842773438, 155.4080352783203, 1.0], [273.5355224609375, 169.91860961914062, 1.0], [161.15211486816406, 137.39700317382812, 1.0], [223.46055603027344, 119.60999298095703, 1.0], [251.82261657714844, 151.1172637939453, 1.0], [241.29074096679688, 187.12986755371094, 1.0], [174.4457550048828, 128.3732452392578, 1.0], [218.77740478515625, 151.95677185058594, 1.0], [210.1316680908203, 181.9005889892578, 1.0], [173.13497924804688, 183.5223388671875, 1.0]], "is_left": 0}