{"hand_pts": [[331.1084289550781, 198.82684326171875, 1.0], [303.9684143066406, 206.2981414794922, 1.0], [289.84039306640625, 215.287841796875, 1.0], [263.46112060546875, 211.66189575195312, 1.0], [232.2565155029297, 200.50111389160156, 1.0], [216.2761688232422, 222.17173767089844, 1.0], [169.64292907714844, 227.6903533935547, 1.0], [147.8988037109375, 219.28118896484375, 1.0], [126.97710418701172, 210.55401611328125, 1.0], [210.63088989257812, 199.0680694580078, 1.0], [151.88482666015625, 198.56272888183594, 1.0], [130.79995727539062, 186.99642944335938, 1.0], [113.6283187866211, 175.15321350097656, 1.0], [211.64259338378906, 176.83364868164062, 1.0], [154.02969360351562, 168.97276306152344, 1.0], [135.20668029785156, 155.2020721435547, 1.0], [121.3003921508789, 140.6517791748047, 1.0], [221.09727478027344, 155.04066467285156, 1.0], [184.58839416503906, 140.47421264648438, 1.0], [168.76658630371094, 126.99447631835938, 1.0], [160.8948211669922, 113.4150161743164, 1.0]], "is_left": 0}