{"hand_pts": [[287.8713073730469, 298.7580871582031, 1.0], [285.3684997558594, 227.7910614013672, 1.0], [294.4781799316406, 183.6322784423828, 1.0], [280.03759765625, 141.57427978515625, 1.0], [256.2244873046875, 120.61827087402344, 1.0], [197.01979064941406, 207.921875, 1.0], [187.13587951660156, 155.921875, 1.0], [189.48033142089844, 124.10370635986328, 1.0], [189.66542053222656, 93.45146179199219, 1.0], [172.59725952148438, 235.24444580078125, 1.0], [138.96908569335938, 181.8260498046875, 1.0], [149.40768432617188, 147.7129364013672, 1.0], [181.12005615234375, 128.09153747558594, 1.0], [159.1321563720703, 253.9438018798828, 1.0], [131.17230224609375, 198.63040161132812, 1.0], [162.69810485839844, 180.76104736328125, 1.0], [196.99313354492188, 195.15830993652344, 1.0], [155.22886657714844, 273.4491882324219, 1.0], [119.60606384277344, 248.0986785888672, 1.0], [114.93601989746094, 219.93113708496094, 1.0], [144.6473846435547, 200.9115753173828, 1.0]], "is_left": 0}