{"hand_pts": [[160.3373565673828, 51.199378967285156, 1.0], [214.8046417236328, 90.35032653808594, 1.0], [257.5016784667969, 118.5239028930664, 1.0], [286.11517333984375, 151.4546356201172, 1.0], [263.4158020019531, 188.77647399902344, 1.0], [216.81088256835938, 142.55789184570312, 1.0], [232.41603088378906, 195.1100311279297, 1.0], [240.46240234375, 229.0669708251953, 1.0], [247.40118408203125, 262.11749267578125, 1.0], [173.0754852294922, 150.56239318847656, 1.0], [167.33184814453125, 206.61131286621094, 1.0], [167.93539428710938, 221.3505096435547, 1.0], [174.88284301757812, 196.3417205810547, 1.0], [139.7429962158203, 157.16171264648438, 1.0], [148.41851806640625, 207.12823486328125, 1.0], [156.10433959960938, 188.99977111816406, 1.0], [161.7715606689453, 156.48272705078125, 1.0], [109.37110137939453, 157.81732177734375, 1.0], [87.20738983154297, 195.05091857910156, 1.0], [102.92322540283203, 213.8685760498047, 1.0], [125.64327239990234, 224.69955444335938, 1.0]], "is_left": 0}