{"hand_pts": [[13.820487022399902, 186.02427673339844, 1.0], [74.40483093261719, 146.85284423828125, 1.0], [106.54578399658203, 105.29425811767578, 1.0], [152.30560302734375, 87.94882202148438, 1.0], [196.2866973876953, 75.57643127441406, 1.0], [170.1790771484375, 167.12649536132812, 1.0], [219.43905639648438, 145.88853454589844, 1.0], [207.83172607421875, 138.5120086669922, 1.0], [203.00840759277344, 131.2105255126953, 1.0], [172.4833984375, 205.68153381347656, 1.0], [231.4814453125, 206.36788940429688, 1.0], [194.65110778808594, 191.69125366210938, 1.0], [163.6931610107422, 178.3748321533203, 1.0], [171.80148315429688, 233.82479858398438, 1.0], [245.03305053710938, 248.3659210205078, 1.0], [242.79580688476562, 235.98873901367188, 1.0], [203.87095642089844, 216.96322631835938, 1.0], [161.73912048339844, 257.3794250488281, 1.0], [191.2159423828125, 256.97320556640625, 1.0], [186.72735595703125, 244.7122039794922, 1.0], [150.61911010742188, 225.2474365234375, 1.0]], "is_left": 0}