{"hand_pts": [[313.6523132324219, 221.91143798828125, 1.0], [289.12640380859375, 173.26547241210938, 1.0], [298.8904113769531, 157.27955627441406, 1.0], [260.2716369628906, 151.22169494628906, 1.0], [215.96359252929688, 150.81756591796875, 1.0], [235.92723083496094, 208.78549194335938, 1.0], [189.3135528564453, 204.0308837890625, 1.0], [154.66537475585938, 190.06675720214844, 1.0], [123.48023223876953, 159.07752990722656, 1.0], [214.95335388183594, 229.12326049804688, 1.0], [180.236328125, 154.9512481689453, 1.0], [195.87232971191406, 119.19578552246094, 1.0], [205.84475708007812, 81.4132308959961, 1.0], [198.1855926513672, 238.08749389648438, 1.0], [140.06802368164062, 245.11138916015625, 1.0], [108.32827758789062, 213.61959838867188, 1.0], [116.35704803466797, 177.3219451904297, 1.0], [188.16419982910156, 243.26605224609375, 1.0], [138.5541229248047, 223.11264038085938, 1.0], [115.67709350585938, 192.0667266845703, 1.0], [136.42218017578125, 165.6047821044922, 1.0]], "is_left": 0}