{"hand_pts": [[42.20144271850586, 298.22332763671875, 1.0], [106.12420654296875, 270.6898498535156, 1.0], [144.2495880126953, 266.5528259277344, 1.0], [208.3175811767578, 248.7910614013672, 1.0], [238.45440673828125, 235.28663635253906, 1.0], [120.5603256225586, 153.71424865722656, 1.0], [201.89865112304688, 135.29432678222656, 1.0], [234.9181365966797, 174.8598175048828, 1.0], [223.6611328125, 223.26156616210938, 1.0], [111.87812042236328, 143.69241333007812, 1.0], [207.1802978515625, 112.6462173461914, 1.0], [243.54283142089844, 161.60501098632812, 1.0], [231.7581329345703, 219.0685272216797, 1.0], [110.2960205078125, 143.71665954589844, 1.0], [199.55320739746094, 120.36092376708984, 1.0], [224.50486755371094, 169.1343536376953, 1.0], [203.35818481445312, 217.57740783691406, 1.0], [106.9810562133789, 155.12139892578125, 1.0], [164.811279296875, 144.6380615234375, 1.0], [189.9003448486328, 181.97608947753906, 1.0], [172.11190795898438, 220.87631225585938, 1.0]], "is_left": 0}