{"hand_pts": [[47.427276611328125, 146.33424377441406, 1.0], [124.74056243896484, 169.0375518798828, 1.0], [181.15512084960938, 176.52476501464844, 1.0], [229.60964965820312, 183.824462890625, 1.0], [272.0776062011719, 190.6834259033203, 1.0], [177.21824645996094, 146.55303955078125, 1.0], [236.69508361816406, 162.9169464111328, 1.0], [249.72833251953125, 192.90029907226562, 1.0], [254.76138305664062, 220.88528442382812, 1.0], [147.37103271484375, 143.740478515625, 1.0], [209.46974182128906, 178.6082000732422, 1.0], [217.44561767578125, 211.335693359375, 1.0], [206.29957580566406, 231.3890380859375, 1.0], [122.4471206665039, 146.55699157714844, 1.0], [176.1405792236328, 160.43450927734375, 1.0], [206.30661010742188, 186.64686584472656, 1.0], [233.41624450683594, 213.3585205078125, 1.0], [93.313720703125, 151.25469970703125, 1.0], [109.02708435058594, 189.48521423339844, 1.0], [115.75200653076172, 215.9757843017578, 1.0], [108.96500396728516, 228.90328979492188, 1.0]], "is_left": 0}