{"hand_pts": [[171.93470764160156, 82.59507751464844, 1.0], [221.9861602783203, 116.31991577148438, 1.0], [273.01519775390625, 134.9058380126953, 1.0], [292.9693603515625, 163.12428283691406, 1.0], [271.956298828125, 190.6355743408203, 1.0], [209.9258575439453, 133.51564025878906, 1.0], [225.37770080566406, 167.00050354003906, 1.0], [233.70692443847656, 198.3042449951172, 1.0], [239.65536499023438, 228.4256591796875, 1.0], [166.29782104492188, 136.3526611328125, 1.0], [172.80941772460938, 192.21182250976562, 1.0], [187.0699462890625, 224.3062744140625, 1.0], [202.5716552734375, 248.3428497314453, 1.0], [133.72361755371094, 141.40802001953125, 1.0], [126.84632110595703, 184.3242645263672, 1.0], [135.57614135742188, 216.24583435058594, 1.0], [153.54782104492188, 240.38941955566406, 1.0], [105.22764587402344, 144.00616455078125, 1.0], [97.83830261230469, 181.6910400390625, 1.0], [103.31843566894531, 207.99668884277344, 1.0], [124.89671325683594, 223.6277618408203, 1.0]], "is_left": 0}