{"hand_pts": [[163.40150451660156, 70.17495727539062, 1.0], [125.67245483398438, 127.3349609375, 1.0], [76.04354858398438, 165.29367065429688, 1.0], [82.46135711669922, 210.96885681152344, 1.0], [126.89653778076172, 232.5729217529297, 1.0], [130.9394073486328, 138.48959350585938, 1.0], [135.77549743652344, 194.9959716796875, 1.0], [145.78089904785156, 229.14324951171875, 1.0], [156.73324584960938, 246.26036071777344, 1.0], [173.45225524902344, 124.68639373779297, 1.0], [191.9813232421875, 190.74114990234375, 1.0], [195.1610870361328, 227.2513885498047, 1.0], [189.96339416503906, 241.0911865234375, 1.0], [207.8560333251953, 117.59536743164062, 1.0], [237.68829345703125, 176.8716278076172, 1.0], [240.8791961669922, 208.57363891601562, 1.0], [229.8225555419922, 218.41259765625, 1.0], [239.25975036621094, 109.58372497558594, 1.0], [270.0668029785156, 148.10614013671875, 1.0], [272.4964294433594, 176.42909240722656, 1.0], [251.9224853515625, 184.87330627441406, 1.0]], "is_left": 0}