{"hand_pts": [[50.395301818847656, 143.9703826904297, 1.0], [84.26813507080078, 177.65882873535156, 1.0], [97.1493148803711, 201.1864776611328, 1.0], [115.41831970214844, 228.9162139892578, 1.0], [130.45220947265625, 244.37054443359375, 1.0], [167.57272338867188, 160.65985107421875, 1.0], [201.9574737548828, 193.519775390625, 1.0], [202.8744354248047, 219.64739990234375, 1.0], [187.7365264892578, 241.2429962158203, 1.0], [172.36544799804688, 146.75062561035156, 1.0], [242.35731506347656, 149.3438262939453, 1.0], [271.5489196777344, 171.0904083251953, 1.0], [267.6981506347656, 200.8116455078125, 1.0], [171.94522094726562, 140.0166473388672, 1.0], [224.92230224609375, 162.49571228027344, 1.0], [215.80520629882812, 189.8222198486328, 1.0], [191.00094604492188, 212.09487915039062, 1.0], [163.14891052246094, 135.3061065673828, 1.0], [194.39108276367188, 147.80857849121094, 1.0], [185.68336486816406, 171.05050659179688, 1.0], [157.9031219482422, 180.79571533203125, 1.0]], "is_left": 0}