{"hand_pts": [[148.0044403076172, 48.18290710449219, 1.0], [199.3895721435547, 114.46102905273438, 1.0], [227.7953338623047, 163.08815002441406, 1.0], [247.67018127441406, 205.21017456054688, 1.0], [262.8644104003906, 241.34608459472656, 1.0], [150.5834503173828, 180.78334045410156, 1.0], [192.34375, 223.0178680419922, 1.0], [236.26666259765625, 230.88690185546875, 1.0], [277.1011047363281, 220.73204040527344, 1.0], [129.49534606933594, 152.16305541992188, 1.0], [132.3062744140625, 209.95989990234375, 1.0], [153.50543212890625, 242.5752716064453, 1.0], [193.95513916015625, 262.046142578125, 1.0], [121.80138397216797, 127.05232238769531, 1.0], [145.63619995117188, 175.83824157714844, 1.0], [192.63851928710938, 180.42855834960938, 1.0], [238.03733825683594, 182.6774444580078, 1.0], [119.06265258789062, 97.83038330078125, 1.0], [133.64002990722656, 123.90697479248047, 1.0], [153.2001495361328, 141.0378875732422, 1.0], [190.01852416992188, 154.54791259765625, 1.0]], "is_left": 0}