{"hand_pts": [[138.53656005859375, 87.56773376464844, 1.0], [108.81098937988281, 136.01156616210938, 1.0], [76.4526138305664, 176.7742156982422, 1.0], [84.20220947265625, 200.27606201171875, 1.0], [98.2131118774414, 215.4403533935547, 1.0], [162.62677001953125, 180.815673828125, 1.0], [176.56918334960938, 225.99508666992188, 1.0], [165.11990356445312, 229.95846557617188, 1.0], [153.59295654296875, 226.21823120117188, 1.0], [198.4483642578125, 162.1162567138672, 1.0], [175.27264404296875, 200.41336059570312, 1.0], [140.77230834960938, 206.93634033203125, 1.0], [104.54367065429688, 192.33688354492188, 1.0], [222.20396423339844, 145.82704162597656, 1.0], [266.0779724121094, 177.78836059570312, 1.0], [258.1950378417969, 191.48086547851562, 1.0], [248.4823760986328, 204.4353790283203, 1.0], [238.8805389404297, 126.17771911621094, 1.0], [258.411865234375, 145.0751495361328, 1.0], [263.5832214355469, 157.94601440429688, 1.0], [255.73617553710938, 171.43701171875, 1.0]], "is_left": 0}