{"hand_pts": [[249.60728454589844, 87.31855010986328, 1.0], [184.6197967529297, 110.74737548828125, 1.0], [126.68707275390625, 112.98703002929688, 1.0], [94.20506286621094, 122.37333679199219, 1.0], [90.09127044677734, 133.47195434570312, 1.0], [189.0659942626953, 199.94956970214844, 1.0], [144.87130737304688, 221.6226806640625, 1.0], [117.90291595458984, 208.40829467773438, 1.0], [90.84765625, 201.59988403320312, 1.0], [227.88876342773438, 200.3188934326172, 1.0], [204.3506622314453, 246.15472412109375, 1.0], [181.67630004882812, 263.886474609375, 1.0], [152.3453369140625, 248.03919982910156, 1.0], [254.91798400878906, 194.09144592285156, 1.0], [228.94764709472656, 213.45252990722656, 1.0], [204.80096435546875, 199.0620574951172, 1.0], [183.15325927734375, 167.77053833007812, 1.0], [279.33447265625, 179.8657989501953, 1.0], [266.3840026855469, 169.68202209472656, 1.0], [252.25521850585938, 143.33448791503906, 1.0], [235.860107421875, 116.11607360839844, 1.0]], "is_left": 0}