{"hand_pts": [[336.12091064453125, 227.6468048095703, 1.0], [296.51123046875, 199.20579528808594, 1.0], [272.28094482421875, 168.40267944335938, 1.0], [226.95632934570312, 151.59768676757812, 1.0], [179.55723571777344, 151.08836364746094, 1.0], [240.4741973876953, 173.63182067871094, 1.0], [184.4436492919922, 149.99237060546875, 1.0], [146.6673583984375, 143.07723999023438, 1.0], [113.06945037841797, 141.7059783935547, 1.0], [236.35336303710938, 192.7567596435547, 1.0], [164.04534912109375, 173.2992401123047, 1.0], [124.45410919189453, 167.8364715576172, 1.0], [96.3707504272461, 166.64720153808594, 1.0], [233.4393310546875, 209.3456268310547, 1.0], [162.52511596679688, 197.8971405029297, 1.0], [133.01663208007812, 197.24911499023438, 1.0], [117.01406860351562, 198.90182495117188, 1.0], [236.4423370361328, 226.83665466308594, 1.0], [188.5107421875, 227.56204223632812, 1.0], [161.5841064453125, 227.96653747558594, 1.0], [148.0209503173828, 226.92831420898438, 1.0]], "is_left": 0}