{"hand_pts": [[141.39166259765625, 302.4846496582031, 1.0], [190.0061798095703, 257.0113525390625, 1.0], [245.4111785888672, 238.24868774414062, 1.0], [279.78656005859375, 212.66604614257812, 1.0], [303.6424865722656, 186.31515502929688, 1.0], [188.41590881347656, 196.4813232421875, 1.0], [218.40440368652344, 145.84263610839844, 1.0], [234.22332763671875, 128.21664428710938, 1.0], [250.86709594726562, 104.7160415649414, 1.0], [153.0928192138672, 205.19219970703125, 1.0], [175.39523315429688, 149.71881103515625, 1.0], [193.99026489257812, 141.8654022216797, 1.0], [202.09947204589844, 166.4389190673828, 1.0], [127.534912109375, 213.37030029296875, 1.0], [134.50660705566406, 177.42958068847656, 1.0], [144.5735321044922, 178.06748962402344, 1.0], [156.35923767089844, 187.8537139892578, 1.0], [104.68540954589844, 226.48147583007812, 1.0], [103.16487121582031, 191.5596466064453, 1.0], [121.52709197998047, 189.09764099121094, 1.0], [141.07470703125, 197.64633178710938, 1.0]], "is_left": 0}