{"hand_pts": [[130.9302520751953, 299.83746337890625, 1.0], [198.2803192138672, 264.074951171875, 1.0], [249.6674346923828, 255.04490661621094, 1.0], [279.58447265625, 218.7562713623047, 1.0], [259.8770446777344, 197.82383728027344, 1.0], [179.47174072265625, 212.58084106445312, 1.0], [219.06243896484375, 169.06710815429688, 1.0], [240.50765991210938, 163.89382934570312, 1.0], [241.03578186035156, 183.16500854492188, 1.0], [139.1776123046875, 203.41673278808594, 1.0], [180.91598510742188, 150.99591064453125, 1.0], [207.0866241455078, 158.1045379638672, 1.0], [212.03758239746094, 189.3223114013672, 1.0], [111.84027099609375, 196.1148223876953, 1.0], [138.2071990966797, 139.3795166015625, 1.0], [165.6236114501953, 141.15133666992188, 1.0], [175.4722900390625, 170.3933563232422, 1.0], [87.94844818115234, 194.6083526611328, 1.0], [97.67094421386719, 160.302734375, 1.0], [121.54365539550781, 159.9462127685547, 1.0], [140.20162963867188, 184.31527709960938, 1.0]], "is_left": 0}