{"hand_pts": [[20.1948299407959, 191.537353515625, 1.0], [72.8279037475586, 227.36961364746094, 1.0], [104.06011962890625, 263.4907531738281, 1.0], [150.8957977294922, 263.7868347167969, 1.0], [185.43386840820312, 236.782470703125, 1.0], [142.43795776367188, 210.2189178466797, 1.0], [199.57650756835938, 205.9516143798828, 1.0], [216.54026794433594, 208.6210479736328, 1.0], [215.96795654296875, 211.55307006835938, 1.0], [143.0184326171875, 178.3765869140625, 1.0], [198.6095733642578, 188.03158569335938, 1.0], [194.565673828125, 202.28213500976562, 1.0], [190.19818115234375, 215.75869750976562, 1.0], [142.6710662841797, 155.30531311035156, 1.0], [208.66700744628906, 144.8480682373047, 1.0], [241.30422973632812, 146.01422119140625, 1.0], [265.18194580078125, 153.1090850830078, 1.0], [135.3527374267578, 135.76551818847656, 1.0], [174.2124786376953, 115.29844665527344, 1.0], [205.61407470703125, 112.24697875976562, 1.0], [238.31271362304688, 113.83797454833984, 1.0]], "is_left": 0}