{"hand_pts": [[182.06912231445312, 173.4226531982422, 1.0], [226.3600616455078, 158.85365295410156, 1.0], [253.6588592529297, 133.98585510253906, 1.0], [281.9759216308594, 150.05101013183594, 1.0], [294.5458068847656, 179.07656860351562, 1.0], [167.58258056640625, 131.5334930419922, 1.0], [214.82757568359375, 152.83248901367188, 1.0], [248.8620147705078, 172.99169921875, 1.0], [264.4537048339844, 185.86343383789062, 1.0], [133.48602294921875, 153.996337890625, 1.0], [131.2845001220703, 162.35037231445312, 1.0], [160.73110961914062, 179.15655517578125, 1.0], [204.24612426757812, 197.62762451171875, 1.0], [114.64295959472656, 175.8783416748047, 1.0], [110.31018829345703, 198.29849243164062, 1.0], [148.3327178955078, 217.8549346923828, 1.0], [190.14500427246094, 230.8800048828125, 1.0], [103.50090789794922, 198.1648406982422, 1.0], [106.79281616210938, 221.175048828125, 1.0], [137.22640991210938, 236.53607177734375, 1.0], [169.00711059570312, 232.470947265625, 1.0]], "is_left": 0}