{"hand_pts": [[70.8946762084961, 293.70458984375, 1.0], [69.7237548828125, 232.31690979003906, 1.0], [55.989620208740234, 181.17269897460938, 1.0], [72.3598403930664, 146.7986297607422, 1.0], [104.82703399658203, 132.04563903808594, 1.0], [152.80923461914062, 179.3092041015625, 1.0], [185.05494689941406, 133.25326538085938, 1.0], [191.84783935546875, 116.3303451538086, 1.0], [192.8865509033203, 107.3342056274414, 1.0], [178.5287628173828, 211.39126586914062, 1.0], [224.17628479003906, 164.2210235595703, 1.0], [224.31907653808594, 146.1129913330078, 1.0], [213.86399841308594, 135.48692321777344, 1.0], [192.81932067871094, 239.00857543945312, 1.0], [241.44020080566406, 203.05789184570312, 1.0], [240.17160034179688, 190.34402465820312, 1.0], [225.20518493652344, 183.35690307617188, 1.0], [197.69854736328125, 269.2989807128906, 1.0], [230.87448120117188, 254.68597412109375, 1.0], [233.25079345703125, 244.44000244140625, 1.0], [216.85719299316406, 234.85238647460938, 1.0]], "is_left": 0}