{"hand_pts": [[152.4386444091797, 45.958763122558594, 1.0], [205.7697296142578, 87.32086181640625, 1.0], [262.0584716796875, 101.58195495605469, 1.0], [275.5624084472656, 123.26976776123047, 1.0], [270.4915771484375, 143.9064483642578, 1.0], [202.49444580078125, 187.2259521484375, 1.0], [233.1669921875, 226.2303466796875, 1.0], [250.74575805664062, 242.17494201660156, 1.0], [265.6572570800781, 254.1796417236328, 1.0], [160.7560577392578, 178.27626037597656, 1.0], [170.58409118652344, 255.4022979736328, 1.0], [186.2270050048828, 262.7581481933594, 1.0], [201.82737731933594, 251.31932067871094, 1.0], [129.0631103515625, 164.1680145263672, 1.0], [139.55545043945312, 208.0399932861328, 1.0], [154.2169647216797, 199.9859619140625, 1.0], [171.39987182617188, 174.29855346679688, 1.0], [100.1636734008789, 141.6202392578125, 1.0], [93.24880981445312, 158.12428283691406, 1.0], [99.7611083984375, 153.57432556152344, 1.0], [119.17045593261719, 133.966796875, 1.0]], "is_left": 0}