{"hand_pts": [[134.54046630859375, 331.7427978515625, 1.0], [191.55868530273438, 277.6620788574219, 1.0], [230.88014221191406, 235.051513671875, 1.0], [256.2992858886719, 190.957275390625, 1.0], [273.03857421875, 151.41522216796875, 1.0], [152.3865966796875, 181.0624542236328, 1.0], [171.9485321044922, 120.11477661132812, 1.0], [210.31893920898438, 106.80928802490234, 1.0], [244.82107543945312, 141.50579833984375, 1.0], [126.13522338867188, 198.33348083496094, 1.0], [140.9905548095703, 126.24766540527344, 1.0], [190.22315979003906, 114.86957550048828, 1.0], [242.5847930908203, 119.83704376220703, 1.0], [113.41822814941406, 218.2399444580078, 1.0], [132.23939514160156, 159.93585205078125, 1.0], [169.4967041015625, 144.32337951660156, 1.0], [217.96827697753906, 165.76475524902344, 1.0], [105.29815673828125, 246.16690063476562, 1.0], [143.08543395996094, 256.3710632324219, 1.0], [175.98672485351562, 271.01953125, 1.0], [210.6436309814453, 297.7464599609375, 1.0]], "is_left": 0}