{"hand_pts": [[328.04888916015625, 190.32603454589844, 1.0], [291.6553649902344, 202.17349243164062, 1.0], [273.8699645996094, 235.6782989501953, 1.0], [239.80645751953125, 244.0447235107422, 1.0], [214.4674072265625, 215.4052734375, 1.0], [223.90737915039062, 216.26918029785156, 1.0], [171.40579223632812, 214.14378356933594, 1.0], [159.81024169921875, 194.2022247314453, 1.0], [147.5817413330078, 174.71754455566406, 1.0], [221.55795288085938, 196.46665954589844, 1.0], [158.60606384277344, 194.87612915039062, 1.0], [122.8172607421875, 187.08152770996094, 1.0], [90.94053649902344, 178.7526092529297, 1.0], [222.2505340576172, 178.1112060546875, 1.0], [164.04518127441406, 160.83642578125, 1.0], [140.59603881835938, 146.5883026123047, 1.0], [123.89716339111328, 132.93511962890625, 1.0], [229.72071838378906, 160.12184143066406, 1.0], [190.42730712890625, 148.58294677734375, 1.0], [164.46749877929688, 139.76585388183594, 1.0], [144.9596405029297, 131.6522674560547, 1.0]], "is_left": 0}