{"hand_pts": [[120.90031433105469, 75.77169036865234, 1.0], [165.5328369140625, 139.6696319580078, 1.0], [192.59310913085938, 197.71176147460938, 1.0], [215.9304962158203, 247.62379455566406, 1.0], [232.69622802734375, 284.2529296875, 1.0], [136.81570434570312, 211.17991638183594, 1.0], [199.0542449951172, 237.25892639160156, 1.0], [234.59169006347656, 218.09230041503906, 1.0], [257.6873474121094, 187.88491821289062, 1.0], [121.37040710449219, 180.61514282226562, 1.0], [174.70263671875, 196.37692260742188, 1.0], [219.77322387695312, 180.1991729736328, 1.0], [248.89796447753906, 155.90423583984375, 1.0], [115.79077911376953, 152.90524291992188, 1.0], [166.71731567382812, 175.30979919433594, 1.0], [208.41677856445312, 169.08009338378906, 1.0], [239.1927947998047, 151.24163818359375, 1.0], [113.09696960449219, 120.86012268066406, 1.0], [120.36103820800781, 150.47686767578125, 1.0], [155.1631622314453, 154.5526123046875, 1.0], [164.87631225585938, 136.68362426757812, 1.0]], "is_left": 0}