{"hand_pts": [[333.7483825683594, 216.6963348388672, 1.0], [284.1605529785156, 203.7471466064453, 1.0], [259.4264831542969, 204.4219512939453, 1.0], [215.21224975585938, 220.8545684814453, 1.0], [203.4750518798828, 230.6002197265625, 1.0], [225.5691680908203, 147.26173400878906, 1.0], [167.29039001464844, 158.4498291015625, 1.0], [173.02772521972656, 191.6426239013672, 1.0], [187.780029296875, 221.0818328857422, 1.0], [225.033447265625, 160.24278259277344, 1.0], [161.22482299804688, 139.63632202148438, 1.0], [119.43838500976562, 136.0264892578125, 1.0], [89.66500091552734, 155.97035217285156, 1.0], [224.57606506347656, 176.36044311523438, 1.0], [160.9966278076172, 163.5729217529297, 1.0], [144.84487915039062, 188.90054321289062, 1.0], [158.56222534179688, 214.0983428955078, 1.0], [229.94918823242188, 196.0579833984375, 1.0], [191.05856323242188, 189.75828552246094, 1.0], [160.76339721679688, 191.3923797607422, 1.0], [129.3336181640625, 197.99002075195312, 1.0]], "is_left": 0}