{"hand_pts": [[76.28646087646484, 296.47332763671875, 1.0], [149.3758544921875, 291.0955505371094, 1.0], [200.8578338623047, 307.7080993652344, 1.0], [235.70950317382812, 266.92095947265625, 1.0], [219.7517852783203, 226.52944946289062, 1.0], [155.46592712402344, 236.71084594726562, 1.0], [216.3751983642578, 208.3133087158203, 1.0], [248.05653381347656, 202.66357421875, 1.0], [245.06546020507812, 215.31463623046875, 1.0], [127.1452865600586, 206.026611328125, 1.0], [177.83773803710938, 148.6901092529297, 1.0], [219.88088989257812, 133.22389221191406, 1.0], [251.94830322265625, 136.34947204589844, 1.0], [109.35140228271484, 182.7545928955078, 1.0], [161.49154663085938, 128.1326446533203, 1.0], [193.01809692382812, 129.23130798339844, 1.0], [198.9698028564453, 156.91659545898438, 1.0], [92.00035095214844, 166.7627410888672, 1.0], [118.97258758544922, 123.45819091796875, 1.0], [147.583740234375, 115.3745346069336, 1.0], [161.85491943359375, 143.50929260253906, 1.0]], "is_left": 0}