{"hand_pts": [[324.66021728515625, 120.81621551513672, 1.0], [285.30078125, 180.85499572753906, 1.0], [250.7337646484375, 210.1456756591797, 1.0], [206.11471557617188, 232.90582275390625, 1.0], [186.43324279785156, 230.34304809570312, 1.0], [177.230712890625, 177.76560974121094, 1.0], [115.15628051757812, 193.15660095214844, 1.0], [105.42790985107422, 215.52175903320312, 1.0], [127.11526489257812, 230.6776885986328, 1.0], [179.95651245117188, 148.1391143798828, 1.0], [149.0145263671875, 188.88836669921875, 1.0], [146.2417755126953, 218.16323852539062, 1.0], [185.46981811523438, 235.11277770996094, 1.0], [189.09217834472656, 128.7366943359375, 1.0], [193.52784729003906, 169.54486083984375, 1.0], [223.14773559570312, 190.71005249023438, 1.0], [262.1431579589844, 201.63607788085938, 1.0], [207.52505493164062, 111.12828826904297, 1.0], [178.65504455566406, 110.49819946289062, 1.0], [175.63084411621094, 129.89129638671875, 1.0], [189.6043243408203, 156.94454956054688, 1.0]], "is_left": 0}