{"hand_pts": [[294.6835632324219, 139.84620666503906, 1.0], [257.65362548828125, 183.790771484375, 1.0], [249.32484436035156, 226.52203369140625, 1.0], [184.03921508789062, 234.24038696289062, 1.0], [128.44773864746094, 209.6366424560547, 1.0], [270.6900939941406, 226.63253784179688, 1.0], [184.7146759033203, 234.26011657714844, 1.0], [157.56771850585938, 210.91610717773438, 1.0], [185.05343627929688, 192.4087677001953, 1.0], [261.4543151855469, 200.18017578125, 1.0], [150.69068908691406, 199.6689453125, 1.0], [139.72811889648438, 181.02491760253906, 1.0], [188.3165740966797, 174.50677490234375, 1.0], [246.4534454345703, 176.31057739257812, 1.0], [137.1994171142578, 166.92782592773438, 1.0], [113.6900405883789, 151.88394165039062, 1.0], [146.80368041992188, 147.49493408203125, 1.0], [231.74249267578125, 149.87103271484375, 1.0], [159.4310760498047, 137.40097045898438, 1.0], [140.48768615722656, 133.1751708984375, 1.0], [188.54544067382812, 142.33778381347656, 1.0]], "is_left": 0}