{"hand_pts": [[276.8338317871094, 255.47039794921875, 1.0], [277.61419677734375, 233.08267211914062, 1.0], [281.4927062988281, 211.64886474609375, 1.0], [236.94163513183594, 180.6846923828125, 1.0], [194.65451049804688, 153.51480102539062, 1.0], [243.572509765625, 154.78475952148438, 1.0], [210.4397430419922, 145.700927734375, 1.0], [208.04315185546875, 183.9124298095703, 1.0], [221.08558654785156, 210.11959838867188, 1.0], [209.6004180908203, 160.59866333007812, 1.0], [170.28399658203125, 156.49264526367188, 1.0], [181.84849548339844, 197.5375518798828, 1.0], [201.18359375, 234.26202392578125, 1.0], [182.57940673828125, 171.17369079589844, 1.0], [124.8538818359375, 174.68896484375, 1.0], [127.72002410888672, 208.73446655273438, 1.0], [153.41273498535156, 238.65293884277344, 1.0], [161.81398010253906, 187.90794372558594, 1.0], [118.67424011230469, 161.9116668701172, 1.0], [101.27940368652344, 163.954833984375, 1.0], [89.60433959960938, 169.11431884765625, 1.0]], "is_left": 0}