{"hand_pts": [[218.4185028076172, 314.3852233886719, 1.0], [148.79257202148438, 262.4765319824219, 1.0], [88.91638946533203, 246.55056762695312, 1.0], [86.34332275390625, 203.26527404785156, 1.0], [132.33641052246094, 200.9012908935547, 1.0], [130.4498748779297, 196.5749969482422, 1.0], [121.61830139160156, 145.1126708984375, 1.0], [135.78990173339844, 171.81549072265625, 1.0], [146.84909057617188, 209.27720642089844, 1.0], [181.62445068359375, 188.48455810546875, 1.0], [181.26455688476562, 126.06272888183594, 1.0], [182.69720458984375, 163.1069793701172, 1.0], [180.2511444091797, 204.09994506835938, 1.0], [221.98228454589844, 181.8212127685547, 1.0], [233.288818359375, 122.53654479980469, 1.0], [229.2082977294922, 156.4441375732422, 1.0], [219.3883514404297, 190.2465057373047, 1.0], [260.36279296875, 182.97023010253906, 1.0], [278.5202331542969, 149.44918823242188, 1.0], [266.7950439453125, 173.37696838378906, 1.0], [251.3468780517578, 199.15115356445312, 1.0]], "is_left": 0}