{"hand_pts": [[94.75277709960938, 126.69264221191406, 1.0], [128.1677703857422, 102.46879577636719, 1.0], [143.71524047851562, 60.07636642456055, 1.0], [189.61837768554688, 71.70001220703125, 1.0], [198.32086181640625, 114.38532257080078, 1.0], [134.78009033203125, 161.3409423828125, 1.0], [149.49655151367188, 172.1470184326172, 1.0], [174.24830627441406, 174.86856079101562, 1.0], [211.8560028076172, 169.26449584960938, 1.0], [139.521728515625, 193.97225952148438, 1.0], [154.0340118408203, 231.16616821289062, 1.0], [188.77728271484375, 233.52108764648438, 1.0], [223.28189086914062, 232.98753356933594, 1.0], [147.35691833496094, 214.38111877441406, 1.0], [212.50213623046875, 218.41317749023438, 1.0], [250.74093627929688, 207.64088439941406, 1.0], [275.03851318359375, 177.7550811767578, 1.0], [153.44961547851562, 227.1934051513672, 1.0], [180.44094848632812, 253.13868713378906, 1.0], [205.7655029296875, 231.39317321777344, 1.0], [229.60018920898438, 204.07022094726562, 1.0]], "is_left": 0}