{"hand_pts": [[331.9374694824219, 278.1438903808594, 1.0], [279.35638427734375, 267.9779357910156, 1.0], [245.26185607910156, 253.61660766601562, 1.0], [200.1231231689453, 234.0668487548828, 1.0], [157.9851837158203, 215.13516235351562, 1.0], [235.05819702148438, 192.52198791503906, 1.0], [182.89256286621094, 156.72659301757812, 1.0], [142.60240173339844, 148.25653076171875, 1.0], [102.96965789794922, 152.90415954589844, 1.0], [238.64027404785156, 194.93545532226562, 1.0], [179.6819610595703, 148.17774963378906, 1.0], [133.4004669189453, 149.7467498779297, 1.0], [92.9647445678711, 164.62632751464844, 1.0], [240.00050354003906, 203.83119201660156, 1.0], [187.9346923828125, 157.8321533203125, 1.0], [147.94615173339844, 148.84840393066406, 1.0], [109.16290283203125, 139.55230712890625, 1.0], [245.75808715820312, 218.88316345214844, 1.0], [207.0093536376953, 193.04449462890625, 1.0], [173.53692626953125, 190.17721557617188, 1.0], [138.51385498046875, 192.67628479003906, 1.0]], "is_left": 0}