{"hand_pts": [[51.496543884277344, 151.74978637695312, 1.0], [90.20648956298828, 174.9883575439453, 1.0], [105.17908477783203, 198.17234802246094, 1.0], [133.12721252441406, 222.1126708984375, 1.0], [150.20127868652344, 224.09616088867188, 1.0], [168.28038024902344, 151.86390686035156, 1.0], [220.26116943359375, 166.62876892089844, 1.0], [234.50804138183594, 190.97476196289062, 1.0], [211.7255096435547, 212.0669708251953, 1.0], [168.24435424804688, 145.31533813476562, 1.0], [219.1308135986328, 177.510498046875, 1.0], [205.75193786621094, 208.70751953125, 1.0], [170.53797912597656, 222.7925262451172, 1.0], [164.471923828125, 144.84825134277344, 1.0], [229.23487854003906, 149.5396728515625, 1.0], [260.97509765625, 164.70005798339844, 1.0], [286.7280578613281, 184.737060546875, 1.0], [152.9443359375, 146.55111694335938, 1.0], [161.86129760742188, 175.4226837158203, 1.0], [163.48011779785156, 197.12655639648438, 1.0], [152.20947265625, 221.1510467529297, 1.0]], "is_left": 0}