{"hand_pts": [[192.5184783935547, 313.4623718261719, 1.0], [217.76048278808594, 302.6000671386719, 1.0], [249.75259399414062, 306.1247863769531, 1.0], [263.138671875, 288.53277587890625, 1.0], [254.1656036376953, 250.46946716308594, 1.0], [260.9700927734375, 212.82070922851562, 1.0], [266.0045166015625, 160.2392578125, 1.0], [233.9136962890625, 149.81295776367188, 1.0], [197.19044494628906, 146.70013427734375, 1.0], [224.8134002685547, 187.78884887695312, 1.0], [183.52330017089844, 143.625, 1.0], [146.82237243652344, 165.69155883789062, 1.0], [114.53901672363281, 192.9534912109375, 1.0], [190.1971435546875, 172.99514770507812, 1.0], [152.5388946533203, 132.96434020996094, 1.0], [123.63794708251953, 156.82020568847656, 1.0], [97.37796020507812, 184.53329467773438, 1.0], [154.8157196044922, 168.295654296875, 1.0], [130.02224731445312, 126.34912109375, 1.0], [108.03981018066406, 126.99079132080078, 1.0], [87.923095703125, 135.7267608642578, 1.0]], "is_left": 0}