{"hand_pts": [[53.30506134033203, 255.3180389404297, 1.0], [75.47899627685547, 228.58441162109375, 1.0], [68.61206817626953, 203.27740478515625, 1.0], [82.47013854980469, 186.9297332763672, 1.0], [123.4970703125, 186.21421813964844, 1.0], [149.46080017089844, 142.37158203125, 1.0], [184.0458526611328, 104.07878875732422, 1.0], [207.53057861328125, 101.10136413574219, 1.0], [230.89784240722656, 99.49237823486328, 1.0], [173.81686401367188, 159.31771850585938, 1.0], [224.2148895263672, 180.54678344726562, 1.0], [208.6784210205078, 222.74917602539062, 1.0], [169.19635009765625, 245.02452087402344, 1.0], [190.96725463867188, 181.0464630126953, 1.0], [244.39425659179688, 175.88392639160156, 1.0], [227.37396240234375, 211.54481506347656, 1.0], [197.7201385498047, 242.862548828125, 1.0], [199.19789123535156, 209.09445190429688, 1.0], [247.97959899902344, 188.86549377441406, 1.0], [248.4274139404297, 203.73760986328125, 1.0], [216.92848205566406, 222.92111206054688, 1.0]], "is_left": 0}