{"hand_pts": [[42.8655891418457, 84.18701934814453, 1.0], [104.7956771850586, 93.99334716796875, 1.0], [158.49649047851562, 71.12860107421875, 1.0], [209.1338348388672, 69.9594497680664, 1.0], [253.71121215820312, 91.24866485595703, 1.0], [211.24163818359375, 138.92161560058594, 1.0], [241.0249786376953, 180.6941680908203, 1.0], [206.06829833984375, 186.4736328125, 1.0], [166.25186157226562, 187.68276977539062, 1.0], [194.67559814453125, 169.00503540039062, 1.0], [218.81236267089844, 203.4976806640625, 1.0], [195.3223419189453, 202.0384979248047, 1.0], [149.99868774414062, 178.74942016601562, 1.0], [175.30523681640625, 193.10618591308594, 1.0], [230.97019958496094, 248.27818298339844, 1.0], [215.38198852539062, 255.84219360351562, 1.0], [176.42344665527344, 235.94696044921875, 1.0], [147.15936279296875, 210.6402130126953, 1.0], [151.58824157714844, 261.3344421386719, 1.0], [130.5123748779297, 261.5677185058594, 1.0], [105.7504653930664, 239.05258178710938, 1.0]], "is_left": 0}