{"hand_pts": [[297.7538757324219, 214.6326446533203, 1.0], [273.35198974609375, 155.25856018066406, 1.0], [251.56382751464844, 109.28717041015625, 1.0], [222.1089630126953, 81.56712341308594, 1.0], [190.0013885498047, 66.00390625, 1.0], [239.55099487304688, 161.4029998779297, 1.0], [221.4996795654297, 140.31399536132812, 1.0], [202.5713653564453, 127.74457550048828, 1.0], [189.7593536376953, 117.60076904296875, 1.0], [215.2479248046875, 205.8582000732422, 1.0], [185.58840942382812, 189.13247680664062, 1.0], [158.3857879638672, 174.05654907226562, 1.0], [137.1455841064453, 162.117919921875, 1.0], [193.86524963378906, 238.4289093017578, 1.0], [162.5777130126953, 231.8412322998047, 1.0], [136.8543701171875, 223.35633850097656, 1.0], [114.96775817871094, 217.26077270507812, 1.0], [177.8636016845703, 267.5587158203125, 1.0], [143.4712677001953, 268.7972106933594, 1.0], [117.82447814941406, 266.89111328125, 1.0], [92.70893859863281, 263.5352783203125, 1.0]], "is_left": 0}