{"hand_pts": [[269.5120849609375, 164.47857666015625, 1.0], [223.8315887451172, 129.05325317382812, 1.0], [159.1190185546875, 93.59046173095703, 1.0], [113.24880981445312, 83.61006164550781, 1.0], [75.86180877685547, 80.80958557128906, 1.0], [138.27804565429688, 180.25987243652344, 1.0], [96.64615631103516, 193.7201385498047, 1.0], [135.46348571777344, 171.60552978515625, 1.0], [170.5307159423828, 152.78231811523438, 1.0], [166.81288146972656, 214.97293090820312, 1.0], [163.47454833984375, 204.10696411132812, 1.0], [176.2421875, 183.33651733398438, 1.0], [213.48583984375, 145.03294372558594, 1.0], [196.1070556640625, 236.56707763671875, 1.0], [192.3444366455078, 230.47488403320312, 1.0], [228.4691925048828, 193.9786376953125, 1.0], [251.804443359375, 170.19448852539062, 1.0], [230.6783905029297, 251.06240844726562, 1.0], [246.85572814941406, 257.3739013671875, 1.0], [263.85137939453125, 252.02413940429688, 1.0], [284.8617248535156, 232.63894653320312, 1.0]], "is_left": 0}