{"hand_pts": [[112.8121109008789, 230.06753540039062, 1.0], [96.52293395996094, 226.7428741455078, 1.0], [70.32213592529297, 245.56214904785156, 1.0], [78.6153335571289, 205.33364868164062, 1.0], [97.38716125488281, 157.73231506347656, 1.0], [176.90240478515625, 268.3290100097656, 1.0], [196.45782470703125, 262.5513610839844, 1.0], [201.47210693359375, 241.3151397705078, 1.0], [202.52577209472656, 212.38375854492188, 1.0], [212.8054962158203, 248.16432189941406, 1.0], [209.71644592285156, 174.63955688476562, 1.0], [167.74114990234375, 157.82281494140625, 1.0], [157.8255157470703, 195.45567321777344, 1.0], [234.97056579589844, 224.9760284423828, 1.0], [234.63641357421875, 145.14144897460938, 1.0], [222.91123962402344, 98.37532043457031, 1.0], [184.80006408691406, 81.13606262207031, 1.0], [247.30711364746094, 200.43455505371094, 1.0], [253.00595092773438, 146.3359832763672, 1.0], [230.6511993408203, 113.7327651977539, 1.0], [200.054443359375, 85.7967300415039, 1.0]], "is_left": 0}