{"hand_pts": [[317.68255615234375, 238.36375427246094, 1.0], [237.18896484375, 186.2705535888672, 1.0], [196.37136840820312, 133.59059143066406, 1.0], [128.4744873046875, 143.3601531982422, 1.0], [127.64411163330078, 190.70413208007812, 1.0], [224.64549255371094, 107.7088851928711, 1.0], [139.64402770996094, 118.98136901855469, 1.0], [130.19314575195312, 157.4667205810547, 1.0], [172.9525146484375, 174.38392639160156, 1.0], [242.27952575683594, 139.14627075195312, 1.0], [146.81581115722656, 159.58497619628906, 1.0], [139.2174835205078, 193.20420837402344, 1.0], [182.7179718017578, 196.56082153320312, 1.0], [249.71714782714844, 169.4747772216797, 1.0], [165.5253143310547, 200.85902404785156, 1.0], [161.3355712890625, 227.8871307373047, 1.0], [202.37396240234375, 217.56117248535156, 1.0], [258.153076171875, 204.21987915039062, 1.0], [208.98793029785156, 235.3323211669922, 1.0], [196.6553192138672, 253.50062561035156, 1.0], [225.9253387451172, 237.56666564941406, 1.0]], "is_left": 0}