{"hand_pts": [[280.3412780761719, 249.45645141601562, 1.0], [232.35525512695312, 250.87619018554688, 1.0], [210.09475708007812, 262.6954650878906, 1.0], [181.4132080078125, 235.74168395996094, 1.0], [187.2976531982422, 211.4313507080078, 1.0], [250.5689239501953, 201.88487243652344, 1.0], [182.99081420898438, 190.09194946289062, 1.0], [134.93353271484375, 183.85072326660156, 1.0], [87.20954132080078, 176.51673889160156, 1.0], [259.01751708984375, 181.76943969726562, 1.0], [174.31582641601562, 185.82968139648438, 1.0], [120.22254180908203, 194.68795776367188, 1.0], [95.91722869873047, 219.7150421142578, 1.0], [258.5702819824219, 168.82374572753906, 1.0], [182.05245971679688, 150.3958740234375, 1.0], [139.92727661132812, 157.05372619628906, 1.0], [101.72701263427734, 167.6077117919922, 1.0], [256.85064697265625, 162.01828002929688, 1.0], [249.6156463623047, 130.64764404296875, 1.0], [213.70664978027344, 132.55218505859375, 1.0], [180.55828857421875, 146.4453582763672, 1.0]], "is_left": 0}