{"hand_pts": [[94.98138427734375, 270.4841613769531, 1.0], [93.11691284179688, 197.67807006835938, 1.0], [75.77742767333984, 138.78829956054688, 1.0], [82.63134002685547, 121.5311508178711, 1.0], [102.4063491821289, 150.3082733154297, 1.0], [199.3375244140625, 136.7609100341797, 1.0], [219.6715545654297, 107.72210693359375, 1.0], [191.46669006347656, 119.57331848144531, 1.0], [150.86517333984375, 147.7000732421875, 1.0], [226.13412475585938, 178.01902770996094, 1.0], [242.20269775390625, 154.5996856689453, 1.0], [189.94418334960938, 170.65536499023438, 1.0], [140.08267211914062, 191.24842834472656, 1.0], [238.90951538085938, 213.32093811035156, 1.0], [252.69020080566406, 203.0042266845703, 1.0], [203.19049072265625, 217.29022216796875, 1.0], [166.0987091064453, 227.88731384277344, 1.0], [240.29293823242188, 251.27813720703125, 1.0], [255.0248565673828, 254.43019104003906, 1.0], [223.84486389160156, 257.53070068359375, 1.0], [182.89988708496094, 256.3246154785156, 1.0]], "is_left": 0}