{"hand_pts": [[77.9527816772461, 171.01528930664062, 1.0], [124.80355072021484, 131.3590087890625, 1.0], [147.6043701171875, 78.72918701171875, 1.0], [190.47938537597656, 85.76513671875, 1.0], [229.6772918701172, 100.90225219726562, 1.0], [136.81727600097656, 146.8805389404297, 1.0], [199.00521850585938, 149.6427459716797, 1.0], [234.0011444091797, 152.32528686523438, 1.0], [270.11968994140625, 156.4120635986328, 1.0], [134.7266845703125, 189.47854614257812, 1.0], [160.68356323242188, 217.1791229248047, 1.0], [206.1603546142578, 216.5074920654297, 1.0], [227.1107635498047, 199.22744750976562, 1.0], [137.58474731445312, 221.11428833007812, 1.0], [160.08351135253906, 225.16029357910156, 1.0], [195.35867309570312, 215.60546875, 1.0], [207.82293701171875, 205.69143676757812, 1.0], [138.585693359375, 247.61964416503906, 1.0], [181.6181640625, 266.7305603027344, 1.0], [190.60589599609375, 253.09744262695312, 1.0], [176.42703247070312, 226.96426391601562, 1.0]], "is_left": 0}