{"hand_pts": [[49.12778091430664, 81.16427612304688, 1.0], [69.41382598876953, 144.1101531982422, 1.0], [66.85458374023438, 180.39186096191406, 1.0], [95.64791107177734, 226.04660034179688, 1.0], [130.4768524169922, 254.61427307128906, 1.0], [150.9934539794922, 147.19815063476562, 1.0], [178.9949493408203, 208.53858947753906, 1.0], [168.84963989257812, 238.6916961669922, 1.0], [146.60061645507812, 251.4935302734375, 1.0], [171.15357971191406, 126.87260437011719, 1.0], [242.08551025390625, 155.49508666992188, 1.0], [245.64053344726562, 199.92086791992188, 1.0], [215.15943908691406, 220.83741760253906, 1.0], [183.78025817871094, 115.21173858642578, 1.0], [231.91893005371094, 178.18931579589844, 1.0], [218.73440551757812, 213.15579223632812, 1.0], [202.50949096679688, 246.087646484375, 1.0], [187.51158142089844, 103.58858489990234, 1.0], [239.86993408203125, 116.39797973632812, 1.0], [252.3133544921875, 150.82989501953125, 1.0], [245.17283630371094, 187.6043243408203, 1.0]], "is_left": 0}