{"hand_pts": [[170.10519409179688, 24.994651794433594, 1.0], [192.84913635253906, 58.93568801879883, 1.0], [212.334716796875, 70.2201919555664, 1.0], [232.2001953125, 116.7076644897461, 1.0], [242.3032684326172, 166.2206573486328, 1.0], [138.55484008789062, 132.05699157714844, 1.0], [156.2742156982422, 191.76528930664062, 1.0], [193.22923278808594, 215.13307189941406, 1.0], [233.79864501953125, 223.58091735839844, 1.0], [130.0987091064453, 145.737060546875, 1.0], [149.39137268066406, 221.46400451660156, 1.0], [194.734375, 239.40499877929688, 1.0], [240.6227264404297, 235.3094024658203, 1.0], [130.98147583007812, 154.68585205078125, 1.0], [148.5186309814453, 229.3814697265625, 1.0], [189.1500244140625, 243.978759765625, 1.0], [229.7852783203125, 232.60293579101562, 1.0], [136.64305114746094, 155.57928466796875, 1.0], [154.5604705810547, 204.9679412841797, 1.0], [187.4423828125, 217.61187744140625, 1.0], [221.10536193847656, 203.34262084960938, 1.0]], "is_left": 0}