{"hand_pts": [[104.7451400756836, 232.0268096923828, 1.0], [94.44430541992188, 182.33599853515625, 1.0], [90.46611022949219, 121.882080078125, 1.0], [83.86906433105469, 81.5748519897461, 1.0], [75.9839096069336, 106.54009246826172, 1.0], [182.26959228515625, 152.1634521484375, 1.0], [184.77215576171875, 132.21823120117188, 1.0], [169.18966674804688, 130.94496154785156, 1.0], [150.98338317871094, 133.6826171875, 1.0], [201.35873413085938, 193.55775451660156, 1.0], [242.57525634765625, 188.44509887695312, 1.0], [214.2010498046875, 194.8132781982422, 1.0], [168.2978515625, 201.55221557617188, 1.0], [208.11795043945312, 228.73069763183594, 1.0], [253.88197326660156, 208.04039001464844, 1.0], [258.9036865234375, 199.75579833984375, 1.0], [231.37167358398438, 197.991943359375, 1.0], [206.03213500976562, 263.6618957519531, 1.0], [238.60964965820312, 273.9373779296875, 1.0], [211.85101318359375, 268.2178649902344, 1.0], [177.56036376953125, 257.10333251953125, 1.0]], "is_left": 0}