{"hand_pts": [[196.45973205566406, 211.82232666015625, 1.0], [148.2354278564453, 171.08477783203125, 1.0], [78.80078887939453, 128.59634399414062, 1.0], [89.57367706298828, 105.98717498779297, 1.0], [150.2027587890625, 126.69129180908203, 1.0], [129.90882873535156, 197.50344848632812, 1.0], [129.71707153320312, 160.48439025878906, 1.0], [146.73434448242188, 147.47384643554688, 1.0], [158.1127471923828, 158.94100952148438, 1.0], [172.57371520996094, 222.5960693359375, 1.0], [192.55599975585938, 193.73641967773438, 1.0], [194.240966796875, 170.7545166015625, 1.0], [182.7479705810547, 172.18914794921875, 1.0], [206.2277069091797, 237.00428771972656, 1.0], [238.4337158203125, 214.47634887695312, 1.0], [238.70440673828125, 192.1325225830078, 1.0], [218.44552612304688, 192.97727966308594, 1.0], [237.4794158935547, 247.35610961914062, 1.0], [270.3125305175781, 238.07151794433594, 1.0], [262.34490966796875, 216.13966369628906, 1.0], [234.78150939941406, 214.24810791015625, 1.0]], "is_left": 0}