{"hand_pts": [[302.30792236328125, 112.12837982177734, 1.0], [233.44699096679688, 116.3749771118164, 1.0], [210.255126953125, 109.31124877929688, 1.0], [202.3985137939453, 134.78614807128906, 1.0], [216.9594268798828, 158.2627410888672, 1.0], [158.79969787597656, 149.68162536621094, 1.0], [106.55475616455078, 167.26133728027344, 1.0], [121.9056396484375, 169.38943481445312, 1.0], [161.76748657226562, 161.4412384033203, 1.0], [193.9076690673828, 167.87460327148438, 1.0], [136.877197265625, 201.001220703125, 1.0], [143.70782470703125, 203.4842987060547, 1.0], [151.3695526123047, 205.0717010498047, 1.0], [223.9268341064453, 181.3040008544922, 1.0], [175.60311889648438, 214.85198974609375, 1.0], [160.77670288085938, 228.37078857421875, 1.0], [172.32723999023438, 221.138916015625, 1.0], [257.47662353515625, 189.91136169433594, 1.0], [234.68104553222656, 215.8184356689453, 1.0], [219.81021118164062, 230.1920928955078, 1.0], [219.13644409179688, 224.0224609375, 1.0]], "is_left": 0}