{"hand_pts": [[313.7319641113281, 259.5389099121094, 1.0], [247.80313110351562, 246.9565887451172, 1.0], [194.2117462158203, 243.3367919921875, 1.0], [155.62852478027344, 222.82553100585938, 1.0], [153.2451629638672, 198.7285614013672, 1.0], [197.419677734375, 239.74554443359375, 1.0], [142.86557006835938, 214.9775390625, 1.0], [122.20237731933594, 190.55369567871094, 1.0], [99.21321868896484, 166.92759704589844, 1.0], [223.6813507080078, 224.2751922607422, 1.0], [174.4440155029297, 187.1460418701172, 1.0], [145.26829528808594, 157.1039581298828, 1.0], [119.28233337402344, 129.03909301757812, 1.0], [244.82713317871094, 209.25962829589844, 1.0], [197.6081085205078, 165.19900512695312, 1.0], [177.3202667236328, 140.14439392089844, 1.0], [167.66099548339844, 124.05554962158203, 1.0], [269.0729064941406, 196.63084411621094, 1.0], [244.3032684326172, 163.682373046875, 1.0], [225.94593811035156, 139.98472595214844, 1.0], [208.875732421875, 122.8666000366211, 1.0]], "is_left": 0}