{"hand_pts": [[275.0284118652344, 74.01126098632812, 1.0], [246.7823028564453, 84.23518371582031, 1.0], [258.1831970214844, 92.65045166015625, 1.0], [223.6104736328125, 130.94676208496094, 1.0], [185.81112670898438, 163.79188537597656, 1.0], [254.47195434570312, 176.85345458984375, 1.0], [242.7570343017578, 226.7462921142578, 1.0], [201.78384399414062, 231.40757751464844, 1.0], [158.78762817382812, 228.005859375, 1.0], [245.93531799316406, 193.5028533935547, 1.0], [179.5191192626953, 227.06533813476562, 1.0], [131.65570068359375, 204.10995483398438, 1.0], [127.85993194580078, 155.51551818847656, 1.0], [233.66712951660156, 200.13951110839844, 1.0], [155.37991333007812, 215.82232666015625, 1.0], [108.67244720458984, 203.1967010498047, 1.0], [68.77116394042969, 175.7809600830078, 1.0], [221.99778747558594, 197.30125427246094, 1.0], [165.63406372070312, 196.74652099609375, 1.0], [126.95921325683594, 184.2958984375, 1.0], [107.71147918701172, 145.2572021484375, 1.0]], "is_left": 0}