{"hand_pts": [[305.026123046875, 208.2546844482422, 1.0], [254.4881134033203, 244.6532440185547, 1.0], [220.242431640625, 286.3202209472656, 1.0], [177.2148895263672, 290.8371887207031, 1.0], [138.7667694091797, 271.1524963378906, 1.0], [246.403564453125, 225.3720245361328, 1.0], [202.29766845703125, 232.61898803710938, 1.0], [160.08970642089844, 234.2793426513672, 1.0], [115.23683166503906, 233.46519470214844, 1.0], [249.0968475341797, 182.49314880371094, 1.0], [203.9197540283203, 172.74917602539062, 1.0], [155.04190063476562, 172.2100372314453, 1.0], [104.8033218383789, 174.65780639648438, 1.0], [245.93405151367188, 149.89381408691406, 1.0], [191.12020874023438, 127.11455535888672, 1.0], [142.8893280029297, 124.84687805175781, 1.0], [97.15672302246094, 129.38658142089844, 1.0], [244.28236389160156, 122.34288787841797, 1.0], [204.8004913330078, 100.51420593261719, 1.0], [166.11444091796875, 97.49457550048828, 1.0], [127.00096893310547, 106.98079681396484, 1.0]], "is_left": 0}