{"hand_pts": [[268.50665283203125, 299.1367492675781, 1.0], [239.45542907714844, 292.0657653808594, 1.0], [216.77349853515625, 307.160888671875, 1.0], [202.51400756835938, 273.46759033203125, 1.0], [202.59048461914062, 224.90504455566406, 1.0], [145.56118774414062, 247.51333618164062, 1.0], [130.83935546875, 209.8883819580078, 1.0], [153.76559448242188, 191.02174377441406, 1.0], [188.29542541503906, 180.49269104003906, 1.0], [154.33192443847656, 215.86753845214844, 1.0], [141.2924346923828, 161.26866149902344, 1.0], [169.73892211914062, 146.31900024414062, 1.0], [209.161865234375, 151.3514404296875, 1.0], [169.1308135986328, 190.60382080078125, 1.0], [148.51551818847656, 129.5011444091797, 1.0], [174.24879455566406, 115.53939056396484, 1.0], [209.5113983154297, 125.7544174194336, 1.0], [191.72972106933594, 172.05126953125, 1.0], [195.87078857421875, 126.58404541015625, 1.0], [219.0810546875, 117.23433685302734, 1.0], [246.1243438720703, 135.9910888671875, 1.0]], "is_left": 0}