{"hand_pts": [[141.71620178222656, 309.9435729980469, 1.0], [174.1013641357422, 257.5168762207031, 1.0], [191.48292541503906, 212.211669921875, 1.0], [211.3880615234375, 173.3291015625, 1.0], [230.0302276611328, 142.2104034423828, 1.0], [150.9971160888672, 199.73976135253906, 1.0], [150.3044891357422, 147.88961791992188, 1.0], [169.0686492919922, 119.54684448242188, 1.0], [186.0957794189453, 92.32889556884766, 1.0], [148.40077209472656, 222.05484008789062, 1.0], [184.2412109375, 170.83538818359375, 1.0], [221.38394165039062, 147.42752075195312, 1.0], [253.68959045410156, 123.91243743896484, 1.0], [152.70138549804688, 242.44740295410156, 1.0], [167.5730438232422, 192.6382293701172, 1.0], [191.3611602783203, 166.77993774414062, 1.0], [215.4296112060547, 141.98861694335938, 1.0], [158.57322692871094, 266.8676452636719, 1.0], [168.30836486816406, 239.0368194580078, 1.0], [190.3938751220703, 219.7460174560547, 1.0], [222.27041625976562, 204.15074157714844, 1.0]], "is_left": 0}