{"hand_pts": [[75.41409301757812, 102.64688873291016, 1.0], [112.68806457519531, 166.8001708984375, 1.0], [123.60781860351562, 224.5946807861328, 1.0], [157.48300170898438, 253.75271606445312, 1.0], [189.8541259765625, 248.241455078125, 1.0], [115.50849914550781, 206.1387481689453, 1.0], [168.07896423339844, 239.3767852783203, 1.0], [203.3310546875, 232.12069702148438, 1.0], [233.5370330810547, 220.64988708496094, 1.0], [121.16646575927734, 169.54359436035156, 1.0], [175.68804931640625, 212.24742126464844, 1.0], [218.7064971923828, 220.92897033691406, 1.0], [250.91883850097656, 221.30377197265625, 1.0], [130.6444854736328, 139.69418334960938, 1.0], [207.17393493652344, 144.91978454589844, 1.0], [249.83143615722656, 143.52798461914062, 1.0], [281.7434997558594, 140.60305786132812, 1.0], [138.64280700683594, 108.59548950195312, 1.0], [182.37181091308594, 113.33808898925781, 1.0], [211.5517578125, 121.35435485839844, 1.0], [203.50364685058594, 125.80059814453125, 1.0]], "is_left": 0}