{"hand_pts": [[291.5150146484375, 276.81768798828125, 1.0], [210.99057006835938, 262.9855041503906, 1.0], [146.00924682617188, 274.876953125, 1.0], [110.14844512939453, 253.37376403808594, 1.0], [139.4154815673828, 226.80667114257812, 1.0], [183.7462921142578, 165.24832153320312, 1.0], [128.95848083496094, 160.56390380859375, 1.0], [106.23267364501953, 180.7518310546875, 1.0], [114.57675170898438, 219.93685913085938, 1.0], [221.58599853515625, 149.4158477783203, 1.0], [158.2386932373047, 158.90426635742188, 1.0], [163.10928344726562, 210.91009521484375, 1.0], [175.04193115234375, 258.4560241699219, 1.0], [248.96401977539062, 143.7169647216797, 1.0], [205.61355590820312, 90.22794342041016, 1.0], [177.11814880371094, 110.15142822265625, 1.0], [180.38046264648438, 154.66993713378906, 1.0], [276.5883483886719, 147.92190551757812, 1.0], [261.2356872558594, 146.11805725097656, 1.0], [249.78457641601562, 175.9883575439453, 1.0], [249.13027954101562, 208.61317443847656, 1.0]], "is_left": 0}