{"hand_pts": [[29.182430267333984, 218.05809020996094, 1.0], [97.66400146484375, 243.4457244873047, 1.0], [145.00376892089844, 271.198486328125, 1.0], [194.8828582763672, 274.1504211425781, 1.0], [237.59437561035156, 265.7220764160156, 1.0], [156.3189239501953, 201.17105102539062, 1.0], [215.73268127441406, 210.9467315673828, 1.0], [247.66336059570312, 221.4676513671875, 1.0], [257.1387634277344, 236.95596313476562, 1.0], [138.70245361328125, 171.65975952148438, 1.0], [201.52374267578125, 149.25576782226562, 1.0], [238.08404541015625, 159.70960998535156, 1.0], [266.7597961425781, 173.76287841796875, 1.0], [124.13239288330078, 151.68597412109375, 1.0], [177.2832794189453, 115.52944946289062, 1.0], [205.43893432617188, 126.92878723144531, 1.0], [224.58636474609375, 146.5968475341797, 1.0], [104.51821899414062, 137.01698303222656, 1.0], [140.62115478515625, 125.10548400878906, 1.0], [153.5487518310547, 143.2097625732422, 1.0], [145.8201446533203, 172.8267822265625, 1.0]], "is_left": 0}