{"hand_pts": [[70.12059020996094, 248.2694854736328, 1.0], [117.08159637451172, 229.1625518798828, 1.0], [157.5520782470703, 235.4424285888672, 1.0], [193.45394897460938, 214.37171936035156, 1.0], [197.67323303222656, 188.72848510742188, 1.0], [189.15188598632812, 218.23550415039062, 1.0], [227.4075469970703, 188.39974975585938, 1.0], [231.21205139160156, 165.92018127441406, 1.0], [215.85350036621094, 149.5721893310547, 1.0], [173.24819946289062, 210.79840087890625, 1.0], [233.75645446777344, 190.7112274169922, 1.0], [269.3199462890625, 174.4644317626953, 1.0], [300.00439453125, 156.3578338623047, 1.0], [157.28558349609375, 202.79977416992188, 1.0], [175.14134216308594, 158.58517456054688, 1.0], [151.783203125, 159.51405334472656, 1.0], [133.85426330566406, 179.67747497558594, 1.0], [136.0986328125, 196.88555908203125, 1.0], [136.6119384765625, 168.00692749023438, 1.0], [127.48687744140625, 154.30511474609375, 1.0], [117.33956146240234, 141.61610412597656, 1.0]], "is_left": 0}