{"hand_pts": [[345.26513671875, 221.5887908935547, 1.0], [285.92742919921875, 206.34042358398438, 1.0], [254.4285125732422, 181.92835998535156, 1.0], [210.036376953125, 168.6600341796875, 1.0], [166.33436584472656, 183.98849487304688, 1.0], [220.2189178466797, 136.12652587890625, 1.0], [159.2379913330078, 153.14813232421875, 1.0], [143.929931640625, 187.3553466796875, 1.0], [120.88023376464844, 216.09036254882812, 1.0], [227.50247192382812, 148.67312622070312, 1.0], [157.65162658691406, 114.68659210205078, 1.0], [126.31229400634766, 141.79226684570312, 1.0], [98.32759857177734, 168.80262756347656, 1.0], [233.09718322753906, 164.906494140625, 1.0], [168.27047729492188, 186.63714599609375, 1.0], [152.73802185058594, 218.49740600585938, 1.0], [155.0998992919922, 251.1056365966797, 1.0], [244.34512329101562, 185.46563720703125, 1.0], [213.19268798828125, 213.08010864257812, 1.0], [195.37901306152344, 236.55921936035156, 1.0], [175.8516082763672, 261.2336120605469, 1.0]], "is_left": 0}