{"hand_pts": [[133.28707885742188, 74.37014770507812, 1.0], [138.3665008544922, 72.39851379394531, 1.0], [112.7035140991211, 60.113887786865234, 1.0], [137.42257690429688, 86.07386779785156, 1.0], [180.5311737060547, 118.92737579345703, 1.0], [124.53195190429688, 157.52499389648438, 1.0], [118.34842681884766, 198.26441955566406, 1.0], [138.9911651611328, 213.11376953125, 1.0], [176.9633331298828, 208.447998046875, 1.0], [147.5627899169922, 179.55661010742188, 1.0], [168.49107360839844, 238.78762817382812, 1.0], [204.62474060058594, 238.60397338867188, 1.0], [239.51756286621094, 228.1998291015625, 1.0], [170.57974243164062, 190.3551483154297, 1.0], [227.41683959960938, 226.05653381347656, 1.0], [257.6365051269531, 198.43832397460938, 1.0], [254.63063049316406, 157.32821655273438, 1.0], [192.29159545898438, 192.02047729492188, 1.0], [213.21690368652344, 234.1511688232422, 1.0], [235.38156127929688, 231.74085998535156, 1.0], [249.83665466308594, 206.58323669433594, 1.0]], "is_left": 0}