{"hand_pts": [[214.23175048828125, 287.6336975097656, 1.0], [164.80126953125, 240.83961486816406, 1.0], [104.88610076904297, 229.15101623535156, 1.0], [96.46018981933594, 176.91635131835938, 1.0], [128.0630645751953, 132.12277221679688, 1.0], [140.2257843017578, 249.1989288330078, 1.0], [123.57677459716797, 181.05593872070312, 1.0], [118.15971374511719, 137.98666381835938, 1.0], [114.69794464111328, 96.59711456298828, 1.0], [182.0107879638672, 255.1002655029297, 1.0], [159.01988220214844, 211.81475830078125, 1.0], [149.93467712402344, 161.83721923828125, 1.0], [156.08413696289062, 128.32762145996094, 1.0], [217.03916931152344, 253.49798583984375, 1.0], [239.71017456054688, 171.2598114013672, 1.0], [248.23219299316406, 142.9040069580078, 1.0], [246.08999633789062, 144.95567321777344, 1.0], [251.36688232421875, 251.5957794189453, 1.0], [278.0935363769531, 205.5425567626953, 1.0], [295.05047607421875, 168.74691772460938, 1.0], [283.6713562011719, 147.7708740234375, 1.0]], "is_left": 0}