{"hand_pts": [[366.4170227050781, 111.17750549316406, 1.0], [305.31390380859375, 159.73707580566406, 1.0], [267.2659912109375, 188.96444702148438, 1.0], [213.91905212402344, 222.2850799560547, 1.0], [182.6064910888672, 236.99032592773438, 1.0], [193.64073181152344, 140.0625, 1.0], [132.8591766357422, 184.17674255371094, 1.0], [130.7372283935547, 221.8352508544922, 1.0], [158.37413024902344, 248.47311401367188, 1.0], [198.9107666015625, 123.32660675048828, 1.0], [134.07022094726562, 179.42559814453125, 1.0], [153.15089416503906, 220.2718048095703, 1.0], [197.62867736816406, 240.83509826660156, 1.0], [207.97930908203125, 116.13296508789062, 1.0], [137.40924072265625, 154.36964416503906, 1.0], [136.01368713378906, 193.0238800048828, 1.0], [160.67210388183594, 224.44296264648438, 1.0], [226.80899047851562, 111.13899230957031, 1.0], [189.56210327148438, 140.96823120117188, 1.0], [190.86354064941406, 173.0512237548828, 1.0], [214.20188903808594, 199.15733337402344, 1.0]], "is_left": 0}