{"hand_pts": [[186.25672912597656, 287.3863220214844, 1.0], [233.03770446777344, 261.787353515625, 1.0], [282.713623046875, 252.63133239746094, 1.0], [286.8123474121094, 233.17308044433594, 1.0], [248.49473571777344, 218.92776489257812, 1.0], [241.36663818359375, 180.67823791503906, 1.0], [239.50071716308594, 149.4016876220703, 1.0], [227.16571044921875, 162.8766326904297, 1.0], [214.58226013183594, 190.0741729736328, 1.0], [194.44952392578125, 173.90447998046875, 1.0], [183.16578674316406, 142.74571228027344, 1.0], [179.9403533935547, 167.1418914794922, 1.0], [183.331298828125, 202.20245361328125, 1.0], [156.13482666015625, 173.11570739746094, 1.0], [131.51707458496094, 136.47174072265625, 1.0], [127.80467987060547, 153.88229370117188, 1.0], [137.5928192138672, 185.38462829589844, 1.0], [120.33946990966797, 180.32489013671875, 1.0], [92.51863861083984, 160.7894287109375, 1.0], [90.70699310302734, 172.533447265625, 1.0], [110.60306549072266, 198.38848876953125, 1.0]], "is_left": 0}