{"hand_pts": [[334.231201171875, 169.84982299804688, 1.0], [273.2188415527344, 130.99502563476562, 1.0], [234.82794189453125, 104.0362319946289, 1.0], [187.35568237304688, 115.2749252319336, 1.0], [144.32814025878906, 130.21913146972656, 1.0], [203.35562133789062, 200.18092346191406, 1.0], [158.41616821289062, 155.70164489746094, 1.0], [172.91229248046875, 121.82062530517578, 1.0], [203.9239501953125, 105.72652435302734, 1.0], [209.0812530517578, 233.24241638183594, 1.0], [138.79286193847656, 214.24139404296875, 1.0], [146.19259643554688, 167.95721435546875, 1.0], [170.92884826660156, 131.5143280029297, 1.0], [214.3258056640625, 251.55772399902344, 1.0], [149.85626220703125, 281.07830810546875, 1.0], [124.98236083984375, 249.87950134277344, 1.0], [132.04966735839844, 207.1217041015625, 1.0], [226.18283081054688, 261.9673767089844, 1.0], [194.55648803710938, 244.43934631347656, 1.0], [209.75917053222656, 210.19468688964844, 1.0], [228.48768615722656, 175.24830627441406, 1.0]], "is_left": 0}