{"hand_pts": [[286.2188720703125, 135.34133911132812, 1.0], [242.2082977294922, 205.1150665283203, 1.0], [189.21372985839844, 258.9343566894531, 1.0], [143.16326904296875, 253.5558624267578, 1.0], [150.87985229492188, 205.16380310058594, 1.0], [262.37689208984375, 236.12576293945312, 1.0], [193.89781188964844, 272.44158935546875, 1.0], [159.49908447265625, 257.4307861328125, 1.0], [126.20500946044922, 241.8642578125, 1.0], [266.52105712890625, 185.07041931152344, 1.0], [204.8520965576172, 199.43800354003906, 1.0], [148.41036987304688, 200.7258758544922, 1.0], [93.49434661865234, 202.72158813476562, 1.0], [262.5218811035156, 143.5540313720703, 1.0], [184.11961364746094, 123.90888214111328, 1.0], [132.06846618652344, 114.50923919677734, 1.0], [94.03193664550781, 112.7621841430664, 1.0], [257.3329772949219, 102.72931671142578, 1.0], [226.08631896972656, 106.35861206054688, 1.0], [184.6608123779297, 119.75643920898438, 1.0], [153.19558715820312, 135.31906127929688, 1.0]], "is_left": 0}