{"hand_pts": [[201.99935913085938, 28.58089828491211, 1.0], [159.1602020263672, 69.22209930419922, 1.0], [113.38436126708984, 88.80562591552734, 1.0], [95.21842956542969, 125.02381896972656, 1.0], [111.39004516601562, 160.3153839111328, 1.0], [171.25424194335938, 152.53543090820312, 1.0], [154.7412567138672, 208.48565673828125, 1.0], [142.4317626953125, 226.02511596679688, 1.0], [133.11146545410156, 225.82177734375, 1.0], [205.83692932128906, 152.8882598876953, 1.0], [196.3794708251953, 226.68365478515625, 1.0], [179.92689514160156, 255.69073486328125, 1.0], [160.138671875, 259.37408447265625, 1.0], [231.2010040283203, 149.4344940185547, 1.0], [229.5187530517578, 217.8121337890625, 1.0], [215.06170654296875, 233.1713409423828, 1.0], [195.34616088867188, 223.7011260986328, 1.0], [253.40728759765625, 137.85867309570312, 1.0], [256.5784912109375, 175.86355590820312, 1.0], [246.51651000976562, 186.96392822265625, 1.0], [224.79469299316406, 175.5778350830078, 1.0]], "is_left": 0}