{"hand_pts": [[185.77098083496094, 299.3482971191406, 1.0], [183.79469299316406, 224.84487915039062, 1.0], [190.1460723876953, 154.13870239257812, 1.0], [194.06121826171875, 114.5449447631836, 1.0], [190.9237518310547, 146.8477783203125, 1.0], [116.23845672607422, 197.41156005859375, 1.0], [93.84848022460938, 158.26356506347656, 1.0], [99.0235595703125, 129.1283721923828, 1.0], [147.40121459960938, 114.99308776855469, 1.0], [126.43312072753906, 231.4051971435547, 1.0], [195.1809844970703, 173.29904174804688, 1.0], [247.30072021484375, 157.70431518554688, 1.0], [284.3885498046875, 158.9068603515625, 1.0], [142.9339599609375, 256.2623291015625, 1.0], [172.63795471191406, 190.25357055664062, 1.0], [204.92678833007812, 152.00184631347656, 1.0], [236.8101348876953, 150.75924682617188, 1.0], [164.3049774169922, 281.8720703125, 1.0], [202.14492797851562, 255.49375915527344, 1.0], [238.86636352539062, 233.49462890625, 1.0], [276.0210876464844, 210.92227172851562, 1.0]], "is_left": 0}