{"hand_pts": [[265.83038330078125, 283.14959716796875, 1.0], [185.6322784423828, 237.95680236816406, 1.0], [115.29632568359375, 218.93893432617188, 1.0], [96.99262237548828, 165.1123809814453, 1.0], [132.97079467773438, 132.36724853515625, 1.0], [129.13658142089844, 254.8710479736328, 1.0], [103.36747741699219, 185.0672607421875, 1.0], [125.94490051269531, 150.55235290527344, 1.0], [157.6279754638672, 151.068359375, 1.0], [177.89642333984375, 257.689697265625, 1.0], [162.5804443359375, 169.40081787109375, 1.0], [178.9832000732422, 137.26535034179688, 1.0], [195.8677520751953, 152.78558349609375, 1.0], [218.7784423828125, 252.69374084472656, 1.0], [210.96778869628906, 177.10462951660156, 1.0], [219.1197052001953, 137.24700927734375, 1.0], [225.50648498535156, 146.7556610107422, 1.0], [261.57415771484375, 246.9334716796875, 1.0], [268.0997619628906, 194.71170043945312, 1.0], [267.5611877441406, 166.54888916015625, 1.0], [260.9031982421875, 189.05453491210938, 1.0]], "is_left": 0}