{"hand_pts": [[306.2160949707031, 256.0103759765625, 1.0], [285.70587158203125, 193.37852478027344, 1.0], [290.12689208984375, 135.79766845703125, 1.0], [258.2395935058594, 118.84696960449219, 1.0], [220.72702026367188, 137.2322235107422, 1.0], [219.0601043701172, 152.13003540039062, 1.0], [190.44512939453125, 135.6904754638672, 1.0], [195.3002471923828, 145.48106384277344, 1.0], [203.183837890625, 158.9557647705078, 1.0], [200.14828491210938, 191.06289672851562, 1.0], [139.6517333984375, 146.50131225585938, 1.0], [118.87577056884766, 130.01382446289062, 1.0], [92.80712890625, 110.47763061523438, 1.0], [187.31277465820312, 223.3562774658203, 1.0], [125.06085205078125, 224.28623962402344, 1.0], [142.94140625, 231.03785705566406, 1.0], [163.10218811035156, 237.38075256347656, 1.0], [182.18031311035156, 256.7801208496094, 1.0], [152.5662078857422, 256.29541015625, 1.0], [157.68772888183594, 257.1980285644531, 1.0], [173.32672119140625, 256.65557861328125, 1.0]], "is_left": 0}