{"hand_pts": [[311.9220275878906, 282.7782287597656, 1.0], [283.4344177246094, 234.12744140625, 1.0], [287.11798095703125, 190.04873657226562, 1.0], [271.020263671875, 161.50027465820312, 1.0], [222.85377502441406, 188.48367309570312, 1.0], [235.77110290527344, 147.3148956298828, 1.0], [190.46644592285156, 91.68134307861328, 1.0], [149.83050537109375, 86.90323638916016, 1.0], [127.14599609375, 116.50318908691406, 1.0], [218.69949340820312, 171.90811157226562, 1.0], [158.76719665527344, 127.445556640625, 1.0], [137.80519104003906, 142.96783447265625, 1.0], [160.53512573242188, 184.7029571533203, 1.0], [204.61395263671875, 197.34725952148438, 1.0], [139.21531677246094, 204.6431884765625, 1.0], [141.33749389648438, 237.31082153320312, 1.0], [148.0667724609375, 269.65618896484375, 1.0], [196.7242889404297, 228.50392150878906, 1.0], [144.34510803222656, 230.07070922851562, 1.0], [127.8382339477539, 244.9801788330078, 1.0], [144.5413818359375, 259.9129333496094, 1.0]], "is_left": 0}