{"hand_pts": [[62.5313606262207, 95.54620361328125, 1.0], [105.17308807373047, 81.3034896850586, 1.0], [131.5734100341797, 61.54159927368164, 1.0], [169.5561981201172, 86.70543670654297, 1.0], [187.5237274169922, 127.97370910644531, 1.0], [134.42495727539062, 151.9458465576172, 1.0], [164.71197509765625, 176.2951202392578, 1.0], [199.89686584472656, 181.7163543701172, 1.0], [234.50047302246094, 187.62811279296875, 1.0], [134.47581481933594, 182.55783081054688, 1.0], [191.95086669921875, 214.7856903076172, 1.0], [225.84437561035156, 198.51034545898438, 1.0], [249.2554931640625, 174.11441040039062, 1.0], [136.94570922851562, 200.7968292236328, 1.0], [193.5461883544922, 238.071533203125, 1.0], [216.3016815185547, 215.6170196533203, 1.0], [241.18853759765625, 197.66378784179688, 1.0], [135.97158813476562, 210.08824157714844, 1.0], [171.4769287109375, 241.39187622070312, 1.0], [199.7514190673828, 255.34120178222656, 1.0], [229.40365600585938, 252.1988983154297, 1.0]], "is_left": 0}