{"hand_pts": [[99.50142669677734, 125.88121795654297, 1.0], [94.42731475830078, 183.56646728515625, 1.0], [80.85746002197266, 237.1795654296875, 1.0], [75.90168762207031, 263.902587890625, 1.0], [84.85042572021484, 242.8940887451172, 1.0], [180.27244567871094, 211.28256225585938, 1.0], [213.69329833984375, 252.66946411132812, 1.0], [211.08209228515625, 267.591552734375, 1.0], [201.16624450683594, 275.9580078125, 1.0], [190.4917449951172, 167.73532104492188, 1.0], [244.60671997070312, 198.4275665283203, 1.0], [263.2163391113281, 217.67478942871094, 1.0], [251.42410278320312, 230.79368591308594, 1.0], [190.04432678222656, 131.88067626953125, 1.0], [246.90835571289062, 130.0941925048828, 1.0], [258.5583801269531, 132.39480590820312, 1.0], [270.3171691894531, 134.57147216796875, 1.0], [181.51336669921875, 96.44104766845703, 1.0], [167.455810546875, 89.62704467773438, 1.0], [132.3592987060547, 91.93553924560547, 1.0], [104.92398834228516, 101.2981948852539, 1.0]], "is_left": 0}