{"hand_pts": [[150.97149658203125, 264.26190185546875, 1.0], [136.25115966796875, 268.3797912597656, 1.0], [104.60430908203125, 281.6056823730469, 1.0], [107.1279296875, 275.6408386230469, 1.0], [141.5454559326172, 253.08970642089844, 1.0], [124.86117553710938, 179.8142852783203, 1.0], [136.98426818847656, 145.0785369873047, 1.0], [159.10789489746094, 140.40386962890625, 1.0], [188.6458282470703, 154.52423095703125, 1.0], [157.7834014892578, 159.0408935546875, 1.0], [201.73780822753906, 156.28358459472656, 1.0], [220.63726806640625, 201.0716094970703, 1.0], [220.76638793945312, 244.42318725585938, 1.0], [187.56997680664062, 150.02377319335938, 1.0], [201.3614044189453, 99.17204284667969, 1.0], [221.2365264892578, 111.71294403076172, 1.0], [234.6021728515625, 148.7260284423828, 1.0], [215.70071411132812, 150.22096252441406, 1.0], [252.98141479492188, 157.81336975097656, 1.0], [246.6806182861328, 194.01754760742188, 1.0], [228.64990234375, 226.34793090820312, 1.0]], "is_left": 0}