{"hand_pts": [[228.22357177734375, 292.89276123046875, 1.0], [176.7556610107422, 240.26956176757812, 1.0], [129.3073272705078, 205.54347229003906, 1.0], [96.42639923095703, 173.18626403808594, 1.0], [88.00064849853516, 154.1692657470703, 1.0], [215.1736297607422, 146.51222229003906, 1.0], [167.25120544433594, 136.37222290039062, 1.0], [134.8800506591797, 147.97259521484375, 1.0], [112.34040832519531, 179.5426483154297, 1.0], [247.12185668945312, 160.33172607421875, 1.0], [185.8196258544922, 149.6575164794922, 1.0], [147.68531799316406, 179.1293487548828, 1.0], [117.01637268066406, 211.82839965820312, 1.0], [265.7642517089844, 176.4827117919922, 1.0], [242.34046936035156, 163.4080810546875, 1.0], [210.69276428222656, 188.34918212890625, 1.0], [190.5930938720703, 216.73556518554688, 1.0], [279.226318359375, 200.1329345703125, 1.0], [251.82240295410156, 203.5349884033203, 1.0], [227.7276611328125, 227.35702514648438, 1.0], [232.8522186279297, 236.9496612548828, 1.0]], "is_left": 0}