{"hand_pts": [[50.71149444580078, 195.66302490234375, 1.0], [118.20266723632812, 221.05738830566406, 1.0], [161.93307495117188, 260.25762939453125, 1.0], [214.65963745117188, 243.1640167236328, 1.0], [258.15069580078125, 220.1033172607422, 1.0], [133.0454864501953, 219.73196411132812, 1.0], [169.43783569335938, 226.22042846679688, 1.0], [211.7896270751953, 217.7503662109375, 1.0], [241.7849578857422, 203.3248748779297, 1.0], [117.50579071044922, 188.5954132080078, 1.0], [190.4696044921875, 182.08468627929688, 1.0], [235.35708618164062, 179.18267822265625, 1.0], [236.6676788330078, 181.73069763183594, 1.0], [109.85279846191406, 163.1552734375, 1.0], [166.1107177734375, 154.82643127441406, 1.0], [210.3231201171875, 151.5828399658203, 1.0], [229.6592254638672, 154.99510192871094, 1.0], [100.99837493896484, 140.0189971923828, 1.0], [149.71424865722656, 125.67855834960938, 1.0], [185.90394592285156, 118.48297882080078, 1.0], [214.97662353515625, 123.1893081665039, 1.0]], "is_left": 0}