{"hand_pts": [[276.6976013183594, 168.27734375, 1.0], [283.623291015625, 151.4619140625, 1.0], [303.7265625, 127.75328826904297, 1.0], [292.66961669921875, 129.80477905273438, 1.0], [258.4783935546875, 152.93174743652344, 1.0], [198.02386474609375, 120.59114837646484, 1.0], [177.2236328125, 129.9813232421875, 1.0], [188.03875732421875, 157.876220703125, 1.0], [208.95248413085938, 190.56381225585938, 1.0], [172.1787109375, 149.98831176757812, 1.0], [127.70426177978516, 156.53118896484375, 1.0], [140.25978088378906, 181.8690948486328, 1.0], [166.63690185546875, 207.97235107421875, 1.0], [158.53611755371094, 177.84925842285156, 1.0], [121.37191009521484, 205.7952423095703, 1.0], [129.48248291015625, 231.76731872558594, 1.0], [161.12472534179688, 253.0281219482422, 1.0], [154.33840942382812, 205.66041564941406, 1.0], [135.31097412109375, 237.83944702148438, 1.0], [149.4871826171875, 259.8277587890625, 1.0], [186.04998779296875, 267.1065368652344, 1.0]], "is_left": 0}