{"hand_pts": [[123.09210968017578, 257.56951904296875, 1.0], [170.74774169921875, 270.01861572265625, 1.0], [201.54058837890625, 297.7989501953125, 1.0], [219.71302795410156, 309.6136779785156, 1.0], [223.78797912597656, 304.9656982421875, 1.0], [215.9888916015625, 192.086669921875, 1.0], [250.7171173095703, 148.30860900878906, 1.0], [251.56809997558594, 151.25787353515625, 1.0], [239.06822204589844, 170.1695556640625, 1.0], [182.88807678222656, 172.180419921875, 1.0], [186.87835693359375, 159.9000701904297, 1.0], [182.16860961914062, 174.3570098876953, 1.0], [176.40267944335938, 192.2275848388672, 1.0], [153.7128448486328, 163.8740997314453, 1.0], [157.94488525390625, 131.8157196044922, 1.0], [152.13563537597656, 152.4845733642578, 1.0], [145.52565002441406, 190.49240112304688, 1.0], [122.88676452636719, 163.7806396484375, 1.0], [134.4956512451172, 132.0419464111328, 1.0], [142.4563446044922, 112.15765380859375, 1.0], [151.28407287597656, 118.10485076904297, 1.0]], "is_left": 0}