{"hand_pts": [[101.3138427734375, 160.96449279785156, 1.0], [107.43444061279297, 209.37527465820312, 1.0], [109.26919555664062, 256.1149597167969, 1.0], [109.0309066772461, 288.2357177734375, 1.0], [107.2347183227539, 304.58673095703125, 1.0], [194.9580535888672, 223.5186767578125, 1.0], [216.99923706054688, 229.43385314941406, 1.0], [202.763916015625, 223.6156463623047, 1.0], [191.67681884765625, 217.5973358154297, 1.0], [205.81317138671875, 181.10855102539062, 1.0], [247.75741577148438, 172.1435089111328, 1.0], [262.2261962890625, 167.27305603027344, 1.0], [253.24832153320312, 164.41737365722656, 1.0], [207.15875244140625, 146.76992797851562, 1.0], [206.32635498046875, 148.58621215820312, 1.0], [186.6334228515625, 149.85354614257812, 1.0], [158.75808715820312, 151.9293670654297, 1.0], [199.95834350585938, 114.22933197021484, 1.0], [190.82089233398438, 99.41570281982422, 1.0], [159.7994384765625, 103.36951446533203, 1.0], [127.07431030273438, 110.7661361694336, 1.0]], "is_left": 0}