{"hand_pts": [[47.179325103759766, 292.4542236328125, 1.0], [84.69442749023438, 219.73680114746094, 1.0], [100.26868438720703, 172.8333282470703, 1.0], [120.73880767822266, 127.76475524902344, 1.0], [123.09241485595703, 133.21693420410156, 1.0], [202.23834228515625, 210.84951782226562, 1.0], [237.23011779785156, 151.77554321289062, 1.0], [206.03195190429688, 132.34420776367188, 1.0], [165.53158569335938, 131.39837646484375, 1.0], [210.9832763671875, 237.78880310058594, 1.0], [233.0570526123047, 169.83975219726562, 1.0], [193.22042846679688, 145.56094360351562, 1.0], [142.5972137451172, 147.81809997558594, 1.0], [211.094482421875, 254.1744842529297, 1.0], [251.04307556152344, 199.07992553710938, 1.0], [218.90737915039062, 174.45361328125, 1.0], [173.66993713378906, 177.9448699951172, 1.0], [200.13804626464844, 270.0875549316406, 1.0], [226.99945068359375, 239.78016662597656, 1.0], [199.84471130371094, 217.42636108398438, 1.0], [163.1239776611328, 216.27256774902344, 1.0]], "is_left": 0}