{"hand_pts": [[53.64533233642578, 180.37998962402344, 1.0], [79.00691986083984, 166.72828674316406, 1.0], [91.69129180908203, 165.54013061523438, 1.0], [138.0023651123047, 176.142578125, 1.0], [154.89781188964844, 183.76344299316406, 1.0], [144.80499267578125, 230.270751953125, 1.0], [175.75808715820312, 187.6201934814453, 1.0], [191.45712280273438, 154.0410919189453, 1.0], [210.95785522460938, 125.57930755615234, 1.0], [158.51901245117188, 231.7854766845703, 1.0], [223.7244415283203, 233.60678100585938, 1.0], [247.9056854248047, 199.0895233154297, 1.0], [271.8414611816406, 168.1583251953125, 1.0], [167.08010864257812, 224.91970825195312, 1.0], [222.5847930908203, 198.52650451660156, 1.0], [231.4028778076172, 160.8983917236328, 1.0], [209.62814331054688, 129.45872497558594, 1.0], [168.09246826171875, 213.38490295410156, 1.0], [201.38507080078125, 187.2877655029297, 1.0], [187.0448455810547, 160.19671630859375, 1.0], [158.45770263671875, 153.7145233154297, 1.0]], "is_left": 0}