{"hand_pts": [[64.16627502441406, 108.62779998779297, 1.0], [109.17378234863281, 122.83531188964844, 1.0], [131.4398956298828, 123.36262512207031, 1.0], [187.14669799804688, 126.42262268066406, 1.0], [239.26126098632812, 130.1198272705078, 1.0], [105.07829284667969, 226.87197875976562, 1.0], [173.67047119140625, 224.11032104492188, 1.0], [205.01531982421875, 178.499267578125, 1.0], [219.70166015625, 133.85086059570312, 1.0], [107.1495590209961, 231.70184326171875, 1.0], [180.7650909423828, 253.87237548828125, 1.0], [231.2226104736328, 214.81666564941406, 1.0], [256.2318115234375, 164.91773986816406, 1.0], [115.0111083984375, 227.23760986328125, 1.0], [194.84767150878906, 229.9076690673828, 1.0], [233.18222045898438, 189.2200469970703, 1.0], [232.2304229736328, 147.239501953125, 1.0], [122.02473449707031, 213.67684936523438, 1.0], [177.82046508789062, 208.36158752441406, 1.0], [212.22923278808594, 178.17698669433594, 1.0], [205.41378784179688, 146.55307006835938, 1.0]], "is_left": 0}