{"hand_pts": [[135.5090789794922, 105.8955307006836, 1.0], [115.4451904296875, 152.22998046875, 1.0], [77.7344970703125, 192.4947509765625, 1.0], [84.59612274169922, 233.042724609375, 1.0], [127.28451538085938, 241.8893585205078, 1.0], [152.6864471435547, 147.09207153320312, 1.0], [170.54356384277344, 175.27476501464844, 1.0], [182.2607421875, 202.63937377929688, 1.0], [194.6903533935547, 228.01971435546875, 1.0], [189.3565216064453, 131.71876525878906, 1.0], [185.39559936523438, 194.72225952148438, 1.0], [166.3182373046875, 224.19236755371094, 1.0], [143.8668670654297, 239.1089324951172, 1.0], [216.99830627441406, 123.68914794921875, 1.0], [234.2737579345703, 179.65306091308594, 1.0], [221.36720275878906, 205.30780029296875, 1.0], [210.33262634277344, 231.59303283691406, 1.0], [238.91807556152344, 116.45457458496094, 1.0], [276.427490234375, 135.1663818359375, 1.0], [261.9925231933594, 160.8583221435547, 1.0], [229.2790069580078, 160.1679229736328, 1.0]], "is_left": 0}