{"hand_pts": [[130.5383758544922, 329.091064453125, 1.0], [116.84819793701172, 261.6448669433594, 1.0], [83.69559478759766, 220.8136444091797, 1.0], [67.69374084472656, 182.2356414794922, 1.0], [63.36982345581055, 150.91433715820312, 1.0], [196.57571411132812, 198.5143585205078, 1.0], [179.4695587158203, 156.17056274414062, 1.0], [157.36843872070312, 137.0203094482422, 1.0], [120.95944213867188, 146.73475646972656, 1.0], [209.5878143310547, 219.48031616210938, 1.0], [225.075439453125, 164.30218505859375, 1.0], [197.52137756347656, 140.15037536621094, 1.0], [176.6343994140625, 115.4443588256836, 1.0], [211.19178771972656, 236.92771911621094, 1.0], [254.9497833251953, 186.79052734375, 1.0], [241.0220489501953, 156.99627685546875, 1.0], [227.6630401611328, 128.2532196044922, 1.0], [205.25062561035156, 258.9206848144531, 1.0], [230.48623657226562, 236.88409423828125, 1.0], [239.03321838378906, 217.0175018310547, 1.0], [248.98385620117188, 195.1746063232422, 1.0]], "is_left": 0}