{"hand_pts": [[306.32598876953125, 79.70736694335938, 1.0], [263.5643310546875, 103.06346130371094, 1.0], [247.9134521484375, 109.75575256347656, 1.0], [198.82276916503906, 125.11961364746094, 1.0], [166.03781127929688, 134.65164184570312, 1.0], [241.75938415527344, 195.0291290283203, 1.0], [218.24644470214844, 242.18548583984375, 1.0], [193.0142059326172, 266.72222900390625, 1.0], [165.8279266357422, 287.833740234375, 1.0], [234.9208526611328, 201.0464630126953, 1.0], [162.85153198242188, 207.01504516601562, 1.0], [140.38832092285156, 173.68069458007812, 1.0], [120.56481170654297, 142.02806091308594, 1.0], [225.6717529296875, 199.35458374023438, 1.0], [157.81048583984375, 188.63194274902344, 1.0], [157.67782592773438, 151.23875427246094, 1.0], [165.9825439453125, 114.7448501586914, 1.0], [219.64137268066406, 188.82691955566406, 1.0], [174.79055786132812, 211.65713500976562, 1.0], [141.77542114257812, 210.53738403320312, 1.0], [110.69285583496094, 202.0569610595703, 1.0]], "is_left": 0}