{"hand_pts": [[328.6701965332031, 87.11901092529297, 1.0], [277.65875244140625, 110.25727844238281, 1.0], [225.98306274414062, 97.92516326904297, 1.0], [172.8314208984375, 119.05535125732422, 1.0], [134.6425323486328, 151.90306091308594, 1.0], [185.51649475097656, 135.6178436279297, 1.0], [153.04196166992188, 179.61314392089844, 1.0], [161.49810791015625, 204.99114990234375, 1.0], [183.54446411132812, 224.10450744628906, 1.0], [201.54725646972656, 148.4615478515625, 1.0], [136.66650390625, 192.75938415527344, 1.0], [115.3862533569336, 230.67945861816406, 1.0], [101.4030990600586, 265.5664978027344, 1.0], [219.37139892578125, 160.37252807617188, 1.0], [168.4847412109375, 214.17466735839844, 1.0], [184.500732421875, 231.7742462158203, 1.0], [216.4355926513672, 227.09703063964844, 1.0], [244.2076873779297, 168.4156951904297, 1.0], [211.030517578125, 201.15753173828125, 1.0], [205.6030731201172, 220.8875732421875, 1.0], [226.72369384765625, 204.9325408935547, 1.0]], "is_left": 0}