{"hand_pts": [[260.5587463378906, 144.80047607421875, 1.0], [270.1854553222656, 160.34451293945312, 1.0], [283.75079345703125, 159.30087280273438, 1.0], [282.8955993652344, 185.14285278320312, 1.0], [280.9824523925781, 210.10494995117188, 1.0], [189.4100341796875, 146.81768798828125, 1.0], [201.23265075683594, 177.73597717285156, 1.0], [230.78944396972656, 198.5313262939453, 1.0], [256.7801208496094, 219.45437622070312, 1.0], [161.42417907714844, 151.8484344482422, 1.0], [103.7884750366211, 157.0226593017578, 1.0], [123.33636474609375, 185.35850524902344, 1.0], [163.17562866210938, 198.39212036132812, 1.0], [145.92236328125, 159.9298553466797, 1.0], [143.02792358398438, 198.24044799804688, 1.0], [179.50347900390625, 213.375244140625, 1.0], [209.4142608642578, 207.44964599609375, 1.0], [139.93519592285156, 168.2760772705078, 1.0], [98.08837890625, 174.87118530273438, 1.0], [95.819091796875, 191.69886779785156, 1.0], [128.59217834472656, 203.10006713867188, 1.0]], "is_left": 0}