{"hand_pts": [[235.81466674804688, 237.15846252441406, 1.0], [241.1072998046875, 168.609375, 1.0], [258.0752868652344, 104.37815856933594, 1.0], [255.49356079101562, 103.82135009765625, 1.0], [241.4556427001953, 145.64962768554688, 1.0], [130.42132568359375, 133.92027282714844, 1.0], [90.08422088623047, 100.5030746459961, 1.0], [126.00941467285156, 104.61186981201172, 1.0], [178.79269409179688, 127.0738525390625, 1.0], [116.29833221435547, 185.41758728027344, 1.0], [152.5991668701172, 171.90213012695312, 1.0], [210.43458557128906, 170.75387573242188, 1.0], [272.41729736328125, 173.671875, 1.0], [115.9571304321289, 227.3678741455078, 1.0], [161.55581665039062, 220.7593994140625, 1.0], [220.1941375732422, 223.34242248535156, 1.0], [275.76824951171875, 225.97787475585938, 1.0], [126.38067626953125, 268.5876770019531, 1.0], [138.07391357421875, 279.405029296875, 1.0], [173.47108459472656, 280.8406982421875, 1.0], [218.9128875732422, 276.7235412597656, 1.0]], "is_left": 0}