{"hand_pts": [[170.50863647460938, 354.8674621582031, 1.0], [179.61032104492188, 278.11053466796875, 1.0], [172.1070098876953, 230.65591430664062, 1.0], [199.3151397705078, 188.113525390625, 1.0], [227.76736450195312, 175.47427368164062, 1.0], [115.51912689208984, 171.13137817382812, 1.0], [152.87606811523438, 116.37948608398438, 1.0], [194.88079833984375, 144.49134826660156, 1.0], [212.44371032714844, 190.22979736328125, 1.0], [121.93814849853516, 186.1484375, 1.0], [180.78118896484375, 136.3393096923828, 1.0], [214.28115844726562, 177.25747680664062, 1.0], [219.30006408691406, 221.7931365966797, 1.0], [136.0803985595703, 201.99545288085938, 1.0], [143.44146728515625, 123.83138275146484, 1.0], [185.6744384765625, 126.54927062988281, 1.0], [219.19911193847656, 150.5126190185547, 1.0], [154.93325805664062, 227.2021026611328, 1.0], [194.1149444580078, 204.1071319580078, 1.0], [218.89950561523438, 221.0168914794922, 1.0], [191.43858337402344, 237.65113830566406, 1.0]], "is_left": 0}