{"hand_pts": [[59.76702880859375, 227.03990173339844, 1.0], [134.45480346679688, 215.95947265625, 1.0], [194.64657592773438, 207.01498413085938, 1.0], [238.50448608398438, 199.39410400390625, 1.0], [262.3305969238281, 194.1532745361328, 1.0], [168.5732879638672, 156.4222412109375, 1.0], [227.05514526367188, 142.86923217773438, 1.0], [251.15316772460938, 166.89442443847656, 1.0], [252.3933563232422, 199.15403747558594, 1.0], [136.4525146484375, 162.6582794189453, 1.0], [198.6172332763672, 155.3978271484375, 1.0], [223.32167053222656, 186.96450805664062, 1.0], [242.0795135498047, 218.1455535888672, 1.0], [112.04348754882812, 173.77508544921875, 1.0], [148.5052490234375, 149.49095153808594, 1.0], [180.6438751220703, 156.46282958984375, 1.0], [212.19500732421875, 164.3702850341797, 1.0], [85.79185485839844, 189.86380004882812, 1.0], [116.8864517211914, 200.70111083984375, 1.0], [135.41323852539062, 223.79080200195312, 1.0], [150.60690307617188, 247.05218505859375, 1.0]], "is_left": 0}