{"hand_pts": [[79.50714111328125, 138.9437713623047, 1.0], [102.52039337158203, 200.69729614257812, 1.0], [117.01490783691406, 259.4443664550781, 1.0], [145.6244659423828, 285.34930419921875, 1.0], [173.3688507080078, 304.7843322753906, 1.0], [191.2458038330078, 202.27545166015625, 1.0], [227.64305114746094, 223.99655151367188, 1.0], [192.7458953857422, 229.06263732910156, 1.0], [154.05618286132812, 228.28477478027344, 1.0], [193.50360107421875, 160.57656860351562, 1.0], [266.71148681640625, 150.5591583251953, 1.0], [245.2667999267578, 175.44680786132812, 1.0], [202.67308044433594, 186.6671905517578, 1.0], [188.8662872314453, 129.67697143554688, 1.0], [233.1299285888672, 132.5281982421875, 1.0], [201.92831420898438, 153.0071258544922, 1.0], [163.23968505859375, 167.65478515625, 1.0], [175.98719787597656, 101.1221694946289, 1.0], [190.36734008789062, 112.87252807617188, 1.0], [160.24720764160156, 132.80812072753906, 1.0], [137.28289794921875, 134.9996337890625, 1.0]], "is_left": 0}