{"hand_pts": [[328.2142333984375, 174.64288330078125, 1.0], [262.04254150390625, 226.3733367919922, 1.0], [220.99252319335938, 279.3753967285156, 1.0], [184.3540496826172, 291.7029724121094, 1.0], [189.89825439453125, 255.99288940429688, 1.0], [151.6044158935547, 202.2116241455078, 1.0], [105.49755859375, 218.82667541503906, 1.0], [139.640380859375, 229.00709533691406, 1.0], [187.95477294921875, 229.73184204101562, 1.0], [165.00146484375, 157.83497619628906, 1.0], [109.97219848632812, 166.89605712890625, 1.0], [140.1044158935547, 189.73411560058594, 1.0], [188.64736938476562, 203.5592803955078, 1.0], [180.65347290039062, 126.8100814819336, 1.0], [162.1807403564453, 131.19046020507812, 1.0], [203.0160369873047, 150.35195922851562, 1.0], [234.12295532226562, 162.0071258544922, 1.0], [205.4031982421875, 101.33500671386719, 1.0], [197.6434326171875, 92.35469818115234, 1.0], [225.0305633544922, 115.94219207763672, 1.0], [239.24566650390625, 131.6925506591797, 1.0]], "is_left": 0}