{"hand_pts": [[267.41595458984375, 180.4188995361328, 1.0], [229.2692413330078, 134.40162658691406, 1.0], [205.1685028076172, 85.03508758544922, 1.0], [192.9780731201172, 80.63569641113281, 1.0], [190.5796661376953, 98.66979217529297, 1.0], [141.67259216308594, 158.4239959716797, 1.0], [131.18902587890625, 139.95204162597656, 1.0], [166.22576904296875, 131.48834228515625, 1.0], [196.24949645996094, 137.4390106201172, 1.0], [151.27957153320312, 204.4435272216797, 1.0], [136.39767456054688, 199.17486572265625, 1.0], [177.0096893310547, 180.8197021484375, 1.0], [208.4467010498047, 169.6330108642578, 1.0], [164.62249755859375, 238.31715393066406, 1.0], [169.8430938720703, 245.29624938964844, 1.0], [195.96566772460938, 236.14022827148438, 1.0], [230.26364135742188, 216.77273559570312, 1.0], [185.16563415527344, 266.8364562988281, 1.0], [180.16209411621094, 278.2067565917969, 1.0], [204.2847442626953, 257.2040100097656, 1.0], [225.06414794921875, 233.45870971679688, 1.0]], "is_left": 0}