{"hand_pts": [[311.4721984863281, 171.28616333007812, 1.0], [302.94464111328125, 184.36451721191406, 1.0], [313.98583984375, 167.0390625, 1.0], [299.4648132324219, 159.8138885498047, 1.0], [249.09527587890625, 172.1988983154297, 1.0], [227.87338256835938, 131.88088989257812, 1.0], [184.00660705566406, 111.42375946044922, 1.0], [153.9254608154297, 113.68920135498047, 1.0], [127.12869262695312, 134.9571075439453, 1.0], [200.9857177734375, 138.51124572753906, 1.0], [128.7859344482422, 149.45462036132812, 1.0], [130.14430236816406, 201.52565002441406, 1.0], [142.14639282226562, 250.06329345703125, 1.0], [183.4320526123047, 151.76490783691406, 1.0], [140.8384552001953, 212.09446716308594, 1.0], [137.0458984375, 257.98785400390625, 1.0], [169.9697265625, 289.4243469238281, 1.0], [174.96002197265625, 168.37353515625, 1.0], [136.79693603515625, 207.89271545410156, 1.0], [140.64366149902344, 245.9350128173828, 1.0], [149.89016723632812, 284.6697998046875, 1.0]], "is_left": 0}