{"hand_pts": [[261.26348876953125, 52.1240119934082, 1.0], [252.56837463378906, 103.95838165283203, 1.0], [241.42996215820312, 130.84268188476562, 1.0], [220.31863403320312, 171.6386260986328, 1.0], [206.1129150390625, 193.77622985839844, 1.0], [140.9601593017578, 147.75218200683594, 1.0], [164.11956787109375, 197.7473907470703, 1.0], [214.36709594726562, 197.55133056640625, 1.0], [262.3368225097656, 192.1681365966797, 1.0], [138.12222290039062, 143.52926635742188, 1.0], [152.02549743652344, 203.91395568847656, 1.0], [186.8224334716797, 233.7998504638672, 1.0], [238.23269653320312, 243.1671905517578, 1.0], [145.9519500732422, 141.49932861328125, 1.0], [98.91574096679688, 187.29200744628906, 1.0], [106.01609802246094, 219.61868286132812, 1.0], [118.55490112304688, 250.34083557128906, 1.0], [163.11961364746094, 135.31568908691406, 1.0], [185.42523193359375, 169.5709686279297, 1.0], [217.6955108642578, 186.43028259277344, 1.0], [256.5279846191406, 181.63412475585938, 1.0]], "is_left": 0}