{"hand_pts": [[264.50494384765625, 78.97628784179688, 1.0], [196.9857940673828, 105.822021484375, 1.0], [161.5615692138672, 132.67262268066406, 1.0], [129.6580352783203, 164.0059814453125, 1.0], [119.01924896240234, 188.67909240722656, 1.0], [198.1435089111328, 182.26235961914062, 1.0], [143.986328125, 196.02304077148438, 1.0], [109.21559143066406, 193.56214904785156, 1.0], [76.61638641357422, 191.1427764892578, 1.0], [231.68252563476562, 181.34837341308594, 1.0], [220.8249053955078, 236.40933227539062, 1.0], [184.76724243164062, 240.1019744873047, 1.0], [148.15948486328125, 224.6436004638672, 1.0], [254.3433837890625, 175.40573120117188, 1.0], [211.75112915039062, 203.8660888671875, 1.0], [177.34283447265625, 194.11776733398438, 1.0], [151.27984619140625, 166.71424865722656, 1.0], [275.45916748046875, 162.3466339111328, 1.0], [253.66461181640625, 183.41015625, 1.0], [222.9070281982422, 169.0680694580078, 1.0], [197.0663299560547, 145.76220703125, 1.0]], "is_left": 0}