{"hand_pts": [[310.9971618652344, 284.013671875, 1.0], [245.1519775390625, 290.66839599609375, 1.0], [189.3791961669922, 300.3786926269531, 1.0], [172.67330932617188, 251.60350036621094, 1.0], [174.21519470214844, 204.3825225830078, 1.0], [220.88755798339844, 221.86180114746094, 1.0], [170.9581298828125, 193.5720672607422, 1.0], [132.23873901367188, 178.41635131835938, 1.0], [92.62454986572266, 168.98406982421875, 1.0], [239.01876831054688, 192.3852996826172, 1.0], [164.55322265625, 167.65594482421875, 1.0], [152.8333282470703, 200.91009521484375, 1.0], [139.37362670898438, 230.5885772705078, 1.0], [249.8164520263672, 173.74325561523438, 1.0], [186.23577880859375, 137.68072509765625, 1.0], [148.210693359375, 136.9901580810547, 1.0], [119.01573944091797, 153.77249145507812, 1.0], [262.2186279296875, 163.60870361328125, 1.0], [232.87744140625, 125.99754333496094, 1.0], [209.2303924560547, 103.75231170654297, 1.0], [181.2447967529297, 123.6278076171875, 1.0]], "is_left": 0}