{"hand_pts": [[332.71673583984375, 233.55941772460938, 1.0], [253.47911071777344, 244.5972442626953, 1.0], [197.38075256347656, 273.7037048339844, 1.0], [148.83506774902344, 257.164794921875, 1.0], [166.01097106933594, 221.96849060058594, 1.0], [196.5783233642578, 224.38197326660156, 1.0], [133.2369384765625, 203.024658203125, 1.0], [146.70355224609375, 202.07215881347656, 1.0], [174.2050323486328, 205.34677124023438, 1.0], [221.979248046875, 197.07046508789062, 1.0], [135.7403564453125, 182.2410430908203, 1.0], [113.88362121582031, 184.00936889648438, 1.0], [147.73716735839844, 195.81578063964844, 1.0], [240.96031188964844, 175.8204803466797, 1.0], [185.7295684814453, 136.77403259277344, 1.0], [164.9285888671875, 125.8758773803711, 1.0], [144.10255432128906, 114.52964782714844, 1.0], [263.8087463378906, 158.89410400390625, 1.0], [238.36387634277344, 129.12942504882812, 1.0], [227.7293701171875, 126.38823699951172, 1.0], [221.4696502685547, 134.47030639648438, 1.0]], "is_left": 0}