{"hand_pts": [[17.5737247467041, 232.16659545898438, 1.0], [67.7371597290039, 184.3902587890625, 1.0], [89.46611022949219, 143.3263397216797, 1.0], [141.32167053222656, 106.03547668457031, 1.0], [175.28367614746094, 103.60159301757812, 1.0], [159.8916778564453, 226.6532440185547, 1.0], [226.7554168701172, 184.04916381835938, 1.0], [228.59707641601562, 142.5845947265625, 1.0], [200.7754669189453, 115.67317199707031, 1.0], [165.2069549560547, 251.42054748535156, 1.0], [243.58538818359375, 202.10401916503906, 1.0], [231.02122497558594, 151.78131103515625, 1.0], [183.2124786376953, 128.86392211914062, 1.0], [166.5559844970703, 263.47564697265625, 1.0], [239.98841857910156, 223.74090576171875, 1.0], [220.29295349121094, 181.3202362060547, 1.0], [174.7005615234375, 162.03793334960938, 1.0], [158.7384033203125, 270.61712646484375, 1.0], [204.02989196777344, 246.83131408691406, 1.0], [200.69448852539062, 208.5554656982422, 1.0], [165.1825714111328, 184.51834106445312, 1.0]], "is_left": 0}