{"hand_pts": [[123.32386779785156, 213.72964477539062, 1.0], [189.6876678466797, 180.85633850097656, 1.0], [248.19012451171875, 146.4288787841797, 1.0], [285.9665222167969, 140.80328369140625, 1.0], [274.8824462890625, 169.34136962890625, 1.0], [205.2609100341797, 126.99210357666016, 1.0], [224.02134704589844, 113.7717514038086, 1.0], [231.4092559814453, 137.3109893798828, 1.0], [228.53799438476562, 167.6488037109375, 1.0], [159.65560913085938, 156.346923828125, 1.0], [189.70199584960938, 167.2410125732422, 1.0], [207.2253875732422, 189.5735626220703, 1.0], [222.80487060546875, 211.50979614257812, 1.0], [126.17224884033203, 183.75332641601562, 1.0], [138.33660888671875, 198.75296020507812, 1.0], [150.18707275390625, 221.20155334472656, 1.0], [160.90017700195312, 240.41412353515625, 1.0], [95.34732055664062, 212.72584533691406, 1.0], [89.28511047363281, 232.62950134277344, 1.0], [104.05648040771484, 245.87896728515625, 1.0], [121.90406036376953, 246.31361389160156, 1.0]], "is_left": 0}