{"hand_pts": [[111.89210510253906, 257.09698486328125, 1.0], [136.51547241210938, 252.1527557373047, 1.0], [146.7051239013672, 261.8436584472656, 1.0], [144.34500122070312, 247.9024658203125, 1.0], [133.84799194335938, 221.13031005859375, 1.0], [222.7701873779297, 216.47161865234375, 1.0], [282.4185791015625, 191.4912872314453, 1.0], [307.5504455566406, 170.7364501953125, 1.0], [298.2550048828125, 151.4753875732422, 1.0], [209.98089599609375, 198.6905517578125, 1.0], [213.3861083984375, 168.25079345703125, 1.0], [178.3065643310547, 166.32373046875, 1.0], [148.5265655517578, 162.32232666015625, 1.0], [192.4608917236328, 185.74978637695312, 1.0], [174.4943389892578, 147.5933074951172, 1.0], [135.2911376953125, 163.334716796875, 1.0], [96.74565124511719, 176.71206665039062, 1.0], [168.6897735595703, 177.77882385253906, 1.0], [168.94032287597656, 146.88690185546875, 1.0], [157.3080291748047, 130.7796173095703, 1.0], [132.1214141845703, 143.90838623046875, 1.0]], "is_left": 0}