{"hand_pts": [[190.7899627685547, 121.08195495605469, 1.0], [139.53933715820312, 175.7387237548828, 1.0], [113.47402954101562, 232.95654296875, 1.0], [95.75395965576172, 253.50035095214844, 1.0], [97.73006439208984, 230.24012756347656, 1.0], [196.74876403808594, 257.11383056640625, 1.0], [155.41229248046875, 255.31382751464844, 1.0], [128.15980529785156, 216.76446533203125, 1.0], [138.4537811279297, 197.09494018554688, 1.0], [236.95687866210938, 221.11231994628906, 1.0], [205.36154174804688, 222.82211303710938, 1.0], [164.8988800048828, 187.5836181640625, 1.0], [141.774658203125, 160.42385864257812, 1.0], [261.4722900390625, 185.9282989501953, 1.0], [235.6788330078125, 160.7747039794922, 1.0], [199.1972198486328, 130.3711700439453, 1.0], [176.34063720703125, 115.59430694580078, 1.0], [278.50286865234375, 145.71359252929688, 1.0], [280.44342041015625, 126.79278564453125, 1.0], [252.2598419189453, 106.46000671386719, 1.0], [222.25070190429688, 106.00965881347656, 1.0]], "is_left": 0}