{"hand_pts": [[344.2945251464844, 195.6608123779297, 1.0], [298.9822998046875, 172.9569091796875, 1.0], [282.8700866699219, 143.6514434814453, 1.0], [242.2561492919922, 151.29031372070312, 1.0], [205.71002197265625, 177.4972686767578, 1.0], [208.99452209472656, 130.53607177734375, 1.0], [154.20034790039062, 134.8187713623047, 1.0], [140.0858612060547, 155.9242706298828, 1.0], [154.0426788330078, 184.339599609375, 1.0], [204.34140014648438, 154.45797729492188, 1.0], [126.699462890625, 156.34934997558594, 1.0], [118.84274291992188, 179.67945861816406, 1.0], [149.47129821777344, 196.11305236816406, 1.0], [203.8790283203125, 177.88836669921875, 1.0], [148.46011352539062, 204.99127197265625, 1.0], [170.42478942871094, 224.84031677246094, 1.0], [204.83985900878906, 235.8053436279297, 1.0], [212.27549743652344, 202.9497833251953, 1.0], [168.7382049560547, 220.45155334472656, 1.0], [153.5650634765625, 236.09359741210938, 1.0], [176.25794982910156, 239.1147918701172, 1.0]], "is_left": 0}