{"hand_pts": [[46.8752555847168, 288.1679992675781, 1.0], [68.06359100341797, 211.14764404296875, 1.0], [78.02915954589844, 149.30728149414062, 1.0], [126.97230529785156, 123.83902740478516, 1.0], [177.2307891845703, 116.0711441040039, 1.0], [135.87950134277344, 165.66859436035156, 1.0], [184.6626739501953, 126.77562713623047, 1.0], [188.5225372314453, 129.4189453125, 1.0], [177.1028594970703, 146.02615356445312, 1.0], [160.17947387695312, 206.40447998046875, 1.0], [203.05593872070312, 153.46896362304688, 1.0], [187.35719299316406, 150.3218536376953, 1.0], [151.45022583007812, 170.21463012695312, 1.0], [177.706298828125, 239.4442138671875, 1.0], [240.60374450683594, 199.27615356445312, 1.0], [249.7840576171875, 184.7736053466797, 1.0], [228.79881286621094, 183.94590759277344, 1.0], [186.67242431640625, 274.2358093261719, 1.0], [238.49205017089844, 269.5479431152344, 1.0], [248.09910583496094, 258.1177673339844, 1.0], [239.5641326904297, 243.58860778808594, 1.0]], "is_left": 0}