{"hand_pts": [[244.6757049560547, 46.57627868652344, 1.0], [211.9619140625, 124.32691192626953, 1.0], [176.8730926513672, 169.22323608398438, 1.0], [128.64389038085938, 200.0686798095703, 1.0], [99.49390411376953, 197.8545684814453, 1.0], [250.71131896972656, 196.49346923828125, 1.0], [181.38720703125, 219.17564392089844, 1.0], [135.454345703125, 227.65576171875, 1.0], [91.80876922607422, 236.74667358398438, 1.0], [252.07456970214844, 164.93588256835938, 1.0], [244.3454132080078, 229.56454467773438, 1.0], [193.81527709960938, 248.79286193847656, 1.0], [163.6865692138672, 228.12515258789062, 1.0], [244.91893005371094, 137.72637939453125, 1.0], [198.18655395507812, 181.5045623779297, 1.0], [156.12469482421875, 178.2786102294922, 1.0], [122.24921417236328, 169.65078735351562, 1.0], [234.9845428466797, 105.61713409423828, 1.0], [228.75762939453125, 122.92931365966797, 1.0], [210.3377685546875, 141.59765625, 1.0], [175.25782775878906, 164.3976593017578, 1.0]], "is_left": 0}