{"hand_pts": [[194.96099853515625, 280.3978576660156, 1.0], [143.8704071044922, 271.043701171875, 1.0], [98.91313171386719, 281.1793518066406, 1.0], [129.94679260253906, 256.0882263183594, 1.0], [164.24295043945312, 230.82786560058594, 1.0], [85.3118896484375, 221.5462646484375, 1.0], [122.5467529296875, 202.14004516601562, 1.0], [157.20831298828125, 197.45042419433594, 1.0], [186.08143615722656, 186.85848999023438, 1.0], [130.04542541503906, 198.51612854003906, 1.0], [170.82997131347656, 158.07058715820312, 1.0], [207.810302734375, 151.1614227294922, 1.0], [239.4299774169922, 165.2156982421875, 1.0], [174.27145385742188, 180.77325439453125, 1.0], [225.26072692871094, 145.25442504882812, 1.0], [257.9484558105469, 156.8644256591797, 1.0], [274.71295166015625, 182.3909912109375, 1.0], [222.99441528320312, 168.8778839111328, 1.0], [227.23207092285156, 128.5332489013672, 1.0], [233.28858947753906, 102.751953125, 1.0], [239.16087341308594, 113.67475891113281, 1.0]], "is_left": 0}