{"hand_pts": [[181.1460723876953, 142.18414306640625, 1.0], [152.9475555419922, 131.1295166015625, 1.0], [99.15594482421875, 107.77816772460938, 1.0], [126.01333618164062, 95.4950180053711, 1.0], [184.9453125, 108.29854583740234, 1.0], [123.80208587646484, 210.51226806640625, 1.0], [147.2484588623047, 176.22242736816406, 1.0], [171.10606384277344, 138.427978515625, 1.0], [195.99395751953125, 102.35489654541016, 1.0], [156.9305419921875, 233.19166564941406, 1.0], [179.76487731933594, 189.96763610839844, 1.0], [190.19081115722656, 141.63626098632812, 1.0], [181.3782196044922, 135.61996459960938, 1.0], [186.8278350830078, 244.08876037597656, 1.0], [196.97042846679688, 289.8815002441406, 1.0], [214.3109588623047, 262.6258239746094, 1.0], [224.1411895751953, 218.44546508789062, 1.0], [216.57801818847656, 246.4215850830078, 1.0], [245.22251892089844, 250.6318817138672, 1.0], [252.08328247070312, 213.95008850097656, 1.0], [240.07298278808594, 177.52821350097656, 1.0]], "is_left": 0}