{"hand_pts": [[249.41531372070312, 68.8232650756836, 1.0], [203.48263549804688, 109.76451110839844, 1.0], [153.81008911132812, 127.75045013427734, 1.0], [111.93913269042969, 149.4567413330078, 1.0], [84.63907623291016, 168.59423828125, 1.0], [241.80471801757812, 191.9056396484375, 1.0], [191.96563720703125, 222.19961547851562, 1.0], [140.23207092285156, 207.90890502929688, 1.0], [88.8261489868164, 194.245849609375, 1.0], [254.5960235595703, 178.93109130859375, 1.0], [229.2431640625, 233.48655700683594, 1.0], [174.31056213378906, 234.1488494873047, 1.0], [121.07146453857422, 209.66041564941406, 1.0], [256.61993408203125, 163.04483032226562, 1.0], [240.75953674316406, 214.22923278808594, 1.0], [191.44003295898438, 213.42637634277344, 1.0], [139.4131622314453, 199.68609619140625, 1.0], [255.15907287597656, 140.1591796875, 1.0], [237.12962341308594, 168.73245239257812, 1.0], [195.6854248046875, 166.93417358398438, 1.0], [155.95965576171875, 149.489990234375, 1.0]], "is_left": 0}