{"hand_pts": [[7.549330234527588, 150.15919494628906, 1.0], [69.23870849609375, 208.21829223632812, 1.0], [92.78585815429688, 266.43853759765625, 1.0], [151.57579040527344, 270.3076477050781, 1.0], [178.9771270751953, 226.4694366455078, 1.0], [138.10052490234375, 239.7456512451172, 1.0], [186.9149932861328, 261.2344055175781, 1.0], [224.28611755371094, 251.4182586669922, 1.0], [229.10757446289062, 232.83876037597656, 1.0], [140.4880828857422, 195.36183166503906, 1.0], [213.84878540039062, 202.84947204589844, 1.0], [211.7591552734375, 195.84756469726562, 1.0], [202.4185791015625, 188.32630920410156, 1.0], [142.92965698242188, 158.4770050048828, 1.0], [212.17153930664062, 130.5650177001953, 1.0], [232.07130432128906, 113.68511199951172, 1.0], [251.00965881347656, 97.16780090332031, 1.0], [138.43064880371094, 121.7999267578125, 1.0], [189.75640869140625, 105.22821807861328, 1.0], [217.90487670898438, 97.77534484863281, 1.0], [199.12506103515625, 108.37113189697266, 1.0]], "is_left": 0}