{"hand_pts": [[128.535888671875, 324.3132629394531, 1.0], [194.8217010498047, 294.7791748046875, 1.0], [239.81936645507812, 296.8594970703125, 1.0], [267.9356384277344, 252.90135192871094, 1.0], [254.11729431152344, 214.59011840820312, 1.0], [170.12831115722656, 240.3519744873047, 1.0], [205.26318359375, 186.3607635498047, 1.0], [231.34686279296875, 173.00010681152344, 1.0], [250.35818481445312, 170.03579711914062, 1.0], [131.28482055664062, 220.7853546142578, 1.0], [182.7220916748047, 160.05760192871094, 1.0], [222.55078125, 143.730712890625, 1.0], [245.63587951660156, 161.41033935546875, 1.0], [106.20890808105469, 204.8562469482422, 1.0], [137.54257202148438, 137.07485961914062, 1.0], [166.99366760253906, 141.72836303710938, 1.0], [191.17042541503906, 158.24755859375, 1.0], [85.21028137207031, 195.73367309570312, 1.0], [95.91717529296875, 146.58876037597656, 1.0], [120.97301483154297, 124.7139892578125, 1.0], [152.5030059814453, 109.11470031738281, 1.0]], "is_left": 0}