{"hand_pts": [[119.23189544677734, 67.70062255859375, 1.0], [103.23748779296875, 125.52999877929688, 1.0], [77.87196350097656, 136.5997772216797, 1.0], [108.22402954101562, 176.55641174316406, 1.0], [148.47486877441406, 207.02804565429688, 1.0], [163.11502075195312, 144.6220245361328, 1.0], [168.8020477294922, 211.77320861816406, 1.0], [148.59141540527344, 211.82907104492188, 1.0], [129.9016571044922, 205.8579864501953, 1.0], [196.9117889404297, 136.01968383789062, 1.0], [185.9058074951172, 213.96755981445312, 1.0], [151.00978088378906, 215.6043701171875, 1.0], [128.82981872558594, 178.2424774169922, 1.0], [219.70118713378906, 133.1652374267578, 1.0], [249.83314514160156, 201.6140594482422, 1.0], [251.65040588378906, 238.6573486328125, 1.0], [245.9996337890625, 271.7957458496094, 1.0], [234.8720245361328, 128.322998046875, 1.0], [270.9773254394531, 150.87437438964844, 1.0], [255.34439086914062, 182.3275604248047, 1.0], [225.10269165039062, 198.1061553955078, 1.0]], "is_left": 0}