{"hand_pts": [[205.82815551757812, 278.6267395019531, 1.0], [198.25086975097656, 265.2716369628906, 1.0], [195.70550537109375, 284.7379150390625, 1.0], [155.53744506835938, 268.9252014160156, 1.0], [111.47543334960938, 241.02923583984375, 1.0], [252.63671875, 188.43301391601562, 1.0], [203.31271362304688, 169.4998016357422, 1.0], [169.54461669921875, 197.80905151367188, 1.0], [163.30709838867188, 225.7392120361328, 1.0], [245.05531311035156, 168.17886352539062, 1.0], [212.39361572265625, 122.66475677490234, 1.0], [169.5396270751953, 154.73753356933594, 1.0], [159.6245880126953, 194.62860107421875, 1.0], [231.5797119140625, 156.07151794433594, 1.0], [216.51068115234375, 96.76520538330078, 1.0], [175.56488037109375, 115.96749877929688, 1.0], [172.91355895996094, 154.9557342529297, 1.0], [214.6023712158203, 152.53721618652344, 1.0], [163.09312438964844, 141.02468872070312, 1.0], [140.83338928222656, 171.20550537109375, 1.0], [152.00213623046875, 206.69459533691406, 1.0]], "is_left": 0}