{"hand_pts": [[29.392732620239258, 198.927978515625, 1.0], [77.54905700683594, 181.09996032714844, 1.0], [113.8565902709961, 160.11660766601562, 1.0], [157.3468475341797, 151.05313110351562, 1.0], [199.7478790283203, 152.49685668945312, 1.0], [127.80474090576172, 170.20411682128906, 1.0], [180.5560302734375, 157.81390380859375, 1.0], [217.49794006347656, 154.4762420654297, 1.0], [252.76535034179688, 152.8407745361328, 1.0], [129.1272735595703, 187.82473754882812, 1.0], [193.93673706054688, 179.94911193847656, 1.0], [236.61407470703125, 178.5832977294922, 1.0], [274.88531494140625, 177.86578369140625, 1.0], [130.76663208007812, 202.98233032226562, 1.0], [197.98182678222656, 200.24307250976562, 1.0], [234.0619659423828, 200.95301818847656, 1.0], [265.93328857421875, 201.8612518310547, 1.0], [127.1141128540039, 217.76202392578125, 1.0], [170.46841430664062, 220.10154724121094, 1.0], [202.7548065185547, 221.35836791992188, 1.0], [236.50253295898438, 221.17138671875, 1.0]], "is_left": 0}