{"hand_pts": [[239.2029266357422, 128.15780639648438, 1.0], [177.38674926757812, 153.7682342529297, 1.0], [112.44823455810547, 181.7441864013672, 1.0], [83.25008392333984, 151.3595733642578, 1.0], [120.46012115478516, 115.62735748291016, 1.0], [195.51824951171875, 233.32081604003906, 1.0], [165.07635498046875, 241.35525512695312, 1.0], [134.51824951171875, 203.11582946777344, 1.0], [115.451416015625, 156.05535888671875, 1.0], [229.297607421875, 216.66807556152344, 1.0], [222.0794219970703, 261.07257080078125, 1.0], [175.85365295410156, 227.00416564941406, 1.0], [153.56954956054688, 187.6295623779297, 1.0], [250.56016540527344, 196.04446411132812, 1.0], [224.31939697265625, 223.956787109375, 1.0], [192.8666229248047, 222.111572265625, 1.0], [149.30918884277344, 197.9738006591797, 1.0], [268.4173889160156, 169.71397399902344, 1.0], [258.0939025878906, 137.05538940429688, 1.0], [236.2200469970703, 103.9041519165039, 1.0], [201.5674591064453, 72.23834228515625, 1.0]], "is_left": 0}