{"hand_pts": [[137.62733459472656, 306.5069885253906, 1.0], [113.92304229736328, 263.716796875, 1.0], [83.3812026977539, 252.68446350097656, 1.0], [80.7225341796875, 207.046630859375, 1.0], [103.3338394165039, 180.2082061767578, 1.0], [194.50393676757812, 222.4474334716797, 1.0], [186.0911102294922, 165.57005310058594, 1.0], [156.26466369628906, 158.7611083984375, 1.0], [136.16383361816406, 181.12339782714844, 1.0], [229.48263549804688, 216.10781860351562, 1.0], [227.99462890625, 145.97152709960938, 1.0], [185.0464324951172, 145.81480407714844, 1.0], [154.23756408691406, 178.0704345703125, 1.0], [249.6171417236328, 209.2793731689453, 1.0], [254.3472900390625, 142.65127563476562, 1.0], [214.5664520263672, 145.3917694091797, 1.0], [186.19593811035156, 178.17526245117188, 1.0], [259.8952941894531, 207.53024291992188, 1.0], [264.0325927734375, 165.2715301513672, 1.0], [229.82640075683594, 164.19046020507812, 1.0], [202.4821319580078, 192.56527709960938, 1.0]], "is_left": 0}