{"hand_pts": [[309.3017272949219, 76.19581604003906, 1.0], [285.8807373046875, 136.36328125, 1.0], [275.18359375, 189.00900268554688, 1.0], [253.09642028808594, 230.4456329345703, 1.0], [226.4819793701172, 264.1929931640625, 1.0], [235.73565673828125, 173.7131805419922, 1.0], [208.3371124267578, 220.15606689453125, 1.0], [186.6800079345703, 249.729736328125, 1.0], [165.7640380859375, 277.3214416503906, 1.0], [217.76004028320312, 144.42860412597656, 1.0], [176.280517578125, 187.57936096191406, 1.0], [146.91012573242188, 217.96963500976562, 1.0], [121.09734344482422, 244.9345703125, 1.0], [203.8335418701172, 121.04409790039062, 1.0], [153.05734252929688, 157.07618713378906, 1.0], [122.44248962402344, 181.04779052734375, 1.0], [92.77503967285156, 203.895751953125, 1.0], [196.32144165039062, 96.08919525146484, 1.0], [156.22251892089844, 115.14099884033203, 1.0], [128.2473907470703, 130.4172821044922, 1.0], [99.8301773071289, 148.58863830566406, 1.0]], "is_left": 0}