{"hand_pts": [[356.6019592285156, 205.3442840576172, 1.0], [303.257080078125, 153.49378967285156, 1.0], [281.93719482421875, 110.32656860351562, 1.0], [234.65554809570312, 90.63565063476562, 1.0], [195.6657257080078, 98.11978912353516, 1.0], [226.80809020996094, 177.92147827148438, 1.0], [163.941162109375, 159.44924926757812, 1.0], [139.0111083984375, 141.2783966064453, 1.0], [119.28152465820312, 124.89288330078125, 1.0], [222.68885803222656, 218.11648559570312, 1.0], [152.24295043945312, 189.39256286621094, 1.0], [132.30889892578125, 161.72698974609375, 1.0], [153.92709350585938, 140.00962829589844, 1.0], [220.36073303222656, 246.30226135253906, 1.0], [142.59962463378906, 247.88755798339844, 1.0], [126.47521209716797, 226.30752563476562, 1.0], [134.94317626953125, 201.2935028076172, 1.0], [226.0052032470703, 270.0433654785156, 1.0], [179.412353515625, 267.42877197265625, 1.0], [173.61019897460938, 247.017578125, 1.0], [201.6392059326172, 224.8009490966797, 1.0]], "is_left": 0}