{"hand_pts": [[44.97797775268555, 212.73316955566406, 1.0], [80.875, 174.13243103027344, 1.0], [100.50282287597656, 135.87965393066406, 1.0], [145.34420776367188, 124.56919860839844, 1.0], [190.0106964111328, 136.2729949951172, 1.0], [126.73247528076172, 167.2163543701172, 1.0], [174.54115295410156, 141.48312377929688, 1.0], [209.12730407714844, 125.93865966796875, 1.0], [241.61033630371094, 111.21985626220703, 1.0], [134.277099609375, 196.0661163330078, 1.0], [210.2611846923828, 195.2812957763672, 1.0], [245.67703247070312, 190.54075622558594, 1.0], [281.3865966796875, 186.6267852783203, 1.0], [140.83412170410156, 218.3538055419922, 1.0], [194.12135314941406, 204.7366485595703, 1.0], [212.5331573486328, 196.57078552246094, 1.0], [224.8621063232422, 188.51443481445312, 1.0], [141.94729614257812, 239.22915649414062, 1.0], [189.58335876464844, 251.34844970703125, 1.0], [219.18267822265625, 249.39585876464844, 1.0], [239.32803344726562, 238.8328857421875, 1.0]], "is_left": 0}