{"hand_pts": [[81.57183074951172, 298.8769226074219, 1.0], [155.3993682861328, 266.6408996582031, 1.0], [215.88758850097656, 252.30421447753906, 1.0], [258.16851806640625, 227.34703063964844, 1.0], [261.77044677734375, 206.0724334716797, 1.0], [170.23904418945312, 177.62515258789062, 1.0], [212.66323852539062, 136.758544921875, 1.0], [238.19517517089844, 139.97579956054688, 1.0], [251.59397888183594, 160.2506866455078, 1.0], [136.3265838623047, 175.59811401367188, 1.0], [185.3153076171875, 130.85006713867188, 1.0], [215.19586181640625, 150.0927276611328, 1.0], [221.8324432373047, 187.7283935546875, 1.0], [112.22945404052734, 179.5124969482422, 1.0], [158.44923400878906, 153.5357208251953, 1.0], [179.86886596679688, 179.0654296875, 1.0], [184.02713012695312, 214.54151916503906, 1.0], [88.13069915771484, 191.95802307128906, 1.0], [111.12740325927734, 174.84291076660156, 1.0], [135.15243530273438, 187.6505584716797, 1.0], [151.24302673339844, 215.584716796875, 1.0]], "is_left": 0}