{"hand_pts": [[319.9496765136719, 222.75636291503906, 1.0], [268.52471923828125, 161.40499877929688, 1.0], [233.3314971923828, 110.76700592041016, 1.0], [189.12611389160156, 96.93898010253906, 1.0], [149.72152709960938, 99.78816986083984, 1.0], [246.0020751953125, 150.28126525878906, 1.0], [212.13002014160156, 127.4875259399414, 1.0], [174.51593017578125, 118.61930084228516, 1.0], [133.0192108154297, 115.7314453125, 1.0], [243.60121154785156, 199.4912109375, 1.0], [197.40142822265625, 183.64248657226562, 1.0], [149.68438720703125, 172.7405548095703, 1.0], [105.10791015625, 162.62393188476562, 1.0], [237.46969604492188, 238.19607543945312, 1.0], [184.7877655029297, 226.78150939941406, 1.0], [142.88473510742188, 217.4999542236328, 1.0], [101.81402587890625, 207.9560089111328, 1.0], [234.4421844482422, 274.5585021972656, 1.0], [192.2828369140625, 281.59197998046875, 1.0], [156.16876220703125, 278.3519592285156, 1.0], [121.39559936523438, 267.1397399902344, 1.0]], "is_left": 0}