{"hand_pts": [[133.9989013671875, 339.3177185058594, 1.0], [193.0049285888672, 300.3678283691406, 1.0], [232.92117309570312, 279.0282287597656, 1.0], [263.5350646972656, 246.60037231445312, 1.0], [281.1804504394531, 211.22059631347656, 1.0], [166.61154174804688, 193.0234375, 1.0], [205.2958221435547, 151.5765380859375, 1.0], [238.05392456054688, 162.677490234375, 1.0], [266.1475830078125, 181.32254028320312, 1.0], [132.18218994140625, 188.8260955810547, 1.0], [163.0171356201172, 130.9545440673828, 1.0], [203.0975799560547, 142.6593017578125, 1.0], [232.62142944335938, 181.96621704101562, 1.0], [110.47777557373047, 191.93313598632812, 1.0], [131.80917358398438, 136.2728729248047, 1.0], [167.38314819335938, 147.9513397216797, 1.0], [202.61244201660156, 169.11170959472656, 1.0], [92.80960083007812, 205.83143615722656, 1.0], [96.5111083984375, 168.27520751953125, 1.0], [120.90174102783203, 161.75111389160156, 1.0], [156.92544555664062, 180.59274291992188, 1.0]], "is_left": 0}