{"hand_pts": [[192.2724609375, 41.26604080200195, 1.0], [169.32586669921875, 105.79090881347656, 1.0], [149.46536254882812, 147.4618682861328, 1.0], [139.92840576171875, 190.7333526611328, 1.0], [137.1632537841797, 233.0542755126953, 1.0], [132.83248901367188, 156.75860595703125, 1.0], [125.18358612060547, 211.96095275878906, 1.0], [152.92135620117188, 219.5536651611328, 1.0], [180.35240173339844, 227.13333129882812, 1.0], [159.54476928710938, 143.6448974609375, 1.0], [178.10350036621094, 208.76336669921875, 1.0], [192.9037628173828, 245.99159240722656, 1.0], [210.8795928955078, 273.6142578125, 1.0], [185.05276489257812, 134.17868041992188, 1.0], [216.64764404296875, 183.4617156982422, 1.0], [233.83790588378906, 183.00099182128906, 1.0], [232.0910186767578, 154.26182556152344, 1.0], [211.58908081054688, 120.41783905029297, 1.0], [218.94564819335938, 158.4229278564453, 1.0], [229.70883178710938, 180.4573974609375, 1.0], [230.52194213867188, 166.78382873535156, 1.0]], "is_left": 0}