{"hand_pts": [[70.28385925292969, 299.6902770996094, 1.0], [94.01997375488281, 215.478759765625, 1.0], [91.83032989501953, 148.3203887939453, 1.0], [139.1270751953125, 114.98835754394531, 1.0], [185.5571746826172, 133.1988983154297, 1.0], [108.84077453613281, 161.72743225097656, 1.0], [167.07789611816406, 116.36483001708984, 1.0], [193.4796600341797, 121.96206665039062, 1.0], [191.5469207763672, 150.35438537597656, 1.0], [128.6154327392578, 203.10614013671875, 1.0], [200.37745666503906, 152.23431396484375, 1.0], [220.78781127929688, 151.9051513671875, 1.0], [214.9998016357422, 166.98191833496094, 1.0], [148.1908416748047, 236.28945922851562, 1.0], [222.3887939453125, 201.11825561523438, 1.0], [248.22467041015625, 194.89512634277344, 1.0], [235.4634246826172, 203.28602600097656, 1.0], [164.13214111328125, 271.84100341796875, 1.0], [219.03851318359375, 261.872314453125, 1.0], [237.4677734375, 255.64956665039062, 1.0], [222.88198852539062, 253.0616455078125, 1.0]], "is_left": 0}