{"hand_pts": [[86.0758285522461, 58.89323425292969, 1.0], [150.86569213867188, 68.25391387939453, 1.0], [203.38916015625, 60.38841247558594, 1.0], [234.85215759277344, 76.25755310058594, 1.0], [240.5065460205078, 107.19300842285156, 1.0], [189.66033935546875, 159.0821533203125, 1.0], [231.09803771972656, 206.1549835205078, 1.0], [252.77786254882812, 225.8106231689453, 1.0], [269.60333251953125, 239.8981170654297, 1.0], [152.73329162597656, 174.12832641601562, 1.0], [196.6306915283203, 218.0460662841797, 1.0], [221.6708526611328, 227.30630493164062, 1.0], [243.4515380859375, 230.7099609375, 1.0], [123.05979919433594, 179.20249938964844, 1.0], [151.9654998779297, 228.06832885742188, 1.0], [167.01791381835938, 225.1457061767578, 1.0], [179.95628356933594, 213.97438049316406, 1.0], [92.57833099365234, 175.2061309814453, 1.0], [105.44156646728516, 210.7958526611328, 1.0], [120.13861083984375, 215.12840270996094, 1.0], [137.2223358154297, 202.3084259033203, 1.0]], "is_left": 0}