{"hand_pts": [[333.66070556640625, 150.8947296142578, 1.0], [269.613525390625, 167.4756622314453, 1.0], [247.97434997558594, 215.5094757080078, 1.0], [202.35157775878906, 232.6546173095703, 1.0], [178.44606018066406, 207.7694549560547, 1.0], [223.8706512451172, 237.72410583496094, 1.0], [157.84523010253906, 243.34774780273438, 1.0], [126.16510009765625, 205.66787719726562, 1.0], [140.76792907714844, 167.71145629882812, 1.0], [232.31578063964844, 219.2347869873047, 1.0], [164.5025177001953, 243.86270141601562, 1.0], [122.16231536865234, 208.31361389160156, 1.0], [104.61471557617188, 167.04324340820312, 1.0], [237.14163208007812, 196.112060546875, 1.0], [166.3787078857422, 142.5991973876953, 1.0], [168.19049072265625, 105.89476013183594, 1.0], [190.60862731933594, 88.40397644042969, 1.0], [246.54530334472656, 168.13565063476562, 1.0], [207.8998565673828, 162.19027709960938, 1.0], [171.78012084960938, 142.9073028564453, 1.0], [141.50877380371094, 121.4061050415039, 1.0]], "is_left": 0}