{"hand_pts": [[336.07415771484375, 214.8519287109375, 1.0], [289.5302734375, 171.60873413085938, 1.0], [277.7489929199219, 141.72450256347656, 1.0], [244.93426513671875, 116.2491455078125, 1.0], [202.44789123535156, 98.0597152709961, 1.0], [227.18382263183594, 196.73007202148438, 1.0], [172.9246826171875, 165.25767517089844, 1.0], [147.84512329101562, 138.54550170898438, 1.0], [152.1095428466797, 122.4508285522461, 1.0], [219.87193298339844, 221.22317504882812, 1.0], [169.38905334472656, 218.8651885986328, 1.0], [133.50132751464844, 208.46446228027344, 1.0], [99.66016387939453, 197.93641662597656, 1.0], [213.905517578125, 235.97348022460938, 1.0], [152.1103515625, 197.46121215820312, 1.0], [143.1691436767578, 167.78855895996094, 1.0], [177.53912353515625, 161.6021270751953, 1.0], [214.72537231445312, 247.46266174316406, 1.0], [167.836669921875, 253.51687622070312, 1.0], [154.07460021972656, 227.54476928710938, 1.0], [139.97552490234375, 198.9442138671875, 1.0]], "is_left": 0}