{"hand_pts": [[34.92055130004883, 201.44703674316406, 1.0], [98.73814392089844, 165.8846435546875, 1.0], [131.4896697998047, 124.84008026123047, 1.0], [180.2744903564453, 127.1318359375, 1.0], [182.11917114257812, 164.10284423828125, 1.0], [142.1514892578125, 150.84840393066406, 1.0], [205.7079620361328, 152.1663360595703, 1.0], [205.2139129638672, 163.4336395263672, 1.0], [204.52276611328125, 175.0584259033203, 1.0], [135.29824829101562, 182.9679718017578, 1.0], [213.459228515625, 167.58389282226562, 1.0], [255.90077209472656, 163.40512084960938, 1.0], [262.4031066894531, 167.10504150390625, 1.0], [132.28036499023438, 209.67156982421875, 1.0], [200.88819885253906, 203.91937255859375, 1.0], [233.27398681640625, 204.2318115234375, 1.0], [218.26844787597656, 205.04722595214844, 1.0], [124.91143798828125, 235.3487548828125, 1.0], [174.36376953125, 248.8392333984375, 1.0], [170.0849609375, 242.65042114257812, 1.0], [159.9202423095703, 233.32394409179688, 1.0]], "is_left": 0}