{"hand_pts": [[76.59347534179688, 276.0169982910156, 1.0], [154.2417449951172, 271.1784973144531, 1.0], [215.38528442382812, 292.6875915527344, 1.0], [261.26025390625, 278.0818786621094, 1.0], [255.14598083496094, 240.00408935546875, 1.0], [181.66485595703125, 223.69747924804688, 1.0], [228.61138916015625, 192.87286376953125, 1.0], [246.985595703125, 180.84373474121094, 1.0], [237.98451232910156, 185.6021270751953, 1.0], [147.06396484375, 196.90505981445312, 1.0], [204.27268981933594, 156.3467559814453, 1.0], [219.12713623046875, 165.01873779296875, 1.0], [219.60452270507812, 184.0079345703125, 1.0], [121.6256103515625, 176.587158203125, 1.0], [152.0028839111328, 122.7016830444336, 1.0], [163.8463592529297, 129.15286254882812, 1.0], [161.12635803222656, 161.5055694580078, 1.0], [95.23974609375, 162.5997314453125, 1.0], [107.40179443359375, 121.18225860595703, 1.0], [126.2064437866211, 114.349609375, 1.0], [138.23611450195312, 143.19981384277344, 1.0]], "is_left": 0}