{"hand_pts": [[44.5401496887207, 242.4739532470703, 1.0], [135.87619018554688, 215.09793090820312, 1.0], [199.99183654785156, 205.4991455078125, 1.0], [239.9889373779297, 160.33203125, 1.0], [212.7199249267578, 137.22862243652344, 1.0], [227.141845703125, 254.77163696289062, 1.0], [257.16461181640625, 187.31283569335938, 1.0], [222.30018615722656, 157.41644287109375, 1.0], [177.11099243164062, 164.64170837402344, 1.0], [191.1019287109375, 253.0882568359375, 1.0], [242.2381134033203, 188.06031799316406, 1.0], [213.42469787597656, 155.06527709960938, 1.0], [178.23411560058594, 176.6522216796875, 1.0], [160.41213989257812, 244.08071899414062, 1.0], [191.2504425048828, 178.13818359375, 1.0], [169.1873016357422, 146.69235229492188, 1.0], [142.6763153076172, 154.43521118164062, 1.0], [124.15445709228516, 232.6787872314453, 1.0], [135.40467834472656, 189.54371643066406, 1.0], [127.2357406616211, 160.9796905517578, 1.0], [115.62278747558594, 168.97552490234375, 1.0]], "is_left": 0}