{"hand_pts": [[335.0375671386719, 139.17483520507812, 1.0], [292.2535705566406, 208.13580322265625, 1.0], [276.5692138671875, 263.8090515136719, 1.0], [235.1558074951172, 282.0791015625, 1.0], [198.73045349121094, 260.78045654296875, 1.0], [220.09046936035156, 220.3943328857422, 1.0], [166.58172607421875, 242.17434692382812, 1.0], [154.3913116455078, 245.3422088623047, 1.0], [162.79644775390625, 239.03282165527344, 1.0], [211.92337036132812, 169.43576049804688, 1.0], [145.7340087890625, 184.84939575195312, 1.0], [139.5740203857422, 194.8404541015625, 1.0], [158.56948852539062, 200.48744201660156, 1.0], [206.9254608154297, 129.8926239013672, 1.0], [143.27610778808594, 134.42471313476562, 1.0], [137.52163696289062, 143.34201049804688, 1.0], [157.3095245361328, 152.98951721191406, 1.0], [209.671142578125, 92.65626525878906, 1.0], [169.27386474609375, 86.68798065185547, 1.0], [163.13197326660156, 96.07705688476562, 1.0], [181.62937927246094, 113.13291931152344, 1.0]], "is_left": 0}