{"hand_pts": [[283.16387939453125, 49.71247100830078, 1.0], [242.99752807617188, 68.93482208251953, 1.0], [210.81085205078125, 81.82757568359375, 1.0], [179.81817626953125, 115.04978942871094, 1.0], [157.98866271972656, 159.65769958496094, 1.0], [161.0985565185547, 125.2787094116211, 1.0], [107.92578887939453, 165.16867065429688, 1.0], [96.8294448852539, 199.82733154296875, 1.0], [112.17241668701172, 226.53448486328125, 1.0], [182.59225463867188, 146.27687072753906, 1.0], [133.71250915527344, 205.56886291503906, 1.0], [135.75592041015625, 237.10861206054688, 1.0], [148.84793090820312, 258.8726806640625, 1.0], [205.54258728027344, 161.9918670654297, 1.0], [184.1669158935547, 222.83438110351562, 1.0], [209.8118896484375, 227.4553680419922, 1.0], [240.9369659423828, 213.65170288085938, 1.0], [233.8793487548828, 170.79116821289062, 1.0], [240.3118896484375, 215.6192626953125, 1.0], [256.23687744140625, 234.3755645751953, 1.0], [277.1377868652344, 224.49624633789062, 1.0]], "is_left": 0}