{"hand_pts": [[205.5998992919922, 299.59454345703125, 1.0], [240.9132843017578, 261.5542907714844, 1.0], [290.6147155761719, 230.8220977783203, 1.0], [299.4259033203125, 203.6623077392578, 1.0], [270.6055603027344, 191.47537231445312, 1.0], [219.6968994140625, 169.69581604003906, 1.0], [217.74569702148438, 132.50094604492188, 1.0], [216.90211486816406, 148.87525939941406, 1.0], [215.81607055664062, 184.08425903320312, 1.0], [179.67892456054688, 180.7313690185547, 1.0], [165.06494140625, 133.49171447753906, 1.0], [169.3561248779297, 142.5677490234375, 1.0], [180.09031677246094, 168.6417694091797, 1.0], [149.93978881835938, 195.61976623535156, 1.0], [127.31928253173828, 153.88011169433594, 1.0], [130.5478057861328, 164.01832580566406, 1.0], [147.2041778564453, 194.7146759033203, 1.0], [125.190185546875, 217.8153839111328, 1.0], [99.31484985351562, 201.3137969970703, 1.0], [104.99252319335938, 212.7864532470703, 1.0], [129.4055633544922, 236.00128173828125, 1.0]], "is_left": 0}