{"hand_pts": [[329.12713623046875, 258.163330078125, 1.0], [256.124755859375, 265.3946838378906, 1.0], [200.2408905029297, 286.96929931640625, 1.0], [148.5347900390625, 274.2686767578125, 1.0], [140.83502197265625, 245.11241149902344, 1.0], [216.05899047851562, 200.60150146484375, 1.0], [150.0391082763672, 176.27780151367188, 1.0], [117.6168441772461, 182.31521606445312, 1.0], [114.39974212646484, 202.4266815185547, 1.0], [241.01803588867188, 175.80247497558594, 1.0], [164.79637145996094, 155.32862854003906, 1.0], [138.8642120361328, 179.68905639648438, 1.0], [142.3453369140625, 214.85284423828125, 1.0], [258.6071472167969, 161.15289306640625, 1.0], [194.1443328857422, 124.09220123291016, 1.0], [155.05593872070312, 122.8779525756836, 1.0], [123.35684204101562, 136.7048797607422, 1.0], [278.459716796875, 154.25469970703125, 1.0], [239.52565002441406, 132.072998046875, 1.0], [213.0587615966797, 143.72830200195312, 1.0], [196.68507385253906, 171.52870178222656, 1.0]], "is_left": 0}