{"hand_pts": [[134.63565063476562, 160.7869110107422, 1.0], [171.61251831054688, 210.19068908691406, 1.0], [209.67515563964844, 262.310791015625, 1.0], [210.03250122070312, 284.3211364746094, 1.0], [204.213623046875, 298.6064758300781, 1.0], [224.77459716796875, 176.5177001953125, 1.0], [234.240234375, 204.8486328125, 1.0], [233.50103759765625, 226.22528076171875, 1.0], [216.92214965820312, 252.79173278808594, 1.0], [191.9003448486328, 143.16424560546875, 1.0], [214.5360870361328, 145.8404998779297, 1.0], [209.99851989746094, 171.14137268066406, 1.0], [195.68861389160156, 204.95079040527344, 1.0], [160.35284423828125, 122.2735366821289, 1.0], [156.9344940185547, 149.3955841064453, 1.0], [143.0020751953125, 180.48806762695312, 1.0], [123.07466888427734, 218.00314331054688, 1.0], [126.4093017578125, 106.27401733398438, 1.0], [138.92697143554688, 95.57157135009766, 1.0], [140.3531951904297, 111.78998565673828, 1.0], [135.76260375976562, 146.5824432373047, 1.0]], "is_left": 0}