{"hand_pts": [[107.07120513916016, 196.0484161376953, 1.0], [102.22693634033203, 159.46170043945312, 1.0], [91.26538848876953, 107.67893981933594, 1.0], [97.42053985595703, 120.57610321044922, 1.0], [111.0407943725586, 168.61236572265625, 1.0], [204.7064208984375, 108.38256072998047, 1.0], [198.54165649414062, 135.16429138183594, 1.0], [155.34716796875, 167.35556030273438, 1.0], [126.2673568725586, 181.4447784423828, 1.0], [234.43722534179688, 141.81874084472656, 1.0], [238.58531188964844, 175.58428955078125, 1.0], [182.48304748535156, 204.7972412109375, 1.0], [138.73976135253906, 208.9967498779297, 1.0], [250.01060485839844, 173.66513061523438, 1.0], [269.6647644042969, 210.7426300048828, 1.0], [216.31834411621094, 229.97946166992188, 1.0], [177.62994384765625, 222.8848114013672, 1.0], [254.3362579345703, 207.5323944091797, 1.0], [247.23660278320312, 252.0946807861328, 1.0], [201.91404724121094, 262.9763488769531, 1.0], [187.67881774902344, 234.40248107910156, 1.0]], "is_left": 0}