{"hand_pts": [[247.94589233398438, 56.60368728637695, 1.0], [238.91421508789062, 63.79649353027344, 1.0], [236.17774963378906, 56.5606575012207, 1.0], [210.24661254882812, 76.71182250976562, 1.0], [175.5033416748047, 110.76924896240234, 1.0], [262.2210693359375, 150.73048400878906, 1.0], [245.15692138671875, 187.65383911132812, 1.0], [210.9839630126953, 197.42076110839844, 1.0], [171.80612182617188, 200.268310546875, 1.0], [237.640869140625, 173.9022216796875, 1.0], [210.09103393554688, 224.88021850585938, 1.0], [169.59548950195312, 227.9198455810547, 1.0], [129.4405059814453, 218.60511779785156, 1.0], [211.26119995117188, 186.6265411376953, 1.0], [177.87789916992188, 240.44869995117188, 1.0], [139.4346923828125, 243.0727081298828, 1.0], [102.30919647216797, 233.289794921875, 1.0], [185.22642517089844, 189.86598205566406, 1.0], [145.27822875976562, 222.84030151367188, 1.0], [111.3840560913086, 226.7876739501953, 1.0], [82.61861419677734, 210.51068115234375, 1.0]], "is_left": 0}