{"hand_pts": [[125.34529113769531, 251.35589599609375, 1.0], [192.91299438476562, 237.52748107910156, 1.0], [254.1671600341797, 238.08389282226562, 1.0], [283.2987365722656, 214.43991088867188, 1.0], [268.7953186035156, 182.0963134765625, 1.0], [190.74066162109375, 254.5691375732422, 1.0], [223.86207580566406, 233.69039916992188, 1.0], [245.5355682373047, 193.45713806152344, 1.0], [261.10723876953125, 151.9955596923828, 1.0], [146.90213012695312, 238.84544372558594, 1.0], [177.61338806152344, 186.1432647705078, 1.0], [205.18060302734375, 141.66477966308594, 1.0], [228.0040283203125, 107.52506256103516, 1.0], [115.15576171875, 220.86549377441406, 1.0], [132.71023559570312, 172.69361877441406, 1.0], [156.3718719482422, 132.1809844970703, 1.0], [181.12484741210938, 96.41893005371094, 1.0], [86.14867401123047, 203.14193725585938, 1.0], [89.79878234863281, 172.4877166748047, 1.0], [111.48121643066406, 141.49038696289062, 1.0], [140.03013610839844, 122.38651275634766, 1.0]], "is_left": 0}