{"hand_pts": [[32.71066665649414, 184.43789672851562, 1.0], [78.05179595947266, 151.33480834960938, 1.0], [91.17604064941406, 140.07366943359375, 1.0], [139.05593872070312, 145.23330688476562, 1.0], [150.97946166992188, 156.51747131347656, 1.0], [143.95388793945312, 191.1571502685547, 1.0], [200.23593139648438, 188.88943481445312, 1.0], [227.85818481445312, 167.6771697998047, 1.0], [239.10313415527344, 143.66802978515625, 1.0], [147.16015625, 212.60646057128906, 1.0], [213.022705078125, 189.4207000732422, 1.0], [242.26832580566406, 162.45616149902344, 1.0], [260.07733154296875, 132.4491424560547, 1.0], [148.68692016601562, 223.7683563232422, 1.0], [213.838623046875, 225.46286010742188, 1.0], [249.52297973632812, 214.36387634277344, 1.0], [273.20849609375, 189.67234802246094, 1.0], [143.56710815429688, 230.26400756835938, 1.0], [182.27169799804688, 213.03663635253906, 1.0], [168.1897735595703, 188.9728546142578, 1.0], [136.1494140625, 189.03273010253906, 1.0]], "is_left": 0}