{"hand_pts": [[51.76479721069336, 289.527099609375, 1.0], [68.63138580322266, 219.4724884033203, 1.0], [58.91759490966797, 153.19354248046875, 1.0], [109.15119171142578, 129.55154418945312, 1.0], [155.59352111816406, 156.75686645507812, 1.0], [120.4675521850586, 172.712646484375, 1.0], [176.38619995117188, 131.26751708984375, 1.0], [212.86737060546875, 111.99283599853516, 1.0], [249.4386749267578, 91.75930786132812, 1.0], [143.94369506835938, 209.12417602539062, 1.0], [199.1385040283203, 159.9859161376953, 1.0], [209.89144897460938, 146.5135498046875, 1.0], [199.02801513671875, 149.82896423339844, 1.0], [161.9935760498047, 238.82888793945312, 1.0], [223.6118927001953, 211.4615020751953, 1.0], [245.65174865722656, 201.62765502929688, 1.0], [241.71559143066406, 200.8057861328125, 1.0], [173.11859130859375, 270.4817199707031, 1.0], [225.81871032714844, 263.26080322265625, 1.0], [246.78787231445312, 245.5272674560547, 1.0], [257.5250549316406, 224.60426330566406, 1.0]], "is_left": 0}