{"hand_pts": [[77.03961944580078, 133.01731872558594, 1.0], [100.16813659667969, 185.3234405517578, 1.0], [98.96419525146484, 229.93212890625, 1.0], [104.21003723144531, 266.0510559082031, 1.0], [125.90413665771484, 269.2014465332031, 1.0], [170.04396057128906, 193.21121215820312, 1.0], [201.7796173095703, 226.58863830566406, 1.0], [193.85153198242188, 232.05702209472656, 1.0], [190.34605407714844, 239.78526306152344, 1.0], [181.3013153076172, 159.95828247070312, 1.0], [240.39503479003906, 162.42771911621094, 1.0], [275.45458984375, 167.5242462158203, 1.0], [295.0713806152344, 180.8120880126953, 1.0], [187.05868530273438, 134.91197204589844, 1.0], [209.75762939453125, 160.44993591308594, 1.0], [184.57618713378906, 167.4603271484375, 1.0], [154.4145965576172, 169.4488067626953, 1.0], [185.43194580078125, 111.05715942382812, 1.0], [204.4105682373047, 123.31604766845703, 1.0], [194.724853515625, 135.5421142578125, 1.0], [167.11181640625, 143.14503479003906, 1.0]], "is_left": 0}