{"hand_pts": [[196.31192016601562, 232.6999053955078, 1.0], [150.3924102783203, 224.13848876953125, 1.0], [100.64889526367188, 226.4587860107422, 1.0], [69.45396423339844, 202.3859100341797, 1.0], [93.58753967285156, 163.29901123046875, 1.0], [175.62413024902344, 244.85386657714844, 1.0], [154.10569763183594, 218.27182006835938, 1.0], [138.78489685058594, 194.82586669921875, 1.0], [122.33711242675781, 161.54876708984375, 1.0], [217.3185577392578, 230.477783203125, 1.0], [203.9612579345703, 206.3011474609375, 1.0], [178.36117553710938, 170.8834228515625, 1.0], [162.38803100585938, 154.13357543945312, 1.0], [246.6175994873047, 213.99229431152344, 1.0], [239.8888702392578, 181.59500122070312, 1.0], [222.22457885742188, 150.462158203125, 1.0], [206.30848693847656, 120.1764907836914, 1.0], [270.42694091796875, 197.46726989746094, 1.0], [262.6732177734375, 152.66925048828125, 1.0], [244.06198120117188, 132.2701873779297, 1.0], [221.50845336914062, 116.75473022460938, 1.0]], "is_left": 0}