{"hand_pts": [[74.21573638916016, 162.1886444091797, 1.0], [142.12869262695312, 171.89598083496094, 1.0], [190.85292053222656, 169.65492248535156, 1.0], [229.6251983642578, 182.12010192871094, 1.0], [232.2048797607422, 208.6152801513672, 1.0], [187.662353515625, 144.90383911132812, 1.0], [227.09580993652344, 137.90919494628906, 1.0], [252.3065948486328, 138.56906127929688, 1.0], [275.6356506347656, 143.7115478515625, 1.0], [155.2165985107422, 152.14498901367188, 1.0], [201.100341796875, 176.1392364501953, 1.0], [205.89515686035156, 205.180419921875, 1.0], [214.86605834960938, 232.98318481445312, 1.0], [128.3604278564453, 163.21636962890625, 1.0], [164.4759521484375, 203.06858825683594, 1.0], [162.16522216796875, 223.07302856445312, 1.0], [161.81588745117188, 243.7602996826172, 1.0], [98.8044204711914, 175.91024780273438, 1.0], [121.56488800048828, 185.1910858154297, 1.0], [140.0333251953125, 203.81849670410156, 1.0], [150.7051239013672, 221.16510009765625, 1.0]], "is_left": 0}