{"hand_pts": [[50.238372802734375, 92.67140197753906, 1.0], [87.25652313232422, 164.19522094726562, 1.0], [102.35070037841797, 185.76760864257812, 1.0], [138.747314453125, 214.4385528564453, 1.0], [176.9581298828125, 234.30738830566406, 1.0], [177.66567993164062, 160.60507202148438, 1.0], [194.8977508544922, 223.49542236328125, 1.0], [195.31787109375, 261.59942626953125, 1.0], [171.94302368164062, 278.80572509765625, 1.0], [186.91433715820312, 132.36863708496094, 1.0], [204.8659210205078, 208.25204467773438, 1.0], [166.51820373535156, 220.46359252929688, 1.0], [126.07532501220703, 213.49717712402344, 1.0], [190.22434997558594, 115.43276977539062, 1.0], [244.69369506835938, 164.3998260498047, 1.0], [222.509033203125, 191.86795043945312, 1.0], [185.7845458984375, 179.32066345214844, 1.0], [184.34312438964844, 99.78252410888672, 1.0], [227.4896697998047, 101.41870880126953, 1.0], [244.7196044921875, 132.41348266601562, 1.0], [224.87628173828125, 158.34439086914062, 1.0]], "is_left": 0}