{"hand_pts": [[257.1995849609375, 90.76638793945312, 1.0], [269.3826599121094, 142.4589080810547, 1.0], [296.5989074707031, 174.48622131347656, 1.0], [271.4320983886719, 188.2452850341797, 1.0], [240.44618225097656, 191.91355895996094, 1.0], [219.88682556152344, 191.3373565673828, 1.0], [203.6127471923828, 229.11500549316406, 1.0], [195.54322814941406, 247.3577117919922, 1.0], [186.1988525390625, 265.4803771972656, 1.0], [181.75454711914062, 172.79515075683594, 1.0], [165.54100036621094, 205.5492706298828, 1.0], [185.9691162109375, 195.6912841796875, 1.0], [212.2577667236328, 173.69424438476562, 1.0], [153.5143585205078, 156.7809600830078, 1.0], [127.0982666015625, 194.9397735595703, 1.0], [132.1099090576172, 202.589111328125, 1.0], [156.7138214111328, 189.89971923828125, 1.0], [132.84715270996094, 137.14434814453125, 1.0], [107.40721130371094, 139.08399963378906, 1.0], [114.95176696777344, 133.42019653320312, 1.0], [138.8196258544922, 125.658447265625, 1.0]], "is_left": 0}