{"hand_pts": [[151.78746032714844, 45.710479736328125, 1.0], [200.4946746826172, 65.87078857421875, 1.0], [245.71533203125, 80.933349609375, 1.0], [277.6202697753906, 108.76829528808594, 1.0], [294.03558349609375, 145.50926208496094, 1.0], [180.6365966796875, 136.11691284179688, 1.0], [188.4599151611328, 180.22042846679688, 1.0], [197.69117736816406, 209.7622833251953, 1.0], [204.82017517089844, 238.8380126953125, 1.0], [157.39590454101562, 147.79837036132812, 1.0], [169.251220703125, 205.41481018066406, 1.0], [190.43264770507812, 236.67662048339844, 1.0], [210.0388946533203, 266.1094665527344, 1.0], [144.55941772460938, 153.52261352539062, 1.0], [148.4202117919922, 211.8583221435547, 1.0], [166.22421264648438, 240.67189025878906, 1.0], [185.859130859375, 267.3035888671875, 1.0], [134.66668701171875, 151.9684600830078, 1.0], [133.84205627441406, 193.61956787109375, 1.0], [139.9951629638672, 221.00393676757812, 1.0], [157.24615478515625, 244.8914337158203, 1.0]], "is_left": 0}