{"hand_pts": [[306.1947326660156, 184.4576873779297, 1.0], [261.44970703125, 135.95042419433594, 1.0], [243.8841552734375, 91.71764373779297, 1.0], [212.71847534179688, 74.14351654052734, 1.0], [178.61048889160156, 83.49809265136719, 1.0], [241.40309143066406, 156.1311798095703, 1.0], [193.22183227539062, 141.06582641601562, 1.0], [158.82223510742188, 131.25169372558594, 1.0], [126.54920196533203, 123.27080535888672, 1.0], [239.38259887695312, 199.24606323242188, 1.0], [187.8507843017578, 202.6664581298828, 1.0], [148.71353149414062, 189.62266540527344, 1.0], [127.7793960571289, 173.00100708007812, 1.0], [234.1591033935547, 230.78746032714844, 1.0], [181.69374084472656, 238.12030029296875, 1.0], [144.7774200439453, 231.30845642089844, 1.0], [110.13912963867188, 220.73880004882812, 1.0], [231.6571502685547, 257.8171691894531, 1.0], [189.34947204589844, 271.09124755859375, 1.0], [158.29803466796875, 270.3699645996094, 1.0], [128.95411682128906, 259.83209228515625, 1.0]], "is_left": 0}