{"hand_pts": [[169.05435180664062, 111.64281463623047, 1.0], [172.49156188964844, 100.34717559814453, 1.0], [180.8475799560547, 65.48568725585938, 1.0], [159.4487762451172, 82.16593170166016, 1.0], [132.19688415527344, 129.3223876953125, 1.0], [254.3411865234375, 139.1060791015625, 1.0], [231.3629150390625, 169.29344177246094, 1.0], [183.41934204101562, 176.28305053710938, 1.0], [146.1983642578125, 166.3067169189453, 1.0], [251.34976196289062, 174.66754150390625, 1.0], [213.74501037597656, 214.7740936279297, 1.0], [159.42295837402344, 202.36758422851562, 1.0], [129.9260711669922, 173.83482360839844, 1.0], [240.07794189453125, 201.80731201171875, 1.0], [215.8592071533203, 251.5460968017578, 1.0], [167.6380157470703, 244.255615234375, 1.0], [134.74415588378906, 216.13819885253906, 1.0], [222.12039184570312, 222.7323760986328, 1.0], [192.5274658203125, 260.0017395019531, 1.0], [153.7103271484375, 254.86636352539062, 1.0], [132.53665161132812, 221.70333862304688, 1.0]], "is_left": 0}