{"hand_pts": [[98.1656723022461, 144.79844665527344, 1.0], [172.0582275390625, 129.55865478515625, 1.0], [231.7293701171875, 117.73825073242188, 1.0], [269.00177001953125, 128.75364685058594, 1.0], [278.8260803222656, 153.86947631835938, 1.0], [209.6765594482422, 200.17904663085938, 1.0], [246.3415069580078, 202.71112060546875, 1.0], [240.267333984375, 175.1654510498047, 1.0], [216.36036682128906, 156.21087646484375, 1.0], [166.99029541015625, 221.66815185546875, 1.0], [189.35740661621094, 210.6854705810547, 1.0], [195.67404174804688, 182.6132354736328, 1.0], [189.013916015625, 149.34835815429688, 1.0], [133.8111114501953, 231.7589111328125, 1.0], [157.5019989013672, 226.75376892089844, 1.0], [161.9029083251953, 196.12599182128906, 1.0], [163.60523986816406, 163.942138671875, 1.0], [100.56281280517578, 234.3470001220703, 1.0], [104.63282775878906, 228.7633514404297, 1.0], [109.01927947998047, 200.40687561035156, 1.0], [113.30552673339844, 174.29861450195312, 1.0]], "is_left": 0}