{"hand_pts": [[31.74234390258789, 138.77493286132812, 1.0], [104.75569915771484, 153.2999267578125, 1.0], [138.2348175048828, 188.93634033203125, 1.0], [184.76583862304688, 212.31951904296875, 1.0], [231.7919921875, 222.6783447265625, 1.0], [149.85923767089844, 230.81373596191406, 1.0], [217.86239624023438, 227.46438598632812, 1.0], [238.04673767089844, 189.075439453125, 1.0], [208.273193359375, 163.2429656982422, 1.0], [133.93113708496094, 220.05503845214844, 1.0], [202.44032287597656, 176.13182067871094, 1.0], [228.60821533203125, 133.57931518554688, 1.0], [246.86390686035156, 91.93968200683594, 1.0], [123.66426086425781, 203.8375244140625, 1.0], [181.6914520263672, 231.32496643066406, 1.0], [222.5675811767578, 232.75460815429688, 1.0], [263.78729248046875, 227.6448974609375, 1.0], [109.69266510009766, 181.97601318359375, 1.0], [151.96456909179688, 150.0137939453125, 1.0], [156.81655883789062, 122.0838394165039, 1.0], [159.85398864746094, 94.3565673828125, 1.0]], "is_left": 0}