{"hand_pts": [[256.3910827636719, 318.6248474121094, 1.0], [267.0736999511719, 270.07666015625, 1.0], [287.9737548828125, 247.06021118164062, 1.0], [276.0301208496094, 198.3933868408203, 1.0], [248.15518188476562, 155.24618530273438, 1.0], [198.26580810546875, 257.337158203125, 1.0], [184.5818634033203, 202.01780700683594, 1.0], [193.79884338378906, 158.45889282226562, 1.0], [209.6549072265625, 121.48336029052734, 1.0], [171.3074188232422, 252.85684204101562, 1.0], [147.7303924560547, 184.07069396972656, 1.0], [165.873779296875, 137.3120574951172, 1.0], [195.53688049316406, 106.41641998291016, 1.0], [154.80238342285156, 244.45050048828125, 1.0], [123.81038665771484, 177.388671875, 1.0], [140.75949096679688, 135.03236389160156, 1.0], [171.21910095214844, 109.17543029785156, 1.0], [145.62046813964844, 238.14462280273438, 1.0], [124.86589813232422, 185.61721801757812, 1.0], [137.4215087890625, 148.38966369628906, 1.0], [167.51211547851562, 125.88145446777344, 1.0]], "is_left": 0}