{"hand_pts": [[264.7236022949219, 312.05731201171875, 1.0], [267.82916259765625, 287.2503967285156, 1.0], [293.7997131347656, 278.6410827636719, 1.0], [289.2544860839844, 273.8660583496094, 1.0], [254.7165069580078, 274.60577392578125, 1.0], [234.99652099609375, 192.75030517578125, 1.0], [217.27069091796875, 139.6397705078125, 1.0], [194.4297637939453, 130.27008056640625, 1.0], [170.95672607421875, 129.0810546875, 1.0], [203.18829345703125, 192.06512451171875, 1.0], [181.07762145996094, 124.0908432006836, 1.0], [161.25999450683594, 110.25531768798828, 1.0], [145.1090545654297, 113.85771179199219, 1.0], [177.9571990966797, 198.38706970214844, 1.0], [142.5895538330078, 139.6534423828125, 1.0], [121.39279174804688, 122.51717376708984, 1.0], [99.78111267089844, 101.7286605834961, 1.0], [158.4972686767578, 213.22169494628906, 1.0], [115.52194213867188, 209.3318328857422, 1.0], [109.03872680664062, 230.69369506835938, 1.0], [136.72483825683594, 256.0189514160156, 1.0]], "is_left": 0}