{"hand_pts": [[97.9681396484375, 46.580135345458984, 1.0], [152.01560974121094, 90.6673355102539, 1.0], [185.00204467773438, 109.67359161376953, 1.0], [236.7813262939453, 137.008056640625, 1.0], [250.6249542236328, 143.66786193847656, 1.0], [135.3718719482422, 209.5749969482422, 1.0], [201.32142639160156, 237.60873413085938, 1.0], [228.94717407226562, 199.2072296142578, 1.0], [218.0035400390625, 151.4492645263672, 1.0], [120.19912719726562, 215.37646484375, 1.0], [191.61416625976562, 258.1234436035156, 1.0], [219.53717041015625, 207.20094299316406, 1.0], [200.25184631347656, 158.39170837402344, 1.0], [114.85383605957031, 213.5716094970703, 1.0], [183.0802764892578, 242.6126708984375, 1.0], [206.04966735839844, 196.288818359375, 1.0], [191.62342834472656, 151.82553100585938, 1.0], [111.20732879638672, 200.56149291992188, 1.0], [151.2127685546875, 217.0606231689453, 1.0], [175.702392578125, 183.48219299316406, 1.0], [162.79116821289062, 152.5433349609375, 1.0]], "is_left": 0}