{"hand_pts": [[173.56031799316406, 354.9073486328125, 1.0], [227.10263061523438, 292.01129150390625, 1.0], [274.4510498046875, 252.42233276367188, 1.0], [290.8174743652344, 207.0634765625, 1.0], [277.1573791503906, 175.36697387695312, 1.0], [192.41827392578125, 198.40086364746094, 1.0], [206.78538513183594, 137.1009979248047, 1.0], [226.55714416503906, 120.03868103027344, 1.0], [246.36631774902344, 117.3766098022461, 1.0], [150.7561798095703, 213.30210876464844, 1.0], [161.68258666992188, 144.11126708984375, 1.0], [191.23660278320312, 133.16238403320312, 1.0], [222.9435272216797, 140.33331298828125, 1.0], [122.82429504394531, 229.1707000732422, 1.0], [119.74952697753906, 164.9260711669922, 1.0], [143.48336791992188, 153.32611083984375, 1.0], [174.23545837402344, 160.3898468017578, 1.0], [100.50221252441406, 252.89649963378906, 1.0], [96.01652526855469, 218.6407012939453, 1.0], [114.29985046386719, 208.3616485595703, 1.0], [146.2711944580078, 214.95106506347656, 1.0]], "is_left": 0}