{"hand_pts": [[160.1474151611328, 293.3998107910156, 1.0], [217.47010803222656, 272.5755310058594, 1.0], [262.48809814453125, 255.8553009033203, 1.0], [289.7783508300781, 236.95216369628906, 1.0], [307.2806396484375, 217.66586303710938, 1.0], [204.58364868164062, 197.1294708251953, 1.0], [222.9723663330078, 148.62388610839844, 1.0], [236.39976501464844, 123.18948364257812, 1.0], [246.0510711669922, 93.12908935546875, 1.0], [163.81494140625, 210.57659912109375, 1.0], [174.3673553466797, 153.1708526611328, 1.0], [187.7323455810547, 125.15742492675781, 1.0], [197.32882690429688, 94.610595703125, 1.0], [135.15965270996094, 228.32669067382812, 1.0], [135.8352813720703, 179.0913848876953, 1.0], [143.33164978027344, 158.6607208251953, 1.0], [149.56619262695312, 137.31842041015625, 1.0], [110.33120727539062, 251.5421600341797, 1.0], [103.9616928100586, 226.05938720703125, 1.0], [104.49568939208984, 212.11758422851562, 1.0], [107.32076263427734, 196.7509765625, 1.0]], "is_left": 0}