{"hand_pts": [[91.2803726196289, 51.225189208984375, 1.0], [96.68702697753906, 107.24356079101562, 1.0], [97.58712768554688, 125.3485107421875, 1.0], [108.40084075927734, 166.6478729248047, 1.0], [123.47313690185547, 210.20388793945312, 1.0], [183.7967987060547, 141.14822387695312, 1.0], [192.96499633789062, 202.4884033203125, 1.0], [197.00953674316406, 241.37916564941406, 1.0], [194.38743591308594, 277.0439147949219, 1.0], [202.86117553710938, 138.1276092529297, 1.0], [209.78878784179688, 211.30084228515625, 1.0], [167.271484375, 205.12652587890625, 1.0], [134.79800415039062, 173.6172637939453, 1.0], [211.70042419433594, 138.54676818847656, 1.0], [216.65542602539062, 205.51455688476562, 1.0], [178.47430419921875, 202.69703674316406, 1.0], [145.0022735595703, 177.3801727294922, 1.0], [211.42665100097656, 135.25669860839844, 1.0], [248.69212341308594, 170.82827758789062, 1.0], [267.82916259765625, 200.4215850830078, 1.0], [277.25921630859375, 234.48924255371094, 1.0]], "is_left": 0}