{"hand_pts": [[104.43672943115234, 312.4640808105469, 1.0], [174.4640350341797, 255.7588348388672, 1.0], [220.93560791015625, 219.6142578125, 1.0], [268.228759765625, 200.1585235595703, 1.0], [266.26947021484375, 214.6708984375, 1.0], [157.64710998535156, 137.46237182617188, 1.0], [215.73809814453125, 112.76924896240234, 1.0], [242.4743194580078, 149.6228485107422, 1.0], [240.43923950195312, 197.5377655029297, 1.0], [125.27831268310547, 146.44113159179688, 1.0], [187.09547424316406, 113.83812713623047, 1.0], [214.1182861328125, 162.88760375976562, 1.0], [205.56558227539062, 207.45458984375, 1.0], [105.99887084960938, 160.48680114746094, 1.0], [162.26663208007812, 148.48524475097656, 1.0], [183.4188995361328, 193.48011779785156, 1.0], [169.85369873046875, 222.79443359375, 1.0], [89.6129379272461, 184.98892211914062, 1.0], [116.87017822265625, 186.70660400390625, 1.0], [140.9866943359375, 218.9631805419922, 1.0], [140.95721435546875, 238.91043090820312, 1.0]], "is_left": 0}