{"hand_pts": [[154.4315185546875, 104.8097915649414, 1.0], [216.63336181640625, 122.32177734375, 1.0], [270.2176208496094, 133.1398162841797, 1.0], [270.35260009765625, 131.18487548828125, 1.0], [235.25343322753906, 122.62696838378906, 1.0], [235.42042541503906, 207.57925415039062, 1.0], [254.70440673828125, 231.66607666015625, 1.0], [247.5019073486328, 207.16310119628906, 1.0], [231.5357666015625, 174.69203186035156, 1.0], [187.73388671875, 209.5503692626953, 1.0], [182.05650329589844, 209.11016845703125, 1.0], [178.33413696289062, 187.3782501220703, 1.0], [177.3974609375, 150.66848754882812, 1.0], [148.18690490722656, 203.93829345703125, 1.0], [157.67544555664062, 237.92910766601562, 1.0], [163.3341064453125, 247.67584228515625, 1.0], [170.05740356445312, 235.2222442626953, 1.0], [109.15774536132812, 190.52032470703125, 1.0], [86.56779479980469, 177.6297607421875, 1.0], [75.93783569335938, 157.21673583984375, 1.0], [81.00660705566406, 126.97947692871094, 1.0]], "is_left": 0}