{"hand_pts": [[129.30580139160156, 290.3835754394531, 1.0], [110.10417938232422, 233.90478515625, 1.0], [72.0696792602539, 191.22027587890625, 1.0], [92.25171661376953, 164.8624725341797, 1.0], [135.5848388671875, 179.37083435058594, 1.0], [148.2914276123047, 157.25559997558594, 1.0], [167.3706817626953, 122.31959533691406, 1.0], [162.13925170898438, 148.79037475585938, 1.0], [149.34735107421875, 186.62353515625, 1.0], [186.26756286621094, 172.36123657226562, 1.0], [217.72454833984375, 139.5222625732422, 1.0], [196.2561492919922, 171.50282287597656, 1.0], [166.9469757080078, 204.18411254882812, 1.0], [214.65252685546875, 187.64501953125, 1.0], [254.204833984375, 163.93496704101562, 1.0], [230.8105926513672, 192.5487518310547, 1.0], [198.1950225830078, 216.23960876464844, 1.0], [236.63958740234375, 209.2542724609375, 1.0], [269.2434997558594, 201.84231567382812, 1.0], [250.9119110107422, 217.64797973632812, 1.0], [215.50958251953125, 231.42205810546875, 1.0]], "is_left": 0}