{"hand_pts": [[221.5174102783203, 322.9416809082031, 1.0], [171.03851318359375, 284.8381652832031, 1.0], [148.70712280273438, 280.55810546875, 1.0], [145.58966064453125, 258.59979248046875, 1.0], [163.02609252929688, 228.44857788085938, 1.0], [141.43943786621094, 216.38751220703125, 1.0], [119.77471160888672, 172.093505859375, 1.0], [110.2224349975586, 145.55291748046875, 1.0], [98.64116668701172, 118.16743469238281, 1.0], [180.29425048828125, 209.08224487304688, 1.0], [170.76358032226562, 164.77735900878906, 1.0], [172.2407684326172, 161.4933624267578, 1.0], [179.74192810058594, 186.7545623779297, 1.0], [213.37461853027344, 205.1898651123047, 1.0], [204.6136016845703, 149.34197998046875, 1.0], [199.59722900390625, 115.51971435546875, 1.0], [194.8020477294922, 92.05474853515625, 1.0], [246.6414337158203, 208.62326049804688, 1.0], [265.0950622558594, 179.5393524169922, 1.0], [276.1225891113281, 166.6909637451172, 1.0], [282.0211486816406, 163.52069091796875, 1.0]], "is_left": 0}