{"hand_pts": [[33.02294921875, 136.58441162109375, 1.0], [93.52681732177734, 110.82805633544922, 1.0], [135.67335510253906, 85.3776626586914, 1.0], [180.03842163085938, 86.3578109741211, 1.0], [217.93145751953125, 99.75994110107422, 1.0], [141.16842651367188, 166.28121948242188, 1.0], [194.82223510742188, 172.2045135498047, 1.0], [230.56333923339844, 163.88766479492188, 1.0], [263.9565124511719, 155.2542266845703, 1.0], [129.41726684570312, 193.9034423828125, 1.0], [188.06849670410156, 213.45941162109375, 1.0], [229.72064208984375, 206.31436157226562, 1.0], [267.9605712890625, 195.49172973632812, 1.0], [121.31216430664062, 209.87600708007812, 1.0], [174.1876678466797, 236.24151611328125, 1.0], [210.26417541503906, 232.26097106933594, 1.0], [243.18287658691406, 219.28207397460938, 1.0], [109.18741607666016, 219.062255859375, 1.0], [147.41647338867188, 232.18028259277344, 1.0], [176.14866638183594, 231.85910034179688, 1.0], [205.2693634033203, 219.248291015625, 1.0]], "is_left": 0}