{"hand_pts": [[378.21099853515625, 138.62396240234375, 1.0], [313.2635803222656, 153.2762451171875, 1.0], [266.04547119140625, 154.34422302246094, 1.0], [200.68446350097656, 169.93032836914062, 1.0], [154.91583251953125, 187.22923278808594, 1.0], [209.15850830078125, 117.82300567626953, 1.0], [135.90203857421875, 148.2322998046875, 1.0], [152.9217071533203, 188.66775512695312, 1.0], [165.732666015625, 228.56251525878906, 1.0], [216.94955444335938, 125.8294906616211, 1.0], [163.69105529785156, 195.0885467529297, 1.0], [148.82308959960938, 243.21853637695312, 1.0], [147.2873077392578, 288.6148681640625, 1.0], [226.55010986328125, 138.5797119140625, 1.0], [148.8181610107422, 181.82398986816406, 1.0], [153.349365234375, 220.80169677734375, 1.0], [155.41700744628906, 259.49774169921875, 1.0], [245.18460083007812, 152.9936981201172, 1.0], [197.5806427001953, 164.17333984375, 1.0], [162.32638549804688, 183.0111083984375, 1.0], [162.1507110595703, 204.05467224121094, 1.0]], "is_left": 0}