{"hand_pts": [[290.7016906738281, 115.77066040039062, 1.0], [216.6063690185547, 118.97537231445312, 1.0], [145.42234802246094, 96.26190185546875, 1.0], [101.49266052246094, 125.15216827392578, 1.0], [116.9207534790039, 173.67347717285156, 1.0], [182.0875701904297, 122.1823501586914, 1.0], [133.04635620117188, 159.95616149902344, 1.0], [122.32539367675781, 188.16867065429688, 1.0], [136.9420928955078, 200.52638244628906, 1.0], [216.8634796142578, 143.90267944335938, 1.0], [169.46104431152344, 194.42359924316406, 1.0], [154.3135986328125, 217.1150360107422, 1.0], [155.4639892578125, 219.70748901367188, 1.0], [243.01937866210938, 163.70945739746094, 1.0], [206.67181396484375, 220.25253295898438, 1.0], [198.10281372070312, 235.3466339111328, 1.0], [202.55201721191406, 224.87307739257812, 1.0], [270.1795349121094, 181.134765625, 1.0], [256.7524108886719, 224.51219177246094, 1.0], [242.47474670410156, 239.8031005859375, 1.0], [233.86500549316406, 226.73045349121094, 1.0]], "is_left": 0}