{"hand_pts": [[229.43434143066406, 62.62283706665039, 1.0], [193.327392578125, 150.70375061035156, 1.0], [172.41563415527344, 212.81520080566406, 1.0], [185.32521057128906, 255.59829711914062, 1.0], [217.1745147705078, 245.93614196777344, 1.0], [114.44480895996094, 186.8844451904297, 1.0], [111.98382568359375, 240.89649963378906, 1.0], [145.18411254882812, 256.92376708984375, 1.0], [181.32972717285156, 241.99794006347656, 1.0], [138.8655242919922, 150.59547424316406, 1.0], [154.1433563232422, 198.13491821289062, 1.0], [191.51675415039062, 204.89950561523438, 1.0], [201.61029052734375, 186.9606170654297, 1.0], [165.46707153320312, 123.81551361083984, 1.0], [168.4619903564453, 166.57286071777344, 1.0], [198.86666870117188, 183.16928100585938, 1.0], [208.75018310546875, 170.88555908203125, 1.0], [197.2409210205078, 95.38360595703125, 1.0], [221.1044921875, 113.3270492553711, 1.0], [243.09762573242188, 127.13489532470703, 1.0], [236.9487762451172, 123.24445343017578, 1.0]], "is_left": 0}