{"hand_pts": [[164.2119140625, 193.58407592773438, 1.0], [168.0295867919922, 144.1444854736328, 1.0], [171.68609619140625, 89.95757293701172, 1.0], [153.5957489013672, 63.65996170043945, 1.0], [126.62320709228516, 88.03636169433594, 1.0], [242.23165893554688, 163.2362518310547, 1.0], [254.9647979736328, 169.32376098632812, 1.0], [215.3538055419922, 164.2430877685547, 1.0], [177.74151611328125, 158.05218505859375, 1.0], [240.0626220703125, 205.80332946777344, 1.0], [217.29849243164062, 213.48692321777344, 1.0], [173.37277221679688, 202.5645751953125, 1.0], [135.9348602294922, 182.64529418945312, 1.0], [230.6307830810547, 236.73484802246094, 1.0], [183.17779541015625, 218.07373046875, 1.0], [140.22174072265625, 198.92276000976562, 1.0], [98.30825805664062, 180.1564483642578, 1.0], [215.20834350585938, 263.2344665527344, 1.0], [196.31707763671875, 259.47576904296875, 1.0], [172.28416442871094, 248.9497833251953, 1.0], [138.21835327148438, 226.3413848876953, 1.0]], "is_left": 0}