{"hand_pts": [[198.98753356933594, 245.24847412109375, 1.0], [153.71810913085938, 234.8808135986328, 1.0], [101.90860748291016, 225.7117919921875, 1.0], [65.9721908569336, 208.46971130371094, 1.0], [36.4700927734375, 190.0724334716797, 1.0], [188.32449340820312, 224.3307342529297, 1.0], [176.47067260742188, 209.33670043945312, 1.0], [157.88612365722656, 190.85565185546875, 1.0], [146.12350463867188, 175.88064575195312, 1.0], [214.34429931640625, 209.08497619628906, 1.0], [226.94921875, 199.4674835205078, 1.0], [206.95254516601562, 179.97418212890625, 1.0], [189.857421875, 162.29061889648438, 1.0], [228.58473205566406, 194.9388885498047, 1.0], [235.29747009277344, 171.70619201660156, 1.0], [214.89157104492188, 150.2667236328125, 1.0], [188.32130432128906, 128.83544921875, 1.0], [238.2784881591797, 183.432861328125, 1.0], [236.8302459716797, 154.5801239013672, 1.0], [223.04660034179688, 133.06826782226562, 1.0], [196.43017578125, 112.83513641357422, 1.0]], "is_left": 0}