{"hand_pts": [[162.34312438964844, 257.7447204589844, 1.0], [218.03115844726562, 251.75047302246094, 1.0], [274.8284606933594, 263.8244934082031, 1.0], [279.46197509765625, 244.5303497314453, 1.0], [247.26026916503906, 213.9340057373047, 1.0], [237.88002014160156, 158.5630340576172, 1.0], [258.7015380859375, 137.88255310058594, 1.0], [258.9870300292969, 149.96163940429688, 1.0], [240.77064514160156, 187.58843994140625, 1.0], [190.8372039794922, 140.47463989257812, 1.0], [181.4575653076172, 152.2489776611328, 1.0], [176.87826538085938, 205.35092163085938, 1.0], [177.24636840820312, 248.1053466796875, 1.0], [152.28341674804688, 133.086181640625, 1.0], [131.74168395996094, 145.35206604003906, 1.0], [126.3431625366211, 190.20196533203125, 1.0], [133.20069885253906, 231.6436767578125, 1.0], [115.12801361083984, 135.41871643066406, 1.0], [85.63811492919922, 136.21810913085938, 1.0], [80.9277572631836, 168.74461364746094, 1.0], [105.28841400146484, 197.11793518066406, 1.0]], "is_left": 0}