{"hand_pts": [[36.62163543701172, 194.587158203125, 1.0], [68.374755859375, 161.6404266357422, 1.0], [79.92349243164062, 140.4263153076172, 1.0], [126.25516510009766, 130.89724731445312, 1.0], [163.93533325195312, 134.0412139892578, 1.0], [153.08485412597656, 192.0530242919922, 1.0], [177.91485595703125, 156.83187866210938, 1.0], [168.9262237548828, 131.10244750976562, 1.0], [137.4596710205078, 118.66698455810547, 1.0], [164.40414428710938, 213.5665740966797, 1.0], [235.00682067871094, 217.46620178222656, 1.0], [250.5268096923828, 192.98329162597656, 1.0], [248.8687744140625, 166.33741760253906, 1.0], [169.68934631347656, 225.7654571533203, 1.0], [227.13330078125, 211.9142303466797, 1.0], [221.44102478027344, 186.51568603515625, 1.0], [202.19581604003906, 161.29052734375, 1.0], [166.6271209716797, 234.095947265625, 1.0], [211.97413635253906, 240.84786987304688, 1.0], [232.17092895507812, 230.16702270507812, 1.0], [244.59707641601562, 212.29544067382812, 1.0]], "is_left": 0}