{"hand_pts": [[87.7040023803711, 40.37282943725586, 1.0], [159.61561584472656, 91.7276611328125, 1.0], [223.3860626220703, 102.85478210449219, 1.0], [246.20114135742188, 154.40701293945312, 1.0], [216.8907928466797, 194.193115234375, 1.0], [249.07518005371094, 142.51182556152344, 1.0], [264.33251953125, 199.68356323242188, 1.0], [232.46022033691406, 203.90760803222656, 1.0], [192.37440490722656, 187.201171875, 1.0], [214.7898406982422, 150.7666778564453, 1.0], [203.73695373535156, 222.480712890625, 1.0], [170.63783264160156, 222.69322204589844, 1.0], [153.61187744140625, 177.2574920654297, 1.0], [182.26519775390625, 159.2661590576172, 1.0], [167.66763305664062, 227.66709899902344, 1.0], [139.1079864501953, 225.32212829589844, 1.0], [119.12915802001953, 191.17819213867188, 1.0], [143.70982360839844, 161.6917724609375, 1.0], [142.62847900390625, 215.4768524169922, 1.0], [132.3777313232422, 215.5116424560547, 1.0], [126.6324462890625, 186.8575897216797, 1.0]], "is_left": 0}