{"hand_pts": [[225.5339813232422, 337.460205078125, 1.0], [183.4610137939453, 286.4476013183594, 1.0], [157.24595642089844, 263.6155700683594, 1.0], [131.45762634277344, 209.89779663085938, 1.0], [125.68680572509766, 171.9124298095703, 1.0], [237.4428253173828, 188.91244506835938, 1.0], [178.5328826904297, 143.59637451171875, 1.0], [139.27386474609375, 166.67938232421875, 1.0], [138.68968200683594, 210.81402587890625, 1.0], [257.0140380859375, 183.6258087158203, 1.0], [188.6050262451172, 128.2568817138672, 1.0], [139.43585205078125, 155.3434600830078, 1.0], [115.40823364257812, 202.04872131347656, 1.0], [263.7457580566406, 182.8112335205078, 1.0], [224.59133911132812, 113.16516876220703, 1.0], [179.0283660888672, 132.9925994873047, 1.0], [164.49856567382812, 178.26165771484375, 1.0], [264.9628601074219, 191.6822509765625, 1.0], [225.65467834472656, 167.06765747070312, 1.0], [198.31985473632812, 198.08718872070312, 1.0], [196.39837646484375, 234.63992309570312, 1.0]], "is_left": 0}