{"hand_pts": [[72.21662139892578, 184.19146728515625, 1.0], [81.1668472290039, 206.61158752441406, 1.0], [79.44568634033203, 242.04251098632812, 1.0], [114.19833374023438, 221.83888244628906, 1.0], [140.114013671875, 183.3553466796875, 1.0], [156.2710418701172, 237.1416778564453, 1.0], [172.38589477539062, 236.38926696777344, 1.0], [181.58815002441406, 233.08590698242188, 1.0], [186.26431274414062, 224.15731811523438, 1.0], [175.47116088867188, 207.5410919189453, 1.0], [208.9395294189453, 190.0183868408203, 1.0], [216.68161010742188, 173.21466064453125, 1.0], [184.19271850585938, 153.86630249023438, 1.0], [186.19534301757812, 179.9748992919922, 1.0], [252.55819702148438, 168.76055908203125, 1.0], [273.9087829589844, 150.14845275878906, 1.0], [246.53988647460938, 139.93751525878906, 1.0], [188.63681030273438, 152.19363403320312, 1.0], [222.95477294921875, 127.24856567382812, 1.0], [205.91078186035156, 114.8514175415039, 1.0], [172.3578338623047, 124.2958984375, 1.0]], "is_left": 0}