{"hand_pts": [[146.38983154296875, 159.7461395263672, 1.0], [183.4778594970703, 122.91642761230469, 1.0], [217.7358856201172, 83.94276428222656, 1.0], [250.85980224609375, 92.03900909423828, 1.0], [274.3066101074219, 118.28360748291016, 1.0], [146.2824249267578, 137.3782958984375, 1.0], [155.52149963378906, 144.90318298339844, 1.0], [172.35545349121094, 152.4513702392578, 1.0], [183.73330688476562, 160.6428680419922, 1.0], [139.2813720703125, 180.72792053222656, 1.0], [134.0337677001953, 184.6270751953125, 1.0], [173.8400115966797, 183.6028594970703, 1.0], [221.9912109375, 180.09457397460938, 1.0], [141.77239990234375, 213.87376403808594, 1.0], [148.0728759765625, 224.78213500976562, 1.0], [185.48231506347656, 224.03176879882812, 1.0], [226.29286193847656, 221.2598876953125, 1.0], [147.29698181152344, 242.05003356933594, 1.0], [167.68377685546875, 266.5522155761719, 1.0], [193.68695068359375, 277.7578430175781, 1.0], [231.18426513671875, 266.45184326171875, 1.0]], "is_left": 0}