{"hand_pts": [[190.25006103515625, 338.7698669433594, 1.0], [199.1678009033203, 255.53550720214844, 1.0], [187.3185577392578, 199.16232299804688, 1.0], [191.61737060546875, 140.37481689453125, 1.0], [208.8202362060547, 134.15097045898438, 1.0], [125.4996337890625, 188.15216064453125, 1.0], [157.4579620361328, 128.47471618652344, 1.0], [202.67181396484375, 132.57322692871094, 1.0], [227.93630981445312, 167.96263122558594, 1.0], [122.13446807861328, 214.47450256347656, 1.0], [151.43453979492188, 142.7489776611328, 1.0], [197.31065368652344, 117.34912872314453, 1.0], [233.3856964111328, 140.31167602539062, 1.0], [128.1859588623047, 235.62184143066406, 1.0], [143.3653106689453, 172.8976287841797, 1.0], [188.3568115234375, 170.98800659179688, 1.0], [217.1410675048828, 190.2349090576172, 1.0], [140.67396545410156, 261.885986328125, 1.0], [183.88693237304688, 242.31373596191406, 1.0], [221.94297790527344, 239.0623321533203, 1.0], [246.392333984375, 252.72454833984375, 1.0]], "is_left": 0}