{"hand_pts": [[228.8605499267578, 208.86199951171875, 1.0], [255.84884643554688, 213.22084045410156, 1.0], [295.2410583496094, 217.00311279296875, 1.0], [290.41571044921875, 221.56968688964844, 1.0], [254.4684600830078, 224.4031524658203, 1.0], [233.6702117919922, 148.91766357421875, 1.0], [225.08187866210938, 146.33236694335938, 1.0], [215.93348693847656, 170.9551544189453, 1.0], [206.49386596679688, 203.44363403320312, 1.0], [193.01715087890625, 147.75775146484375, 1.0], [170.37205505371094, 146.1540069580078, 1.0], [166.1251983642578, 177.43275451660156, 1.0], [169.377197265625, 214.8250732421875, 1.0], [161.96322631835938, 154.00062561035156, 1.0], [129.70367431640625, 154.91192626953125, 1.0], [125.19037628173828, 184.334716796875, 1.0], [132.77658081054688, 218.6903839111328, 1.0], [136.3828125, 165.51039123535156, 1.0], [106.45745849609375, 172.78575134277344, 1.0], [101.44230651855469, 195.37255859375, 1.0], [115.11250305175781, 223.455810546875, 1.0]], "is_left": 0}