{"hand_pts": [[207.93226623535156, 51.66647720336914, 1.0], [213.85081481933594, 123.76029205322266, 1.0], [203.51429748535156, 173.342041015625, 1.0], [214.83740234375, 227.03872680664062, 1.0], [231.7388458251953, 269.18048095703125, 1.0], [153.865966796875, 156.153564453125, 1.0], [129.30897521972656, 203.53472900390625, 1.0], [139.89991760253906, 241.29901123046875, 1.0], [149.84059143066406, 275.6509704589844, 1.0], [153.78688049316406, 134.1521759033203, 1.0], [195.92254638671875, 192.48504638671875, 1.0], [239.07102966308594, 209.677734375, 1.0], [278.283203125, 226.8075408935547, 1.0], [160.86769104003906, 119.3499755859375, 1.0], [122.85395812988281, 157.46192932128906, 1.0], [110.4021987915039, 186.52085876464844, 1.0], [132.0715789794922, 224.87258911132812, 1.0], [172.65821838378906, 102.58788299560547, 1.0], [210.51727294921875, 139.23109436035156, 1.0], [240.69293212890625, 159.6656494140625, 1.0], [272.0213317871094, 174.48838806152344, 1.0]], "is_left": 0}