{"hand_pts": [[310.4886779785156, 151.84335327148438, 1.0], [256.0153503417969, 193.30398559570312, 1.0], [228.22341918945312, 235.23855590820312, 1.0], [180.5295867919922, 244.0264434814453, 1.0], [148.515380859375, 222.4415283203125, 1.0], [252.38711547851562, 209.9150390625, 1.0], [196.06134033203125, 224.85231018066406, 1.0], [153.64002990722656, 222.63319396972656, 1.0], [128.5052947998047, 213.2233123779297, 1.0], [256.1986389160156, 179.1951904296875, 1.0], [189.45130920410156, 191.6807861328125, 1.0], [141.69696044921875, 196.1085968017578, 1.0], [115.78994750976562, 196.83607482910156, 1.0], [253.19581604003906, 154.3848114013672, 1.0], [183.8561553955078, 153.35372924804688, 1.0], [143.8753662109375, 154.7972869873047, 1.0], [128.5172576904297, 158.55795288085938, 1.0], [251.27940368652344, 130.26260375976562, 1.0], [203.97019958496094, 123.34008026123047, 1.0], [168.75442504882812, 126.21881866455078, 1.0], [155.07920837402344, 136.5474853515625, 1.0]], "is_left": 0}