{"hand_pts": [[54.91267395019531, 174.71304321289062, 1.0], [88.76214599609375, 225.55726623535156, 1.0], [104.3699951171875, 271.8099365234375, 1.0], [135.03221130371094, 297.8191833496094, 1.0], [171.66146850585938, 307.7713623046875, 1.0], [128.56536865234375, 193.7395782470703, 1.0], [168.4499053955078, 213.93858337402344, 1.0], [198.87107849121094, 232.7371063232422, 1.0], [228.5324249267578, 249.4951934814453, 1.0], [139.9383544921875, 156.1499481201172, 1.0], [189.99595642089844, 158.19149780273438, 1.0], [226.023681640625, 179.38198852539062, 1.0], [259.7593994140625, 198.4748077392578, 1.0], [150.38226318359375, 131.06333923339844, 1.0], [192.45767211914062, 123.6064224243164, 1.0], [224.15541076660156, 135.17247009277344, 1.0], [254.26119995117188, 155.36212158203125, 1.0], [155.83999633789062, 110.84857940673828, 1.0], [195.86756896972656, 106.7945556640625, 1.0], [224.5809326171875, 117.09815979003906, 1.0], [252.63853454589844, 134.6839599609375, 1.0]], "is_left": 0}