{"hand_pts": [[56.373497009277344, 97.51612091064453, 1.0], [114.76557159423828, 156.70028686523438, 1.0], [159.07225036621094, 202.3425750732422, 1.0], [218.65147399902344, 207.3197784423828, 1.0], [246.51466369628906, 183.75784301757812, 1.0], [123.55390167236328, 208.94937133789062, 1.0], [189.52389526367188, 235.06658935546875, 1.0], [231.15936279296875, 248.8977813720703, 1.0], [271.1001281738281, 240.0995330810547, 1.0], [117.6031494140625, 177.97467041015625, 1.0], [197.4892578125, 194.03799438476562, 1.0], [225.1359100341797, 178.74520874023438, 1.0], [208.3374481201172, 163.10621643066406, 1.0], [118.0905532836914, 151.1847686767578, 1.0], [162.3236541748047, 178.79466247558594, 1.0], [207.02244567871094, 181.55447387695312, 1.0], [232.14244079589844, 176.05999755859375, 1.0], [117.28784942626953, 121.80768585205078, 1.0], [148.91163635253906, 141.16110229492188, 1.0], [178.32144165039062, 154.67825317382812, 1.0], [217.09634399414062, 167.79891967773438, 1.0]], "is_left": 0}