{"hand_pts": [[270.9419860839844, 135.98509216308594, 1.0], [230.5428009033203, 109.68302154541016, 1.0], [227.4258575439453, 80.04542541503906, 1.0], [201.9429473876953, 76.13898468017578, 1.0], [167.98158264160156, 92.7082290649414, 1.0], [237.44158935546875, 159.83506774902344, 1.0], [177.896728515625, 157.302734375, 1.0], [157.1168975830078, 142.37571716308594, 1.0], [144.84649658203125, 128.48497009277344, 1.0], [239.63465881347656, 198.39942932128906, 1.0], [178.6436309814453, 211.1406707763672, 1.0], [138.00421142578125, 194.42123413085938, 1.0], [120.54088592529297, 168.03192138671875, 1.0], [235.91629028320312, 225.38319396972656, 1.0], [195.8072052001953, 268.1639404296875, 1.0], [163.02310180664062, 248.78964233398438, 1.0], [142.14491271972656, 221.12722778320312, 1.0], [232.20993041992188, 245.3592529296875, 1.0], [190.4208984375, 265.03912353515625, 1.0], [158.80722045898438, 257.3130798339844, 1.0], [158.87362670898438, 225.3887176513672, 1.0]], "is_left": 0}