{"hand_pts": [[257.6719665527344, 239.9102020263672, 1.0], [278.1607666015625, 217.86888122558594, 1.0], [305.3558044433594, 198.5574951171875, 1.0], [298.8504943847656, 186.959716796875, 1.0], [272.9335632324219, 182.19305419921875, 1.0], [231.22238159179688, 160.12725830078125, 1.0], [208.8648223876953, 120.6471939086914, 1.0], [193.08937072753906, 101.00813293457031, 1.0], [176.7769317626953, 78.02940368652344, 1.0], [195.2468719482422, 178.01698303222656, 1.0], [158.56112670898438, 151.40875244140625, 1.0], [163.24917602539062, 174.5237274169922, 1.0], [167.96791076660156, 196.6025848388672, 1.0], [170.04263305664062, 197.6162872314453, 1.0], [120.99725341796875, 197.53378295898438, 1.0], [109.61222839355469, 214.60084533691406, 1.0], [103.3075180053711, 233.94955444335938, 1.0], [151.86309814453125, 220.65235900878906, 1.0], [121.61386108398438, 220.55905151367188, 1.0], [115.56957244873047, 230.86305236816406, 1.0], [138.31263732910156, 248.5997772216797, 1.0]], "is_left": 0}