{"hand_pts": [[329.5425109863281, 149.74620056152344, 1.0], [293.0450134277344, 192.02354431152344, 1.0], [281.4014892578125, 232.71249389648438, 1.0], [241.41641235351562, 248.36460876464844, 1.0], [217.8472442626953, 219.6097412109375, 1.0], [226.28311157226562, 185.46994018554688, 1.0], [199.83692932128906, 221.7747802734375, 1.0], [198.6580810546875, 240.30776977539062, 1.0], [191.016357421875, 259.56793212890625, 1.0], [216.11785888671875, 158.358154296875, 1.0], [157.33787536621094, 170.11581420898438, 1.0], [129.6040802001953, 191.06289672851562, 1.0], [104.8471450805664, 210.79061889648438, 1.0], [209.40220642089844, 139.64791870117188, 1.0], [150.06951904296875, 156.97064208984375, 1.0], [138.7026824951172, 174.3556671142578, 1.0], [150.21876525878906, 190.2799835205078, 1.0], [210.12310791015625, 123.26856994628906, 1.0], [166.00144958496094, 114.7686767578125, 1.0], [138.28379821777344, 119.2071762084961, 1.0], [109.59191131591797, 126.11519622802734, 1.0]], "is_left": 0}