{"hand_pts": [[114.5921859741211, 246.42532348632812, 1.0], [193.90786743164062, 257.94696044921875, 1.0], [264.73809814453125, 277.6759948730469, 1.0], [282.6999206542969, 272.9863586425781, 1.0], [239.44825744628906, 253.16310119628906, 1.0], [238.2308349609375, 178.01437377929688, 1.0], [262.8054504394531, 176.20001220703125, 1.0], [244.14418029785156, 207.31631469726562, 1.0], [215.9251708984375, 231.69674682617188, 1.0], [188.8183135986328, 146.87765502929688, 1.0], [203.1834259033203, 139.610107421875, 1.0], [191.2311553955078, 184.8524932861328, 1.0], [179.35157775878906, 218.1221466064453, 1.0], [147.88336181640625, 128.08059692382812, 1.0], [147.77056884765625, 112.37092590332031, 1.0], [139.97079467773438, 154.77565002441406, 1.0], [139.57537841796875, 185.53915405273438, 1.0], [105.59758758544922, 118.61370086669922, 1.0], [90.03990173339844, 109.40999603271484, 1.0], [90.6096420288086, 145.6170196533203, 1.0], [103.74376678466797, 172.59109497070312, 1.0]], "is_left": 0}