{"hand_pts": [[305.11090087890625, 108.63080596923828, 1.0], [288.441650390625, 143.27947998046875, 1.0], [284.996826171875, 158.26495361328125, 1.0], [229.97520446777344, 172.0563201904297, 1.0], [178.98196411132812, 180.75439453125, 1.0], [266.7920837402344, 224.14976501464844, 1.0], [212.6624755859375, 222.51979064941406, 1.0], [186.56838989257812, 198.0201873779297, 1.0], [185.7247314453125, 161.85870361328125, 1.0], [241.43698120117188, 216.56959533691406, 1.0], [159.17333984375, 215.3178253173828, 1.0], [125.50399017333984, 188.2792205810547, 1.0], [108.55452728271484, 154.9567108154297, 1.0], [217.82000732421875, 204.65794372558594, 1.0], [134.4190216064453, 208.9894561767578, 1.0], [136.37387084960938, 173.7996368408203, 1.0], [175.42184448242188, 152.38983154296875, 1.0], [198.32003784179688, 185.4044952392578, 1.0], [138.56454467773438, 187.84140014648438, 1.0], [123.17671966552734, 166.8473663330078, 1.0], [113.65966033935547, 144.43910217285156, 1.0]], "is_left": 0}