{"hand_pts": [[334.6609191894531, 161.1590576171875, 1.0], [298.5533447265625, 209.447509765625, 1.0], [277.4411926269531, 250.39584350585938, 1.0], [250.01370239257812, 273.187255859375, 1.0], [221.52548217773438, 286.81390380859375, 1.0], [222.368896484375, 212.08949279785156, 1.0], [174.46893310546875, 233.7650604248047, 1.0], [149.45326232910156, 243.2719268798828, 1.0], [124.39868927001953, 251.6853485107422, 1.0], [220.21900939941406, 170.39413452148438, 1.0], [157.24581909179688, 182.2622833251953, 1.0], [127.33379364013672, 192.12232971191406, 1.0], [99.61463165283203, 201.0711212158203, 1.0], [222.33091735839844, 137.29974365234375, 1.0], [161.43927001953125, 139.87738037109375, 1.0], [131.91390991210938, 144.6006317138672, 1.0], [103.46319580078125, 148.97821044921875, 1.0], [231.9629364013672, 106.5650405883789, 1.0], [192.22235107421875, 97.09149932861328, 1.0], [169.2294921875, 96.48527526855469, 1.0], [150.70314025878906, 102.51095581054688, 1.0]], "is_left": 0}