{"hand_pts": [[215.73439025878906, 306.3123474121094, 1.0], [245.7845458984375, 242.9452667236328, 1.0], [292.7724304199219, 208.42706298828125, 1.0], [278.2824401855469, 155.4609375, 1.0], [228.6287841796875, 132.95928955078125, 1.0], [242.1262969970703, 234.5515899658203, 1.0], [227.40882873535156, 168.90451049804688, 1.0], [213.2696990966797, 137.19802856445312, 1.0], [204.93556213378906, 136.29600524902344, 1.0], [201.72836303710938, 247.54904174804688, 1.0], [171.9191131591797, 170.80462646484375, 1.0], [166.65484619140625, 137.88426208496094, 1.0], [177.0611572265625, 142.47267150878906, 1.0], [168.5478057861328, 252.6076202392578, 1.0], [128.69839477539062, 182.69259643554688, 1.0], [126.58268737792969, 156.96029663085938, 1.0], [145.2357940673828, 166.8347930908203, 1.0], [138.55859375, 258.486083984375, 1.0], [102.26940155029297, 214.1735382080078, 1.0], [102.22850799560547, 189.03054809570312, 1.0], [129.0985870361328, 196.91050720214844, 1.0]], "is_left": 0}