{"hand_pts": [[319.0052185058594, 218.9886932373047, 1.0], [281.2076721191406, 161.9713897705078, 1.0], [260.2346496582031, 111.34436798095703, 1.0], [219.74659729003906, 83.209716796875, 1.0], [175.4617462158203, 79.41435241699219, 1.0], [251.13848876953125, 194.6971435546875, 1.0], [217.2938690185547, 182.75137329101562, 1.0], [180.8314666748047, 160.83782958984375, 1.0], [141.49566650390625, 134.65171813964844, 1.0], [241.14645385742188, 228.04246520996094, 1.0], [180.04351806640625, 208.0796356201172, 1.0], [135.87643432617188, 171.10150146484375, 1.0], [98.13870239257812, 129.97300720214844, 1.0], [230.39268493652344, 248.54144287109375, 1.0], [173.40628051757812, 237.80433654785156, 1.0], [133.16029357910156, 210.0073699951172, 1.0], [95.49215698242188, 175.3249053955078, 1.0], [223.64898681640625, 264.72760009765625, 1.0], [173.86378479003906, 252.07376098632812, 1.0], [139.95510864257812, 225.95675659179688, 1.0], [110.2521743774414, 190.414306640625, 1.0]], "is_left": 0}