{"hand_pts": [[267.24951171875, 346.65869140625, 1.0], [222.81080627441406, 294.15289306640625, 1.0], [172.05226135253906, 276.54876708984375, 1.0], [144.6452178955078, 231.98440551757812, 1.0], [152.33401489257812, 194.691162109375, 1.0], [155.00582885742188, 241.32896423339844, 1.0], [132.43862915039062, 183.0194854736328, 1.0], [142.2720489501953, 153.2884979248047, 1.0], [152.3292694091797, 124.41211700439453, 1.0], [181.24034118652344, 238.3296661376953, 1.0], [153.79823303222656, 166.5132293701172, 1.0], [161.0475311279297, 135.51681518554688, 1.0], [171.44744873046875, 110.95459747314453, 1.0], [207.24053955078125, 234.70799255371094, 1.0], [187.14329528808594, 162.90232849121094, 1.0], [198.27890014648438, 137.46546936035156, 1.0], [214.94192504882812, 126.0562515258789, 1.0], [237.5060272216797, 236.920166015625, 1.0], [241.24488830566406, 188.02647399902344, 1.0], [246.89862060546875, 154.1499786376953, 1.0], [254.62649536132812, 125.75670623779297, 1.0]], "is_left": 0}