{"hand_pts": [[273.11810302734375, 277.67138671875, 1.0], [275.09124755859375, 222.58631896972656, 1.0], [300.09710693359375, 151.9690399169922, 1.0], [277.8040771484375, 159.35804748535156, 1.0], [244.2049560546875, 221.03619384765625, 1.0], [216.45494079589844, 104.49298858642578, 1.0], [187.11138916015625, 112.51753997802734, 1.0], [199.96392822265625, 172.06283569335938, 1.0], [222.73060607910156, 216.0841827392578, 1.0], [186.96875, 130.3936767578125, 1.0], [132.29000854492188, 111.29489135742188, 1.0], [131.80421447753906, 152.04554748535156, 1.0], [166.2923126220703, 198.50070190429688, 1.0], [165.9064483642578, 159.9155731201172, 1.0], [118.56388854980469, 149.70523071289062, 1.0], [123.22525787353516, 187.8314666748047, 1.0], [157.43975830078125, 227.42721557617188, 1.0], [152.00146484375, 198.37515258789062, 1.0], [123.81741333007812, 237.86837768554688, 1.0], [140.17477416992188, 278.3927001953125, 1.0], [179.05397033691406, 286.84307861328125, 1.0]], "is_left": 0}