{"hand_pts": [[263.5454406738281, 282.2951965332031, 1.0], [284.87750244140625, 225.9385986328125, 1.0], [307.3350830078125, 174.27639770507812, 1.0], [301.7250671386719, 134.73658752441406, 1.0], [285.03033447265625, 104.06402587890625, 1.0], [214.02069091796875, 189.83087158203125, 1.0], [195.20388793945312, 144.81802368164062, 1.0], [195.16845703125, 120.34153747558594, 1.0], [194.4533233642578, 97.17774200439453, 1.0], [183.3538818359375, 220.43092346191406, 1.0], [155.13392639160156, 174.25064086914062, 1.0], [161.101806640625, 147.77549743652344, 1.0], [169.36753845214844, 122.82691955566406, 1.0], [165.2821807861328, 244.9642791748047, 1.0], [123.75737762451172, 211.60853576660156, 1.0], [123.59395599365234, 192.05445861816406, 1.0], [135.75340270996094, 174.60000610351562, 1.0], [155.40399169921875, 270.7063903808594, 1.0], [120.4444808959961, 255.51895141601562, 1.0], [112.65885162353516, 240.32232666015625, 1.0], [122.1092529296875, 221.96554565429688, 1.0]], "is_left": 0}