{"hand_pts": [[216.4842529296875, 235.82611083984375, 1.0], [165.56382751464844, 234.44027709960938, 1.0], [112.5333480834961, 251.4316864013672, 1.0], [79.08442687988281, 230.30641174316406, 1.0], [75.69525146484375, 192.36859130859375, 1.0], [198.3972930908203, 239.53465270996094, 1.0], [196.05926513671875, 226.24337768554688, 1.0], [183.1702117919922, 205.60011291503906, 1.0], [169.63687133789062, 182.96029663085938, 1.0], [231.71963500976562, 219.85269165039062, 1.0], [201.36033630371094, 171.3496856689453, 1.0], [166.5160369873047, 139.87387084960938, 1.0], [127.61345672607422, 119.33710479736328, 1.0], [252.10873413085938, 200.93246459960938, 1.0], [224.3095245361328, 152.93109130859375, 1.0], [186.8912353515625, 138.9539031982422, 1.0], [168.0977783203125, 150.08062744140625, 1.0], [267.4499816894531, 183.54727172851562, 1.0], [248.10240173339844, 142.4051971435547, 1.0], [216.54991149902344, 131.3050537109375, 1.0], [201.56251525878906, 153.90493774414062, 1.0]], "is_left": 0}