{"hand_pts": [[245.4872283935547, 172.0723114013672, 1.0], [254.04229736328125, 136.9734649658203, 1.0], [292.1591796875, 109.18988037109375, 1.0], [249.66073608398438, 96.2904052734375, 1.0], [191.99557495117188, 110.24363708496094, 1.0], [277.64190673828125, 207.8606719970703, 1.0], [225.37179565429688, 178.4735565185547, 1.0], [191.65708923339844, 144.0045623779297, 1.0], [186.76950073242188, 128.37449645996094, 1.0], [243.49606323242188, 239.97340393066406, 1.0], [175.603515625, 216.56199645996094, 1.0], [148.01254272460938, 170.3350067138672, 1.0], [162.92910766601562, 147.41995239257812, 1.0], [210.1490936279297, 257.8814697265625, 1.0], [135.5074920654297, 239.36647033691406, 1.0], [112.81372833251953, 197.4812469482422, 1.0], [134.2781524658203, 174.6182861328125, 1.0], [177.25743103027344, 267.9098205566406, 1.0], [118.04662322998047, 260.3405456542969, 1.0], [102.578125, 222.70697021484375, 1.0], [131.7418670654297, 199.26821899414062, 1.0]], "is_left": 0}