{"hand_pts": [[255.29977416992188, 46.901153564453125, 1.0], [232.22564697265625, 139.00631713867188, 1.0], [222.1537628173828, 195.44508361816406, 1.0], [236.31423950195312, 242.15037536621094, 1.0], [247.94668579101562, 211.65382385253906, 1.0], [116.49224090576172, 178.96009826660156, 1.0], [122.90992736816406, 249.07382202148438, 1.0], [170.22918701171875, 255.93850708007812, 1.0], [209.2753448486328, 230.65896606445312, 1.0], [118.3754653930664, 150.5051727294922, 1.0], [150.3039093017578, 218.7346954345703, 1.0], [197.6337890625, 201.73187255859375, 1.0], [204.3764190673828, 163.7001190185547, 1.0], [129.05931091308594, 132.21444702148438, 1.0], [142.40447998046875, 197.9969940185547, 1.0], [186.7188720703125, 195.72853088378906, 1.0], [196.84042358398438, 164.72122192382812, 1.0], [148.99008178710938, 111.86260223388672, 1.0], [177.38780212402344, 140.96392822265625, 1.0], [212.40863037109375, 140.84840393066406, 1.0], [202.1834716796875, 120.4840316772461, 1.0]], "is_left": 0}