{"hand_pts": [[216.5723419189453, 233.8396453857422, 1.0], [156.43856811523438, 225.47276306152344, 1.0], [98.0622329711914, 233.81837463378906, 1.0], [80.22319793701172, 202.25733947753906, 1.0], [109.42515563964844, 165.80484008789062, 1.0], [164.64141845703125, 254.829345703125, 1.0], [139.92636108398438, 215.2992401123047, 1.0], [130.19683837890625, 178.2769012451172, 1.0], [132.9496612548828, 159.47581481933594, 1.0], [209.689208984375, 241.6316680908203, 1.0], [192.07931518554688, 188.79823303222656, 1.0], [172.4728240966797, 152.68487548828125, 1.0], [161.361572265625, 144.94674682617188, 1.0], [242.59141540527344, 225.19366455078125, 1.0], [237.33822631835938, 170.24317932128906, 1.0], [219.0042266845703, 140.19317626953125, 1.0], [204.0927276611328, 141.4503173828125, 1.0], [271.79473876953125, 207.67384338378906, 1.0], [277.0910339355469, 164.7843017578125, 1.0], [258.4958801269531, 139.8825225830078, 1.0], [236.13121032714844, 146.8033447265625, 1.0]], "is_left": 0}