{"hand_pts": [[46.15153503417969, 145.04931640625, 1.0], [94.34565734863281, 113.45980072021484, 1.0], [124.80835723876953, 71.15850067138672, 1.0], [156.99375915527344, 66.51390838623047, 1.0], [175.72210693359375, 98.89868927001953, 1.0], [190.4020538330078, 166.3510284423828, 1.0], [228.77816772460938, 165.549072265625, 1.0], [217.51516723632812, 150.6666259765625, 1.0], [201.4368133544922, 136.04795837402344, 1.0], [176.54635620117188, 202.00575256347656, 1.0], [237.2388153076172, 216.064453125, 1.0], [243.70858764648438, 201.0513458251953, 1.0], [222.73770141601562, 172.5160675048828, 1.0], [159.4955596923828, 225.14418029785156, 1.0], [201.20086669921875, 247.19332885742188, 1.0], [190.7159881591797, 229.01165771484375, 1.0], [165.4333038330078, 198.85516357421875, 1.0], [134.83139038085938, 241.30599975585938, 1.0], [170.1126251220703, 265.3328857421875, 1.0], [179.79611206054688, 259.6517639160156, 1.0], [166.7369842529297, 228.67774963378906, 1.0]], "is_left": 0}