{"hand_pts": [[132.75164794921875, 251.2472686767578, 1.0], [107.94732666015625, 208.0874786376953, 1.0], [67.90901947021484, 174.611083984375, 1.0], [98.57180786132812, 152.42430114746094, 1.0], [149.17337036132812, 159.86610412597656, 1.0], [135.5928497314453, 191.40858459472656, 1.0], [149.6751708984375, 154.90774536132812, 1.0], [153.7362060546875, 146.25917053222656, 1.0], [153.14559936523438, 152.49713134765625, 1.0], [176.5726318359375, 207.7396697998047, 1.0], [213.813232421875, 171.91470336914062, 1.0], [202.89154052734375, 166.11537170410156, 1.0], [182.0920867919922, 170.39915466308594, 1.0], [207.41384887695312, 218.77622985839844, 1.0], [242.72581481933594, 185.6302947998047, 1.0], [230.2021942138672, 180.20652770996094, 1.0], [203.57066345214844, 193.40737915039062, 1.0], [232.1591033935547, 230.35252380371094, 1.0], [264.33221435546875, 216.30007934570312, 1.0], [262.3472900390625, 208.09860229492188, 1.0], [230.98788452148438, 210.23565673828125, 1.0]], "is_left": 0}