{"hand_pts": [[345.5877380371094, 95.61740112304688, 1.0], [297.492919921875, 153.05331420898438, 1.0], [281.4047546386719, 202.48538208007812, 1.0], [245.3434295654297, 243.13912963867188, 1.0], [209.96194458007812, 260.1681213378906, 1.0], [188.7673797607422, 133.5655975341797, 1.0], [140.23291015625, 181.2913818359375, 1.0], [131.53790283203125, 221.68057250976562, 1.0], [152.44346618652344, 252.18011474609375, 1.0], [187.5137176513672, 114.01270294189453, 1.0], [129.10855102539062, 164.97352600097656, 1.0], [146.4095458984375, 207.95945739746094, 1.0], [181.5069122314453, 235.9372100830078, 1.0], [191.94522094726562, 105.40647888183594, 1.0], [133.05838012695312, 150.0679168701172, 1.0], [139.80613708496094, 190.7142333984375, 1.0], [176.1207275390625, 210.6858367919922, 1.0], [206.39764404296875, 99.09393310546875, 1.0], [181.01744079589844, 137.0786590576172, 1.0], [192.4673614501953, 169.37159729003906, 1.0], [213.28648376464844, 199.50619506835938, 1.0]], "is_left": 0}