{"hand_pts": [[55.20723342895508, 134.17129516601562, 1.0], [70.33592987060547, 191.62954711914062, 1.0], [79.13314819335938, 260.11102294921875, 1.0], [122.24064636230469, 281.4978942871094, 1.0], [166.42864990234375, 256.034912109375, 1.0], [160.70008850097656, 229.71868896484375, 1.0], [165.37669372558594, 214.59852600097656, 1.0], [146.5225830078125, 191.7369384765625, 1.0], [126.76912689208984, 167.14390563964844, 1.0], [175.15005493164062, 182.03082275390625, 1.0], [223.29315185546875, 194.80148315429688, 1.0], [236.84291076660156, 197.99427795410156, 1.0], [219.18804931640625, 192.42434692382812, 1.0], [180.90545654296875, 142.38864135742188, 1.0], [250.2991180419922, 173.35446166992188, 1.0], [247.00550842285156, 172.76063537597656, 1.0], [215.90103149414062, 162.67758178710938, 1.0], [177.46241760253906, 103.38882446289062, 1.0], [225.5962371826172, 102.70919036865234, 1.0], [224.39529418945312, 108.68780517578125, 1.0], [216.0662078857422, 117.66142272949219, 1.0]], "is_left": 0}