{"hand_pts": [[306.9889221191406, 228.06658935546875, 1.0], [275.8792419433594, 180.68814086914062, 1.0], [267.3936767578125, 134.7747039794922, 1.0], [244.8551788330078, 103.93545532226562, 1.0], [222.3599090576172, 85.77894592285156, 1.0], [192.94993591308594, 200.0903778076172, 1.0], [139.27220153808594, 202.47470092773438, 1.0], [108.90121459960938, 192.04737854003906, 1.0], [83.37645721435547, 178.67544555664062, 1.0], [189.1902313232422, 224.0181427001953, 1.0], [126.94225311279297, 216.3202667236328, 1.0], [115.76954650878906, 185.15496826171875, 1.0], [121.08455657958984, 151.58348083496094, 1.0], [190.73129272460938, 238.21759033203125, 1.0], [164.4808349609375, 192.2655487060547, 1.0], [185.45814514160156, 161.71270751953125, 1.0], [219.47630310058594, 162.3578338623047, 1.0], [200.1939697265625, 249.68887329101562, 1.0], [194.98341369628906, 225.43287658691406, 1.0], [211.61366271972656, 202.23016357421875, 1.0], [236.96302795410156, 199.18905639648438, 1.0]], "is_left": 0}