{"hand_pts": [[91.9699935913086, 126.44142150878906, 1.0], [172.97711181640625, 148.0424041748047, 1.0], [240.74819946289062, 151.4550323486328, 1.0], [270.7018127441406, 203.96351623535156, 1.0], [235.3377227783203, 232.63279724121094, 1.0], [196.2926788330078, 97.83344268798828, 1.0], [244.92210388183594, 158.07183837890625, 1.0], [254.23719787597656, 210.3041534423828, 1.0], [232.84071350097656, 222.82757568359375, 1.0], [154.43446350097656, 103.50325775146484, 1.0], [197.60211181640625, 167.97581481933594, 1.0], [211.72451782226562, 219.80455017089844, 1.0], [200.1931915283203, 215.4132080078125, 1.0], [123.59561920166016, 116.98553466796875, 1.0], [159.235595703125, 197.0896759033203, 1.0], [163.60302734375, 227.78196716308594, 1.0], [154.8799285888672, 215.80157470703125, 1.0], [93.00055694580078, 133.76979064941406, 1.0], [106.98754119873047, 191.63685607910156, 1.0], [119.71195983886719, 219.56491088867188, 1.0], [122.06867218017578, 204.4492645263672, 1.0]], "is_left": 0}