{"hand_pts": [[298.52435302734375, 126.66764831542969, 1.0], [292.82098388671875, 187.76927185058594, 1.0], [299.51580810546875, 248.68898010253906, 1.0], [246.56495666503906, 253.05197143554688, 1.0], [213.90159606933594, 209.8641815185547, 1.0], [240.01925659179688, 169.75088500976562, 1.0], [197.5868377685547, 188.3113250732422, 1.0], [180.1409454345703, 221.5204315185547, 1.0], [196.78628540039062, 224.62997436523438, 1.0], [210.03997802734375, 139.837158203125, 1.0], [168.8877410888672, 147.87660217285156, 1.0], [153.31056213378906, 193.77401733398438, 1.0], [160.01393127441406, 226.19863891601562, 1.0], [187.58419799804688, 122.17634582519531, 1.0], [138.85122680664062, 172.3655548095703, 1.0], [137.0691680908203, 212.98110961914062, 1.0], [167.01632690429688, 224.0266876220703, 1.0], [172.64501953125, 107.66378784179688, 1.0], [119.9033203125, 106.63516235351562, 1.0], [107.71293640136719, 139.50482177734375, 1.0], [131.4689483642578, 173.2660369873047, 1.0]], "is_left": 0}