{"hand_pts": [[267.3790283203125, 178.0482635498047, 1.0], [230.34262084960938, 218.04367065429688, 1.0], [209.1528778076172, 261.3341369628906, 1.0], [184.69314575195312, 276.57073974609375, 1.0], [162.60023498535156, 274.12921142578125, 1.0], [234.90676879882812, 220.26171875, 1.0], [175.27310180664062, 234.94007873535156, 1.0], [137.42091369628906, 241.21141052246094, 1.0], [102.20314025878906, 244.84207153320312, 1.0], [236.7413330078125, 181.5789031982422, 1.0], [221.20240783691406, 198.0664825439453, 1.0], [185.2415313720703, 207.17906188964844, 1.0], [142.33547973632812, 212.53103637695312, 1.0], [233.2023162841797, 150.80154418945312, 1.0], [174.98907470703125, 123.020751953125, 1.0], [141.65635681152344, 124.05962371826172, 1.0], [133.7508087158203, 137.5096435546875, 1.0], [229.87452697753906, 122.62871551513672, 1.0], [197.5822296142578, 95.49755859375, 1.0], [168.44798278808594, 80.12532043457031, 1.0], [135.42611694335938, 67.00581359863281, 1.0]], "is_left": 0}