{"hand_pts": [[105.1966323852539, 193.27879333496094, 1.0], [141.45709228515625, 234.01943969726562, 1.0], [170.21450805664062, 289.7108459472656, 1.0], [175.8330535888672, 287.6902160644531, 1.0], [157.74156188964844, 240.32493591308594, 1.0], [239.45936584472656, 213.86729431152344, 1.0], [249.8991241455078, 223.71853637695312, 1.0], [209.05804443359375, 228.4518585205078, 1.0], [164.7966766357422, 226.80848693847656, 1.0], [226.27041625976562, 173.57864379882812, 1.0], [226.95819091796875, 165.88009643554688, 1.0], [185.6849365234375, 178.00086975097656, 1.0], [144.19480895996094, 196.49220275878906, 1.0], [208.1084747314453, 143.60179138183594, 1.0], [215.7259979248047, 117.68804931640625, 1.0], [175.7834930419922, 135.0770721435547, 1.0], [148.81021118164062, 159.8493194580078, 1.0], [182.02947998046875, 118.03533172607422, 1.0], [175.838623046875, 97.50408935546875, 1.0], [149.82479858398438, 109.26614379882812, 1.0], [126.95018005371094, 138.74496459960938, 1.0]], "is_left": 0}