{"hand_pts": [[81.88154602050781, 57.07371520996094, 1.0], [79.82801055908203, 116.09053039550781, 1.0], [75.63146209716797, 153.24351501464844, 1.0], [109.67374420166016, 190.2186737060547, 1.0], [141.2232208251953, 192.3433380126953, 1.0], [168.90463256835938, 167.32167053222656, 1.0], [198.26988220214844, 220.8348388671875, 1.0], [214.00807189941406, 255.67709350585938, 1.0], [235.1606903076172, 288.1144714355469, 1.0], [193.80577087402344, 148.72265625, 1.0], [231.04319763183594, 208.15896606445312, 1.0], [199.82266235351562, 220.62123107910156, 1.0], [164.85398864746094, 226.22760009765625, 1.0], [206.885498046875, 133.37997436523438, 1.0], [230.67428588867188, 188.08383178710938, 1.0], [194.87252807617188, 193.03521728515625, 1.0], [154.94349670410156, 190.42604064941406, 1.0], [210.1115264892578, 114.05426788330078, 1.0], [234.4379119873047, 139.79019165039062, 1.0], [210.2805938720703, 150.35601806640625, 1.0], [179.6718292236328, 160.22286987304688, 1.0]], "is_left": 0}