{"hand_pts": [[322.38897705078125, 262.2710876464844, 1.0], [291.63641357421875, 200.7924041748047, 1.0], [289.7362365722656, 141.4416961669922, 1.0], [248.03111267089844, 114.32424926757812, 1.0], [217.78353881835938, 139.67645263671875, 1.0], [196.99029541015625, 198.14772033691406, 1.0], [141.0084991455078, 153.01058959960938, 1.0], [159.9893341064453, 134.9158477783203, 1.0], [198.88827514648438, 142.87554931640625, 1.0], [183.16555786132812, 226.8273162841797, 1.0], [120.33757781982422, 181.4808807373047, 1.0], [151.91172790527344, 155.61886596679688, 1.0], [202.11546325683594, 147.30142211914062, 1.0], [176.6669921875, 246.1641845703125, 1.0], [112.82223510742188, 202.71615600585938, 1.0], [147.8843231201172, 180.57632446289062, 1.0], [197.46900939941406, 185.094970703125, 1.0], [180.22352600097656, 264.6583557128906, 1.0], [135.37698364257812, 248.73976135253906, 1.0], [156.71380615234375, 221.36273193359375, 1.0], [198.95635986328125, 217.64308166503906, 1.0]], "is_left": 0}