{"hand_pts": [[308.38568115234375, 198.87033081054688, 1.0], [240.0098419189453, 209.7194061279297, 1.0], [185.4058380126953, 219.98297119140625, 1.0], [141.82229614257812, 216.97288513183594, 1.0], [110.14649200439453, 206.34275817871094, 1.0], [206.0586395263672, 223.6427459716797, 1.0], [158.63534545898438, 232.4726104736328, 1.0], [125.04235076904297, 228.8278350830078, 1.0], [93.8155746459961, 226.696533203125, 1.0], [234.1411590576172, 196.8639373779297, 1.0], [180.74122619628906, 199.35618591308594, 1.0], [140.6065216064453, 190.02587890625, 1.0], [102.74811553955078, 179.9996337890625, 1.0], [255.15675354003906, 171.91920471191406, 1.0], [208.78819274902344, 161.57188415527344, 1.0], [175.33572387695312, 147.18898010253906, 1.0], [142.4380645751953, 132.58731079101562, 1.0], [277.9434509277344, 147.98464965820312, 1.0], [252.5831756591797, 132.2252960205078, 1.0], [227.5953369140625, 118.07472229003906, 1.0], [198.0616912841797, 104.03423309326172, 1.0]], "is_left": 0}