{"hand_pts": [[193.90174865722656, 71.3924331665039, 1.0], [224.81552124023438, 90.21693420410156, 1.0], [252.92979431152344, 87.85123443603516, 1.0], [263.527099609375, 113.67591857910156, 1.0], [251.82586669921875, 156.63278198242188, 1.0], [192.3402862548828, 116.19403839111328, 1.0], [199.0954132080078, 149.833740234375, 1.0], [215.6910858154297, 185.8595733642578, 1.0], [232.68394470214844, 222.86289978027344, 1.0], [165.71934509277344, 134.82296752929688, 1.0], [160.25692749023438, 194.5336151123047, 1.0], [176.14608764648438, 238.45945739746094, 1.0], [191.1564483642578, 282.25244140625, 1.0], [149.263671875, 151.5662078857422, 1.0], [133.0765380859375, 202.0626220703125, 1.0], [150.9137420654297, 237.94253540039062, 1.0], [171.33970642089844, 272.12646484375, 1.0], [137.91558837890625, 163.43896484375, 1.0], [127.765869140625, 207.17788696289062, 1.0], [140.83682250976562, 236.40345764160156, 1.0], [165.68157958984375, 254.32012939453125, 1.0]], "is_left": 0}