{"hand_pts": [[294.9300537109375, 177.11944580078125, 1.0], [245.17941284179688, 150.22911071777344, 1.0], [215.8643798828125, 123.67823028564453, 1.0], [188.43991088867188, 132.797607421875, 1.0], [176.2692413330078, 158.05517578125, 1.0], [242.65614318847656, 170.7686767578125, 1.0], [188.25135803222656, 155.81394958496094, 1.0], [162.01300048828125, 147.8677215576172, 1.0], [137.85157775878906, 141.3363800048828, 1.0], [248.00674438476562, 196.60060119628906, 1.0], [177.917236328125, 192.3822021484375, 1.0], [132.91383361816406, 180.84913635253906, 1.0], [91.40505981445312, 168.7890167236328, 1.0], [247.09222412109375, 215.005859375, 1.0], [179.51683044433594, 221.5371551513672, 1.0], [154.98802185058594, 209.30987548828125, 1.0], [132.78311157226562, 196.51307678222656, 1.0], [246.89389038085938, 230.0773162841797, 1.0], [204.7301788330078, 239.28016662597656, 1.0], [172.26170349121094, 231.7919158935547, 1.0], [169.61756896972656, 213.3512725830078, 1.0]], "is_left": 0}