{"hand_pts": [[295.0524597167969, 247.85179138183594, 1.0], [275.25225830078125, 187.4961700439453, 1.0], [274.8216552734375, 133.3940887451172, 1.0], [257.0476989746094, 111.57698059082031, 1.0], [237.03314208984375, 130.39910888671875, 1.0], [160.60675048828125, 158.29225158691406, 1.0], [143.62571716308594, 128.6181640625, 1.0], [173.62625122070312, 127.46357727050781, 1.0], [216.72914123535156, 140.26124572753906, 1.0], [149.52615356445312, 195.77073669433594, 1.0], [111.87845611572266, 173.27349853515625, 1.0], [153.4676971435547, 169.0991668701172, 1.0], [206.15208435058594, 172.27584838867188, 1.0], [149.1962127685547, 225.69496154785156, 1.0], [118.81949615478516, 214.9475555419922, 1.0], [155.68040466308594, 211.16290283203125, 1.0], [203.8391571044922, 209.43556213378906, 1.0], [160.07289123535156, 255.82154846191406, 1.0], [152.8900604248047, 258.1543273925781, 1.0], [180.06094360351562, 253.98736572265625, 1.0], [220.89608764648438, 245.15090942382812, 1.0]], "is_left": 0}