{"hand_pts": [[82.31046295166016, 58.046817779541016, 1.0], [132.33035278320312, 111.99346160888672, 1.0], [185.89427185058594, 128.62945556640625, 1.0], [207.06936645507812, 170.8682861328125, 1.0], [206.40618896484375, 205.124755859375, 1.0], [228.89842224121094, 126.98334503173828, 1.0], [251.88624572753906, 189.68304443359375, 1.0], [258.85552978515625, 231.9084014892578, 1.0], [228.6785888671875, 265.0528564453125, 1.0], [203.42987060546875, 120.33207702636719, 1.0], [216.7607879638672, 199.46176147460938, 1.0], [176.0652313232422, 224.04656982421875, 1.0], [134.18496704101562, 227.393798828125, 1.0], [175.46034240722656, 119.5058822631836, 1.0], [192.60336303710938, 182.37948608398438, 1.0], [164.6743927001953, 219.29295349121094, 1.0], [132.61831665039062, 232.6217498779297, 1.0], [140.4005584716797, 116.86074829101562, 1.0], [143.9763946533203, 167.26699829101562, 1.0], [138.3475341796875, 203.7242889404297, 1.0], [115.06635284423828, 221.83078002929688, 1.0]], "is_left": 0}