{"hand_pts": [[262.2297668457031, 56.60103988647461, 1.0], [191.0712432861328, 82.41519165039062, 1.0], [131.89871215820312, 100.34142303466797, 1.0], [95.69205474853516, 136.67642211914062, 1.0], [83.91470336914062, 179.69454956054688, 1.0], [178.0699920654297, 120.67623138427734, 1.0], [145.7896728515625, 155.44613647460938, 1.0], [124.74678802490234, 184.7000732421875, 1.0], [105.95685577392578, 215.93128967285156, 1.0], [219.5779266357422, 138.39773559570312, 1.0], [184.87843322753906, 192.19027709960938, 1.0], [157.61810302734375, 226.8775177001953, 1.0], [132.80337524414062, 255.8854522705078, 1.0], [250.90904235839844, 153.83493041992188, 1.0], [225.1808319091797, 202.47406005859375, 1.0], [203.75677490234375, 234.60745239257812, 1.0], [182.43692016601562, 265.33477783203125, 1.0], [281.4118957519531, 164.30271911621094, 1.0], [273.6714782714844, 205.78726196289062, 1.0], [257.1431884765625, 234.97146606445312, 1.0], [235.6705322265625, 262.80584716796875, 1.0]], "is_left": 0}