{"hand_pts": [[350.5950622558594, 268.8539733886719, 1.0], [313.1619567871094, 206.9642333984375, 1.0], [297.0767517089844, 158.94496154785156, 1.0], [254.58786010742188, 130.9960479736328, 1.0], [209.0754852294922, 136.1980438232422, 1.0], [239.8745880126953, 156.33392333984375, 1.0], [183.52638244628906, 124.50688934326172, 1.0], [150.68939208984375, 115.2684097290039, 1.0], [132.45127868652344, 121.2200698852539, 1.0], [226.32546997070312, 194.0770263671875, 1.0], [157.39761352539062, 165.19606018066406, 1.0], [142.2874755859375, 165.27838134765625, 1.0], [149.0535125732422, 174.2734375, 1.0], [217.0015869140625, 226.2582244873047, 1.0], [149.3825225830078, 206.71539306640625, 1.0], [129.53099060058594, 205.01722717285156, 1.0], [132.8654022216797, 209.54376220703125, 1.0], [215.7686309814453, 260.36566162109375, 1.0], [167.85769653320312, 256.4654235839844, 1.0], [141.26248168945312, 252.98870849609375, 1.0], [127.67780303955078, 247.80752563476562, 1.0]], "is_left": 0}