{"hand_pts": [[302.45489501953125, 91.42693328857422, 1.0], [292.2085266113281, 133.32083129882812, 1.0], [290.3148498535156, 163.6209259033203, 1.0], [261.8529052734375, 186.0732421875, 1.0], [228.13565063476562, 203.08287048339844, 1.0], [242.95689392089844, 181.51760864257812, 1.0], [210.25198364257812, 220.28961181640625, 1.0], [183.926513671875, 238.99855041503906, 1.0], [159.1600799560547, 259.7935791015625, 1.0], [218.3197784423828, 159.884765625, 1.0], [176.03555297851562, 205.08047485351562, 1.0], [148.85269165039062, 230.3870086669922, 1.0], [123.40690612792969, 255.25323486328125, 1.0], [199.62892150878906, 139.70994567871094, 1.0], [147.1329345703125, 174.0523223876953, 1.0], [119.908447265625, 187.66796875, 1.0], [94.66193389892578, 200.00555419921875, 1.0], [187.64706420898438, 116.3888931274414, 1.0], [146.1500244140625, 131.5254669189453, 1.0], [124.43172454833984, 139.4723663330078, 1.0], [111.45840454101562, 145.79127502441406, 1.0]], "is_left": 0}