{"hand_pts": [[336.9414367675781, 165.86639404296875, 1.0], [304.1878356933594, 204.22381591796875, 1.0], [286.0701599121094, 236.0390625, 1.0], [250.7303009033203, 256.1252136230469, 1.0], [211.56455993652344, 268.20245361328125, 1.0], [231.15240478515625, 178.58128356933594, 1.0], [179.75448608398438, 177.75872802734375, 1.0], [147.60838317871094, 193.2503204345703, 1.0], [122.32990264892578, 213.01585388183594, 1.0], [224.14285278320312, 158.1461639404297, 1.0], [161.3413848876953, 173.95803833007812, 1.0], [131.4957275390625, 199.38772583007812, 1.0], [108.31028747558594, 227.07949829101562, 1.0], [221.4668731689453, 147.10330200195312, 1.0], [157.71542358398438, 136.48947143554688, 1.0], [127.29740142822266, 154.4958038330078, 1.0], [108.56159973144531, 181.193359375, 1.0], [226.26388549804688, 139.3998565673828, 1.0], [181.85955810546875, 138.7209930419922, 1.0], [158.64259338378906, 155.0526580810547, 1.0], [139.11752319335938, 177.2478485107422, 1.0]], "is_left": 0}