{"hand_pts": [[201.13865661621094, 58.14698028564453, 1.0], [180.166748046875, 78.9399185180664, 1.0], [135.98348999023438, 84.4098129272461, 1.0], [112.0433578491211, 106.0323715209961, 1.0], [106.99385070800781, 136.4739990234375, 1.0], [139.56797790527344, 152.48788452148438, 1.0], [152.5693817138672, 193.09339904785156, 1.0], [168.31918334960938, 214.67239379882812, 1.0], [199.33551025390625, 202.25961303710938, 1.0], [163.56858825683594, 164.32046508789062, 1.0], [171.75997924804688, 223.72119140625, 1.0], [188.17076110839844, 248.81085205078125, 1.0], [203.84564208984375, 272.3726501464844, 1.0], [187.21934509277344, 170.0183563232422, 1.0], [201.65077209472656, 207.49070739746094, 1.0], [218.78298950195312, 212.92782592773438, 1.0], [237.18661499023438, 211.9751434326172, 1.0], [212.44044494628906, 168.08895874023438, 1.0], [231.87030029296875, 192.1716766357422, 1.0], [246.96522521972656, 205.96600341796875, 1.0], [263.4881286621094, 209.0571746826172, 1.0]], "is_left": 0}