{"hand_pts": [[288.4748229980469, 325.4772644042969, 1.0], [286.1081848144531, 267.2330322265625, 1.0], [308.0120849609375, 222.99501037597656, 1.0], [276.5760498046875, 182.75283813476562, 1.0], [222.4501495361328, 165.19346618652344, 1.0], [244.1654815673828, 177.3109130859375, 1.0], [205.46200561523438, 125.17102813720703, 1.0], [186.43771362304688, 126.8425521850586, 1.0], [180.97633361816406, 156.306640625, 1.0], [213.6990509033203, 194.17323303222656, 1.0], [155.77227783203125, 133.38357543945312, 1.0], [142.5184783935547, 138.30799865722656, 1.0], [149.74168395996094, 165.51475524902344, 1.0], [189.92430114746094, 211.87696838378906, 1.0], [127.0208969116211, 165.21339416503906, 1.0], [121.06768035888672, 178.2803192138672, 1.0], [144.15194702148438, 210.5878143310547, 1.0], [172.56275939941406, 236.7117156982422, 1.0], [122.599853515625, 213.76016235351562, 1.0], [110.13595581054688, 215.21929931640625, 1.0], [127.05952453613281, 230.9579620361328, 1.0]], "is_left": 0}