{"hand_pts": [[111.9840316772461, 56.402069091796875, 1.0], [98.46863555908203, 120.44664764404297, 1.0], [66.64514923095703, 163.70538330078125, 1.0], [81.2560043334961, 180.65701293945312, 1.0], [113.707763671875, 158.72242736816406, 1.0], [185.099609375, 179.88414001464844, 1.0], [217.28488159179688, 231.78782653808594, 1.0], [218.33734130859375, 261.156494140625, 1.0], [197.86656188964844, 266.689697265625, 1.0], [208.4154815673828, 156.21759033203125, 1.0], [205.95611572265625, 208.42462158203125, 1.0], [191.4170379638672, 236.6665496826172, 1.0], [147.37490844726562, 233.21983337402344, 1.0], [218.77035522460938, 135.91970825195312, 1.0], [246.1892852783203, 181.87489318847656, 1.0], [209.88609313964844, 188.30374145507812, 1.0], [168.8953094482422, 187.0469512939453, 1.0], [219.80914306640625, 111.27787780761719, 1.0], [246.8985137939453, 132.10430908203125, 1.0], [222.84107971191406, 146.3286895751953, 1.0], [188.85972595214844, 157.9324493408203, 1.0]], "is_left": 0}