{"hand_pts": [[220.3271942138672, 158.58377075195312, 1.0], [242.58619689941406, 126.58921813964844, 1.0], [259.3205261230469, 82.57404327392578, 1.0], [249.4010772705078, 91.82659149169922, 1.0], [226.79144287109375, 131.88597106933594, 1.0], [162.08099365234375, 118.29820251464844, 1.0], [143.59417724609375, 132.47650146484375, 1.0], [161.81170654296875, 154.95399475097656, 1.0], [196.33709716796875, 177.27613830566406, 1.0], [137.11605834960938, 160.8611602783203, 1.0], [166.72421264648438, 175.1613311767578, 1.0], [213.957275390625, 178.55514526367188, 1.0], [260.14642333984375, 183.5939178466797, 1.0], [125.71983337402344, 196.42344665527344, 1.0], [131.95384216308594, 232.14523315429688, 1.0], [167.28872680664062, 248.27529907226562, 1.0], [210.97064208984375, 253.7724609375, 1.0], [122.99695587158203, 229.0719757080078, 1.0], [144.3193359375, 259.5484924316406, 1.0], [169.80844116210938, 276.7000732421875, 1.0], [209.12803649902344, 271.1784973144531, 1.0]], "is_left": 0}