{"hand_pts": [[76.21675872802734, 50.656803131103516, 1.0], [141.66000366210938, 61.91320037841797, 1.0], [192.26193237304688, 58.97372817993164, 1.0], [237.30575561523438, 83.62370300292969, 1.0], [263.5957946777344, 120.8104248046875, 1.0], [140.86351013183594, 155.13302612304688, 1.0], [183.95187377929688, 197.53358459472656, 1.0], [225.3832244873047, 208.33053588867188, 1.0], [266.04718017578125, 211.05958557128906, 1.0], [118.93331146240234, 172.78065490722656, 1.0], [167.14332580566406, 227.2205352783203, 1.0], [216.0070343017578, 232.0966339111328, 1.0], [262.6656188964844, 223.47996520996094, 1.0], [107.50148010253906, 180.46932983398438, 1.0], [151.1023406982422, 233.35699462890625, 1.0], [193.3712615966797, 235.6143035888672, 1.0], [234.53871154785156, 222.8175506591797, 1.0], [97.0177993774414, 178.62640380859375, 1.0], [125.6673583984375, 212.77447509765625, 1.0], [159.1251678466797, 216.8004608154297, 1.0], [195.80572509765625, 202.78842163085938, 1.0]], "is_left": 0}