{"hand_pts": [[249.4599609375, 55.1652717590332, 1.0], [182.9940643310547, 79.61693572998047, 1.0], [132.09259033203125, 94.65554809570312, 1.0], [105.48556518554688, 131.75462341308594, 1.0], [92.0037841796875, 170.68441772460938, 1.0], [177.824462890625, 164.8220672607422, 1.0], [142.68434143066406, 206.98724365234375, 1.0], [121.17507934570312, 213.94143676757812, 1.0], [114.36783599853516, 197.2167205810547, 1.0], [218.69300842285156, 174.52947998046875, 1.0], [180.8643798828125, 186.8139190673828, 1.0], [159.08108520507812, 169.1822509765625, 1.0], [139.705078125, 147.9686279296875, 1.0], [248.5285186767578, 177.4513702392578, 1.0], [234.05552673339844, 239.66281127929688, 1.0], [215.67466735839844, 267.88995361328125, 1.0], [191.23252868652344, 257.8135986328125, 1.0], [276.4551696777344, 171.87525939941406, 1.0], [274.3935546875, 213.96543884277344, 1.0], [250.11801147460938, 205.5627899169922, 1.0], [242.7390899658203, 173.27423095703125, 1.0]], "is_left": 0}