{"hand_pts": [[336.89898681640625, 189.31190490722656, 1.0], [281.015625, 220.7992706298828, 1.0], [257.96112060546875, 248.1130828857422, 1.0], [219.2978057861328, 218.76312255859375, 1.0], [218.81378173828125, 183.48916625976562, 1.0], [204.0404815673828, 257.22979736328125, 1.0], [149.8946990966797, 270.08966064453125, 1.0], [117.44599914550781, 270.8586120605469, 1.0], [108.42572784423828, 247.20474243164062, 1.0], [205.5364990234375, 218.4297637939453, 1.0], [148.8348846435547, 193.3741912841797, 1.0], [167.57904052734375, 174.59494018554688, 1.0], [176.6883544921875, 155.779296875, 1.0], [208.49021911621094, 182.85577392578125, 1.0], [143.7450714111328, 166.82638549804688, 1.0], [140.05726623535156, 150.50210571289062, 1.0], [137.43141174316406, 135.71246337890625, 1.0], [219.04428100585938, 147.54542541503906, 1.0], [200.63064575195312, 103.83587646484375, 1.0], [206.95034790039062, 83.92167663574219, 1.0], [219.60382080078125, 72.17362976074219, 1.0]], "is_left": 0}