{"hand_pts": [[87.1325912475586, 316.4315490722656, 1.0], [105.55757141113281, 245.92356872558594, 1.0], [115.1679916381836, 193.59304809570312, 1.0], [135.73680114746094, 142.43540954589844, 1.0], [157.6971435546875, 108.0025863647461, 1.0], [176.59518432617188, 226.77499389648438, 1.0], [210.2013702392578, 172.18014526367188, 1.0], [203.79632568359375, 134.87564086914062, 1.0], [185.15032958984375, 112.0794448852539, 1.0], [181.06686401367188, 246.83396911621094, 1.0], [221.31625366210938, 186.4355010986328, 1.0], [223.24208068847656, 141.0014190673828, 1.0], [226.2707977294922, 101.42771911621094, 1.0], [179.62774658203125, 258.6123046875, 1.0], [219.95834350585938, 202.80117797851562, 1.0], [215.2565155029297, 161.2474365234375, 1.0], [191.92579650878906, 135.60650634765625, 1.0], [171.74085998535156, 271.3477783203125, 1.0], [190.49034118652344, 231.7894287109375, 1.0], [183.0196533203125, 198.4768524169922, 1.0], [159.7063751220703, 180.69815063476562, 1.0]], "is_left": 0}