{"hand_pts": [[129.38446044921875, 243.66714477539062, 1.0], [187.0312957763672, 213.1317596435547, 1.0], [247.59622192382812, 200.04029846191406, 1.0], [279.7844543457031, 170.59841918945312, 1.0], [286.9648132324219, 137.2665252685547, 1.0], [202.03729248046875, 241.3665008544922, 1.0], [233.89540100097656, 197.3106689453125, 1.0], [241.82327270507812, 157.7551727294922, 1.0], [234.4024658203125, 126.6198501586914, 1.0], [160.65017700195312, 243.08518981933594, 1.0], [184.31964111328125, 221.06581115722656, 1.0], [198.57229614257812, 182.00437927246094, 1.0], [207.8165740966797, 140.8129425048828, 1.0], [127.73225402832031, 237.92041015625, 1.0], [140.73214721679688, 181.11175537109375, 1.0], [147.86114501953125, 141.86045837402344, 1.0], [154.75865173339844, 105.06535339355469, 1.0], [95.8505859375, 230.81942749023438, 1.0], [97.520751953125, 207.3719482421875, 1.0], [107.68171691894531, 176.42648315429688, 1.0], [123.26676940917969, 148.08900451660156, 1.0]], "is_left": 0}