{"hand_pts": [[130.1929168701172, 185.85269165039062, 1.0], [100.21265411376953, 182.0737762451172, 1.0], [64.41942596435547, 194.26910400390625, 1.0], [67.82139587402344, 187.73193359375, 1.0], [96.27951049804688, 171.6315155029297, 1.0], [154.52349853515625, 210.99871826171875, 1.0], [168.4378662109375, 220.85598754882812, 1.0], [169.6153564453125, 207.92431640625, 1.0], [174.18592834472656, 199.25283813476562, 1.0], [188.9725799560547, 199.4495849609375, 1.0], [212.35267639160156, 212.02430725097656, 1.0], [213.29786682128906, 204.49110412597656, 1.0], [213.1299285888672, 196.26051330566406, 1.0], [210.72415161132812, 185.48731994628906, 1.0], [248.37110900878906, 181.4972686767578, 1.0], [234.064208984375, 157.58676147460938, 1.0], [209.4812469482422, 134.18251037597656, 1.0], [225.15480041503906, 170.44940185546875, 1.0], [251.9016571044922, 161.77456665039062, 1.0], [240.25315856933594, 144.85670471191406, 1.0], [213.5745849609375, 128.72743225097656, 1.0]], "is_left": 0}