{"hand_pts": [[226.6407012939453, 335.13507080078125, 1.0], [169.32681274414062, 291.3320617675781, 1.0], [110.23566436767578, 272.09234619140625, 1.0], [82.44861602783203, 242.22412109375, 1.0], [85.3288345336914, 213.2201690673828, 1.0], [183.5993194580078, 183.43751525878906, 1.0], [143.96298217773438, 146.71014404296875, 1.0], [118.05272674560547, 140.95657348632812, 1.0], [96.79473876953125, 153.2549285888672, 1.0], [222.00975036621094, 187.34738159179688, 1.0], [201.20555114746094, 131.5276641845703, 1.0], [173.22930908203125, 150.47750854492188, 1.0], [151.3297882080078, 191.4817352294922, 1.0], [248.6280059814453, 197.31820678710938, 1.0], [252.41993713378906, 131.35556030273438, 1.0], [229.53782653808594, 132.8917999267578, 1.0], [201.72801208496094, 155.0966033935547, 1.0], [271.6639099121094, 216.7838134765625, 1.0], [272.3567810058594, 182.154541015625, 1.0], [248.07957458496094, 189.1852569580078, 1.0], [217.83999633789062, 213.31053161621094, 1.0]], "is_left": 0}