{"hand_pts": [[107.40882110595703, 105.94062805175781, 1.0], [134.20826721191406, 169.1242218017578, 1.0], [159.98707580566406, 225.44149780273438, 1.0], [179.38006591796875, 226.2120819091797, 1.0], [181.90304565429688, 198.17001342773438, 1.0], [140.49826049804688, 219.3754425048828, 1.0], [179.38600158691406, 262.56561279296875, 1.0], [209.1080322265625, 281.9049377441406, 1.0], [229.8545684814453, 263.84014892578125, 1.0], [145.66021728515625, 181.03616333007812, 1.0], [166.80799865722656, 228.95086669921875, 1.0], [195.80337524414062, 225.5053253173828, 1.0], [217.1453857421875, 215.1460723876953, 1.0], [152.7808074951172, 150.1334991455078, 1.0], [207.51145935058594, 157.06787109375, 1.0], [212.4830322265625, 144.74093627929688, 1.0], [197.6475372314453, 134.33949279785156, 1.0], [158.21876525878906, 118.50032043457031, 1.0], [193.0064697265625, 96.22300720214844, 1.0], [207.52940368652344, 81.72843170166016, 1.0], [198.02076721191406, 81.25560760498047, 1.0]], "is_left": 0}