{"hand_pts": [[330.9892578125, 120.52375030517578, 1.0], [299.8045349121094, 171.9557342529297, 1.0], [289.3478088378906, 224.39752197265625, 1.0], [251.6436004638672, 249.40542602539062, 1.0], [211.2752685546875, 251.86509704589844, 1.0], [222.7322235107422, 190.8872833251953, 1.0], [171.87899780273438, 223.34503173828125, 1.0], [158.46527099609375, 235.00106811523438, 1.0], [164.4934844970703, 234.5048828125, 1.0], [213.2621612548828, 160.09878540039062, 1.0], [142.40432739257812, 187.31903076171875, 1.0], [121.06497955322266, 206.27243041992188, 1.0], [128.32211303710938, 217.5054931640625, 1.0], [209.0408935546875, 136.22027587890625, 1.0], [139.25953674316406, 152.13304138183594, 1.0], [114.00313568115234, 166.84974670410156, 1.0], [109.19496154785156, 181.9921875, 1.0], [212.81939697265625, 112.58860778808594, 1.0], [178.26046752929688, 115.40643310546875, 1.0], [171.9955291748047, 122.8436279296875, 1.0], [190.463134765625, 135.1547393798828, 1.0]], "is_left": 0}