{"hand_pts": [[171.48907470703125, 27.01079559326172, 1.0], [160.61923217773438, 91.97544860839844, 1.0], [131.25628662109375, 123.57525634765625, 1.0], [104.21768951416016, 171.7967071533203, 1.0], [107.12510681152344, 185.18260192871094, 1.0], [258.29547119140625, 157.26837158203125, 1.0], [215.3636016845703, 216.37838745117188, 1.0], [162.62991333007812, 215.481689453125, 1.0], [137.45594787597656, 181.50062561035156, 1.0], [268.0685729980469, 151.97021484375, 1.0], [231.7504425048828, 227.2577362060547, 1.0], [173.2281951904297, 243.5297088623047, 1.0], [118.9857177734375, 232.43783569335938, 1.0], [264.8686218261719, 148.0160369873047, 1.0], [231.56451416015625, 215.8316650390625, 1.0], [176.88058471679688, 221.8747100830078, 1.0], [147.52731323242188, 191.6355743408203, 1.0], [252.5527801513672, 137.57095336914062, 1.0], [227.99349975585938, 179.76809692382812, 1.0], [183.21109008789062, 184.71400451660156, 1.0], [169.0695343017578, 157.91868591308594, 1.0]], "is_left": 0}