{"hand_pts": [[110.44074249267578, 79.46283721923828, 1.0], [121.26592254638672, 148.0360870361328, 1.0], [125.82266998291016, 202.89791870117188, 1.0], [141.910888671875, 243.51467895507812, 1.0], [164.1017303466797, 271.0218200683594, 1.0], [140.4020233154297, 181.82420349121094, 1.0], [152.26754760742188, 223.62266540527344, 1.0], [166.3453369140625, 250.1090545654297, 1.0], [177.6247100830078, 274.243408203125, 1.0], [159.95516967773438, 145.517333984375, 1.0], [178.816162109375, 189.4686279296875, 1.0], [195.87501525878906, 219.9216766357422, 1.0], [211.33786010742188, 247.9374542236328, 1.0], [177.26998901367188, 116.87779998779297, 1.0], [205.9536895751953, 150.13522338867188, 1.0], [227.3040771484375, 173.00192260742188, 1.0], [248.69960021972656, 196.07203674316406, 1.0], [191.08811950683594, 87.21631622314453, 1.0], [219.3381805419922, 104.25436401367188, 1.0], [240.27178955078125, 119.70011138916016, 1.0], [261.3527526855469, 138.8499298095703, 1.0]], "is_left": 0}