{"hand_pts": [[181.34339904785156, 330.0496520996094, 1.0], [133.95211791992188, 267.5451354980469, 1.0], [78.34783935546875, 235.70521545410156, 1.0], [81.32672882080078, 185.67662048339844, 1.0], [125.63845825195312, 179.93002319335938, 1.0], [159.1227264404297, 200.46022033691406, 1.0], [144.5264434814453, 144.61520385742188, 1.0], [137.4641571044922, 162.05599975585938, 1.0], [142.21299743652344, 205.615234375, 1.0], [202.98300170898438, 205.05862426757812, 1.0], [208.2357940673828, 127.78083801269531, 1.0], [186.8502197265625, 146.1136474609375, 1.0], [168.70883178710938, 188.53326416015625, 1.0], [234.3599853515625, 208.6201629638672, 1.0], [245.25634765625, 135.80499267578125, 1.0], [224.9888458251953, 140.1685028076172, 1.0], [202.37359619140625, 174.857666015625, 1.0], [260.33087158203125, 218.64089965820312, 1.0], [271.108154296875, 180.3078155517578, 1.0], [250.58848571777344, 186.42471313476562, 1.0], [227.09918212890625, 217.58534240722656, 1.0]], "is_left": 0}