{"hand_pts": [[327.87127685546875, 126.14191436767578, 1.0], [285.73040771484375, 200.0094757080078, 1.0], [269.1072998046875, 264.6077880859375, 1.0], [228.44708251953125, 285.3839111328125, 1.0], [200.70693969726562, 255.58175659179688, 1.0], [197.7913055419922, 221.7168731689453, 1.0], [146.4057159423828, 248.07957458496094, 1.0], [153.48178100585938, 246.31698608398438, 1.0], [183.10997009277344, 232.02792358398438, 1.0], [190.24046325683594, 171.46670532226562, 1.0], [130.8195037841797, 192.50534057617188, 1.0], [147.40435791015625, 198.46055603027344, 1.0], [187.87054443359375, 196.93072509765625, 1.0], [187.62059020996094, 132.08026123046875, 1.0], [131.97825622558594, 137.7993621826172, 1.0], [148.94552612304688, 142.91958618164062, 1.0], [187.7736053466797, 147.77459716796875, 1.0], [193.93112182617188, 93.97627258300781, 1.0], [161.78514099121094, 88.15849304199219, 1.0], [173.67364501953125, 96.7080307006836, 1.0], [206.80064392089844, 111.0177001953125, 1.0]], "is_left": 0}