{"hand_pts": [[267.7405090332031, 61.695892333984375, 1.0], [237.64158630371094, 73.13756561279297, 1.0], [212.18869018554688, 73.54823303222656, 1.0], [188.29351806640625, 95.3320541381836, 1.0], [168.108642578125, 129.1865997314453, 1.0], [195.49229431152344, 130.08348083496094, 1.0], [161.0322265625, 164.47360229492188, 1.0], [142.0646209716797, 189.43626403808594, 1.0], [124.0705795288086, 215.45321655273438, 1.0], [208.10079956054688, 149.7748565673828, 1.0], [169.6621551513672, 200.21080017089844, 1.0], [149.74838256835938, 228.39869689941406, 1.0], [131.718994140625, 254.38134765625, 1.0], [220.3311004638672, 163.478759765625, 1.0], [187.89706420898438, 219.1101837158203, 1.0], [173.18753051757812, 246.46388244628906, 1.0], [160.80335998535156, 269.62176513671875, 1.0], [235.7624053955078, 170.0849609375, 1.0], [219.48330688476562, 212.35621643066406, 1.0], [209.17138671875, 237.3203125, 1.0], [199.62966918945312, 255.55543518066406, 1.0]], "is_left": 0}