{"hand_pts": [[324.3938903808594, 179.97792053222656, 1.0], [293.2746887207031, 172.9089813232422, 1.0], [292.50970458984375, 161.67965698242188, 1.0], [264.43597412109375, 170.7916717529297, 1.0], [230.77462768554688, 191.93011474609375, 1.0], [195.91998291015625, 140.27687072753906, 1.0], [139.15321350097656, 147.07069396972656, 1.0], [147.09371948242188, 171.00477600097656, 1.0], [177.27444458007812, 191.2310791015625, 1.0], [183.42213439941406, 152.40570068359375, 1.0], [127.7304916381836, 175.01332092285156, 1.0], [140.26271057128906, 199.19570922851562, 1.0], [182.001953125, 213.23817443847656, 1.0], [178.37672424316406, 166.03469848632812, 1.0], [120.40348052978516, 184.11758422851562, 1.0], [142.94924926757812, 203.0287628173828, 1.0], [182.16888427734375, 213.84576416015625, 1.0], [183.51715087890625, 181.299072265625, 1.0], [151.41307067871094, 201.25506591796875, 1.0], [170.00595092773438, 214.63742065429688, 1.0], [207.05665588378906, 214.00933837890625, 1.0]], "is_left": 0}