{"hand_pts": [[29.7187442779541, 120.09056854248047, 1.0], [76.6767349243164, 179.2305450439453, 1.0], [86.0718994140625, 239.61785888671875, 1.0], [139.08531188964844, 243.35421752929688, 1.0], [169.0083770751953, 200.27740478515625, 1.0], [147.09078979492188, 242.2627716064453, 1.0], [199.39620971679688, 249.23927307128906, 1.0], [196.82748413085938, 223.45391845703125, 1.0], [171.03839111328125, 192.22572326660156, 1.0], [158.23580932617188, 206.30697631835938, 1.0], [236.89210510253906, 214.5487823486328, 1.0], [227.84239196777344, 193.0391082763672, 1.0], [183.6905517578125, 178.79270935058594, 1.0], [166.8107147216797, 174.02944946289062, 1.0], [244.4004364013672, 168.73193359375, 1.0], [252.01632690429688, 152.75900268554688, 1.0], [222.9029541015625, 143.429443359375, 1.0], [167.5911865234375, 138.6627960205078, 1.0], [211.49169921875, 119.75436401367188, 1.0], [205.8545684814453, 108.06830596923828, 1.0], [169.28163146972656, 112.84980773925781, 1.0]], "is_left": 0}