{"hand_pts": [[226.10328674316406, 55.511817932128906, 1.0], [239.79446411132812, 126.16525268554688, 1.0], [249.30609130859375, 177.2838592529297, 1.0], [243.49606323242188, 212.26113891601562, 1.0], [231.0553436279297, 218.83740234375, 1.0], [168.08163452148438, 186.93624877929688, 1.0], [146.44532775878906, 235.67153930664062, 1.0], [166.5584716796875, 252.61831665039062, 1.0], [176.37132263183594, 274.1756591796875, 1.0], [156.97781372070312, 158.45912170410156, 1.0], [122.3704833984375, 203.8886260986328, 1.0], [149.26321411132812, 223.8883056640625, 1.0], [188.58607482910156, 214.54844665527344, 1.0], [156.0948944091797, 134.6431121826172, 1.0], [154.38446044921875, 170.42364501953125, 1.0], [173.75625610351562, 186.2687530517578, 1.0], [209.6645050048828, 190.311279296875, 1.0], [161.80165100097656, 107.08836364746094, 1.0], [176.3233184814453, 126.60472106933594, 1.0], [207.9285125732422, 127.92302703857422, 1.0], [222.37509155273438, 116.03483581542969, 1.0]], "is_left": 0}