{"hand_pts": [[88.16730499267578, 315.8337707519531, 1.0], [121.6960678100586, 293.3214416503906, 1.0], [147.86842346191406, 281.40142822265625, 1.0], [168.83985900878906, 257.5025634765625, 1.0], [183.9073486328125, 226.47323608398438, 1.0], [190.39382934570312, 224.41897583007812, 1.0], [235.6416473388672, 182.60914611816406, 1.0], [255.91627502441406, 155.85353088378906, 1.0], [277.5425720214844, 128.05508422851562, 1.0], [164.94857788085938, 217.55209350585938, 1.0], [210.28541564941406, 162.88577270507812, 1.0], [228.03143310546875, 132.56163024902344, 1.0], [243.5694580078125, 104.0350341796875, 1.0], [139.62420654296875, 215.58572387695312, 1.0], [176.91041564941406, 162.1333465576172, 1.0], [187.03208923339844, 135.5819091796875, 1.0], [195.77297973632812, 110.03822326660156, 1.0], [111.06387329101562, 220.52374267578125, 1.0], [124.94380950927734, 185.25567626953125, 1.0], [130.878173828125, 162.8756561279297, 1.0], [135.01144409179688, 143.06919860839844, 1.0]], "is_left": 0}