{"hand_pts": [[327.7811279296875, 208.10227966308594, 1.0], [293.75970458984375, 231.99453735351562, 1.0], [270.64752197265625, 249.49916076660156, 1.0], [242.2795867919922, 252.58570861816406, 1.0], [212.70846557617188, 247.1713104248047, 1.0], [213.8583984375, 219.95773315429688, 1.0], [166.76512145996094, 226.4727020263672, 1.0], [137.76744079589844, 227.81385803222656, 1.0], [108.9428939819336, 229.5031280517578, 1.0], [216.25111389160156, 185.48019409179688, 1.0], [158.541015625, 186.2315216064453, 1.0], [126.86234283447266, 186.2083282470703, 1.0], [95.25548553466797, 186.6646728515625, 1.0], [223.00958251953125, 157.89651489257812, 1.0], [170.7845001220703, 147.02496337890625, 1.0], [152.13653564453125, 141.6920928955078, 1.0], [137.32693481445312, 137.2678985595703, 1.0], [237.04766845703125, 133.90171813964844, 1.0], [204.0292205810547, 117.3801498413086, 1.0], [183.25009155273438, 106.87551879882812, 1.0], [165.38427734375, 99.73282623291016, 1.0]], "is_left": 0}