{"hand_pts": [[257.90032958984375, 296.89190673828125, 1.0], [188.48138427734375, 267.0860900878906, 1.0], [115.17815399169922, 252.19140625, 1.0], [87.23995208740234, 233.73187255859375, 1.0], [117.04647064208984, 228.07083129882812, 1.0], [164.98733520507812, 166.87646484375, 1.0], [132.47682189941406, 104.51917266845703, 1.0], [125.98196411132812, 119.61418914794922, 1.0], [141.0690460205078, 163.73187255859375, 1.0], [205.60122680664062, 161.93002319335938, 1.0], [169.86312866210938, 155.2504119873047, 1.0], [162.7886962890625, 199.29345703125, 1.0], [174.7079315185547, 243.52944946289062, 1.0], [236.26702880859375, 164.39126586914062, 1.0], [228.99258422851562, 107.75153350830078, 1.0], [214.14883422851562, 139.81842041015625, 1.0], [204.12026977539062, 182.65447998046875, 1.0], [266.1907043457031, 176.13363647460938, 1.0], [262.3037414550781, 177.8992919921875, 1.0], [254.04965209960938, 212.08912658691406, 1.0], [246.4852294921875, 244.45574951171875, 1.0]], "is_left": 0}