{"hand_pts": [[283.8854675292969, 36.71703338623047, 1.0], [240.04022216796875, 93.87872314453125, 1.0], [215.44293212890625, 133.72024536132812, 1.0], [165.21087646484375, 167.59230041503906, 1.0], [126.6659164428711, 172.01263427734375, 1.0], [259.0338439941406, 192.389404296875, 1.0], [213.5668182373047, 250.02769470214844, 1.0], [159.13771057128906, 243.3761749267578, 1.0], [121.86770629882812, 207.4602508544922, 1.0], [259.96484375, 176.6392364501953, 1.0], [210.9906463623047, 246.93919372558594, 1.0], [152.706787109375, 230.97073364257812, 1.0], [109.78351593017578, 199.9521942138672, 1.0], [253.18194580078125, 158.34634399414062, 1.0], [184.89163208007812, 209.20249938964844, 1.0], [131.52261352539062, 199.37855529785156, 1.0], [96.16709899902344, 170.1346893310547, 1.0], [245.51158142089844, 131.6832275390625, 1.0], [205.29937744140625, 166.01881408691406, 1.0], [165.3628692626953, 158.25729370117188, 1.0], [165.44290161132812, 130.66134643554688, 1.0]], "is_left": 0}