{"hand_pts": [[185.9263153076172, 333.945556640625, 1.0], [196.73109436035156, 280.1274719238281, 1.0], [206.899169921875, 233.9589385986328, 1.0], [214.49569702148438, 189.58804321289062, 1.0], [218.2420654296875, 149.48216247558594, 1.0], [162.48770141601562, 217.1129608154297, 1.0], [146.9331817626953, 160.36941528320312, 1.0], [151.80967712402344, 123.84453582763672, 1.0], [152.3538055419922, 88.15814208984375, 1.0], [166.21588134765625, 231.66104125976562, 1.0], [173.12469482421875, 163.15184020996094, 1.0], [201.10858154296875, 134.52610778808594, 1.0], [226.64683532714844, 107.21363830566406, 1.0], [174.81016540527344, 245.19601440429688, 1.0], [172.4833984375, 184.930908203125, 1.0], [193.51065063476562, 155.2218475341797, 1.0], [221.18727111816406, 134.366943359375, 1.0], [185.78602600097656, 263.9164123535156, 1.0], [182.5691375732422, 224.9431610107422, 1.0], [183.5251007080078, 196.85086059570312, 1.0], [193.927734375, 166.22760009765625, 1.0]], "is_left": 0}