{"hand_pts": [[317.113525390625, 209.4874725341797, 1.0], [291.4388122558594, 173.83804321289062, 1.0], [284.50506591796875, 153.85845947265625, 1.0], [252.41978454589844, 141.18971252441406, 1.0], [210.4190673828125, 135.9220428466797, 1.0], [226.24526977539062, 209.78634643554688, 1.0], [178.02952575683594, 195.2379150390625, 1.0], [148.13548278808594, 173.07957458496094, 1.0], [118.45895385742188, 153.81361389160156, 1.0], [212.11727905273438, 222.9248504638672, 1.0], [142.9796142578125, 237.2996063232422, 1.0], [136.96542358398438, 189.8651885986328, 1.0], [162.43661499023438, 155.5367889404297, 1.0], [202.90907287597656, 226.76744079589844, 1.0], [134.75634765625, 223.444091796875, 1.0], [103.58300018310547, 197.1888427734375, 1.0], [97.9490966796875, 156.1613006591797, 1.0], [200.9144287109375, 227.1411895751953, 1.0], [179.42578125, 185.44236755371094, 1.0], [189.16172790527344, 154.01145935058594, 1.0], [208.9434051513672, 123.85340118408203, 1.0]], "is_left": 0}