{"hand_pts": [[145.33616638183594, 31.350603103637695, 1.0], [153.42750549316406, 89.02701568603516, 1.0], [141.64614868164062, 135.2555694580078, 1.0], [150.79617309570312, 184.101318359375, 1.0], [167.86097717285156, 217.67584228515625, 1.0], [137.4856719970703, 163.2492218017578, 1.0], [153.2064666748047, 222.48553466796875, 1.0], [173.12904357910156, 254.65286254882812, 1.0], [200.84494018554688, 274.4820861816406, 1.0], [150.9651641845703, 148.6696319580078, 1.0], [156.84893798828125, 217.12332153320312, 1.0], [186.52342224121094, 244.0542449951172, 1.0], [216.8076629638672, 259.14996337890625, 1.0], [165.9508056640625, 134.6347198486328, 1.0], [194.137939453125, 192.00205993652344, 1.0], [224.04360961914062, 202.2567138671875, 1.0], [242.6013641357422, 190.66445922851562, 1.0], [180.81277465820312, 114.71864318847656, 1.0], [217.0116729736328, 139.07249450683594, 1.0], [241.81121826171875, 141.80416870117188, 1.0], [256.64453125, 133.234130859375, 1.0]], "is_left": 0}