{"hand_pts": [[307.54254150390625, 183.91368103027344, 1.0], [257.994873046875, 143.88760375976562, 1.0], [215.2933807373047, 98.97864532470703, 1.0], [177.30126953125, 70.72833251953125, 1.0], [148.9866180419922, 63.284515380859375, 1.0], [184.3076171875, 172.7979278564453, 1.0], [131.0323486328125, 165.23175048828125, 1.0], [110.05719757080078, 155.7047576904297, 1.0], [96.19605255126953, 146.0531005859375, 1.0], [206.0735321044922, 208.8125762939453, 1.0], [153.049072265625, 200.29629516601562, 1.0], [148.2351837158203, 177.6494598388672, 1.0], [152.39439392089844, 153.39109802246094, 1.0], [227.46006774902344, 233.55502319335938, 1.0], [189.70858764648438, 233.5980224609375, 1.0], [188.59524536132812, 216.75146484375, 1.0], [195.0508575439453, 195.33203125, 1.0], [253.9024200439453, 253.2037811279297, 1.0], [229.5095672607422, 269.99700927734375, 1.0], [220.2263641357422, 262.3055114746094, 1.0], [217.65940856933594, 240.903564453125, 1.0]], "is_left": 0}