{"hand_pts": [[115.06967163085938, 292.8251037597656, 1.0], [173.5679473876953, 240.9461669921875, 1.0], [225.68565368652344, 208.30030822753906, 1.0], [265.27752685546875, 180.66598510742188, 1.0], [264.27349853515625, 177.40394592285156, 1.0], [134.82078552246094, 149.0482940673828, 1.0], [191.09890747070312, 119.81771850585938, 1.0], [236.84005737304688, 138.72903442382812, 1.0], [268.0799865722656, 173.39349365234375, 1.0], [108.74662017822266, 164.53936767578125, 1.0], [164.6155548095703, 128.26153564453125, 1.0], [210.73114013671875, 163.40289306640625, 1.0], [198.27127075195312, 193.8001708984375, 1.0], [96.3003921508789, 182.48828125, 1.0], [160.83396911621094, 182.7965545654297, 1.0], [196.69297790527344, 217.22613525390625, 1.0], [213.8780517578125, 249.3472442626953, 1.0], [88.34476470947266, 208.0796356201172, 1.0], [110.75077819824219, 196.8772430419922, 1.0], [150.43406677246094, 203.54949951171875, 1.0], [191.02554321289062, 219.92898559570312, 1.0]], "is_left": 0}