{"hand_pts": [[224.55958557128906, 334.2281188964844, 1.0], [171.42755126953125, 287.42352294921875, 1.0], [141.56991577148438, 273.7825012207031, 1.0], [108.64537811279297, 227.0245361328125, 1.0], [106.13373565673828, 200.31993103027344, 1.0], [212.05050659179688, 193.92559814453125, 1.0], [164.84561157226562, 143.74737548828125, 1.0], [141.4659881591797, 166.94711303710938, 1.0], [151.19284057617188, 207.29397583007812, 1.0], [239.93463134765625, 181.8520965576172, 1.0], [190.55783081054688, 120.8570556640625, 1.0], [157.84893798828125, 148.43032836914062, 1.0], [164.5029296875, 195.5902862548828, 1.0], [254.05389404296875, 174.99732971191406, 1.0], [206.45179748535156, 129.38694763183594, 1.0], [190.09100341796875, 168.56333923339844, 1.0], [209.03012084960938, 201.32302856445312, 1.0], [263.0958251953125, 177.92770385742188, 1.0], [239.6362762451172, 142.65208435058594, 1.0], [210.92198181152344, 156.57435607910156, 1.0], [206.2870635986328, 191.46780395507812, 1.0]], "is_left": 0}