{"hand_pts": [[96.63700866699219, 243.3549346923828, 1.0], [92.79322814941406, 214.37464904785156, 1.0], [65.30296325683594, 195.9408721923828, 1.0], [52.01219940185547, 168.94725036621094, 1.0], [46.311336517333984, 140.50437927246094, 1.0], [166.95477294921875, 222.0490264892578, 1.0], [203.81948852539062, 206.70968627929688, 1.0], [216.1597137451172, 183.41299438476562, 1.0], [233.00347900390625, 164.120849609375, 1.0], [194.5800018310547, 225.00906372070312, 1.0], [231.60430908203125, 187.8209686279297, 1.0], [221.85372924804688, 159.30726623535156, 1.0], [199.7687530517578, 137.37942504882812, 1.0], [211.3125, 223.3145751953125, 1.0], [229.5589141845703, 184.92950439453125, 1.0], [213.3316650390625, 161.09266662597656, 1.0], [181.95721435546875, 158.91604614257812, 1.0], [219.376953125, 221.3438720703125, 1.0], [245.9140167236328, 198.81814575195312, 1.0], [231.7821502685547, 179.8821563720703, 1.0], [216.1727752685547, 159.8470916748047, 1.0]], "is_left": 0}