{"hand_pts": [[319.2782287597656, 170.7585906982422, 1.0], [258.1401672363281, 175.02352905273438, 1.0], [208.334716796875, 173.98863220214844, 1.0], [165.43450927734375, 181.56053161621094, 1.0], [135.85374450683594, 192.88368225097656, 1.0], [203.3597869873047, 152.4701690673828, 1.0], [150.78717041015625, 152.38015747070312, 1.0], [121.91040802001953, 165.93011474609375, 1.0], [97.96888732910156, 183.04086303710938, 1.0], [226.58746337890625, 162.40402221679688, 1.0], [169.5912628173828, 166.62095642089844, 1.0], [138.25662231445312, 183.83673095703125, 1.0], [112.47312927246094, 203.31065368652344, 1.0], [245.79176330566406, 174.29339599609375, 1.0], [197.72769165039062, 183.63397216796875, 1.0], [173.30386352539062, 201.5969696044922, 1.0], [153.50486755371094, 221.6747589111328, 1.0], [268.4093322753906, 186.9207305908203, 1.0], [242.3682403564453, 199.7010040283203, 1.0], [223.3097381591797, 214.6907196044922, 1.0], [205.3017578125, 231.73046875, 1.0]], "is_left": 0}