{"hand_pts": [[141.6221160888672, 28.191213607788086, 1.0], [114.79049682617188, 91.29308319091797, 1.0], [93.3825912475586, 114.16930389404297, 1.0], [108.30992126464844, 161.3604278564453, 1.0], [133.6018524169922, 178.5648193359375, 1.0], [172.76316833496094, 151.93975830078125, 1.0], [133.92977905273438, 196.91177368164062, 1.0], [105.33580780029297, 218.2749481201172, 1.0], [76.29329681396484, 224.2802734375, 1.0], [203.52294921875, 144.44888305664062, 1.0], [236.98562622070312, 201.82351684570312, 1.0], [230.007568359375, 244.97012329101562, 1.0], [200.18121337890625, 253.98538208007812, 1.0], [222.36111450195312, 138.8486785888672, 1.0], [247.30357360839844, 203.96875, 1.0], [237.6935577392578, 240.09548950195312, 1.0], [232.69796752929688, 276.960693359375, 1.0], [234.1737518310547, 127.5409927368164, 1.0], [236.7362823486328, 150.27854919433594, 1.0], [226.66383361816406, 158.3662109375, 1.0], [200.48658752441406, 154.4758758544922, 1.0]], "is_left": 0}