{"hand_pts": [[206.93519592285156, 291.2363586425781, 1.0], [241.68829345703125, 243.37863159179688, 1.0], [287.3521728515625, 223.6094512939453, 1.0], [270.16839599609375, 188.88995361328125, 1.0], [227.9988555908203, 171.99407958984375, 1.0], [222.76602172851562, 216.3229217529297, 1.0], [222.17726135253906, 166.7054443359375, 1.0], [221.6741485595703, 139.169677734375, 1.0], [221.45779418945312, 126.78656005859375, 1.0], [183.6840057373047, 224.90673828125, 1.0], [185.7293243408203, 164.84547424316406, 1.0], [198.32525634765625, 147.10279846191406, 1.0], [213.5698699951172, 154.11424255371094, 1.0], [153.43670654296875, 229.969970703125, 1.0], [132.02154541015625, 180.79278564453125, 1.0], [134.07948303222656, 150.763427734375, 1.0], [152.0259552001953, 149.0048370361328, 1.0], [127.09521484375, 237.60203552246094, 1.0], [89.65938568115234, 215.77125549316406, 1.0], [92.36040496826172, 189.23300170898438, 1.0], [110.31358337402344, 166.71173095703125, 1.0]], "is_left": 0}