{"hand_pts": [[33.64234161376953, 112.27340698242188, 1.0], [102.65336608886719, 98.9888916015625, 1.0], [150.3346710205078, 74.76899719238281, 1.0], [202.64596557617188, 87.45686340332031, 1.0], [231.56361389160156, 120.87598419189453, 1.0], [143.53770446777344, 158.14097595214844, 1.0], [206.83763122558594, 178.83241271972656, 1.0], [240.90106201171875, 176.45628356933594, 1.0], [258.4914245605469, 166.16897583007812, 1.0], [125.82310485839844, 188.3839874267578, 1.0], [199.0097198486328, 218.31289672851562, 1.0], [234.42083740234375, 205.02139282226562, 1.0], [250.19798278808594, 180.57704162597656, 1.0], [113.91471862792969, 207.86927795410156, 1.0], [179.21340942382812, 242.90469360351562, 1.0], [212.5044708251953, 233.9241180419922, 1.0], [230.71592712402344, 211.1846160888672, 1.0], [98.97301483154297, 219.7701873779297, 1.0], [139.7124481201172, 242.05833435058594, 1.0], [166.15956115722656, 235.21780395507812, 1.0], [180.64332580566406, 209.7697296142578, 1.0]], "is_left": 0}