{"hand_pts": [[135.7174835205078, 341.51263427734375, 1.0], [153.74778747558594, 292.37896728515625, 1.0], [175.15274047851562, 258.9510192871094, 1.0], [194.85311889648438, 209.93048095703125, 1.0], [198.09230041503906, 181.72991943359375, 1.0], [220.3109130859375, 224.4872589111328, 1.0], [257.002197265625, 169.2082977294922, 1.0], [268.88336181640625, 128.5869903564453, 1.0], [254.0323028564453, 96.04974365234375, 1.0], [208.39146423339844, 222.38595581054688, 1.0], [214.53244018554688, 146.871826171875, 1.0], [189.08851623535156, 118.34782409667969, 1.0], [159.69102478027344, 139.0604248046875, 1.0], [192.75302124023438, 221.48660278320312, 1.0], [180.36471557617188, 158.1282196044922, 1.0], [153.45217895507812, 147.67771911621094, 1.0], [134.3795623779297, 182.34817504882812, 1.0], [172.43295288085938, 227.4212646484375, 1.0], [137.38543701171875, 203.04452514648438, 1.0], [109.50535583496094, 193.14425659179688, 1.0], [79.24098205566406, 195.95196533203125, 1.0]], "is_left": 0}