{"hand_pts": [[93.96414184570312, 315.51153564453125, 1.0], [149.7693634033203, 273.77764892578125, 1.0], [203.07188415527344, 242.9650421142578, 1.0], [244.43878173828125, 203.97967529296875, 1.0], [280.0637512207031, 168.07052612304688, 1.0], [225.8243865966797, 245.87745666503906, 1.0], [231.9376220703125, 176.670654296875, 1.0], [194.32240295410156, 169.9300994873047, 1.0], [162.1876220703125, 197.46536254882812, 1.0], [197.12347412109375, 239.3287811279297, 1.0], [218.22691345214844, 159.10757446289062, 1.0], [192.99659729003906, 134.03753662109375, 1.0], [164.6266326904297, 125.58165740966797, 1.0], [170.20809936523438, 231.16046142578125, 1.0], [177.3960723876953, 153.20423889160156, 1.0], [175.07266235351562, 108.87720489501953, 1.0], [153.69052124023438, 98.60438537597656, 1.0], [138.92066955566406, 226.76394653320312, 1.0], [136.64588928222656, 174.7419891357422, 1.0], [124.3589859008789, 170.1694793701172, 1.0], [118.80562591552734, 195.96224975585938, 1.0]], "is_left": 0}