{"hand_pts": [[261.4761962890625, 212.54774475097656, 1.0], [274.5917053222656, 177.46856689453125, 1.0], [292.7320556640625, 117.79378509521484, 1.0], [261.4939880371094, 103.91080474853516, 1.0], [226.6528778076172, 99.73004150390625, 1.0], [197.8629913330078, 131.07254028320312, 1.0], [193.4414520263672, 109.84808349609375, 1.0], [216.78855895996094, 133.4369354248047, 1.0], [240.78688049316406, 168.82994079589844, 1.0], [169.65797424316406, 163.25547790527344, 1.0], [117.85204315185547, 131.0209503173828, 1.0], [124.007568359375, 138.83560180664062, 1.0], [150.62249755859375, 158.1558380126953, 1.0], [153.67520141601562, 193.17811584472656, 1.0], [162.9125213623047, 240.0124969482422, 1.0], [186.7711181640625, 269.9822692871094, 1.0], [210.91183471679688, 299.1196594238281, 1.0], [146.50645446777344, 224.57693481445312, 1.0], [127.23818969726562, 262.193115234375, 1.0], [117.23406982421875, 289.3717956542969, 1.0], [145.7705535888672, 307.2874450683594, 1.0]], "is_left": 0}