{"hand_pts": [[166.4782257080078, 294.1948547363281, 1.0], [141.2413330078125, 265.8351135253906, 1.0], [93.25273132324219, 254.6458740234375, 1.0], [72.38419342041016, 242.9617156982422, 1.0], [75.52764892578125, 232.0653839111328, 1.0], [134.77862548828125, 179.72592163085938, 1.0], [143.48780822753906, 146.7085723876953, 1.0], [162.65817260742188, 167.943115234375, 1.0], [181.8874053955078, 193.5970001220703, 1.0], [169.55467224121094, 175.87451171875, 1.0], [192.12582397460938, 165.82431030273438, 1.0], [203.55670166015625, 178.1969451904297, 1.0], [207.50010681152344, 211.201904296875, 1.0], [198.9937744140625, 178.1497039794922, 1.0], [220.092041015625, 126.49175262451172, 1.0], [233.29542541503906, 111.11009979248047, 1.0], [243.26809692382812, 112.37811279296875, 1.0], [226.2247314453125, 188.5242156982422, 1.0], [265.0696105957031, 172.0211944580078, 1.0], [271.6217041015625, 189.56289672851562, 1.0], [264.1186828613281, 215.3513641357422, 1.0]], "is_left": 0}