{"hand_pts": [[91.4920654296875, 107.6544189453125, 1.0], [145.84556579589844, 170.80938720703125, 1.0], [186.05413818359375, 225.9728240966797, 1.0], [196.51034545898438, 274.1867980957031, 1.0], [173.68679809570312, 276.31781005859375, 1.0], [228.7650146484375, 149.21145629882812, 1.0], [232.05694580078125, 214.088134765625, 1.0], [194.20773315429688, 241.81134033203125, 1.0], [156.94760131835938, 233.25222778320312, 1.0], [202.69119262695312, 119.97122955322266, 1.0], [247.50808715820312, 161.8125762939453, 1.0], [245.41407775878906, 212.32339477539062, 1.0], [221.3932647705078, 257.8764343261719, 1.0], [176.3587188720703, 103.25104522705078, 1.0], [201.9340362548828, 128.07827758789062, 1.0], [192.87010192871094, 170.69338989257812, 1.0], [171.3642120361328, 212.3386993408203, 1.0], [144.1284942626953, 89.7000961303711, 1.0], [129.1237030029297, 126.66928100585938, 1.0], [108.7203140258789, 151.2529296875, 1.0], [103.07019805908203, 150.21240234375, 1.0]], "is_left": 0}