{"hand_pts": [[225.0434112548828, 199.011962890625, 1.0], [253.29115295410156, 186.1728973388672, 1.0], [289.9137268066406, 159.70834350585938, 1.0], [279.7826843261719, 180.6087188720703, 1.0], [243.91183471679688, 212.33348083496094, 1.0], [215.71939086914062, 117.42781829833984, 1.0], [206.68319702148438, 154.43052673339844, 1.0], [216.9443817138672, 191.4252166748047, 1.0], [226.77305603027344, 193.47991943359375, 1.0], [174.61752319335938, 127.98246002197266, 1.0], [151.10238647460938, 167.00511169433594, 1.0], [173.75656127929688, 207.10923767089844, 1.0], [199.39169311523438, 208.55435180664062, 1.0], [144.5826873779297, 143.36012268066406, 1.0], [117.40353393554688, 191.8369598388672, 1.0], [141.47244262695312, 222.25257873535156, 1.0], [164.81314086914062, 203.78221130371094, 1.0], [121.05436706542969, 163.72161865234375, 1.0], [93.80830383300781, 193.98870849609375, 1.0], [116.72447204589844, 219.49972534179688, 1.0], [146.871826171875, 210.6331024169922, 1.0]], "is_left": 0}