{"hand_pts": [[58.8986930847168, 293.5493469238281, 1.0], [111.57810974121094, 263.0338134765625, 1.0], [151.80316162109375, 244.7081298828125, 1.0], [185.5569610595703, 214.22337341308594, 1.0], [206.08860778808594, 173.6293182373047, 1.0], [184.2451171875, 242.2460174560547, 1.0], [243.61390686035156, 223.4501495361328, 1.0], [258.9104919433594, 189.06072998046875, 1.0], [254.06326293945312, 153.69261169433594, 1.0], [160.69921875, 231.95614624023438, 1.0], [209.08900451660156, 178.74713134765625, 1.0], [231.0277862548828, 143.6636199951172, 1.0], [244.7669677734375, 110.5770263671875, 1.0], [137.9034881591797, 220.94102478027344, 1.0], [187.0635986328125, 173.99916076660156, 1.0], [196.06655883789062, 141.19471740722656, 1.0], [204.6707305908203, 109.1310806274414, 1.0], [110.15410614013672, 213.16392517089844, 1.0], [124.59818267822266, 168.9061737060547, 1.0], [125.22612762451172, 142.19070434570312, 1.0], [122.78081512451172, 120.2778091430664, 1.0]], "is_left": 0}