{"hand_pts": [[273.54388427734375, 44.28501892089844, 1.0], [245.4798583984375, 64.7396240234375, 1.0], [219.7052001953125, 56.22772979736328, 1.0], [206.6766357421875, 102.99154663085938, 1.0], [207.851318359375, 155.9520721435547, 1.0], [147.7982177734375, 131.54879760742188, 1.0], [121.05745697021484, 185.9473876953125, 1.0], [155.13145446777344, 196.95166015625, 1.0], [201.5882568359375, 187.86170959472656, 1.0], [154.14328002929688, 154.29173278808594, 1.0], [128.49148559570312, 226.7705535888672, 1.0], [156.98472595214844, 242.8509979248047, 1.0], [198.33370971679688, 238.78607177734375, 1.0], [166.5850830078125, 170.56553649902344, 1.0], [159.05177307128906, 236.17379760742188, 1.0], [194.38165283203125, 238.2422637939453, 1.0], [237.3733367919922, 210.72605895996094, 1.0], [186.9005126953125, 178.8224639892578, 1.0], [187.16244506835938, 227.44895935058594, 1.0], [209.1710662841797, 239.0204620361328, 1.0], [241.09698486328125, 211.03964233398438, 1.0]], "is_left": 0}