{"hand_pts": [[77.97935485839844, 250.1637725830078, 1.0], [75.29522705078125, 203.24154663085938, 1.0], [67.74653625488281, 167.8219451904297, 1.0], [86.38594818115234, 140.87644958496094, 1.0], [119.17228698730469, 125.42784118652344, 1.0], [136.7549285888672, 204.41232299804688, 1.0], [162.04696655273438, 178.63510131835938, 1.0], [176.78221130371094, 152.49635314941406, 1.0], [192.97958374023438, 129.78033447265625, 1.0], [163.69789123535156, 218.2613525390625, 1.0], [199.302001953125, 193.323486328125, 1.0], [217.65286254882812, 169.73123168945312, 1.0], [230.1975555419922, 141.095703125, 1.0], [181.06544494628906, 224.63063049316406, 1.0], [225.13108825683594, 215.08055114746094, 1.0], [246.92652893066406, 197.57144165039062, 1.0], [267.7848205566406, 179.7715301513672, 1.0], [190.6032257080078, 230.4405975341797, 1.0], [225.7454833984375, 218.6108856201172, 1.0], [239.3756561279297, 197.57350158691406, 1.0], [250.62884521484375, 173.6942138671875, 1.0]], "is_left": 0}