{"hand_pts": [[175.1023406982422, 293.4296569824219, 1.0], [178.8946075439453, 228.7040557861328, 1.0], [184.5050048828125, 170.90403747558594, 1.0], [183.1852569580078, 124.483154296875, 1.0], [178.8998565673828, 87.20906066894531, 1.0], [207.90277099609375, 210.4099884033203, 1.0], [229.81642150878906, 175.5013885498047, 1.0], [232.31251525878906, 145.69654846191406, 1.0], [236.0902862548828, 119.08736419677734, 1.0], [189.842529296875, 232.46165466308594, 1.0], [204.06387329101562, 190.2610626220703, 1.0], [200.606201171875, 152.65231323242188, 1.0], [198.94354248046875, 118.95050811767578, 1.0], [170.67787170410156, 246.63636779785156, 1.0], [176.90087890625, 211.4698486328125, 1.0], [166.9467315673828, 177.5967559814453, 1.0], [157.12417602539062, 144.61643981933594, 1.0], [150.67343139648438, 261.6274719238281, 1.0], [142.44020080566406, 237.37303161621094, 1.0], [131.46168518066406, 212.27902221679688, 1.0], [118.7456283569336, 181.2157440185547, 1.0]], "is_left": 0}