{"hand_pts": [[274.6985168457031, 266.1614685058594, 1.0], [211.16827392578125, 263.5938720703125, 1.0], [153.831298828125, 283.4745178222656, 1.0], [104.65111541748047, 289.8771667480469, 1.0], [78.16891479492188, 265.0648193359375, 1.0], [179.28030395507812, 220.6187744140625, 1.0], [151.85302734375, 193.296875, 1.0], [156.10806274414062, 193.6642608642578, 1.0], [156.76492309570312, 189.13272094726562, 1.0], [211.97775268554688, 194.46575927734375, 1.0], [160.25755310058594, 155.7178192138672, 1.0], [148.71900939941406, 157.4485626220703, 1.0], [161.4463348388672, 176.26510620117188, 1.0], [237.7882843017578, 174.7097625732422, 1.0], [204.35211181640625, 139.77093505859375, 1.0], [194.11878967285156, 141.08253479003906, 1.0], [203.83058166503906, 171.4948272705078, 1.0], [264.69903564453125, 161.0890350341797, 1.0], [250.25799560546875, 122.63644409179688, 1.0], [238.337646484375, 100.57902526855469, 1.0], [224.3054962158203, 77.71890258789062, 1.0]], "is_left": 0}