{"hand_pts": [[211.748291015625, 46.83890914916992, 1.0], [236.67295837402344, 96.45889282226562, 1.0], [276.1335754394531, 104.07293701171875, 1.0], [278.6521301269531, 114.08939361572266, 1.0], [256.7884521484375, 124.35779571533203, 1.0], [234.23097229003906, 198.23052978515625, 1.0], [236.1930694580078, 257.0251159667969, 1.0], [218.9045867919922, 259.0975646972656, 1.0], [197.0441131591797, 232.81982421875, 1.0], [193.66123962402344, 192.9869842529297, 1.0], [146.30624389648438, 214.6492156982422, 1.0], [145.0931854248047, 170.3475341796875, 1.0], [171.84738159179688, 136.4921417236328, 1.0], [159.36737060546875, 182.98814392089844, 1.0], [154.31613159179688, 261.4710693359375, 1.0], [145.72406005859375, 276.4228515625, 1.0], [144.7657470703125, 242.10708618164062, 1.0], [128.26016235351562, 163.70851135253906, 1.0], [98.94575500488281, 178.3662872314453, 1.0], [109.5313949584961, 149.76194763183594, 1.0], [136.6190948486328, 121.51598358154297, 1.0]], "is_left": 0}