{"hand_pts": [[116.25971984863281, 209.19802856445312, 1.0], [103.89476776123047, 184.87680053710938, 1.0], [83.9897232055664, 154.0228271484375, 1.0], [80.02137756347656, 136.76095581054688, 1.0], [100.11308288574219, 146.05337524414062, 1.0], [166.51039123535156, 152.20010375976562, 1.0], [163.30299377441406, 160.3455352783203, 1.0], [139.0831756591797, 179.86769104003906, 1.0], [116.8716049194336, 197.57427978515625, 1.0], [196.01158142089844, 170.06100463867188, 1.0], [190.57308959960938, 183.5662384033203, 1.0], [169.68348693847656, 197.6114501953125, 1.0], [138.14561462402344, 212.7977294921875, 1.0], [214.7862091064453, 186.85409545898438, 1.0], [260.72589111328125, 181.5372772216797, 1.0], [279.3748474121094, 181.71755981445312, 1.0], [279.1388854980469, 187.0796661376953, 1.0], [226.02432250976562, 205.114990234375, 1.0], [250.74081420898438, 218.3283233642578, 1.0], [260.75830078125, 228.8226318359375, 1.0], [241.47933959960938, 238.4948272705078, 1.0]], "is_left": 0}