{"hand_pts": [[249.5264434814453, 155.04115295410156, 1.0], [259.4393310546875, 150.4313507080078, 1.0], [294.9849853515625, 152.7856903076172, 1.0], [256.5339050292969, 126.89352416992188, 1.0], [214.5916748046875, 116.26326751708984, 1.0], [241.20272827148438, 238.34596252441406, 1.0], [200.20321655273438, 200.9210205078125, 1.0], [197.92372131347656, 160.66053771972656, 1.0], [218.80923461914062, 161.79690551757812, 1.0], [204.8383026123047, 249.00453186035156, 1.0], [147.10342407226562, 205.51751708984375, 1.0], [161.15003967285156, 161.37197875976562, 1.0], [198.16116333007812, 167.42311096191406, 1.0], [174.52468872070312, 248.71893310546875, 1.0], [112.64668273925781, 209.044921875, 1.0], [128.8320770263672, 170.4662322998047, 1.0], [167.01390075683594, 183.77650451660156, 1.0], [148.6603240966797, 240.30712890625, 1.0], [101.47053527832031, 212.03463745117188, 1.0], [114.66836547851562, 176.4591827392578, 1.0], [152.7892303466797, 189.0559844970703, 1.0]], "is_left": 0}