{"hand_pts": [[237.23194885253906, 59.174964904785156, 1.0], [197.92117309570312, 129.06832885742188, 1.0], [155.65036010742188, 178.59527587890625, 1.0], [110.5751724243164, 209.176513671875, 1.0], [101.09944152832031, 197.95530700683594, 1.0], [250.45001220703125, 211.09730529785156, 1.0], [219.39683532714844, 264.9804382324219, 1.0], [166.19198608398438, 251.2916259765625, 1.0], [119.37556457519531, 225.67088317871094, 1.0], [264.62353515625, 182.5502166748047, 1.0], [233.6339569091797, 252.59280395507812, 1.0], [172.12838745117188, 260.95263671875, 1.0], [113.38201904296875, 252.21426391601562, 1.0], [266.80767822265625, 155.96372985839844, 1.0], [193.52272033691406, 165.61959838867188, 1.0], [149.32293701171875, 137.77151489257812, 1.0], [130.35122680664062, 110.53441619873047, 1.0], [263.8983459472656, 123.33486938476562, 1.0], [219.1988983154297, 125.45075988769531, 1.0], [173.93531799316406, 114.25566864013672, 1.0], [170.6468505859375, 104.23243713378906, 1.0]], "is_left": 0}