{"hand_pts": [[201.2208709716797, 38.89274597167969, 1.0], [149.56192016601562, 75.49659729003906, 1.0], [98.33198547363281, 105.99066162109375, 1.0], [79.29251098632812, 136.9180145263672, 1.0], [91.56815338134766, 159.9208984375, 1.0], [171.51455688476562, 182.0635528564453, 1.0], [145.84872436523438, 227.5426483154297, 1.0], [125.9150161743164, 226.44944763183594, 1.0], [107.97402954101562, 229.1846160888672, 1.0], [211.11228942871094, 167.60179138183594, 1.0], [195.6028289794922, 233.1022491455078, 1.0], [171.0522918701172, 237.43336486816406, 1.0], [147.95672607421875, 241.6671905517578, 1.0], [238.73660278320312, 147.38905334472656, 1.0], [245.65142822265625, 215.9060821533203, 1.0], [231.58221435546875, 227.41424560546875, 1.0], [213.77149963378906, 230.6414031982422, 1.0], [261.9628601074219, 118.69751739501953, 1.0], [269.1189270019531, 142.74620056152344, 1.0], [263.6014404296875, 149.21595764160156, 1.0], [251.9647674560547, 153.1304931640625, 1.0]], "is_left": 0}