{"hand_pts": [[59.61170196533203, 180.5840606689453, 1.0], [121.43324279785156, 134.59661865234375, 1.0], [161.24490356445312, 83.02424621582031, 1.0], [214.5362091064453, 78.27891540527344, 1.0], [229.21145629882812, 118.80927276611328, 1.0], [134.86427307128906, 157.49217224121094, 1.0], [196.6995849609375, 148.59962463378906, 1.0], [235.28172302246094, 141.40460205078125, 1.0], [257.1954345703125, 137.3546905517578, 1.0], [121.02332305908203, 202.25564575195312, 1.0], [198.05189514160156, 201.10997009277344, 1.0], [221.7877960205078, 182.4471893310547, 1.0], [199.704345703125, 169.4658660888672, 1.0], [115.12889862060547, 234.289306640625, 1.0], [185.029296875, 241.95086669921875, 1.0], [208.3861541748047, 223.78573608398438, 1.0], [208.25279235839844, 203.5240936279297, 1.0], [108.21204376220703, 260.5699462890625, 1.0], [151.65536499023438, 274.86212158203125, 1.0], [179.4972381591797, 262.0749206542969, 1.0], [174.1271514892578, 235.8434600830078, 1.0]], "is_left": 0}