{"hand_pts": [[335.6502685546875, 176.02308654785156, 1.0], [306.8536682128906, 190.5245819091797, 1.0], [302.2203674316406, 190.74342346191406, 1.0], [254.8115997314453, 200.52061462402344, 1.0], [206.63124084472656, 210.49746704101562, 1.0], [235.8883514404297, 132.5641326904297, 1.0], [184.2554473876953, 135.98207092285156, 1.0], [155.31227111816406, 163.50637817382812, 1.0], [147.18666076660156, 205.3937225341797, 1.0], [218.4939727783203, 133.8743438720703, 1.0], [145.43118286132812, 142.6735382080078, 1.0], [134.2449951171875, 189.44387817382812, 1.0], [151.39195251464844, 229.34088134765625, 1.0], [206.5832977294922, 143.0318603515625, 1.0], [135.83665466308594, 161.7676239013672, 1.0], [123.35985565185547, 202.575927734375, 1.0], [130.42349243164062, 241.6573944091797, 1.0], [202.83334350585938, 156.50299072265625, 1.0], [162.2978515625, 188.93618774414062, 1.0], [150.71348571777344, 222.06723022460938, 1.0], [169.9734344482422, 249.7454071044922, 1.0]], "is_left": 0}