{"hand_pts": [[256.4612731933594, 166.79576110839844, 1.0], [209.0182342529297, 126.10946655273438, 1.0], [205.79803466796875, 79.08090209960938, 1.0], [166.1204833984375, 84.12178802490234, 1.0], [139.175048828125, 125.14393615722656, 1.0], [226.3641815185547, 142.6475372314453, 1.0], [161.00894165039062, 142.52471923828125, 1.0], [123.36259460449219, 142.77305603027344, 1.0], [126.82662200927734, 143.55221557617188, 1.0], [234.12937927246094, 186.43505859375, 1.0], [236.40443420410156, 200.9242706298828, 1.0], [187.10641479492188, 198.1560821533203, 1.0], [147.41317749023438, 189.70347595214844, 1.0], [233.61216735839844, 219.935546875, 1.0], [185.34274291992188, 238.52041625976562, 1.0], [149.5223846435547, 228.30213928222656, 1.0], [167.72134399414062, 212.81610107421875, 1.0], [231.90794372558594, 249.01708984375, 1.0], [213.16781616210938, 271.74560546875, 1.0], [178.1962890625, 261.7262268066406, 1.0], [181.61227416992188, 240.43846130371094, 1.0]], "is_left": 0}