{"hand_pts": [[71.24578094482422, 98.32038879394531, 1.0], [149.20716857910156, 129.36276245117188, 1.0], [213.4701385498047, 144.00540161132812, 1.0], [245.25546264648438, 177.37530517578125, 1.0], [231.3957977294922, 201.43275451660156, 1.0], [205.29307556152344, 136.63905334472656, 1.0], [254.98170471191406, 176.66368103027344, 1.0], [260.2396545410156, 205.284912109375, 1.0], [243.3589324951172, 221.52871704101562, 1.0], [167.3647918701172, 137.93299865722656, 1.0], [215.6551513671875, 191.24362182617188, 1.0], [219.13540649414062, 218.81822204589844, 1.0], [204.2017364501953, 224.4835662841797, 1.0], [134.60516357421875, 142.2552032470703, 1.0], [167.4221954345703, 197.4386749267578, 1.0], [167.08721923828125, 219.7568817138672, 1.0], [156.97744750976562, 222.8979034423828, 1.0], [97.95670318603516, 145.28463745117188, 1.0], [105.59979248046875, 184.2381134033203, 1.0], [108.47442626953125, 202.22230529785156, 1.0], [108.55671691894531, 196.34056091308594, 1.0]], "is_left": 0}