{"hand_pts": [[126.03987121582031, 285.9927978515625, 1.0], [188.60520935058594, 272.2701721191406, 1.0], [258.6593017578125, 267.4805908203125, 1.0], [264.8846130371094, 221.29672241210938, 1.0], [215.2391357421875, 193.05557250976562, 1.0], [165.60653686523438, 240.16226196289062, 1.0], [219.09107971191406, 204.114013671875, 1.0], [258.7482604980469, 182.82281494140625, 1.0], [290.9214782714844, 169.09310913085938, 1.0], [130.8209686279297, 221.1136474609375, 1.0], [138.81040954589844, 167.59454345703125, 1.0], [168.47723388671875, 133.563232421875, 1.0], [198.9380645751953, 102.52118682861328, 1.0], [108.95780181884766, 205.3311004638672, 1.0], [154.84716796875, 150.2262725830078, 1.0], [193.60047912597656, 133.40293884277344, 1.0], [221.7156982421875, 145.7574920654297, 1.0], [90.80747985839844, 194.12191772460938, 1.0], [119.81087493896484, 155.71295166015625, 1.0], [151.1710968017578, 150.3414764404297, 1.0], [163.97830200195312, 179.4977264404297, 1.0]], "is_left": 0}