{"hand_pts": [[66.58013916015625, 110.0792465209961, 1.0], [74.4728012084961, 127.3367919921875, 1.0], [65.24623107910156, 143.0199432373047, 1.0], [91.77538299560547, 153.51573181152344, 1.0], [131.73313903808594, 158.7872772216797, 1.0], [130.1837615966797, 194.07064819335938, 1.0], [167.69015502929688, 223.07095336914062, 1.0], [190.3984832763672, 217.58026123046875, 1.0], [211.9025421142578, 207.3549346923828, 1.0], [153.1622772216797, 183.35682678222656, 1.0], [200.5453338623047, 216.30113220214844, 1.0], [224.69471740722656, 219.35995483398438, 1.0], [243.89117431640625, 214.79067993164062, 1.0], [169.16905212402344, 168.98875427246094, 1.0], [222.09518432617188, 205.18463134765625, 1.0], [247.72198486328125, 207.29238891601562, 1.0], [269.2481384277344, 203.79083251953125, 1.0], [178.11988830566406, 149.99002075195312, 1.0], [218.44894409179688, 154.43991088867188, 1.0], [241.16909790039062, 149.90267944335938, 1.0], [258.5650939941406, 140.67959594726562, 1.0]], "is_left": 0}