{"hand_pts": [[137.6874542236328, 30.230932235717773, 1.0], [111.75637817382812, 96.62228393554688, 1.0], [78.77021789550781, 138.26593017578125, 1.0], [95.73123931884766, 176.99649047851562, 1.0], [127.93154907226562, 155.92367553710938, 1.0], [152.5498504638672, 172.06549072265625, 1.0], [168.87509155273438, 233.99368286132812, 1.0], [161.474365234375, 224.01869201660156, 1.0], [152.61277770996094, 203.04730224609375, 1.0], [189.82762145996094, 158.3006591796875, 1.0], [213.64505004882812, 234.2442169189453, 1.0], [212.4029083251953, 267.0917053222656, 1.0], [197.69749450683594, 273.97503662109375, 1.0], [216.7479705810547, 145.8603973388672, 1.0], [234.0293426513672, 199.9327392578125, 1.0], [225.18190002441406, 207.3038787841797, 1.0], [202.4689483642578, 191.4016571044922, 1.0], [237.53567504882812, 126.86730194091797, 1.0], [249.37281799316406, 156.7230682373047, 1.0], [230.35897827148438, 149.5552978515625, 1.0], [202.58251953125, 122.36235046386719, 1.0]], "is_left": 0}