{"hand_pts": [[208.95948791503906, 48.97166061401367, 1.0], [203.9445343017578, 128.71006774902344, 1.0], [221.30003356933594, 178.89561462402344, 1.0], [214.11790466308594, 227.4442596435547, 1.0], [192.20880126953125, 264.17193603515625, 1.0], [241.73558044433594, 178.25003051757812, 1.0], [203.9120330810547, 228.77830505371094, 1.0], [168.84397888183594, 236.8167266845703, 1.0], [136.32916259765625, 237.3996124267578, 1.0], [228.0642547607422, 145.86453247070312, 1.0], [220.91200256347656, 206.23617553710938, 1.0], [192.92236328125, 243.23785400390625, 1.0], [158.71917724609375, 255.91680908203125, 1.0], [210.4650115966797, 120.38656616210938, 1.0], [182.76217651367188, 160.3241424560547, 1.0], [149.875, 173.61801147460938, 1.0], [125.03275299072266, 179.30645751953125, 1.0], [190.8743133544922, 91.84937286376953, 1.0], [163.07516479492188, 115.11378479003906, 1.0], [136.2109832763672, 132.7196807861328, 1.0], [135.19578552246094, 131.24276733398438, 1.0]], "is_left": 0}