{"hand_pts": [[294.75177001953125, 253.5671844482422, 1.0], [253.30677795410156, 187.57235717773438, 1.0], [230.9697723388672, 116.87310028076172, 1.0], [178.4004364013672, 84.84391784667969, 1.0], [146.0182647705078, 122.59950256347656, 1.0], [255.8393096923828, 157.76007080078125, 1.0], [185.70849609375, 132.39682006835938, 1.0], [153.9615020751953, 141.16671752929688, 1.0], [160.6120147705078, 163.73121643066406, 1.0], [254.53695678710938, 195.78868103027344, 1.0], [175.0873565673828, 172.1000213623047, 1.0], [126.54735565185547, 163.54925537109375, 1.0], [97.59036254882812, 161.00694274902344, 1.0], [247.970703125, 225.6119842529297, 1.0], [173.44349670410156, 224.075927734375, 1.0], [152.5413055419922, 221.52935791015625, 1.0], [168.02732849121094, 217.5650634765625, 1.0], [242.15225219726562, 255.74050903320312, 1.0], [188.23728942871094, 258.6752014160156, 1.0], [153.55111694335938, 253.79798889160156, 1.0], [160.54078674316406, 242.24928283691406, 1.0]], "is_left": 0}