{"hand_pts": [[306.2995300292969, 147.00762939453125, 1.0], [243.21609497070312, 170.6580352783203, 1.0], [186.07049560546875, 187.75747680664062, 1.0], [138.14942932128906, 203.41769409179688, 1.0], [96.4587631225586, 217.3896942138672, 1.0], [185.91726684570312, 153.4266815185547, 1.0], [138.85845947265625, 172.58865356445312, 1.0], [114.84872436523438, 192.65652465820312, 1.0], [101.9140396118164, 218.52696228027344, 1.0], [217.50340270996094, 151.06283569335938, 1.0], [162.51202392578125, 181.40859985351562, 1.0], [141.08050537109375, 212.49183654785156, 1.0], [125.99824523925781, 243.30096435546875, 1.0], [244.01486206054688, 153.6317138671875, 1.0], [209.6331329345703, 166.45516967773438, 1.0], [192.57156372070312, 189.04150390625, 1.0], [185.4163360595703, 217.2206268310547, 1.0], [273.1326904296875, 157.28868103027344, 1.0], [257.30206298828125, 163.48826599121094, 1.0], [243.4181365966797, 175.21044921875, 1.0], [225.75697326660156, 192.2347869873047, 1.0]], "is_left": 0}