{"hand_pts": [[211.4499969482422, 50.847862243652344, 1.0], [159.91946411132812, 115.36885070800781, 1.0], [108.07918548583984, 162.98968505859375, 1.0], [101.0828857421875, 211.31234741210938, 1.0], [123.01557159423828, 242.49769592285156, 1.0], [142.69573974609375, 135.04232788085938, 1.0], [115.68755340576172, 189.07752990722656, 1.0], [117.66463470458984, 229.17010498046875, 1.0], [128.1106414794922, 261.0433654785156, 1.0], [186.33876037597656, 121.15440368652344, 1.0], [182.61505126953125, 184.04678344726562, 1.0], [182.75308227539062, 231.42420959472656, 1.0], [184.0306396484375, 266.2149658203125, 1.0], [222.40516662597656, 114.00031280517578, 1.0], [231.83042907714844, 158.1063232421875, 1.0], [235.02456665039062, 199.6752166748047, 1.0], [232.04150390625, 233.35801696777344, 1.0], [257.39837646484375, 105.10896301269531, 1.0], [262.2679138183594, 141.43885803222656, 1.0], [262.7386474609375, 173.78720092773438, 1.0], [257.7385559082031, 211.27667236328125, 1.0]], "is_left": 0}