{"hand_pts": [[119.0358657836914, 59.37839889526367, 1.0], [97.85940551757812, 107.19808197021484, 1.0], [73.15437316894531, 141.0719757080078, 1.0], [108.07080078125, 175.03526306152344, 1.0], [152.139892578125, 195.45657348632812, 1.0], [143.6508026123047, 195.28492736816406, 1.0], [152.20166015625, 230.28399658203125, 1.0], [151.8901824951172, 231.6279296875, 1.0], [144.8996124267578, 207.25880432128906, 1.0], [180.07611083984375, 181.95892333984375, 1.0], [202.5458526611328, 233.48484802246094, 1.0], [187.04660034179688, 212.13475036621094, 1.0], [166.39320373535156, 180.622802734375, 1.0], [206.01715087890625, 166.35975646972656, 1.0], [240.88038635253906, 199.0232391357422, 1.0], [221.90625, 172.35226440429688, 1.0], [192.93003845214844, 139.7886199951172, 1.0], [225.27301025390625, 143.71096801757812, 1.0], [261.6917419433594, 168.8646697998047, 1.0], [273.46624755859375, 177.9640350341797, 1.0], [276.1159362792969, 183.2699737548828, 1.0]], "is_left": 0}