{"hand_pts": [[307.43292236328125, 182.12130737304688, 1.0], [259.12615966796875, 236.43673706054688, 1.0], [227.91285705566406, 286.77520751953125, 1.0], [185.33255004882812, 269.0072021484375, 1.0], [164.76535034179688, 224.81585693359375, 1.0], [221.8896484375, 238.16775512695312, 1.0], [164.4714813232422, 243.20877075195312, 1.0], [145.12062072753906, 238.6781463623047, 1.0], [153.63890075683594, 229.71556091308594, 1.0], [224.9127655029297, 185.16583251953125, 1.0], [157.6383514404297, 164.52804565429688, 1.0], [155.11830139160156, 170.63575744628906, 1.0], [186.7720947265625, 185.8321533203125, 1.0], [225.34530639648438, 144.73658752441406, 1.0], [163.54930114746094, 139.29727172851562, 1.0], [141.2739715576172, 145.7535858154297, 1.0], [137.34214782714844, 155.5076446533203, 1.0], [229.6002197265625, 109.23422241210938, 1.0], [191.18077087402344, 93.8801040649414, 1.0], [182.76425170898438, 100.83280944824219, 1.0], [202.1434326171875, 121.49050903320312, 1.0]], "is_left": 0}