{"hand_pts": [[43.523292541503906, 179.97772216796875, 1.0], [115.84384155273438, 143.4396514892578, 1.0], [173.61212158203125, 104.40258026123047, 1.0], [208.42471313476562, 86.86318969726562, 1.0], [195.2439422607422, 101.9400634765625, 1.0], [223.38621520996094, 212.22567749023438, 1.0], [259.88250732421875, 182.343017578125, 1.0], [230.26934814453125, 146.32330322265625, 1.0], [182.25730895996094, 124.3891830444336, 1.0], [201.31443786621094, 243.66116333007812, 1.0], [236.55007934570312, 214.6616973876953, 1.0], [203.2792205810547, 167.2702178955078, 1.0], [159.65867614746094, 130.91168212890625, 1.0], [178.53892517089844, 260.6091613769531, 1.0], [212.21804809570312, 254.96241760253906, 1.0], [188.7777557373047, 213.12820434570312, 1.0], [155.40438842773438, 176.59375, 1.0], [147.51255798339844, 269.7471923828125, 1.0], [147.0148468017578, 252.76605224609375, 1.0], [125.52628326416016, 216.72071838378906, 1.0], [105.87053680419922, 192.99258422851562, 1.0]], "is_left": 0}