{"hand_pts": [[61.54651641845703, 109.69677734375, 1.0], [79.28450012207031, 169.89100646972656, 1.0], [74.04825592041016, 230.0839080810547, 1.0], [83.07221984863281, 257.2060852050781, 1.0], [99.12174987792969, 239.28501892089844, 1.0], [161.73521423339844, 208.38009643554688, 1.0], [208.07020568847656, 257.2020263671875, 1.0], [215.97909545898438, 261.6966247558594, 1.0], [222.49398803710938, 263.03369140625, 1.0], [175.83050537109375, 173.11227416992188, 1.0], [249.4630889892578, 194.4278564453125, 1.0], [253.77703857421875, 206.32373046875, 1.0], [267.3860778808594, 218.94992065429688, 1.0], [182.22544860839844, 143.95835876464844, 1.0], [205.9389190673828, 135.14854431152344, 1.0], [167.32315063476562, 126.23319244384766, 1.0], [130.92857360839844, 126.27774047851562, 1.0], [180.11517333984375, 113.46621704101562, 1.0], [219.0162811279297, 112.63646697998047, 1.0], [243.32998657226562, 112.88108825683594, 1.0], [254.38096618652344, 120.12915802001953, 1.0]], "is_left": 0}