{"hand_pts": [[311.0567932128906, 231.81130981445312, 1.0], [262.1481018066406, 255.04273986816406, 1.0], [234.54281616210938, 299.5247497558594, 1.0], [214.1947479248047, 279.45794677734375, 1.0], [211.46495056152344, 229.1124725341797, 1.0], [169.5620574951172, 230.49771118164062, 1.0], [118.68450164794922, 222.7029266357422, 1.0], [117.52107238769531, 214.73915100097656, 1.0], [147.83392333984375, 208.12557983398438, 1.0], [181.8989715576172, 192.73182678222656, 1.0], [126.90489196777344, 158.14736938476562, 1.0], [142.28726196289062, 157.36734008789062, 1.0], [171.64923095703125, 166.7811279296875, 1.0], [197.30027770996094, 163.74281311035156, 1.0], [150.53176879882812, 130.03546142578125, 1.0], [171.23092651367188, 136.55601501464844, 1.0], [205.1489715576172, 156.4772186279297, 1.0], [220.29808044433594, 139.98675537109375, 1.0], [208.4390411376953, 105.56280517578125, 1.0], [219.04934692382812, 104.6670150756836, 1.0], [241.6082763671875, 134.3872528076172, 1.0]], "is_left": 0}