{"hand_pts": [[315.3333435058594, 210.58558654785156, 1.0], [247.3900909423828, 184.32525634765625, 1.0], [195.2911834716797, 156.36903381347656, 1.0], [140.41732788085938, 151.41981506347656, 1.0], [112.58568572998047, 167.63314819335938, 1.0], [233.1071319580078, 138.85980224609375, 1.0], [168.83819580078125, 134.83026123046875, 1.0], [129.56463623046875, 155.71661376953125, 1.0], [113.03446197509766, 183.7914581298828, 1.0], [252.40200805664062, 160.15301513671875, 1.0], [179.240478515625, 164.35894775390625, 1.0], [139.49452209472656, 187.50289916992188, 1.0], [119.27095031738281, 210.04132080078125, 1.0], [263.0736083984375, 180.9499969482422, 1.0], [204.2152862548828, 186.8833770751953, 1.0], [163.53916931152344, 205.0463409423828, 1.0], [136.0331268310547, 223.365966796875, 1.0], [274.4590148925781, 203.9081573486328, 1.0], [234.05331420898438, 221.09768676757812, 1.0], [203.9103546142578, 236.86196899414062, 1.0], [188.75601196289062, 245.54302978515625, 1.0]], "is_left": 0}