{"hand_pts": [[119.05986785888672, 360.19677734375, 1.0], [165.74754333496094, 295.99200439453125, 1.0], [200.85264587402344, 260.3611145019531, 1.0], [237.1769256591797, 218.19090270996094, 1.0], [244.98719787597656, 204.07644653320312, 1.0], [136.3954315185547, 190.93701171875, 1.0], [182.0664825439453, 135.6471405029297, 1.0], [220.40362548828125, 151.58377075195312, 1.0], [233.34664916992188, 193.4901580810547, 1.0], [121.01513671875, 201.49224853515625, 1.0], [157.91380310058594, 126.14773559570312, 1.0], [206.43243408203125, 127.53893280029297, 1.0], [251.55545043945312, 132.88710021972656, 1.0], [115.88087463378906, 214.62478637695312, 1.0], [138.75262451171875, 137.43785095214844, 1.0], [178.722412109375, 117.55921936035156, 1.0], [220.40585327148438, 123.26240539550781, 1.0], [113.68467712402344, 237.1361541748047, 1.0], [147.8208465576172, 209.2720947265625, 1.0], [183.1938018798828, 213.93524169921875, 1.0], [203.309326171875, 239.75494384765625, 1.0]], "is_left": 0}