{"hand_pts": [[255.5465087890625, 230.47096252441406, 1.0], [264.04400634765625, 187.95538330078125, 1.0], [290.028076171875, 139.98680114746094, 1.0], [275.1312561035156, 159.257080078125, 1.0], [248.2467498779297, 204.9232177734375, 1.0], [197.774658203125, 105.90046691894531, 1.0], [186.23997497558594, 129.61485290527344, 1.0], [207.25250244140625, 167.6461181640625, 1.0], [221.2809295654297, 170.23297119140625, 1.0], [163.419189453125, 132.17849731445312, 1.0], [140.88006591796875, 168.77969360351562, 1.0], [176.4558868408203, 200.985595703125, 1.0], [199.7729949951172, 188.119384765625, 1.0], [140.16905212402344, 159.4854736328125, 1.0], [111.80178833007812, 201.7219696044922, 1.0], [146.30197143554688, 225.77383422851562, 1.0], [167.69960021972656, 203.9846954345703, 1.0], [125.5951919555664, 191.89857482910156, 1.0], [104.6802749633789, 229.97422790527344, 1.0], [135.33999633789062, 246.5098114013672, 1.0], [155.2576141357422, 220.21522521972656, 1.0]], "is_left": 0}