{"hand_pts": [[301.748779296875, 274.2856140136719, 1.0], [295.5799560546875, 212.2781982421875, 1.0], [308.6061096191406, 156.2531280517578, 1.0], [267.9125061035156, 138.54913330078125, 1.0], [226.0117645263672, 129.4282684326172, 1.0], [230.86700439453125, 174.6556854248047, 1.0], [187.1212615966797, 145.3213348388672, 1.0], [164.8666534423828, 133.9453125, 1.0], [139.02157592773438, 121.4570541381836, 1.0], [205.71102905273438, 207.0619354248047, 1.0], [154.3311309814453, 174.28924560546875, 1.0], [153.1383056640625, 163.6590118408203, 1.0], [167.2884063720703, 160.4433135986328, 1.0], [188.72146606445312, 232.845458984375, 1.0], [138.6620635986328, 195.20799255371094, 1.0], [118.51132202148438, 172.16323852539062, 1.0], [111.56671142578125, 152.63719177246094, 1.0], [179.48147583007812, 259.91455078125, 1.0], [149.3972625732422, 257.69384765625, 1.0], [146.05245971679688, 255.2332000732422, 1.0], [170.2364959716797, 250.8631591796875, 1.0]], "is_left": 0}