{"hand_pts": [[302.7520446777344, 271.4888610839844, 1.0], [291.4968566894531, 199.54644775390625, 1.0], [304.548095703125, 139.87826538085938, 1.0], [266.33758544921875, 101.7972412109375, 1.0], [215.59779357910156, 110.67378997802734, 1.0], [239.40809631347656, 188.80238342285156, 1.0], [192.62828063964844, 141.8209686279297, 1.0], [179.36135864257812, 121.99787139892578, 1.0], [186.27508544921875, 122.98705291748047, 1.0], [210.8343963623047, 225.50921630859375, 1.0], [147.84042358398438, 177.3640594482422, 1.0], [147.38673400878906, 154.36306762695312, 1.0], [177.09201049804688, 153.14569091796875, 1.0], [188.68746948242188, 251.62283325195312, 1.0], [119.30437469482422, 218.44642639160156, 1.0], [113.68374633789062, 195.248291015625, 1.0], [137.40550231933594, 183.505126953125, 1.0], [173.56837463378906, 276.85308837890625, 1.0], [126.71900177001953, 261.1564636230469, 1.0], [126.28564453125, 242.30630493164062, 1.0], [160.65309143066406, 232.0389404296875, 1.0]], "is_left": 0}