{"hand_pts": [[293.7237854003906, 133.68136596679688, 1.0], [293.48480224609375, 146.62721252441406, 1.0], [307.6044921875, 146.0656280517578, 1.0], [275.95654296875, 180.15554809570312, 1.0], [244.5718994140625, 204.91249084472656, 1.0], [208.34275817871094, 131.2699737548828, 1.0], [156.77188110351562, 132.55763244628906, 1.0], [123.91670227050781, 136.42918395996094, 1.0], [117.25635528564453, 167.21060180664062, 1.0], [184.6284637451172, 143.26905822753906, 1.0], [130.3998260498047, 172.0548095703125, 1.0], [125.20476531982422, 205.9722900390625, 1.0], [160.28823852539062, 229.57159423828125, 1.0], [171.97140502929688, 157.32113647460938, 1.0], [128.5546875, 203.0706024169922, 1.0], [159.73342895507812, 226.80210876464844, 1.0], [194.32684326171875, 245.53164672851562, 1.0], [168.57684326171875, 171.1018829345703, 1.0], [160.11282348632812, 210.5341796875, 1.0], [184.56846618652344, 230.88772583007812, 1.0], [220.9261932373047, 230.34320068359375, 1.0]], "is_left": 0}