{"hand_pts": [[170.7557830810547, 132.1170654296875, 1.0], [145.4870147705078, 116.4453353881836, 1.0], [134.9910430908203, 87.54594421386719, 1.0], [130.5520477294922, 79.04873657226562, 1.0], [141.27133178710938, 115.2935791015625, 1.0], [210.70033264160156, 120.5085220336914, 1.0], [172.19139099121094, 144.4896240234375, 1.0], [135.44117736816406, 161.85479736328125, 1.0], [99.57711029052734, 176.8346710205078, 1.0], [227.3903045654297, 156.59715270996094, 1.0], [228.16712951660156, 173.88375854492188, 1.0], [214.30007934570312, 187.05564880371094, 1.0], [204.03012084960938, 198.75302124023438, 1.0], [232.56906127929688, 187.4491424560547, 1.0], [197.51052856445312, 242.92726135253906, 1.0], [169.468505859375, 272.154296875, 1.0], [131.67774963378906, 283.0894775390625, 1.0], [231.30616760253906, 215.0589599609375, 1.0], [234.23504638671875, 241.38426208496094, 1.0], [224.00643920898438, 258.9790344238281, 1.0], [190.14869689941406, 261.4263610839844, 1.0]], "is_left": 0}