{"hand_pts": [[71.6613998413086, 242.31948852539062, 1.0], [146.34954833984375, 214.759765625, 1.0], [198.0360870361328, 186.01904296875, 1.0], [242.37435913085938, 193.24014282226562, 1.0], [236.6168670654297, 221.31747436523438, 1.0], [159.29417419433594, 132.6963653564453, 1.0], [208.7931365966797, 113.84182739257812, 1.0], [239.51112365722656, 144.7521514892578, 1.0], [247.82518005371094, 185.3588409423828, 1.0], [129.25869750976562, 147.00106811523438, 1.0], [191.1587677001953, 126.07086944580078, 1.0], [236.9186248779297, 150.40133666992188, 1.0], [261.7367248535156, 188.4898681640625, 1.0], [109.36027526855469, 166.1619110107422, 1.0], [173.4248809814453, 186.3556671142578, 1.0], [184.90750122070312, 222.13751220703125, 1.0], [163.40504455566406, 230.77005004882812, 1.0], [89.36004638671875, 192.04103088378906, 1.0], [117.13773345947266, 205.98483276367188, 1.0], [146.83705139160156, 230.3329620361328, 1.0], [158.93743896484375, 246.18899536132812, 1.0]], "is_left": 0}