{"hand_pts": [[325.67108154296875, 110.0376968383789, 1.0], [268.5691223144531, 163.29962158203125, 1.0], [224.5886993408203, 201.1759490966797, 1.0], [181.16770935058594, 227.2476348876953, 1.0], [140.41070556640625, 247.04258728027344, 1.0], [229.8332977294922, 198.7830352783203, 1.0], [195.01898193359375, 239.12680053710938, 1.0], [166.2263641357422, 261.6919250488281, 1.0], [143.90945434570312, 284.90093994140625, 1.0], [231.4402618408203, 158.33070373535156, 1.0], [186.38470458984375, 197.85299682617188, 1.0], [148.78652954101562, 220.3252716064453, 1.0], [117.43888854980469, 242.39886474609375, 1.0], [230.022705078125, 123.71875, 1.0], [184.2794647216797, 151.6315460205078, 1.0], [147.50738525390625, 166.11416625976562, 1.0], [112.84539031982422, 180.301513671875, 1.0], [232.94625854492188, 88.69071960449219, 1.0], [196.0787811279297, 97.26968383789062, 1.0], [165.7676239013672, 103.9239730834961, 1.0], [132.26760864257812, 113.08256530761719, 1.0]], "is_left": 0}