{"hand_pts": [[263.2460021972656, 107.18110656738281, 1.0], [185.50543212890625, 126.20211029052734, 1.0], [117.9568099975586, 115.27306365966797, 1.0], [96.15459442138672, 157.2572479248047, 1.0], [95.51445770263672, 201.51612854003906, 1.0], [162.75534057617188, 114.83450317382812, 1.0], [120.40178680419922, 167.44134521484375, 1.0], [109.95783996582031, 202.281494140625, 1.0], [127.7708511352539, 210.9827423095703, 1.0], [210.88723754882812, 127.68827056884766, 1.0], [170.10545349121094, 183.8116455078125, 1.0], [151.6345672607422, 223.52859497070312, 1.0], [150.45962524414062, 238.09434509277344, 1.0], [247.5859375, 142.94325256347656, 1.0], [236.74154663085938, 194.827880859375, 1.0], [224.3065948486328, 223.6547088623047, 1.0], [216.1464080810547, 227.04763793945312, 1.0], [283.1750793457031, 157.51170349121094, 1.0], [279.89239501953125, 199.86651611328125, 1.0], [264.34075927734375, 224.3773956298828, 1.0], [246.4810028076172, 236.11224365234375, 1.0]], "is_left": 0}