{"hand_pts": [[227.2593231201172, 107.49991607666016, 1.0], [228.0703582763672, 92.94013214111328, 1.0], [257.9691162109375, 58.419654846191406, 1.0], [267.10992431640625, 98.4246826171875, 1.0], [259.8968505859375, 150.8282012939453, 1.0], [128.25643920898438, 135.45558166503906, 1.0], [118.83782196044922, 167.08255004882812, 1.0], [163.59445190429688, 176.7024688720703, 1.0], [218.71498107910156, 174.0343017578125, 1.0], [126.03157806396484, 168.49636840820312, 1.0], [131.32322692871094, 203.29168701171875, 1.0], [163.34461975097656, 214.06060791015625, 1.0], [215.62484741210938, 210.2610626220703, 1.0], [134.5017547607422, 192.41976928710938, 1.0], [136.094482421875, 235.6299591064453, 1.0], [154.16725158691406, 254.52137756347656, 1.0], [202.79940795898438, 248.81985473632812, 1.0], [151.3662872314453, 210.016845703125, 1.0], [181.152587890625, 247.0789031982422, 1.0], [224.3995819091797, 228.36581420898438, 1.0], [238.21359252929688, 191.01011657714844, 1.0]], "is_left": 0}