{"hand_pts": [[244.2952423095703, 264.6892395019531, 1.0], [256.2817687988281, 220.16610717773438, 1.0], [292.3882751464844, 177.095947265625, 1.0], [265.47021484375, 167.32017517089844, 1.0], [221.51181030273438, 190.769775390625, 1.0], [215.26235961914062, 135.00340270996094, 1.0], [203.62109375, 133.2947540283203, 1.0], [208.7429962158203, 165.92967224121094, 1.0], [220.14344787597656, 195.34652709960938, 1.0], [181.58456420898438, 150.67086791992188, 1.0], [149.03726196289062, 148.77146911621094, 1.0], [169.0810089111328, 185.19154357910156, 1.0], [198.16395568847656, 205.46141052246094, 1.0], [156.75425720214844, 168.06427001953125, 1.0], [117.19457244873047, 175.52244567871094, 1.0], [137.6168212890625, 206.38339233398438, 1.0], [169.8543701171875, 221.8741455078125, 1.0], [138.3484344482422, 191.7484893798828, 1.0], [103.41875457763672, 195.6739959716797, 1.0], [122.81202697753906, 213.89303588867188, 1.0], [156.332763671875, 219.7053985595703, 1.0]], "is_left": 0}