{"hand_pts": [[38.5018424987793, 99.9649887084961, 1.0], [98.35208129882812, 92.85726165771484, 1.0], [146.6346893310547, 83.58869171142578, 1.0], [190.95147705078125, 91.55575561523438, 1.0], [229.6503143310547, 109.8307876586914, 1.0], [156.00965881347656, 140.73056030273438, 1.0], [209.8815460205078, 163.0963897705078, 1.0], [243.9918212890625, 178.3841552734375, 1.0], [275.1920471191406, 193.54183959960938, 1.0], [136.53199768066406, 168.3863983154297, 1.0], [200.75909423828125, 198.66102600097656, 1.0], [237.98812866210938, 210.4369659423828, 1.0], [272.4303283691406, 221.482421875, 1.0], [119.88333129882812, 187.6571502685547, 1.0], [174.55960083007812, 227.98350524902344, 1.0], [203.70327758789062, 240.4422149658203, 1.0], [230.97740173339844, 251.13143920898438, 1.0], [99.06073760986328, 200.501708984375, 1.0], [133.69630432128906, 230.23233032226562, 1.0], [157.99354553222656, 243.54652404785156, 1.0], [182.69326782226562, 250.8992462158203, 1.0]], "is_left": 0}