{"hand_pts": [[184.67787170410156, 199.05300903320312, 1.0], [217.37551879882812, 157.3303680419922, 1.0], [224.11305236816406, 105.72730255126953, 1.0], [237.93931579589844, 74.6294937133789, 1.0], [255.5514373779297, 75.45390319824219, 1.0], [152.53390502929688, 149.00408935546875, 1.0], [206.5867462158203, 142.86668395996094, 1.0], [259.7275085449219, 150.3536834716797, 1.0], [312.3318176269531, 157.2646026611328, 1.0], [137.02577209472656, 187.1598663330078, 1.0], [101.17449188232422, 183.85765075683594, 1.0], [116.47308349609375, 181.57972717285156, 1.0], [168.65440368652344, 179.54074096679688, 1.0], [133.7996368408203, 217.6951446533203, 1.0], [155.46963500976562, 239.4604034423828, 1.0], [190.16726684570312, 250.11744689941406, 1.0], [239.58485412597656, 255.2202606201172, 1.0], [136.76699829101562, 246.17039489746094, 1.0], [135.99449157714844, 252.3854522705078, 1.0], [169.3233642578125, 248.89959716796875, 1.0], [208.79196166992188, 242.21197509765625, 1.0]], "is_left": 0}