{"hand_pts": [[287.0710754394531, 245.3761444091797, 1.0], [221.7025909423828, 250.96478271484375, 1.0], [162.32028198242188, 261.8826904296875, 1.0], [123.9438705444336, 258.94232177734375, 1.0], [107.884521484375, 247.24998474121094, 1.0], [166.65521240234375, 165.7882843017578, 1.0], [126.19451141357422, 157.0476837158203, 1.0], [114.58129119873047, 171.1361083984375, 1.0], [119.08879089355469, 198.3233184814453, 1.0], [203.54110717773438, 152.12265014648438, 1.0], [168.48524475097656, 143.6302947998047, 1.0], [164.48526000976562, 176.73585510253906, 1.0], [166.65553283691406, 214.6377716064453, 1.0], [234.9286346435547, 149.51214599609375, 1.0], [205.17144775390625, 138.3895721435547, 1.0], [202.3029327392578, 169.88966369628906, 1.0], [208.0901336669922, 209.70669555664062, 1.0], [268.5868225097656, 155.123779296875, 1.0], [259.2333679199219, 145.11903381347656, 1.0], [252.24453735351562, 158.0412139892578, 1.0], [244.48365783691406, 185.50473022460938, 1.0]], "is_left": 0}