{"hand_pts": [[204.6529083251953, 230.2521514892578, 1.0], [177.15037536621094, 183.87892150878906, 1.0], [140.833740234375, 138.06455993652344, 1.0], [146.04124450683594, 92.19404602050781, 1.0], [172.76612854003906, 57.891563415527344, 1.0], [136.593994140625, 215.9855194091797, 1.0], [139.68243408203125, 193.1255340576172, 1.0], [163.3796844482422, 160.37098693847656, 1.0], [190.9337158203125, 126.98030090332031, 1.0], [167.4159393310547, 237.88424682617188, 1.0], [186.63829040527344, 180.97727966308594, 1.0], [202.01214599609375, 138.71182250976562, 1.0], [214.52236938476562, 101.48526763916016, 1.0], [196.7635955810547, 248.61123657226562, 1.0], [172.6351318359375, 249.90672302246094, 1.0], [168.42794799804688, 231.5620574951172, 1.0], [161.68385314941406, 218.60751342773438, 1.0], [227.33265686035156, 255.4961700439453, 1.0], [239.92869567871094, 239.19020080566406, 1.0], [252.49072265625, 207.6383056640625, 1.0], [254.18788146972656, 180.86026000976562, 1.0]], "is_left": 0}