{"hand_pts": [[70.11564636230469, 109.57421112060547, 1.0], [115.08740997314453, 111.25729370117188, 1.0], [114.4363784790039, 97.07263946533203, 1.0], [173.0967559814453, 105.17765045166016, 1.0], [231.00978088378906, 126.63896179199219, 1.0], [101.57608032226562, 200.00074768066406, 1.0], [190.2127227783203, 188.64317321777344, 1.0], [211.68084716796875, 153.44113159179688, 1.0], [181.8599090576172, 134.47520446777344, 1.0], [107.75430297851562, 224.7444610595703, 1.0], [220.06832885742188, 220.9694061279297, 1.0], [246.29405212402344, 176.29324340820312, 1.0], [200.2481231689453, 146.9777069091797, 1.0], [120.46778106689453, 237.87583923339844, 1.0], [218.3643798828125, 270.1521301269531, 1.0], [242.7362060546875, 228.62120056152344, 1.0], [220.8504638671875, 187.11474609375, 1.0], [132.62155151367188, 241.1067657470703, 1.0], [201.62156677246094, 248.15814208984375, 1.0], [216.96409606933594, 212.42364501953125, 1.0], [191.70164489746094, 176.64083862304688, 1.0]], "is_left": 0}