{"hand_pts": [[121.84345245361328, 286.9146728515625, 1.0], [169.52072143554688, 221.09156799316406, 1.0], [211.05081176757812, 166.84889221191406, 1.0], [255.92237854003906, 142.9266815185547, 1.0], [281.7573547363281, 149.2799835205078, 1.0], [125.26718139648438, 147.23837280273438, 1.0], [194.37681579589844, 139.66253662109375, 1.0], [240.2967987060547, 161.4794464111328, 1.0], [279.654296875, 188.72084045410156, 1.0], [109.22135925292969, 179.70355224609375, 1.0], [125.78131866455078, 125.16463470458984, 1.0], [170.38426208496094, 105.69092559814453, 1.0], [215.98524475097656, 125.42637634277344, 1.0], [105.30599212646484, 209.27761840820312, 1.0], [134.99462890625, 174.89353942871094, 1.0], [186.31378173828125, 181.78321838378906, 1.0], [200.9417724609375, 200.45205688476562, 1.0], [105.6543197631836, 243.47024536132812, 1.0], [149.62171936035156, 266.623291015625, 1.0], [187.0808563232422, 286.2900085449219, 1.0], [206.3592987060547, 293.73199462890625, 1.0]], "is_left": 0}