{"hand_pts": [[129.7687225341797, 67.58433532714844, 1.0], [172.24041748046875, 77.75621795654297, 1.0], [188.8578643798828, 61.02714538574219, 1.0], [206.2373809814453, 82.75714874267578, 1.0], [212.8883056640625, 134.41770935058594, 1.0], [154.24771118164062, 141.50296020507812, 1.0], [201.26187133789062, 175.93246459960938, 1.0], [237.34422302246094, 182.04603576660156, 1.0], [262.41937255859375, 174.82298278808594, 1.0], [139.72158813476562, 166.1144256591797, 1.0], [145.44972229003906, 225.07794189453125, 1.0], [183.21510314941406, 247.93714904785156, 1.0], [222.90911865234375, 256.73114013671875, 1.0], [133.9596405029297, 182.77940368652344, 1.0], [151.11471557617188, 238.67372131347656, 1.0], [188.13031005859375, 236.49942016601562, 1.0], [221.01504516601562, 226.03512573242188, 1.0], [130.27471923828125, 191.33975219726562, 1.0], [154.6809539794922, 231.8031463623047, 1.0], [183.84722900390625, 223.36172485351562, 1.0], [212.48814392089844, 207.53785705566406, 1.0]], "is_left": 0}