{"hand_pts": [[206.1922607421875, 298.3892822265625, 1.0], [240.0056610107422, 250.34779357910156, 1.0], [274.4112548828125, 227.90087890625, 1.0], [294.1587219238281, 196.488037109375, 1.0], [308.0855712890625, 165.11666870117188, 1.0], [216.19520568847656, 212.6747589111328, 1.0], [203.31588745117188, 169.458984375, 1.0], [196.64060974121094, 139.13241577148438, 1.0], [198.12586975097656, 124.61511993408203, 1.0], [180.86187744140625, 218.22454833984375, 1.0], [157.3522186279297, 168.83872985839844, 1.0], [148.7439422607422, 134.48648071289062, 1.0], [137.78884887695312, 104.51864624023438, 1.0], [154.45838928222656, 221.62521362304688, 1.0], [161.82765197753906, 171.25411987304688, 1.0], [176.96841430664062, 188.54603576660156, 1.0], [188.7735595703125, 215.68194580078125, 1.0], [132.00396728515625, 228.69259643554688, 1.0], [113.1670913696289, 198.47047424316406, 1.0], [102.7094955444336, 177.84237670898438, 1.0], [94.22735595703125, 155.22662353515625, 1.0]], "is_left": 0}