{"hand_pts": [[209.8871612548828, 52.614925384521484, 1.0], [187.27792358398438, 74.63993835449219, 1.0], [192.1865692138672, 78.3751449584961, 1.0], [181.04078674316406, 114.49986267089844, 1.0], [164.6515655517578, 154.86512756347656, 1.0], [218.50418090820312, 139.06832885742188, 1.0], [182.76905822753906, 176.6234893798828, 1.0], [148.0771484375, 188.00584411621094, 1.0], [113.3711166381836, 193.85374450683594, 1.0], [220.8095703125, 154.4425506591797, 1.0], [221.54869079589844, 215.49806213378906, 1.0], [205.01431274414062, 249.00213623046875, 1.0], [176.9642333984375, 271.5653076171875, 1.0], [216.72265625, 164.36343383789062, 1.0], [194.0020294189453, 221.42605590820312, 1.0], [160.33651733398438, 234.36831665039062, 1.0], [127.43566131591797, 245.2537078857422, 1.0], [210.21604919433594, 167.08888244628906, 1.0], [196.6439971923828, 211.1753692626953, 1.0], [167.53741455078125, 215.86521911621094, 1.0], [141.37672424316406, 202.97959899902344, 1.0]], "is_left": 0}