{"hand_pts": [[210.53050231933594, 5.515529155731201, 1.0], [157.6417999267578, 78.06565856933594, 1.0], [94.19915771484375, 109.7747573852539, 1.0], [88.05087280273438, 169.43881225585938, 1.0], [136.6551055908203, 197.39060974121094, 1.0], [129.10023498535156, 136.6981964111328, 1.0], [112.54853057861328, 207.45237731933594, 1.0], [120.25582122802734, 236.4252166748047, 1.0], [139.8239288330078, 237.3165283203125, 1.0], [172.31109619140625, 132.259765625, 1.0], [175.29757690429688, 219.90509033203125, 1.0], [183.99493408203125, 231.25320434570312, 1.0], [191.07530212402344, 225.0513458251953, 1.0], [208.76683044433594, 130.82730102539062, 1.0], [229.89373779296875, 211.98162841796875, 1.0], [239.7493438720703, 230.17059326171875, 1.0], [237.1887969970703, 211.4942169189453, 1.0], [245.03909301757812, 123.52625274658203, 1.0], [275.81695556640625, 171.50071716308594, 1.0], [280.3140869140625, 180.72964477539062, 1.0], [266.0888366699219, 164.63299560546875, 1.0]], "is_left": 0}