{"hand_pts": [[100.05503845214844, 193.0801239013672, 1.0], [139.7374267578125, 241.30856323242188, 1.0], [156.07534790039062, 282.5923156738281, 1.0], [174.88648986816406, 304.02301025390625, 1.0], [192.18289184570312, 278.6689453125, 1.0], [152.6732177734375, 217.12559509277344, 1.0], [168.77732849121094, 209.37120056152344, 1.0], [193.080322265625, 208.212158203125, 1.0], [217.46231079101562, 205.6352081298828, 1.0], [150.70066833496094, 174.2568817138672, 1.0], [174.6368408203125, 159.50856018066406, 1.0], [192.5731201171875, 153.9346923828125, 1.0], [217.83486938476562, 161.6908721923828, 1.0], [152.0259246826172, 143.27423095703125, 1.0], [195.7563018798828, 147.61610412597656, 1.0], [218.19927978515625, 159.092529296875, 1.0], [234.15823364257812, 173.21243286132812, 1.0], [151.86248779296875, 116.71989440917969, 1.0], [179.98265075683594, 105.11637115478516, 1.0], [201.5706329345703, 107.51783752441406, 1.0], [201.59808349609375, 126.43390655517578, 1.0]], "is_left": 0}