{"hand_pts": [[346.9190673828125, 192.03038024902344, 1.0], [303.68939208984375, 159.3870391845703, 1.0], [286.11773681640625, 127.04302978515625, 1.0], [241.3397674560547, 113.06246948242188, 1.0], [190.7709197998047, 115.76142120361328, 1.0], [236.37452697753906, 201.13748168945312, 1.0], [186.56602478027344, 189.1973114013672, 1.0], [169.4054718017578, 166.53497314453125, 1.0], [157.3908233642578, 145.6624755859375, 1.0], [218.26809692382812, 223.81692504882812, 1.0], [143.45858764648438, 209.9048309326172, 1.0], [145.65716552734375, 180.8834991455078, 1.0], [153.63087463378906, 153.72802734375, 1.0], [203.68519592285156, 236.67291259765625, 1.0], [131.6365203857422, 222.02130126953125, 1.0], [135.39208984375, 196.05397033691406, 1.0], [172.24472045898438, 181.6879119873047, 1.0], [196.60745239257812, 245.06900024414062, 1.0], [150.965087890625, 231.54458618164062, 1.0], [143.7939453125, 209.69618225097656, 1.0], [157.66651916503906, 185.1498565673828, 1.0]], "is_left": 0}