{"hand_pts": [[83.49896240234375, 193.67005920410156, 1.0], [165.204345703125, 153.1705780029297, 1.0], [234.5487518310547, 130.7162628173828, 1.0], [242.73841857910156, 91.7618637084961, 1.0], [191.9368896484375, 93.26319885253906, 1.0], [255.30203247070312, 230.4862518310547, 1.0], [263.5947265625, 173.77964782714844, 1.0], [223.02328491210938, 142.17465209960938, 1.0], [197.86688232421875, 158.78428649902344, 1.0], [217.06982421875, 255.82077026367188, 1.0], [216.4062042236328, 194.83705139160156, 1.0], [181.20986938476562, 157.1795196533203, 1.0], [171.34873962402344, 173.8997802734375, 1.0], [183.12586975097656, 265.5945739746094, 1.0], [170.87832641601562, 212.81857299804688, 1.0], [143.1006622314453, 180.70626831054688, 1.0], [145.89743041992188, 198.84608459472656, 1.0], [144.3018798828125, 267.53363037109375, 1.0], [125.01537322998047, 234.56114196777344, 1.0], [109.47574615478516, 202.78465270996094, 1.0], [121.33785247802734, 218.93161010742188, 1.0]], "is_left": 0}