{"hand_pts": [[41.73214340209961, 183.36306762695312, 1.0], [119.58247375488281, 169.37290954589844, 1.0], [176.11227416992188, 164.960205078125, 1.0], [218.59671020507812, 167.97418212890625, 1.0], [208.46090698242188, 175.54946899414062, 1.0], [166.9215545654297, 116.4570083618164, 1.0], [222.98414611816406, 144.21237182617188, 1.0], [251.311279296875, 172.55203247070312, 1.0], [248.02008056640625, 206.26039123535156, 1.0], [140.37066650390625, 137.6060028076172, 1.0], [192.26718139648438, 143.4942169189453, 1.0], [228.44967651367188, 155.42193603515625, 1.0], [263.5807189941406, 171.47537231445312, 1.0], [120.45838928222656, 161.23245239257812, 1.0], [172.5246124267578, 206.95864868164062, 1.0], [192.18833923339844, 241.35855102539062, 1.0], [204.60552978515625, 273.5292663574219, 1.0], [97.29722595214844, 187.78347778320312, 1.0], [133.40530395507812, 212.90310668945312, 1.0], [138.66229248046875, 229.8623504638672, 1.0], [145.2821502685547, 246.32818603515625, 1.0]], "is_left": 0}