{"hand_pts": [[295.94287109375, 230.8532257080078, 1.0], [265.28704833984375, 170.88037109375, 1.0], [250.19412231445312, 114.5197525024414, 1.0], [222.76666259765625, 87.37406158447266, 1.0], [202.0196533203125, 97.90064239501953, 1.0], [174.53822326660156, 189.4187469482422, 1.0], [145.47865295410156, 155.1839141845703, 1.0], [165.4504852294922, 133.49913024902344, 1.0], [200.76197814941406, 127.36199188232422, 1.0], [171.00807189941406, 227.43365478515625, 1.0], [133.89796447753906, 197.12557983398438, 1.0], [158.2969970703125, 165.3329315185547, 1.0], [198.87379455566406, 144.71084594726562, 1.0], [173.56106567382812, 253.13504028320312, 1.0], [136.72650146484375, 234.8745574951172, 1.0], [158.80348205566406, 206.680908203125, 1.0], [195.81729125976562, 184.58004760742188, 1.0], [184.63414001464844, 275.21270751953125, 1.0], [169.4756622314453, 269.0859069824219, 1.0], [185.23419189453125, 245.63961791992188, 1.0], [215.3820343017578, 218.84759521484375, 1.0]], "is_left": 0}