{"hand_pts": [[222.82278442382812, 279.163330078125, 1.0], [252.70208740234375, 242.52809143066406, 1.0], [295.0551452636719, 194.28590393066406, 1.0], [286.8345947265625, 179.41888427734375, 1.0], [246.4320068359375, 208.62388610839844, 1.0], [212.35430908203125, 113.55558013916016, 1.0], [206.5858917236328, 127.64008331298828, 1.0], [215.67652893066406, 187.5411376953125, 1.0], [225.68740844726562, 234.26072692871094, 1.0], [174.46319580078125, 120.54200744628906, 1.0], [146.3306121826172, 107.53819274902344, 1.0], [151.09390258789062, 147.17791748046875, 1.0], [176.44708251953125, 207.9420623779297, 1.0], [147.5441131591797, 135.78118896484375, 1.0], [128.7608642578125, 154.4149932861328, 1.0], [141.01449584960938, 205.30377197265625, 1.0], [167.55955505371094, 260.5933837890625, 1.0], [126.73822784423828, 161.87112426757812, 1.0], [106.0444107055664, 197.93792724609375, 1.0], [125.76559448242188, 244.46632385253906, 1.0], [159.43698120117188, 267.6220703125, 1.0]], "is_left": 0}