{"hand_pts": [[185.0424346923828, 220.8233184814453, 1.0], [146.1575927734375, 222.78024291992188, 1.0], [99.59878540039062, 237.10330200195312, 1.0], [85.0181655883789, 217.6045379638672, 1.0], [88.15618133544922, 188.61532592773438, 1.0], [189.07235717773438, 242.3837432861328, 1.0], [162.34217834472656, 227.47950744628906, 1.0], [135.44757080078125, 202.49330139160156, 1.0], [111.06224060058594, 174.84686279296875, 1.0], [223.72254943847656, 223.14535522460938, 1.0], [214.89483642578125, 184.98367309570312, 1.0], [181.2563018798828, 158.04238891601562, 1.0], [155.1368865966797, 153.41856384277344, 1.0], [245.5266876220703, 203.95448303222656, 1.0], [215.54176330566406, 157.2335968017578, 1.0], [191.4267120361328, 129.67372131347656, 1.0], [159.67034912109375, 115.77550506591797, 1.0], [260.9399108886719, 185.2051544189453, 1.0], [278.9563293457031, 165.8328094482422, 1.0], [283.10479736328125, 148.5367431640625, 1.0], [251.1912078857422, 135.45843505859375, 1.0]], "is_left": 0}