{"hand_pts": [[200.20753479003906, 318.0702209472656, 1.0], [230.1298065185547, 252.46156311035156, 1.0], [272.23895263671875, 205.01141357421875, 1.0], [245.39816284179688, 157.2667236328125, 1.0], [196.53140258789062, 162.84854125976562, 1.0], [245.58670043945312, 215.5052490234375, 1.0], [223.17010498046875, 151.16293334960938, 1.0], [201.25424194335938, 130.09007263183594, 1.0], [189.39987182617188, 152.01011657714844, 1.0], [210.9093475341797, 230.07308959960938, 1.0], [194.28341674804688, 161.49658203125, 1.0], [178.01382446289062, 116.83058166503906, 1.0], [165.5296630859375, 88.7936019897461, 1.0], [181.14862060546875, 239.2523956298828, 1.0], [142.4009552001953, 171.86582946777344, 1.0], [137.6682891845703, 171.85879516601562, 1.0], [157.0503387451172, 203.23623657226562, 1.0], [152.65492248535156, 251.48973083496094, 1.0], [116.17085266113281, 213.89463806152344, 1.0], [114.5975570678711, 208.92999267578125, 1.0], [131.62399291992188, 220.6078338623047, 1.0]], "is_left": 0}