{"hand_pts": [[55.50959777832031, 231.0207977294922, 1.0], [91.48252868652344, 171.24327087402344, 1.0], [101.35572814941406, 107.89418029785156, 1.0], [155.33135986328125, 85.76022338867188, 1.0], [209.78036499023438, 115.26084899902344, 1.0], [105.56521606445312, 155.54478454589844, 1.0], [162.970947265625, 120.1869125366211, 1.0], [195.41683959960938, 124.5532455444336, 1.0], [223.3663787841797, 132.18179321289062, 1.0], [117.90597534179688, 199.05459594726562, 1.0], [197.68710327148438, 175.9359893798828, 1.0], [240.66650390625, 164.73086547851562, 1.0], [235.99932861328125, 165.0816650390625, 1.0], [132.1968536376953, 232.8512420654297, 1.0], [223.25685119628906, 238.80455017089844, 1.0], [236.68182373046875, 235.69491577148438, 1.0], [216.32220458984375, 228.48191833496094, 1.0], [143.27793884277344, 264.84222412109375, 1.0], [191.43743896484375, 268.5492248535156, 1.0], [231.09120178222656, 260.9228210449219, 1.0], [267.68280029296875, 245.09603881835938, 1.0]], "is_left": 0}