{"hand_pts": [[192.23660278320312, 322.8883972167969, 1.0], [165.64376831054688, 292.9837341308594, 1.0], [145.3918914794922, 293.2110595703125, 1.0], [153.31854248046875, 269.709228515625, 1.0], [174.9256591796875, 242.7225341796875, 1.0], [157.40516662597656, 201.11691284179688, 1.0], [145.65415954589844, 153.931640625, 1.0], [143.23532104492188, 129.93569946289062, 1.0], [140.49655151367188, 105.86007690429688, 1.0], [183.27017211914062, 194.76467895507812, 1.0], [177.43890380859375, 154.18121337890625, 1.0], [180.22792053222656, 173.75582885742188, 1.0], [183.70579528808594, 202.9707794189453, 1.0], [204.9976043701172, 195.50222778320312, 1.0], [199.16770935058594, 141.73599243164062, 1.0], [199.27017211914062, 140.77975463867188, 1.0], [199.7412872314453, 148.5427703857422, 1.0], [225.87008666992188, 204.7875518798828, 1.0], [233.2323455810547, 168.70826721191406, 1.0], [237.04910278320312, 149.13233947753906, 1.0], [233.54505920410156, 153.49180603027344, 1.0]], "is_left": 0}