{"hand_pts": [[295.6623229980469, 59.91249084472656, 1.0], [222.59112548828125, 90.31350708007812, 1.0], [168.70130920410156, 104.30506134033203, 1.0], [124.82494354248047, 130.0863800048828, 1.0], [111.06681823730469, 150.296630859375, 1.0], [216.11932373046875, 185.9022216796875, 1.0], [161.46038818359375, 222.53659057617188, 1.0], [124.52034759521484, 212.67823791503906, 1.0], [103.21337127685547, 183.95211791992188, 1.0], [245.11643981933594, 188.63357543945312, 1.0], [190.85813903808594, 236.82566833496094, 1.0], [147.40492248535156, 220.83236694335938, 1.0], [125.52906036376953, 181.31089782714844, 1.0], [263.64312744140625, 184.49351501464844, 1.0], [216.39404296875, 233.97402954101562, 1.0], [176.47787475585938, 220.52456665039062, 1.0], [154.54791259765625, 184.51980590820312, 1.0], [281.7323303222656, 171.2913055419922, 1.0], [252.1856231689453, 194.31053161621094, 1.0], [219.18148803710938, 186.93792724609375, 1.0], [194.7845458984375, 157.98902893066406, 1.0]], "is_left": 0}