{"hand_pts": [[115.79234313964844, 27.69808578491211, 1.0], [106.03988647460938, 98.1346435546875, 1.0], [73.46621704101562, 144.27589416503906, 1.0], [80.9427261352539, 195.70533752441406, 1.0], [119.09862518310547, 228.54039001464844, 1.0], [134.98214721679688, 147.03038024902344, 1.0], [147.28692626953125, 206.9343719482422, 1.0], [160.768310546875, 240.91921997070312, 1.0], [172.66123962402344, 255.16958618164062, 1.0], [167.08261108398438, 130.4433135986328, 1.0], [201.72503662109375, 201.140625, 1.0], [211.22479248046875, 233.31103515625, 1.0], [204.30935668945312, 237.8739013671875, 1.0], [192.3033905029297, 118.64396667480469, 1.0], [237.95326232910156, 178.55474853515625, 1.0], [243.99342346191406, 201.1974334716797, 1.0], [237.90721130371094, 211.11663818359375, 1.0], [212.4815216064453, 102.8736572265625, 1.0], [245.77101135253906, 141.05877685546875, 1.0], [260.38519287109375, 171.04714965820312, 1.0], [261.9576110839844, 197.92372131347656, 1.0]], "is_left": 0}