{"hand_pts": [[47.82130813598633, 132.70875549316406, 1.0], [88.01488494873047, 188.9512939453125, 1.0], [108.24031829833984, 237.30917358398438, 1.0], [130.7774200439453, 276.77008056640625, 1.0], [151.82432556152344, 296.4154968261719, 1.0], [175.1179656982422, 177.94384765625, 1.0], [230.24627685546875, 197.66079711914062, 1.0], [259.0310363769531, 216.498291015625, 1.0], [277.6607971191406, 236.3531951904297, 1.0], [171.47671508789062, 143.56251525878906, 1.0], [215.3729248046875, 182.15992736816406, 1.0], [227.81695556640625, 212.70726013183594, 1.0], [238.4697265625, 241.6435546875, 1.0], [163.66659545898438, 119.96057891845703, 1.0], [184.65992736816406, 151.02737426757812, 1.0], [170.85202026367188, 174.7535858154297, 1.0], [144.09864807128906, 196.06153869628906, 1.0], [147.9061737060547, 99.1492691040039, 1.0], [180.9380340576172, 93.92201232910156, 1.0], [197.37203979492188, 103.5987319946289, 1.0], [186.42843627929688, 133.2109375, 1.0]], "is_left": 0}