{"hand_pts": [[302.5684509277344, 238.2772979736328, 1.0], [258.5555114746094, 178.18328857421875, 1.0], [225.7329559326172, 125.13081359863281, 1.0], [181.49940490722656, 102.15489196777344, 1.0], [138.8284454345703, 101.98941802978516, 1.0], [152.1587371826172, 199.23788452148438, 1.0], [159.07369995117188, 137.41571044921875, 1.0], [184.32510375976562, 98.42660522460938, 1.0], [227.0796661376953, 70.33661651611328, 1.0], [161.9851837158203, 233.6206512451172, 1.0], [135.22955322265625, 200.2782745361328, 1.0], [167.93975830078125, 161.69363403320312, 1.0], [204.9947967529297, 124.82227325439453, 1.0], [177.09487915039062, 255.77731323242188, 1.0], [104.3114013671875, 279.6945495605469, 1.0], [116.23588562011719, 240.5900115966797, 1.0], [155.47232055664062, 220.32191467285156, 1.0], [201.35684204101562, 274.45562744140625, 1.0], [224.2366485595703, 242.03176879882812, 1.0], [259.03778076171875, 215.05044555664062, 1.0], [282.9971008300781, 210.4603271484375, 1.0]], "is_left": 0}