{"hand_pts": [[146.92897033691406, 274.2748107910156, 1.0], [200.4014129638672, 237.34542846679688, 1.0], [251.02249145507812, 215.20364379882812, 1.0], [275.8611755371094, 191.33493041992188, 1.0], [292.60809326171875, 169.28182983398438, 1.0], [172.27450561523438, 157.01243591308594, 1.0], [214.88209533691406, 154.29002380371094, 1.0], [243.38046264648438, 160.9475555419922, 1.0], [270.2514953613281, 171.9435272216797, 1.0], [136.61228942871094, 168.44024658203125, 1.0], [136.12374877929688, 120.42802429199219, 1.0], [169.57359313964844, 130.9750213623047, 1.0], [203.713623046875, 155.24867248535156, 1.0], [113.4573974609375, 183.16941833496094, 1.0], [142.48983764648438, 192.67283630371094, 1.0], [165.94158935546875, 209.82138061523438, 1.0], [189.54141235351562, 239.6639862060547, 1.0], [94.82157897949219, 204.59390258789062, 1.0], [107.85216522216797, 200.57321166992188, 1.0], [134.8303680419922, 214.72032165527344, 1.0], [166.60446166992188, 233.1502685546875, 1.0]], "is_left": 0}