{"hand_pts": [[320.42681884765625, 105.32833099365234, 1.0], [293.658935546875, 178.74240112304688, 1.0], [304.451416015625, 250.10923767089844, 1.0], [256.1617736816406, 265.45501708984375, 1.0], [204.43844604492188, 247.8911895751953, 1.0], [208.93304443359375, 201.72694396972656, 1.0], [176.45355224609375, 248.9493865966797, 1.0], [171.38204956054688, 268.48187255859375, 1.0], [179.76670837402344, 274.9554748535156, 1.0], [186.6639404296875, 160.73876953125, 1.0], [132.09230041503906, 184.65956115722656, 1.0], [165.7030792236328, 185.8895263671875, 1.0], [203.64321899414062, 185.12181091308594, 1.0], [172.08309936523438, 129.8073272705078, 1.0], [123.68311309814453, 139.22000122070312, 1.0], [145.9826202392578, 140.91123962402344, 1.0], [190.31256103515625, 141.66058349609375, 1.0], [167.3399658203125, 99.27738952636719, 1.0], [119.3655014038086, 106.03638458251953, 1.0], [134.76626586914062, 122.7364730834961, 1.0], [176.64169311523438, 137.9039306640625, 1.0]], "is_left": 0}