{"hand_pts": [[273.766357421875, 321.5185852050781, 1.0], [228.0328826904297, 299.9942626953125, 1.0], [181.11288452148438, 304.1228332519531, 1.0], [151.23193359375, 275.0413818359375, 1.0], [142.50901794433594, 229.8496856689453, 1.0], [161.4306640625, 237.45013427734375, 1.0], [123.7071533203125, 194.2767333984375, 1.0], [128.8277587890625, 173.29119873046875, 1.0], [148.60452270507812, 161.8667755126953, 1.0], [186.59275817871094, 216.3148956298828, 1.0], [148.30667114257812, 152.82379150390625, 1.0], [146.00100708007812, 126.70217895507812, 1.0], [154.4569091796875, 114.24295043945312, 1.0], [211.4072265625, 200.94992065429688, 1.0], [194.7976837158203, 134.54591369628906, 1.0], [203.43853759765625, 117.204345703125, 1.0], [219.51028442382812, 121.20355987548828, 1.0], [240.55532836914062, 193.23910522460938, 1.0], [240.4420166015625, 148.00196838378906, 1.0], [249.267578125, 141.33901977539062, 1.0], [259.4013366699219, 153.72247314453125, 1.0]], "is_left": 0}