{"hand_pts": [[343.7525634765625, 173.51614379882812, 1.0], [301.95849609375, 146.4816436767578, 1.0], [294.4616394042969, 121.95301818847656, 1.0], [251.673583984375, 105.7345199584961, 1.0], [210.20956420898438, 106.94542694091797, 1.0], [219.14254760742188, 224.0538787841797, 1.0], [166.71759033203125, 206.4405059814453, 1.0], [155.7558135986328, 169.6486053466797, 1.0], [168.101806640625, 133.37750244140625, 1.0], [205.6324005126953, 245.00714111328125, 1.0], [141.68817138671875, 221.53485107421875, 1.0], [140.7620086669922, 173.55833435058594, 1.0], [166.2633514404297, 129.71365356445312, 1.0], [196.90994262695312, 252.98143005371094, 1.0], [131.3586883544922, 237.4710235595703, 1.0], [132.63699340820312, 194.43911743164062, 1.0], [160.640380859375, 155.10145568847656, 1.0], [196.82656860351562, 253.41091918945312, 1.0], [153.01487731933594, 242.5957794189453, 1.0], [153.4618377685547, 206.48753356933594, 1.0], [180.86183166503906, 171.65609741210938, 1.0]], "is_left": 0}