{"hand_pts": [[109.14350891113281, 345.0057678222656, 1.0], [115.12969970703125, 277.298583984375, 1.0], [114.86782836914062, 230.99293518066406, 1.0], [145.44390869140625, 186.2940673828125, 1.0], [178.95838928222656, 165.6669921875, 1.0], [107.0458755493164, 188.92153930664062, 1.0], [137.89488220214844, 129.6656494140625, 1.0], [169.57040405273438, 111.17090606689453, 1.0], [198.6689453125, 126.66273498535156, 1.0], [129.93167114257812, 206.5928497314453, 1.0], [172.72865295410156, 138.10879516601562, 1.0], [203.99525451660156, 135.26124572753906, 1.0], [228.6822967529297, 144.4447021484375, 1.0], [152.6917266845703, 224.0095672607422, 1.0], [213.7540740966797, 176.96096801757812, 1.0], [249.01773071289062, 169.1160125732422, 1.0], [281.740234375, 164.45106506347656, 1.0], [173.89552307128906, 248.72149658203125, 1.0], [219.8871307373047, 225.14141845703125, 1.0], [240.3001708984375, 229.5118865966797, 1.0], [236.38551330566406, 248.76182556152344, 1.0]], "is_left": 0}