{"hand_pts": [[289.6578063964844, 146.6537628173828, 1.0], [268.7447204589844, 206.49081420898438, 1.0], [280.57550048828125, 255.9781494140625, 1.0], [240.9075164794922, 282.4489440917969, 1.0], [196.8479461669922, 262.02874755859375, 1.0], [244.40548706054688, 193.93641662597656, 1.0], [203.05364990234375, 236.73257446289062, 1.0], [203.97120666503906, 241.1487274169922, 1.0], [220.39251708984375, 226.94985961914062, 1.0], [220.92205810546875, 150.44879150390625, 1.0], [152.11111450195312, 180.71826171875, 1.0], [139.81539916992188, 200.91134643554688, 1.0], [158.52423095703125, 210.7119598388672, 1.0], [199.20645141601562, 119.44744873046875, 1.0], [128.0929718017578, 139.97698974609375, 1.0], [138.33041381835938, 155.72393798828125, 1.0], [170.31378173828125, 161.5938262939453, 1.0], [182.28514099121094, 92.41783905029297, 1.0], [128.5400848388672, 87.87886047363281, 1.0], [110.50558471679688, 108.22844696044922, 1.0], [133.89608764648438, 131.61788940429688, 1.0]], "is_left": 0}