{"hand_pts": [[260.1966857910156, 112.22928619384766, 1.0], [274.66009521484375, 152.15029907226562, 1.0], [301.52117919921875, 203.8014373779297, 1.0], [288.4974060058594, 230.3207244873047, 1.0], [247.1226043701172, 212.63438415527344, 1.0], [213.17161560058594, 231.9290008544922, 1.0], [207.62411499023438, 235.8357391357422, 1.0], [220.07354736328125, 203.9776153564453, 1.0], [236.79791259765625, 163.14923095703125, 1.0], [178.2480010986328, 208.854736328125, 1.0], [140.67369079589844, 228.918212890625, 1.0], [150.44142150878906, 203.60284423828125, 1.0], [181.3714599609375, 167.3671112060547, 1.0], [154.469482421875, 183.80709838867188, 1.0], [112.34419250488281, 202.05267333984375, 1.0], [129.6146240234375, 174.70797729492188, 1.0], [161.60061645507812, 144.6177215576172, 1.0], [138.59835815429688, 153.27474975585938, 1.0], [110.40978240966797, 134.8435516357422, 1.0], [115.42631530761719, 111.42222595214844, 1.0], [141.3914031982422, 88.41053009033203, 1.0]], "is_left": 0}