{"hand_pts": [[306.8119201660156, 235.42176818847656, 1.0], [250.18299865722656, 178.94500732421875, 1.0], [204.91061401367188, 129.00123596191406, 1.0], [183.7945556640625, 139.07557678222656, 1.0], [177.611572265625, 162.95480346679688, 1.0], [231.99569702148438, 146.5428009033203, 1.0], [166.7461395263672, 141.8727264404297, 1.0], [125.31195831298828, 144.48912048339844, 1.0], [85.18852233886719, 145.69454956054688, 1.0], [240.83494567871094, 187.35475158691406, 1.0], [182.09329223632812, 153.84637451171875, 1.0], [138.7667236328125, 149.8804931640625, 1.0], [113.44691467285156, 155.54588317871094, 1.0], [243.81967163085938, 221.0700225830078, 1.0], [202.75230407714844, 223.32559204101562, 1.0], [163.35719299316406, 222.376708984375, 1.0], [156.67762756347656, 217.42202758789062, 1.0], [248.63107299804688, 254.7746124267578, 1.0], [216.49757385253906, 247.90960693359375, 1.0], [182.12562561035156, 239.2044677734375, 1.0], [174.4101104736328, 234.055419921875, 1.0]], "is_left": 0}