{"hand_pts": [[337.0997009277344, 86.54987335205078, 1.0], [267.4737548828125, 104.42324829101562, 1.0], [228.7523956298828, 110.41996765136719, 1.0], [193.4585418701172, 143.1861114501953, 1.0], [168.4362335205078, 180.23667907714844, 1.0], [175.2207794189453, 135.72654724121094, 1.0], [120.08453369140625, 170.3192138671875, 1.0], [120.84759521484375, 193.024169921875, 1.0], [129.6612548828125, 212.71322631835938, 1.0], [197.0391082763672, 152.4678497314453, 1.0], [127.66392517089844, 188.80953979492188, 1.0], [137.16380310058594, 201.98573303222656, 1.0], [151.69418334960938, 211.18238830566406, 1.0], [218.39089965820312, 166.7511749267578, 1.0], [169.4557342529297, 206.37640380859375, 1.0], [156.33673095703125, 228.70533752441406, 1.0], [151.90670776367188, 243.01182556152344, 1.0], [246.76356506347656, 176.80572509765625, 1.0], [241.2064666748047, 206.5900115966797, 1.0], [251.73049926757812, 213.59738159179688, 1.0], [269.85064697265625, 207.79090881347656, 1.0]], "is_left": 0}