{"hand_pts": [[186.35816955566406, 285.55328369140625, 1.0], [230.26341247558594, 204.80795288085938, 1.0], [279.940185546875, 156.40809631347656, 1.0], [254.6295166015625, 114.62496185302734, 1.0], [198.68936157226562, 124.66226196289062, 1.0], [278.9171142578125, 192.60182189941406, 1.0], [254.6959228515625, 138.95425415039062, 1.0], [220.99012756347656, 127.80517578125, 1.0], [205.03248596191406, 146.00765991210938, 1.0], [233.63658142089844, 225.49720764160156, 1.0], [191.920654296875, 165.97662353515625, 1.0], [164.6416778564453, 150.44741821289062, 1.0], [166.27865600585938, 166.1316680908203, 1.0], [191.9228057861328, 247.42196655273438, 1.0], [137.99066162109375, 200.10296630859375, 1.0], [116.81373596191406, 189.2142333984375, 1.0], [134.224365234375, 204.4580841064453, 1.0], [149.0203857421875, 269.1956787109375, 1.0], [105.86868286132812, 243.38978576660156, 1.0], [92.74114227294922, 227.1352081298828, 1.0], [115.6955337524414, 233.68617248535156, 1.0]], "is_left": 0}