{"hand_pts": [[122.77180480957031, 176.83473205566406, 1.0], [102.25362396240234, 187.70501708984375, 1.0], [71.24163055419922, 205.51051330566406, 1.0], [87.45594787597656, 222.9488983154297, 1.0], [128.83563232421875, 229.93209838867188, 1.0], [147.27035522460938, 134.8240966796875, 1.0], [156.61529541015625, 154.39761352539062, 1.0], [150.0409393310547, 194.41464233398438, 1.0], [140.04519653320312, 225.40093994140625, 1.0], [182.70584106445312, 134.75514221191406, 1.0], [196.03115844726562, 162.878173828125, 1.0], [185.98471069335938, 202.44143676757812, 1.0], [163.9163360595703, 241.5298309326172, 1.0], [208.05166625976562, 141.84263610839844, 1.0], [250.7312469482422, 148.9841766357422, 1.0], [244.88137817382812, 186.06639099121094, 1.0], [222.80401611328125, 222.25352478027344, 1.0], [226.95155334472656, 153.2241973876953, 1.0], [261.0328063964844, 161.84759521484375, 1.0], [272.1162109375, 181.36474609375, 1.0], [265.51995849609375, 210.56161499023438, 1.0]], "is_left": 0}