{"hand_pts": [[293.8839416503906, 292.4970703125, 1.0], [278.5625915527344, 222.86245727539062, 1.0], [279.3286437988281, 170.68055725097656, 1.0], [261.8683776855469, 127.56376647949219, 1.0], [228.96298217773438, 110.22845458984375, 1.0], [212.3922576904297, 228.54730224609375, 1.0], [171.41891479492188, 201.0349578857422, 1.0], [148.53944396972656, 175.25303649902344, 1.0], [139.21629333496094, 140.8993682861328, 1.0], [192.83987426757812, 251.01182556152344, 1.0], [154.7084503173828, 186.96243286132812, 1.0], [150.2197723388672, 140.69039916992188, 1.0], [170.54258728027344, 110.08031463623047, 1.0], [179.89210510253906, 263.8097229003906, 1.0], [150.75904846191406, 193.8849334716797, 1.0], [167.42848205566406, 158.672119140625, 1.0], [192.9854736328125, 137.20632934570312, 1.0], [174.14561462402344, 276.107177734375, 1.0], [147.53208923339844, 232.44154357910156, 1.0], [147.83511352539062, 194.80148315429688, 1.0], [154.019775390625, 156.28964233398438, 1.0]], "is_left": 0}