{"hand_pts": [[75.22481536865234, 89.9851303100586, 1.0], [128.0659942626953, 113.26148986816406, 1.0], [158.86956787109375, 128.8270721435547, 1.0], [206.51539611816406, 152.3869171142578, 1.0], [224.34425354003906, 161.41217041015625, 1.0], [130.16595458984375, 195.7206268310547, 1.0], [199.84864807128906, 205.6912384033203, 1.0], [243.42031860351562, 189.84642028808594, 1.0], [278.2432861328125, 164.8690643310547, 1.0], [120.40804290771484, 197.13323974609375, 1.0], [181.32489013671875, 237.52394104003906, 1.0], [217.56173706054688, 203.90138244628906, 1.0], [221.83177185058594, 164.56292724609375, 1.0], [117.92755889892578, 192.68734741210938, 1.0], [175.50726318359375, 226.43826293945312, 1.0], [220.05137634277344, 218.5303192138672, 1.0], [241.2754364013672, 186.0436553955078, 1.0], [115.11590576171875, 180.9041748046875, 1.0], [154.40391540527344, 196.86196899414062, 1.0], [179.8860626220703, 174.36997985839844, 1.0], [156.64376831054688, 158.8086395263672, 1.0]], "is_left": 0}