{"hand_pts": [[48.70705795288086, 281.4690856933594, 1.0], [109.39665222167969, 272.17071533203125, 1.0], [131.92861938476562, 281.8645324707031, 1.0], [194.74697875976562, 261.6106262207031, 1.0], [212.70184326171875, 241.90907287597656, 1.0], [129.58029174804688, 177.70196533203125, 1.0], [209.49232482910156, 157.72032165527344, 1.0], [227.78892517089844, 189.30787658691406, 1.0], [199.32701110839844, 223.06028747558594, 1.0], [124.71729278564453, 153.53016662597656, 1.0], [220.8638458251953, 135.27719116210938, 1.0], [237.38902282714844, 181.06866455078125, 1.0], [208.09019470214844, 229.3639373779297, 1.0], [125.62898254394531, 140.1728515625, 1.0], [215.01815795898438, 101.55828857421875, 1.0], [229.24696350097656, 144.76307678222656, 1.0], [190.62744140625, 185.23098754882812, 1.0], [124.02935791015625, 137.16290283203125, 1.0], [179.28948974609375, 120.87580108642578, 1.0], [194.35169982910156, 155.66090393066406, 1.0], [171.51425170898438, 198.49977111816406, 1.0]], "is_left": 0}