{"hand_pts": [[149.41653442382812, 322.7795104980469, 1.0], [194.26080322265625, 299.302734375, 1.0], [244.9380645751953, 291.0633544921875, 1.0], [246.26502990722656, 252.2583770751953, 1.0], [205.0095672607422, 242.27252197265625, 1.0], [238.01226806640625, 210.94009399414062, 1.0], [253.09373474121094, 154.8252716064453, 1.0], [233.9333038330078, 153.33079528808594, 1.0], [210.6880340576172, 181.01368713378906, 1.0], [202.01454162597656, 193.9119110107422, 1.0], [201.3878173828125, 124.9794692993164, 1.0], [187.0523223876953, 117.35127258300781, 1.0], [172.57229614257812, 119.38423919677734, 1.0], [169.98731994628906, 184.755859375, 1.0], [151.52017211914062, 153.77101135253906, 1.0], [134.68894958496094, 173.6013641357422, 1.0], [131.872314453125, 212.71778869628906, 1.0], [136.76437377929688, 185.05148315429688, 1.0], [127.64928436279297, 151.176025390625, 1.0], [119.27054595947266, 149.2322998046875, 1.0], [116.05866241455078, 177.08168029785156, 1.0]], "is_left": 0}