{"hand_pts": [[308.187255859375, 211.2911376953125, 1.0], [289.97357177734375, 235.83673095703125, 1.0], [284.3539733886719, 258.58624267578125, 1.0], [260.3652038574219, 270.76177978515625, 1.0], [224.9085693359375, 272.3479309082031, 1.0], [236.51348876953125, 178.69546508789062, 1.0], [205.45849609375, 166.73587036132812, 1.0], [180.009033203125, 175.5084991455078, 1.0], [154.94549560546875, 180.43104553222656, 1.0], [217.70632934570312, 168.09825134277344, 1.0], [175.859375, 145.5929718017578, 1.0], [147.9634552001953, 157.41888427734375, 1.0], [121.2840805053711, 166.1864776611328, 1.0], [203.9996337890625, 167.56234741210938, 1.0], [153.6177520751953, 151.52565002441406, 1.0], [124.71063232421875, 160.2146759033203, 1.0], [97.53326416015625, 172.96531677246094, 1.0], [196.99224853515625, 172.19818115234375, 1.0], [158.04071044921875, 163.70901489257812, 1.0], [133.52317810058594, 173.21267700195312, 1.0], [111.6799087524414, 189.9762420654297, 1.0]], "is_left": 0}