{"hand_pts": [[58.79607391357422, 296.2671813964844, 1.0], [127.85257720947266, 282.06072998046875, 1.0], [184.7537078857422, 293.3783874511719, 1.0], [238.53761291503906, 277.896728515625, 1.0], [243.63539123535156, 231.7069854736328, 1.0], [164.7096710205078, 220.7100372314453, 1.0], [220.97445678710938, 180.88479614257812, 1.0], [243.9700164794922, 170.47976684570312, 1.0], [232.4721221923828, 186.70162963867188, 1.0], [140.0444793701172, 199.8699188232422, 1.0], [199.86712646484375, 145.42318725585938, 1.0], [242.8153076171875, 124.13871765136719, 1.0], [274.17535400390625, 119.38218688964844, 1.0], [122.02625274658203, 185.42239379882812, 1.0], [159.25289916992188, 138.5065460205078, 1.0], [170.3842315673828, 138.37269592285156, 1.0], [160.73226928710938, 174.5355682373047, 1.0], [101.72257995605469, 178.2529754638672, 1.0], [129.72540283203125, 132.42250061035156, 1.0], [152.42738342285156, 139.6410369873047, 1.0], [144.43443298339844, 174.79396057128906, 1.0]], "is_left": 0}