{"hand_pts": [[168.64259338378906, 237.72874450683594, 1.0], [217.40504455566406, 229.4365234375, 1.0], [269.48828125, 241.70956420898438, 1.0], [286.7986755371094, 213.66275024414062, 1.0], [260.04388427734375, 181.68142700195312, 1.0], [179.86880493164062, 230.1128387451172, 1.0], [206.83782958984375, 195.9567413330078, 1.0], [227.1361541748047, 179.10826110839844, 1.0], [230.0510711669922, 181.67042541503906, 1.0], [142.8396453857422, 216.54013061523438, 1.0], [165.00973510742188, 170.210205078125, 1.0], [196.80532836914062, 159.6505889892578, 1.0], [211.3382568359375, 174.10983276367188, 1.0], [118.36241912841797, 202.73805236816406, 1.0], [130.84320068359375, 154.31553649902344, 1.0], [160.84188842773438, 146.17459106445312, 1.0], [176.68348693847656, 165.28591918945312, 1.0], [99.06470489501953, 190.05007934570312, 1.0], [100.34651947021484, 153.6177215576172, 1.0], [129.9757080078125, 146.3176727294922, 1.0], [151.3424530029297, 167.4744110107422, 1.0]], "is_left": 0}