{"hand_pts": [[148.59591674804688, 41.27816390991211, 1.0], [199.7833709716797, 85.42398834228516, 1.0], [258.5104064941406, 100.72410583496094, 1.0], [278.4376525878906, 148.8381805419922, 1.0], [263.22247314453125, 195.34210205078125, 1.0], [196.07273864746094, 141.18276977539062, 1.0], [228.70928955078125, 198.5934600830078, 1.0], [236.56654357910156, 202.5493927001953, 1.0], [235.93260192871094, 193.2972412109375, 1.0], [159.09547424316406, 148.30050659179688, 1.0], [160.77569580078125, 230.24391174316406, 1.0], [174.9207000732422, 271.2077941894531, 1.0], [192.67758178710938, 265.2696838378906, 1.0], [132.2421417236328, 154.3524932861328, 1.0], [146.0037384033203, 221.958251953125, 1.0], [157.05184936523438, 197.98275756835938, 1.0], [163.03456115722656, 157.84213256835938, 1.0], [108.30411529541016, 154.10731506347656, 1.0], [111.00350952148438, 202.2540283203125, 1.0], [125.92076110839844, 211.27586364746094, 1.0], [141.3006591796875, 178.0819091796875, 1.0]], "is_left": 0}