{"hand_pts": [[154.76560974121094, 57.77377700805664, 1.0], [129.78176879882812, 121.78895568847656, 1.0], [82.92459106445312, 167.5259552001953, 1.0], [75.32527160644531, 222.51248168945312, 1.0], [112.81111907958984, 263.1753234863281, 1.0], [130.86119079589844, 144.7566680908203, 1.0], [148.07550048828125, 203.4823455810547, 1.0], [168.87420654296875, 243.95396423339844, 1.0], [191.1202392578125, 274.0220031738281, 1.0], [168.2792205810547, 128.78341674804688, 1.0], [212.002197265625, 203.2823028564453, 1.0], [213.0604705810547, 208.65606689453125, 1.0], [193.45263671875, 182.1498565673828, 1.0], [199.3909149169922, 119.54949951171875, 1.0], [226.7512664794922, 194.39663696289062, 1.0], [228.89292907714844, 211.9339599609375, 1.0], [217.45960998535156, 198.83755493164062, 1.0], [227.53123474121094, 108.59516143798828, 1.0], [259.5324401855469, 151.32151794433594, 1.0], [264.861328125, 168.72940063476562, 1.0], [241.59405517578125, 155.8925323486328, 1.0]], "is_left": 0}