{"hand_pts": [[91.08805084228516, 278.16192626953125, 1.0], [150.88345336914062, 263.9707336425781, 1.0], [212.8842010498047, 275.54058837890625, 1.0], [262.9217224121094, 264.0819091796875, 1.0], [288.8558654785156, 231.38160705566406, 1.0], [205.66151428222656, 222.35939025878906, 1.0], [232.8577117919922, 194.3471221923828, 1.0], [214.37852478027344, 196.2753448486328, 1.0], [182.41946411132812, 209.83175659179688, 1.0], [174.224365234375, 203.88572692871094, 1.0], [190.2213592529297, 161.36241149902344, 1.0], [167.43295288085938, 180.47401428222656, 1.0], [144.2505340576172, 211.1189422607422, 1.0], [146.73110961914062, 189.49139404296875, 1.0], [180.2305450439453, 135.21408081054688, 1.0], [192.47760009765625, 108.97126770019531, 1.0], [197.84251403808594, 94.17359924316406, 1.0], [116.14429473876953, 180.4083251953125, 1.0], [125.15049743652344, 138.30654907226562, 1.0], [132.45306396484375, 112.50570678710938, 1.0], [141.21078491210938, 99.00177764892578, 1.0]], "is_left": 0}