{"hand_pts": [[151.48593139648438, 163.84254455566406, 1.0], [162.6663360595703, 116.00101470947266, 1.0], [149.8716278076172, 69.34818267822266, 1.0], [142.79489135742188, 100.47493743896484, 1.0], [141.40185546875, 146.15834045410156, 1.0], [236.7164306640625, 148.49179077148438, 1.0], [207.3671112060547, 137.1759796142578, 1.0], [183.79071044921875, 130.07211303710938, 1.0], [152.35861206054688, 122.66202545166016, 1.0], [225.95130920410156, 196.77296447753906, 1.0], [255.11856079101562, 193.79591369628906, 1.0], [240.00729370117188, 179.50267028808594, 1.0], [201.05845642089844, 159.78521728515625, 1.0], [209.4595489501953, 231.7732696533203, 1.0], [219.9796905517578, 258.0178527832031, 1.0], [205.05477905273438, 259.82421875, 1.0], [172.04212951660156, 242.13516235351562, 1.0], [187.54405212402344, 260.7041931152344, 1.0], [146.67837524414062, 259.4067077636719, 1.0], [117.16434478759766, 237.18099975585938, 1.0], [93.7094955444336, 209.92926025390625, 1.0]], "is_left": 0}