{"hand_pts": [[319.7584533691406, 237.9184112548828, 1.0], [301.1084899902344, 210.47084045410156, 1.0], [288.59381103515625, 190.91770935058594, 1.0], [257.08612060546875, 178.8587646484375, 1.0], [216.64999389648438, 174.71253967285156, 1.0], [236.5862274169922, 172.8854217529297, 1.0], [194.30320739746094, 145.51902770996094, 1.0], [166.0977020263672, 132.17782592773438, 1.0], [137.7655029296875, 117.2525634765625, 1.0], [221.86424255371094, 195.15023803710938, 1.0], [163.6756134033203, 165.8908233642578, 1.0], [130.20777893066406, 155.68324279785156, 1.0], [100.56181335449219, 148.7792205810547, 1.0], [212.86849975585938, 215.99986267089844, 1.0], [156.0417938232422, 194.3775634765625, 1.0], [132.0906219482422, 192.71481323242188, 1.0], [110.92288208007812, 192.67063903808594, 1.0], [211.08309936523438, 238.39151000976562, 1.0], [169.25869750976562, 229.20506286621094, 1.0], [140.63282775878906, 224.05752563476562, 1.0], [112.15119934082031, 218.53492736816406, 1.0]], "is_left": 0}