{"hand_pts": [[256.80706787109375, 188.47213745117188, 1.0], [269.0648193359375, 197.9709930419922, 1.0], [294.51129150390625, 186.70545959472656, 1.0], [279.41558837890625, 200.7184600830078, 1.0], [243.6683807373047, 222.41038513183594, 1.0], [231.02740478515625, 151.3837432861328, 1.0], [195.84591674804688, 131.47703552246094, 1.0], [179.05624389648438, 158.06549072265625, 1.0], [172.14227294921875, 189.77365112304688, 1.0], [197.28369140625, 149.18911743164062, 1.0], [173.23037719726562, 180.56410217285156, 1.0], [194.14834594726562, 210.2679901123047, 1.0], [217.83892822265625, 220.3109893798828, 1.0], [172.0455780029297, 153.4072265625, 1.0], [120.32202911376953, 158.68409729003906, 1.0], [97.26141357421875, 176.0645294189453, 1.0], [94.62505340576172, 206.48741149902344, 1.0], [153.08172607421875, 161.55641174316406, 1.0], [126.19359588623047, 188.0869903564453, 1.0], [133.5717315673828, 215.04849243164062, 1.0], [145.90533447265625, 242.51292419433594, 1.0]], "is_left": 0}