{"hand_pts": [[146.26145935058594, 153.10745239257812, 1.0], [113.87705993652344, 119.80021667480469, 1.0], [89.64372253417969, 75.62387084960938, 1.0], [99.69426727294922, 94.31341552734375, 1.0], [126.1331558227539, 141.98788452148438, 1.0], [194.45693969726562, 132.28497314453125, 1.0], [187.5510711669922, 133.9671173095703, 1.0], [157.85911560058594, 141.3970489501953, 1.0], [123.76834869384766, 150.90371704101562, 1.0], [226.21578979492188, 173.95082092285156, 1.0], [199.65560913085938, 193.48910522460938, 1.0], [158.77536010742188, 198.8103485107422, 1.0], [113.85297393798828, 200.24984741210938, 1.0], [242.9832305908203, 206.53761291503906, 1.0], [241.0252227783203, 226.90240478515625, 1.0], [208.3385467529297, 231.7105255126953, 1.0], [170.01641845703125, 233.04014587402344, 1.0], [251.22406005859375, 235.0331268310547, 1.0], [271.17645263671875, 263.2865905761719, 1.0], [251.0594482421875, 269.56903076171875, 1.0], [209.79685974121094, 253.0340576171875, 1.0]], "is_left": 0}