{"hand_pts": [[204.31369018554688, 84.9361801147461, 1.0], [198.35348510742188, 94.28679656982422, 1.0], [183.89125061035156, 78.64192199707031, 1.0], [198.88722229003906, 111.5201644897461, 1.0], [222.83969116210938, 154.3584442138672, 1.0], [88.5273666381836, 148.5959014892578, 1.0], [112.59664916992188, 181.2792205810547, 1.0], [174.40989685058594, 181.42056274414062, 1.0], [227.6473846435547, 169.9789581298828, 1.0], [97.46601104736328, 172.66122436523438, 1.0], [146.16934204101562, 219.1067352294922, 1.0], [212.70452880859375, 213.6727294921875, 1.0], [260.8295593261719, 187.7418212890625, 1.0], [116.50829315185547, 189.83282470703125, 1.0], [148.87777709960938, 243.53070068359375, 1.0], [206.58480834960938, 237.3759765625, 1.0], [237.4598846435547, 206.1668243408203, 1.0], [143.740234375, 199.69564819335938, 1.0], [185.58108520507812, 232.7984161376953, 1.0], [231.43544006347656, 228.99615478515625, 1.0], [256.900146484375, 200.3922576904297, 1.0]], "is_left": 0}