{"hand_pts": [[298.786376953125, 277.18060302734375, 1.0], [245.53260803222656, 278.7269287109375, 1.0], [195.7825469970703, 292.46453857421875, 1.0], [163.45684814453125, 264.34234619140625, 1.0], [144.2899627685547, 229.2640380859375, 1.0], [173.68128967285156, 218.7798309326172, 1.0], [133.5509796142578, 205.38482666015625, 1.0], [141.70103454589844, 209.58567810058594, 1.0], [156.23204040527344, 214.9712677001953, 1.0], [196.9591064453125, 191.89657592773438, 1.0], [166.86727905273438, 162.84999084472656, 1.0], [185.29579162597656, 179.93374633789062, 1.0], [213.75408935546875, 208.6249237060547, 1.0], [220.18280029296875, 173.82144165039062, 1.0], [165.47901916503906, 131.8553924560547, 1.0], [148.36351013183594, 121.28085327148438, 1.0], [150.67910766601562, 129.22451782226562, 1.0], [248.6121826171875, 162.9779815673828, 1.0], [230.78146362304688, 125.73668670654297, 1.0], [220.4600372314453, 105.08175659179688, 1.0], [209.1946563720703, 87.50298309326172, 1.0]], "is_left": 0}