{"hand_pts": [[203.6154327392578, 202.4196319580078, 1.0], [152.43467712402344, 202.15396118164062, 1.0], [101.09835815429688, 204.639892578125, 1.0], [68.36161804199219, 196.4031982421875, 1.0], [54.903839111328125, 181.08139038085938, 1.0], [199.70655822753906, 226.58804321289062, 1.0], [191.6330108642578, 231.6857452392578, 1.0], [169.11685180664062, 219.11093139648438, 1.0], [148.0936737060547, 206.32701110839844, 1.0], [224.17897033691406, 205.84922790527344, 1.0], [223.78163146972656, 207.91525268554688, 1.0], [193.06996154785156, 190.57981872558594, 1.0], [160.9020538330078, 172.34034729003906, 1.0], [235.00428771972656, 184.25143432617188, 1.0], [232.66705322265625, 176.15830993652344, 1.0], [197.64764404296875, 152.65570068359375, 1.0], [151.4593048095703, 124.43550872802734, 1.0], [240.56553649902344, 162.63609313964844, 1.0], [243.21421813964844, 147.14480590820312, 1.0], [230.88307189941406, 130.20553588867188, 1.0], [200.35011291503906, 108.51104736328125, 1.0]], "is_left": 0}