{"hand_pts": [[312.6922302246094, 291.56817626953125, 1.0], [260.0645751953125, 251.1616973876953, 1.0], [216.83071899414062, 238.7854766845703, 1.0], [188.57614135742188, 194.83448791503906, 1.0], [192.212890625, 165.3208770751953, 1.0], [171.5071258544922, 244.23988342285156, 1.0], [116.83386993408203, 209.015625, 1.0], [89.48702239990234, 176.2724609375, 1.0], [91.6921615600586, 135.2498016357422, 1.0], [188.7938690185547, 242.71652221679688, 1.0], [145.51925659179688, 174.7633056640625, 1.0], [152.8755340576172, 128.791015625, 1.0], [187.35879516601562, 115.87248229980469, 1.0], [207.84478759765625, 236.91188049316406, 1.0], [212.4399871826172, 162.91905212402344, 1.0], [232.8926239013672, 126.00869750976562, 1.0], [265.1162414550781, 129.87498474121094, 1.0], [234.03810119628906, 232.65994262695312, 1.0], [196.6002197265625, 204.22955322265625, 1.0], [187.20619201660156, 170.69113159179688, 1.0], [176.78829956054688, 135.95166015625, 1.0]], "is_left": 0}