{"hand_pts": [[128.33343505859375, 130.55023193359375, 1.0], [118.91339111328125, 114.00547790527344, 1.0], [93.53084564208984, 106.15778350830078, 1.0], [108.36080932617188, 135.93289184570312, 1.0], [139.76316833496094, 172.4685821533203, 1.0], [202.99734497070312, 119.8126220703125, 1.0], [228.66407775878906, 128.545654296875, 1.0], [225.6388397216797, 144.25863647460938, 1.0], [193.52500915527344, 166.56317138671875, 1.0], [218.31436157226562, 154.7597198486328, 1.0], [184.78060913085938, 206.6782989501953, 1.0], [152.36782836914062, 234.6409454345703, 1.0], [109.59722137451172, 252.4735107421875, 1.0], [222.10340881347656, 184.3603515625, 1.0], [280.73480224609375, 202.65377807617188, 1.0], [251.5763702392578, 216.7962646484375, 1.0], [206.44851684570312, 216.86912536621094, 1.0], [217.64810180664062, 210.75367736816406, 1.0], [193.9673309326172, 246.26611328125, 1.0], [155.44793701171875, 244.2262725830078, 1.0], [152.68026733398438, 214.6064910888672, 1.0]], "is_left": 0}