{"hand_pts": [[200.3555450439453, 69.4130630493164, 1.0], [144.26641845703125, 116.865966796875, 1.0], [88.18623352050781, 147.02963256835938, 1.0], [73.63126373291016, 201.16050720214844, 1.0], [116.2922592163086, 227.60202026367188, 1.0], [150.1432342529297, 123.44843292236328, 1.0], [158.6506805419922, 143.3236541748047, 1.0], [163.779541015625, 176.24346923828125, 1.0], [166.06983947753906, 221.62086486816406, 1.0], [195.94126892089844, 124.87457275390625, 1.0], [176.50352478027344, 183.5564727783203, 1.0], [159.96353149414062, 229.71607971191406, 1.0], [143.90463256835938, 269.3607482910156, 1.0], [230.49632263183594, 131.32594299316406, 1.0], [229.99085998535156, 216.08035278320312, 1.0], [219.55809020996094, 213.71878051757812, 1.0], [208.87908935546875, 201.51426696777344, 1.0], [261.6015319824219, 136.1644287109375, 1.0], [275.4556579589844, 168.287353515625, 1.0], [265.58331298828125, 206.09051513671875, 1.0], [251.80906677246094, 245.29908752441406, 1.0]], "is_left": 0}