{"hand_pts": [[257.8755798339844, 92.20795440673828, 1.0], [274.1217346191406, 143.9983673095703, 1.0], [294.317138671875, 192.05592346191406, 1.0], [269.7616882324219, 212.28323364257812, 1.0], [236.2936553955078, 204.18228149414062, 1.0], [211.09112548828125, 205.18405151367188, 1.0], [221.66542053222656, 219.55140686035156, 1.0], [245.10382080078125, 194.11383056640625, 1.0], [265.40924072265625, 164.9110565185547, 1.0], [177.1282958984375, 179.37359619140625, 1.0], [136.29306030273438, 231.53550720214844, 1.0], [132.79132080078125, 246.48130798339844, 1.0], [142.0139617919922, 247.88485717773438, 1.0], [154.7930145263672, 155.5568084716797, 1.0], [110.8319320678711, 192.2928009033203, 1.0], [102.59381103515625, 204.2459259033203, 1.0], [119.60955047607422, 200.9468231201172, 1.0], [140.46365356445312, 128.0441131591797, 1.0], [134.47259521484375, 120.63480377197266, 1.0], [154.72442626953125, 107.92906951904297, 1.0], [184.97158813476562, 95.1590576171875, 1.0]], "is_left": 0}