{"hand_pts": [[42.11674118041992, 123.12166595458984, 1.0], [134.62051391601562, 127.21556854248047, 1.0], [193.53639221191406, 126.8015365600586, 1.0], [238.04945373535156, 115.12873077392578, 1.0], [219.16639709472656, 108.83619689941406, 1.0], [198.8201904296875, 233.05886840820312, 1.0], [255.82383728027344, 213.57521057128906, 1.0], [240.94601440429688, 170.61627197265625, 1.0], [198.93365478515625, 153.86456298828125, 1.0], [169.5542755126953, 246.5886993408203, 1.0], [229.0686492919922, 229.68099975585938, 1.0], [214.71900939941406, 178.6912841796875, 1.0], [179.13880920410156, 161.85101318359375, 1.0], [147.46665954589844, 248.16920471191406, 1.0], [191.97596740722656, 226.16162109375, 1.0], [174.0889434814453, 183.1195831298828, 1.0], [147.77908325195312, 177.68548583984375, 1.0], [121.0266342163086, 239.71469116210938, 1.0], [141.28392028808594, 224.32598876953125, 1.0], [138.40093994140625, 186.9626922607422, 1.0], [123.74546813964844, 181.76341247558594, 1.0]], "is_left": 0}