{"hand_pts": [[329.7998046875, 254.72218322753906, 1.0], [278.3075256347656, 227.75758361816406, 1.0], [252.6702423095703, 203.3988800048828, 1.0], [202.68341064453125, 201.6144256591797, 1.0], [193.75302124023438, 219.45501708984375, 1.0], [226.4641571044922, 160.05270385742188, 1.0], [165.6748809814453, 122.84590148925781, 1.0], [141.12535095214844, 140.84158325195312, 1.0], [152.8903350830078, 173.24082946777344, 1.0], [229.62301635742188, 170.4546356201172, 1.0], [153.61309814453125, 152.615234375, 1.0], [106.56011199951172, 150.3491668701172, 1.0], [97.33587646484375, 175.8477020263672, 1.0], [231.10765075683594, 183.23001098632812, 1.0], [159.52157592773438, 172.10704040527344, 1.0], [148.573486328125, 194.72328186035156, 1.0], [140.5672149658203, 217.76014709472656, 1.0], [237.6427764892578, 200.91744995117188, 1.0], [192.87442016601562, 197.4989471435547, 1.0], [188.50416564941406, 213.77679443359375, 1.0], [220.8995819091797, 217.51046752929688, 1.0]], "is_left": 0}