{"hand_pts": [[168.1592559814453, 270.32318115234375, 1.0], [184.30416870117188, 203.1865692138672, 1.0], [228.97349548339844, 150.75318908691406, 1.0], [231.66844177246094, 147.0930938720703, 1.0], [213.40077209472656, 167.5734405517578, 1.0], [107.83953094482422, 168.35794067382812, 1.0], [151.46310424804688, 119.94244384765625, 1.0], [184.8961944580078, 91.17855834960938, 1.0], [235.35305786132812, 80.87337493896484, 1.0], [99.745361328125, 205.3028106689453, 1.0], [162.5316925048828, 153.74073791503906, 1.0], [221.89926147460938, 137.45050048828125, 1.0], [262.0023498535156, 149.21194458007812, 1.0], [102.55613708496094, 234.61659240722656, 1.0], [175.1512908935547, 209.75778198242188, 1.0], [229.8378448486328, 205.63848876953125, 1.0], [242.45748901367188, 217.4335174560547, 1.0], [112.2591552734375, 264.90350341796875, 1.0], [150.7230987548828, 263.0393371582031, 1.0], [181.93133544921875, 261.73687744140625, 1.0], [229.74838256835938, 255.90870666503906, 1.0]], "is_left": 0}