{"hand_pts": [[197.35166931152344, 51.761268615722656, 1.0], [177.8654022216797, 85.68546295166016, 1.0], [140.9937744140625, 102.43883514404297, 1.0], [137.5204620361328, 142.40145874023438, 1.0], [170.54733276367188, 168.50428771972656, 1.0], [135.54171752929688, 159.98562622070312, 1.0], [144.7343292236328, 213.75363159179688, 1.0], [177.87667846679688, 209.00424194335938, 1.0], [204.2495880126953, 180.1017608642578, 1.0], [157.44287109375, 166.1016387939453, 1.0], [151.5490264892578, 235.31588745117188, 1.0], [167.88185119628906, 261.6335754394531, 1.0], [187.28817749023438, 280.0395202636719, 1.0], [179.50831604003906, 168.1155242919922, 1.0], [191.36892700195312, 232.564453125, 1.0], [214.0082550048828, 212.0364990234375, 1.0], [220.87506103515625, 175.58106994628906, 1.0], [203.42718505859375, 162.7549285888672, 1.0], [239.12289428710938, 187.08929443359375, 1.0], [259.39422607421875, 171.89930725097656, 1.0], [239.12652587890625, 146.43345642089844, 1.0]], "is_left": 0}