{"hand_pts": [[115.26286315917969, 44.07884216308594, 1.0], [129.63162231445312, 95.9024887084961, 1.0], [158.8161163330078, 108.54951477050781, 1.0], [169.01390075683594, 162.65750122070312, 1.0], [161.7655029296875, 213.2653350830078, 1.0], [221.90499877929688, 127.16724395751953, 1.0], [214.81297302246094, 195.82115173339844, 1.0], [186.29769897460938, 235.60012817382812, 1.0], [157.85821533203125, 273.186767578125, 1.0], [221.89048767089844, 127.87523651123047, 1.0], [275.3318786621094, 192.74029541015625, 1.0], [236.07443237304688, 235.3520050048828, 1.0], [188.41213989257812, 258.475830078125, 1.0], [213.51806640625, 131.60760498046875, 1.0], [205.42079162597656, 215.7280731201172, 1.0], [158.42921447753906, 230.68588256835938, 1.0], [120.14885711669922, 209.82235717773438, 1.0], [196.96629333496094, 131.5726318359375, 1.0], [169.72203063964844, 184.07058715820312, 1.0], [130.17213439941406, 193.74362182617188, 1.0], [115.25027465820312, 164.80645751953125, 1.0]], "is_left": 0}