{"hand_pts": [[199.70021057128906, 159.16546630859375, 1.0], [237.580810546875, 172.74008178710938, 1.0], [285.5540771484375, 163.9898223876953, 1.0], [283.2870178222656, 165.40771484375, 1.0], [233.62937927246094, 174.9286346435547, 1.0], [205.01344299316406, 107.33757019042969, 1.0], [208.1229248046875, 158.27525329589844, 1.0], [210.86349487304688, 199.33743286132812, 1.0], [217.53475952148438, 252.2498016357422, 1.0], [163.21823120117188, 109.6632080078125, 1.0], [157.72625732421875, 195.23252868652344, 1.0], [177.00534057617188, 250.2191619873047, 1.0], [200.94349670410156, 271.0617370605469, 1.0], [133.22918701171875, 120.59362030029297, 1.0], [154.21571350097656, 199.70712280273438, 1.0], [179.03684997558594, 231.08868408203125, 1.0], [180.98146057128906, 199.80609130859375, 1.0], [109.23177337646484, 136.52456665039062, 1.0], [90.73770904541016, 161.4777069091797, 1.0], [113.80767059326172, 201.1306915283203, 1.0], [143.24935913085938, 238.77171325683594, 1.0]], "is_left": 0}