{"hand_pts": [[132.35186767578125, 232.43797302246094, 1.0], [112.66129302978516, 193.41110229492188, 1.0], [76.60286712646484, 151.7069549560547, 1.0], [86.65015411376953, 157.46322631835938, 1.0], [120.61774444580078, 193.49952697753906, 1.0], [165.82662963867188, 126.30763244628906, 1.0], [169.88414001464844, 139.00172424316406, 1.0], [155.18751525878906, 170.85110473632812, 1.0], [144.01516723632812, 186.13912963867188, 1.0], [202.56698608398438, 145.99415588378906, 1.0], [219.93411254882812, 167.4329833984375, 1.0], [192.05075073242188, 197.20260620117188, 1.0], [167.5368194580078, 198.67762756347656, 1.0], [228.02459716796875, 166.3927001953125, 1.0], [257.9407958984375, 183.21722412109375, 1.0], [229.46405029296875, 206.53335571289062, 1.0], [203.10113525390625, 203.1885986328125, 1.0], [246.0495147705078, 191.2633514404297, 1.0], [264.19921875, 218.2852325439453, 1.0], [238.07666015625, 235.16778564453125, 1.0], [211.38589477539062, 223.3380584716797, 1.0]], "is_left": 0}