{"hand_pts": [[267.21807861328125, 222.50401306152344, 1.0], [289.3936767578125, 200.76382446289062, 1.0], [309.43701171875, 184.3868865966797, 1.0], [308.2984924316406, 165.8463134765625, 1.0], [297.9914855957031, 147.92108154296875, 1.0], [222.95008850097656, 214.37777709960938, 1.0], [202.6030731201172, 215.2244110107422, 1.0], [192.1121063232422, 206.88961791992188, 1.0], [178.4406280517578, 205.39341735839844, 1.0], [192.04685974121094, 203.6356201171875, 1.0], [158.28878784179688, 205.68800354003906, 1.0], [146.26475524902344, 195.4102020263672, 1.0], [132.1329803466797, 190.12545776367188, 1.0], [173.38929748535156, 189.56430053710938, 1.0], [133.67239379882812, 182.5495147705078, 1.0], [123.34788513183594, 164.09027099609375, 1.0], [113.31141662597656, 146.41989135742188, 1.0], [162.5183563232422, 175.6849365234375, 1.0], [133.30819702148438, 161.42361450195312, 1.0], [119.7222900390625, 145.76705932617188, 1.0], [111.42730712890625, 126.93042755126953, 1.0]], "is_left": 0}