{"hand_pts": [[327.48004150390625, 232.54510498046875, 1.0], [273.873779296875, 183.7327880859375, 1.0], [248.21336364746094, 148.34091186523438, 1.0], [200.8003692626953, 106.35069274902344, 1.0], [172.479248046875, 91.88632202148438, 1.0], [187.13975524902344, 240.12460327148438, 1.0], [133.41868591308594, 180.02069091796875, 1.0], [155.42123413085938, 137.60714721679688, 1.0], [198.9329376220703, 143.13272094726562, 1.0], [185.36978149414062, 263.6495056152344, 1.0], [127.81134033203125, 187.6160888671875, 1.0], [163.90760803222656, 143.0754852294922, 1.0], [212.37196350097656, 156.36705017089844, 1.0], [186.44863891601562, 273.250732421875, 1.0], [126.56995391845703, 214.28512573242188, 1.0], [155.74668884277344, 171.0129852294922, 1.0], [198.43568420410156, 179.84449768066406, 1.0], [196.12265014648438, 277.0019226074219, 1.0], [168.26654052734375, 234.51211547851562, 1.0], [185.12484741210938, 193.18780517578125, 1.0], [219.29098510742188, 191.06117248535156, 1.0]], "is_left": 0}