{"hand_pts": [[54.40471649169922, 86.97682189941406, 1.0], [108.04385375976562, 154.5415802001953, 1.0], [164.66258239746094, 179.79214477539062, 1.0], [218.125732421875, 207.87649536132812, 1.0], [259.2920227050781, 236.8631134033203, 1.0], [194.8678436279297, 150.59510803222656, 1.0], [225.327880859375, 223.92437744140625, 1.0], [184.61868286132812, 237.18006896972656, 1.0], [143.73109436035156, 245.3795623779297, 1.0], [176.75650024414062, 126.71078491210938, 1.0], [245.21890258789062, 150.5124969482422, 1.0], [270.62689208984375, 195.25970458984375, 1.0], [275.4220886230469, 246.39198303222656, 1.0], [157.10865783691406, 113.4487533569336, 1.0], [182.16439819335938, 172.07421875, 1.0], [175.95651245117188, 216.8592987060547, 1.0], [146.94839477539062, 229.9968719482422, 1.0], [130.47528076171875, 101.23958587646484, 1.0], [145.4178924560547, 143.48460388183594, 1.0], [128.33229064941406, 173.84483337402344, 1.0], [110.75199127197266, 203.6094970703125, 1.0]], "is_left": 0}