{"hand_pts": [[147.0186767578125, 311.586669921875, 1.0], [189.2178497314453, 289.9000244140625, 1.0], [229.97119140625, 287.8773193359375, 1.0], [217.18685913085938, 238.87863159179688, 1.0], [187.1730499267578, 196.3535919189453, 1.0], [227.85336303710938, 199.8089141845703, 1.0], [260.8770751953125, 148.44802856445312, 1.0], [265.99359130859375, 126.70636749267578, 1.0], [271.20489501953125, 103.50019073486328, 1.0], [195.00213623046875, 184.38487243652344, 1.0], [189.14794921875, 170.39866638183594, 1.0], [175.71092224121094, 200.37222290039062, 1.0], [162.29608154296875, 245.72886657714844, 1.0], [165.90521240234375, 177.06602478027344, 1.0], [177.90127563476562, 117.64447021484375, 1.0], [169.00491333007812, 133.6583251953125, 1.0], [158.2847442626953, 166.0427703857422, 1.0], [135.64572143554688, 179.1862335205078, 1.0], [103.6640396118164, 154.34255981445312, 1.0], [96.61547088623047, 181.9065704345703, 1.0], [91.71887969970703, 211.92535400390625, 1.0]], "is_left": 0}