{"hand_pts": [[91.5049057006836, 214.79258728027344, 1.0], [94.01957702636719, 200.20932006835938, 1.0], [77.05947875976562, 207.52853393554688, 1.0], [113.38633728027344, 180.47105407714844, 1.0], [146.96133422851562, 159.68016052246094, 1.0], [158.2458038330078, 224.03793334960938, 1.0], [182.8732147216797, 180.92080688476562, 1.0], [161.62136840820312, 162.45913696289062, 1.0], [133.81826782226562, 169.6688232421875, 1.0], [188.04103088378906, 223.4705810546875, 1.0], [241.04449462890625, 179.52931213378906, 1.0], [202.1759490966797, 162.53663635253906, 1.0], [165.03414916992188, 183.23532104492188, 1.0], [208.7326202392578, 218.4661407470703, 1.0], [267.8792419433594, 178.44778442382812, 1.0], [238.704345703125, 157.38375854492188, 1.0], [196.30967712402344, 171.06011962890625, 1.0], [220.89817810058594, 211.8128204345703, 1.0], [255.8323974609375, 180.8280792236328, 1.0], [228.54461669921875, 165.19229125976562, 1.0], [188.5634307861328, 176.54534912109375, 1.0]], "is_left": 0}