{"hand_pts": [[149.23434448242188, 182.56735229492188, 1.0], [199.71392822265625, 152.26739501953125, 1.0], [254.58334350585938, 128.4574737548828, 1.0], [286.3731689453125, 133.03121948242188, 1.0], [307.6286926269531, 144.91004943847656, 1.0], [158.41635131835938, 137.5294647216797, 1.0], [173.71347045898438, 125.37213897705078, 1.0], [200.4517059326172, 128.40135192871094, 1.0], [233.57672119140625, 138.2208251953125, 1.0], [131.89247131347656, 174.13844299316406, 1.0], [147.3948211669922, 163.9871368408203, 1.0], [186.4075164794922, 166.0261993408203, 1.0], [238.74119567871094, 174.98548889160156, 1.0], [118.62754821777344, 205.54600524902344, 1.0], [121.27434539794922, 218.87066650390625, 1.0], [156.9630126953125, 230.95974731445312, 1.0], [206.1088104248047, 239.6151885986328, 1.0], [110.4510269165039, 235.2615509033203, 1.0], [127.16629791259766, 259.7958068847656, 1.0], [167.07989501953125, 268.7416687011719, 1.0], [211.40650939941406, 273.23345947265625, 1.0]], "is_left": 0}