{"hand_pts": [[21.627702713012695, 201.302001953125, 1.0], [75.62853240966797, 226.64447021484375, 1.0], [99.18560791015625, 266.96392822265625, 1.0], [150.24578857421875, 244.46224975585938, 1.0], [173.76795959472656, 192.1114044189453, 1.0], [169.22567749023438, 270.09912109375, 1.0], [229.8545379638672, 240.53001403808594, 1.0], [217.2938995361328, 202.9759063720703, 1.0], [178.16256713867188, 181.29432678222656, 1.0], [173.32794189453125, 235.30685424804688, 1.0], [247.61924743652344, 193.01873779296875, 1.0], [234.8739776611328, 158.2911834716797, 1.0], [188.0082244873047, 151.70645141601562, 1.0], [174.07363891601562, 202.651611328125, 1.0], [240.2718505859375, 151.82249450683594, 1.0], [221.06422424316406, 125.14832305908203, 1.0], [176.79348754882812, 133.01451110839844, 1.0], [165.8829803466797, 169.5702362060547, 1.0], [199.11863708496094, 122.91485595703125, 1.0], [182.68836975097656, 104.70338439941406, 1.0], [147.72608947753906, 126.64752960205078, 1.0]], "is_left": 0}