{"hand_pts": [[114.75536346435547, 140.84332275390625, 1.0], [151.20993041992188, 209.8882598876953, 1.0], [178.23565673828125, 270.3253173828125, 1.0], [220.54432678222656, 287.2416076660156, 1.0], [243.2268829345703, 251.75619506835938, 1.0], [116.29552459716797, 222.27537536621094, 1.0], [157.47573852539062, 237.105712890625, 1.0], [199.41729736328125, 236.40895080566406, 1.0], [230.6346893310547, 228.5771484375, 1.0], [113.20162963867188, 174.1728973388672, 1.0], [180.05117797851562, 180.46926879882812, 1.0], [219.30267333984375, 184.13919067382812, 1.0], [239.246826171875, 187.22373962402344, 1.0], [118.40940856933594, 136.71200561523438, 1.0], [161.1529998779297, 134.5832061767578, 1.0], [198.83474731445312, 143.01905822753906, 1.0], [216.75357055664062, 153.05364990234375, 1.0], [126.05577087402344, 100.91148376464844, 1.0], [163.121826171875, 96.75806427001953, 1.0], [195.52691650390625, 108.31399536132812, 1.0], [201.9908447265625, 123.81453704833984, 1.0]], "is_left": 0}