{"hand_pts": [[192.64120483398438, 277.0914001464844, 1.0], [224.22959899902344, 275.5545654296875, 1.0], [258.1794738769531, 288.1861877441406, 1.0], [254.8650360107422, 279.1247253417969, 1.0], [235.82420349121094, 261.97552490234375, 1.0], [250.43824768066406, 185.09962463378906, 1.0], [253.8680877685547, 169.51466369628906, 1.0], [231.19175720214844, 192.24496459960938, 1.0], [209.7357635498047, 210.8909912109375, 1.0], [210.38006591796875, 165.06689453125, 1.0], [191.82037353515625, 179.64480590820312, 1.0], [177.6631317138672, 226.47239685058594, 1.0], [169.65174865722656, 271.2500305175781, 1.0], [174.8895263671875, 156.15695190429688, 1.0], [139.92630004882812, 115.50679779052734, 1.0], [115.67393493652344, 104.57456970214844, 1.0], [103.05509948730469, 141.45310974121094, 1.0], [140.37765502929688, 156.72486877441406, 1.0], [120.5555648803711, 115.68882751464844, 1.0], [104.99513244628906, 100.10167694091797, 1.0], [94.75652313232422, 109.32998657226562, 1.0]], "is_left": 0}