{"hand_pts": [[136.683349609375, 123.95112609863281, 1.0], [197.725830078125, 112.46504211425781, 1.0], [251.4210968017578, 99.0050048828125, 1.0], [278.7085266113281, 97.87380981445312, 1.0], [287.7452087402344, 104.2326431274414, 1.0], [208.3297119140625, 186.25267028808594, 1.0], [239.8387908935547, 212.29954528808594, 1.0], [256.2792053222656, 213.92515563964844, 1.0], [270.5259094238281, 215.5152587890625, 1.0], [160.61337280273438, 192.26507568359375, 1.0], [186.2927703857422, 224.7319793701172, 1.0], [204.30789184570312, 217.99681091308594, 1.0], [220.99342346191406, 209.83261108398438, 1.0], [123.20502471923828, 188.43125915527344, 1.0], [135.22625732421875, 217.84051513671875, 1.0], [146.3245086669922, 207.6460418701172, 1.0], [157.769775390625, 193.41810607910156, 1.0], [88.03009033203125, 178.15243530273438, 1.0], [85.77275085449219, 192.8401336669922, 1.0], [90.24984741210938, 188.35757446289062, 1.0], [100.93697357177734, 174.47084045410156, 1.0]], "is_left": 0}