{"hand_pts": [[73.27162170410156, 157.849609375, 1.0], [83.56333923339844, 204.80751037597656, 1.0], [79.52122497558594, 259.1611633300781, 1.0], [126.46087646484375, 281.5892639160156, 1.0], [171.42800903320312, 259.57586669921875, 1.0], [123.43663787841797, 159.9487762451172, 1.0], [151.08154296875, 208.64256286621094, 1.0], [167.35125732421875, 241.94288635253906, 1.0], [164.2128143310547, 264.66839599609375, 1.0], [155.3478240966797, 131.45994567871094, 1.0], [207.19769287109375, 160.77671813964844, 1.0], [219.2271270751953, 200.2584991455078, 1.0], [204.15338134765625, 224.14553833007812, 1.0], [181.94046020507812, 115.31987762451172, 1.0], [241.3747100830078, 155.1888885498047, 1.0], [218.5779266357422, 174.378173828125, 1.0], [182.18165588378906, 156.12945556640625, 1.0], [202.7399139404297, 104.16571044921875, 1.0], [237.5253448486328, 101.56574249267578, 1.0], [261.27325439453125, 109.26775360107422, 1.0], [269.724853515625, 141.01531982421875, 1.0]], "is_left": 0}