{"hand_pts": [[251.61509704589844, 289.1150207519531, 1.0], [219.8127899169922, 281.4870910644531, 1.0], [217.6075439453125, 288.6630859375, 1.0], [182.37754821777344, 263.893798828125, 1.0], [146.32582092285156, 235.8481903076172, 1.0], [238.21099853515625, 204.8881072998047, 1.0], [227.5598907470703, 162.04185485839844, 1.0], [187.05137634277344, 166.51585388183594, 1.0], [173.4200439453125, 189.878662109375, 1.0], [235.77757263183594, 182.4315185546875, 1.0], [175.73721313476562, 150.40350341796875, 1.0], [131.50120544433594, 150.99075317382812, 1.0], [91.44239044189453, 161.06912231445312, 1.0], [227.62216186523438, 169.2753448486328, 1.0], [157.23306274414062, 165.90338134765625, 1.0], [148.85060119628906, 200.00035095214844, 1.0], [158.31280517578125, 233.37730407714844, 1.0], [218.93716430664062, 164.8790283203125, 1.0], [206.14979553222656, 121.81060028076172, 1.0], [188.7510986328125, 95.9536361694336, 1.0], [163.0369415283203, 111.80548858642578, 1.0]], "is_left": 0}