{"hand_pts": [[284.5451965332031, 289.3673400878906, 1.0], [231.17935180664062, 229.73809814453125, 1.0], [210.02877807617188, 174.69284057617188, 1.0], [185.0728759765625, 124.58658599853516, 1.0], [159.69296264648438, 80.51583099365234, 1.0], [251.31414794921875, 159.19351196289062, 1.0], [193.3335418701172, 122.5300521850586, 1.0], [150.50723266601562, 103.70195770263672, 1.0], [116.26651763916016, 81.72288513183594, 1.0], [259.5585632324219, 187.24234008789062, 1.0], [165.77279663085938, 182.52899169921875, 1.0], [129.15174865722656, 210.99746704101562, 1.0], [163.8829803466797, 227.28640747070312, 1.0], [258.4514465332031, 212.49427795410156, 1.0], [164.51864624023438, 206.85670471191406, 1.0], [118.91377258300781, 222.9904022216797, 1.0], [103.35755157470703, 246.9933624267578, 1.0], [256.06524658203125, 241.8418731689453, 1.0], [213.8511962890625, 218.23228454589844, 1.0], [180.55543518066406, 225.77423095703125, 1.0], [148.56829833984375, 234.5448455810547, 1.0]], "is_left": 0}