{"hand_pts": [[40.23038864135742, 231.2132568359375, 1.0], [68.8545150756836, 186.24618530273438, 1.0], [72.63937377929688, 143.6745147705078, 1.0], [118.07089233398438, 123.93772888183594, 1.0], [160.9830322265625, 145.678466796875, 1.0], [143.9073486328125, 181.2369842529297, 1.0], [181.66458129882812, 148.282958984375, 1.0], [175.28424072265625, 139.1724853515625, 1.0], [172.0666046142578, 130.23728942871094, 1.0], [160.51979064941406, 207.3892364501953, 1.0], [207.07852172851562, 191.13035583496094, 1.0], [221.3509521484375, 180.800048828125, 1.0], [223.55377197265625, 171.60198974609375, 1.0], [171.08326721191406, 226.0635528564453, 1.0], [235.31581115722656, 215.10214233398438, 1.0], [252.33631896972656, 195.77212524414062, 1.0], [238.32455444335938, 183.18392944335938, 1.0], [173.3329315185547, 243.44326782226562, 1.0], [224.0105743408203, 240.1500701904297, 1.0], [237.71261596679688, 222.84982299804688, 1.0], [212.0878448486328, 208.80694580078125, 1.0]], "is_left": 0}