{"hand_pts": [[99.37623596191406, 300.0877990722656, 1.0], [150.8412322998047, 239.8057861328125, 1.0], [186.5358428955078, 185.0643310546875, 1.0], [220.8451690673828, 144.43704223632812, 1.0], [249.22518920898438, 117.61914825439453, 1.0], [139.45169067382812, 158.94204711914062, 1.0], [185.96426391601562, 121.9680404663086, 1.0], [224.44688415527344, 131.6823272705078, 1.0], [261.14813232421875, 140.88522338867188, 1.0], [121.15833282470703, 193.05238342285156, 1.0], [172.08279418945312, 144.16900634765625, 1.0], [218.46994018554688, 146.54971313476562, 1.0], [254.0056915283203, 167.54043579101562, 1.0], [112.34911346435547, 225.59854125976562, 1.0], [165.71148681640625, 198.0581817626953, 1.0], [206.09674072265625, 205.67356872558594, 1.0], [232.7878875732422, 226.88343811035156, 1.0], [105.21827697753906, 263.1756896972656, 1.0], [124.70924377441406, 243.62661743164062, 1.0], [155.26600646972656, 236.4246368408203, 1.0], [189.42030334472656, 238.91436767578125, 1.0]], "is_left": 0}