{"hand_pts": [[300.6325378417969, 90.43646240234375, 1.0], [236.28280639648438, 96.06517791748047, 1.0], [199.68589782714844, 81.62088775634766, 1.0], [187.79812622070312, 124.0716781616211, 1.0], [209.9017791748047, 165.71078491210938, 1.0], [160.26388549804688, 137.0609588623047, 1.0], [100.78102111816406, 168.8442840576172, 1.0], [108.28015899658203, 189.93157958984375, 1.0], [142.97152709960938, 186.2657928466797, 1.0], [188.82919311523438, 162.7014617919922, 1.0], [169.11422729492188, 187.1332244873047, 1.0], [179.08407592773438, 183.4347381591797, 1.0], [205.6993408203125, 162.688720703125, 1.0], [214.8392333984375, 182.48599243164062, 1.0], [163.04351806640625, 234.88172912597656, 1.0], [140.9228057861328, 261.7681884765625, 1.0], [152.16343688964844, 253.9528350830078, 1.0], [245.6988983154297, 196.29833984375, 1.0], [226.25296020507812, 239.43563842773438, 1.0], [227.2639617919922, 236.44522094726562, 1.0], [239.6153564453125, 204.5498046875, 1.0]], "is_left": 0}