{"hand_pts": [[306.830078125, 266.6044921875, 1.0], [289.5232849121094, 245.36888122558594, 1.0], [282.4911804199219, 232.45516967773438, 1.0], [268.6836242675781, 212.09719848632812, 1.0], [251.48866271972656, 188.65281677246094, 1.0], [208.14109802246094, 222.28707885742188, 1.0], [163.00999450683594, 209.5959014892578, 1.0], [136.72047424316406, 197.21546936035156, 1.0], [113.17487335205078, 182.9643096923828, 1.0], [206.04937744140625, 208.79263305664062, 1.0], [151.4248046875, 188.6818389892578, 1.0], [125.00238037109375, 170.6768798828125, 1.0], [101.15979766845703, 153.6537628173828, 1.0], [210.8685302734375, 196.1527862548828, 1.0], [157.4641876220703, 173.56199645996094, 1.0], [138.57618713378906, 152.0919952392578, 1.0], [122.19996643066406, 130.82073974609375, 1.0], [223.1377410888672, 187.00210571289062, 1.0], [198.06886291503906, 158.80055236816406, 1.0], [189.28573608398438, 137.43386840820312, 1.0], [188.51190185546875, 116.69474029541016, 1.0]], "is_left": 0}