{"hand_pts": [[318.4627990722656, 131.69155883789062, 1.0], [295.37103271484375, 174.8400115966797, 1.0], [298.8247985839844, 185.18206787109375, 1.0], [275.3843994140625, 202.35792541503906, 1.0], [229.230712890625, 221.31985473632812, 1.0], [226.51675415039062, 152.63926696777344, 1.0], [167.3898468017578, 159.83627319335938, 1.0], [133.82461547851562, 187.8584747314453, 1.0], [106.75898742675781, 217.27308654785156, 1.0], [206.5660858154297, 134.5826873779297, 1.0], [162.90982055664062, 198.31564331054688, 1.0], [159.4832305908203, 240.0244903564453, 1.0], [177.4910430908203, 271.4309387207031, 1.0], [192.88088989257812, 125.94377136230469, 1.0], [122.31278228759766, 159.8155059814453, 1.0], [109.02359771728516, 195.06546020507812, 1.0], [136.77777099609375, 218.36654663085938, 1.0], [187.3440399169922, 120.0130615234375, 1.0], [158.05799865722656, 156.41726684570312, 1.0], [158.8240509033203, 184.47671508789062, 1.0], [180.9169158935547, 207.6514434814453, 1.0]], "is_left": 0}