{"hand_pts": [[84.41345977783203, 246.0216827392578, 1.0], [97.10861206054688, 254.2862548828125, 1.0], [93.13941955566406, 267.6949462890625, 1.0], [130.87091064453125, 252.4678497314453, 1.0], [173.8964080810547, 226.28567504882812, 1.0], [106.29594421386719, 173.311279296875, 1.0], [153.01966857910156, 165.10194396972656, 1.0], [189.36134338378906, 193.0490264892578, 1.0], [221.27011108398438, 223.55052185058594, 1.0], [131.40829467773438, 155.98861694335938, 1.0], [176.74166870117188, 122.11844635009766, 1.0], [204.85601806640625, 164.5478973388672, 1.0], [210.8754425048828, 208.1868133544922, 1.0], [155.1197052001953, 149.8461151123047, 1.0], [221.98934936523438, 126.7706069946289, 1.0], [248.3351287841797, 163.41055297851562, 1.0], [224.1965789794922, 194.37429809570312, 1.0], [175.67428588867188, 151.7920379638672, 1.0], [225.44512939453125, 150.54617309570312, 1.0], [255.33758544921875, 169.48178100585938, 1.0], [278.16680908203125, 198.31460571289062, 1.0]], "is_left": 0}