{"hand_pts": [[243.57618713378906, 83.63456726074219, 1.0], [174.17361450195312, 110.53682708740234, 1.0], [111.5561752319336, 117.5369873046875, 1.0], [86.78386688232422, 151.18643188476562, 1.0], [102.2581558227539, 183.67587280273438, 1.0], [170.9506378173828, 147.73094177246094, 1.0], [137.9333038330078, 186.9258575439453, 1.0], [124.35723114013672, 202.67123413085938, 1.0], [129.45785522460938, 197.52029418945312, 1.0], [214.5887451171875, 156.6376953125, 1.0], [183.98829650878906, 205.35769653320312, 1.0], [165.45401000976562, 214.36366271972656, 1.0], [160.0928192138672, 196.40077209472656, 1.0], [246.0951690673828, 164.21749877929688, 1.0], [233.15289306640625, 215.08599853515625, 1.0], [216.97549438476562, 230.75167846679688, 1.0], [203.14724731445312, 218.03799438476562, 1.0], [275.16510009765625, 167.3961944580078, 1.0], [271.6086120605469, 199.6464385986328, 1.0], [256.6838073730469, 203.01927185058594, 1.0], [245.21450805664062, 179.9730682373047, 1.0]], "is_left": 0}