{"hand_pts": [[330.50146484375, 213.5950164794922, 1.0], [269.6080017089844, 229.90432739257812, 1.0], [228.54293823242188, 253.17286682128906, 1.0], [180.5060577392578, 259.1180419921875, 1.0], [143.48838806152344, 241.95382690429688, 1.0], [215.1162567138672, 188.04409790039062, 1.0], [158.5408935546875, 170.9708709716797, 1.0], [124.40802764892578, 171.94549560546875, 1.0], [89.66868591308594, 169.90187072753906, 1.0], [226.0889892578125, 166.2638702392578, 1.0], [154.00791931152344, 172.81455993652344, 1.0], [130.55543518066406, 193.9500274658203, 1.0], [122.7083511352539, 216.83663940429688, 1.0], [234.01486206054688, 153.0602264404297, 1.0], [182.4932403564453, 149.68768310546875, 1.0], [196.82522583007812, 171.97193908691406, 1.0], [223.35897827148438, 191.39263916015625, 1.0], [246.64242553710938, 145.2525634765625, 1.0], [214.02670288085938, 140.3723907470703, 1.0], [195.50010681152344, 145.2071990966797, 1.0], [175.5333251953125, 151.87074279785156, 1.0]], "is_left": 0}