{"hand_pts": [[274.1045837402344, 276.40643310546875, 1.0], [191.47686767578125, 260.8943176269531, 1.0], [123.5582504272461, 268.8879699707031, 1.0], [95.61603546142578, 236.33860778808594, 1.0], [129.4555206298828, 210.2606964111328, 1.0], [165.78233337402344, 212.1880645751953, 1.0], [120.64627838134766, 171.73072814941406, 1.0], [120.6698989868164, 174.8997344970703, 1.0], [141.74295043945312, 195.5102081298828, 1.0], [209.44630432128906, 192.40292358398438, 1.0], [160.52911376953125, 138.9600067138672, 1.0], [151.8491973876953, 151.7635498046875, 1.0], [171.02601623535156, 186.9019775390625, 1.0], [240.98965454101562, 177.72509765625, 1.0], [213.5903778076172, 130.64920043945312, 1.0], [214.46180725097656, 154.4052734375, 1.0], [223.7008514404297, 188.4617919921875, 1.0], [271.7477111816406, 169.55718994140625, 1.0], [259.9967956542969, 135.90740966796875, 1.0], [249.2552490234375, 153.8392791748047, 1.0], [252.3533935546875, 183.08554077148438, 1.0]], "is_left": 0}