{"hand_pts": [[205.7749786376953, 320.5769348144531, 1.0], [157.29718017578125, 286.9827880859375, 1.0], [98.0430908203125, 275.6670227050781, 1.0], [95.94599151611328, 252.40867614746094, 1.0], [141.2964630126953, 237.00042724609375, 1.0], [133.16770935058594, 174.16561889648438, 1.0], [118.61254119873047, 122.59559631347656, 1.0], [128.78651428222656, 126.2509765625, 1.0], [146.1337127685547, 146.35556030273438, 1.0], [176.3016815185547, 169.21987915039062, 1.0], [173.6129913330078, 130.58453369140625, 1.0], [178.448974609375, 156.1665802001953, 1.0], [183.5411376953125, 198.8960723876953, 1.0], [212.3348388671875, 172.73764038085938, 1.0], [234.40773010253906, 146.91835021972656, 1.0], [243.11758422851562, 174.91590881347656, 1.0], [241.5655517578125, 217.07017517089844, 1.0], [247.23382568359375, 186.82281494140625, 1.0], [266.41888427734375, 157.5242156982422, 1.0], [265.203369140625, 173.99777221679688, 1.0], [249.51046752929688, 208.68890380859375, 1.0]], "is_left": 0}