{"hand_pts": [[116.7128677368164, 114.91480255126953, 1.0], [174.83628845214844, 112.5896987915039, 1.0], [234.94102478027344, 89.97394561767578, 1.0], [262.2486877441406, 135.20486450195312, 1.0], [232.1798095703125, 178.3133087158203, 1.0], [162.1824951171875, 124.6740493774414, 1.0], [219.7852020263672, 143.42333984375, 1.0], [245.76478576660156, 159.9425048828125, 1.0], [270.74884033203125, 177.08489990234375, 1.0], [132.59866333007812, 152.7139129638672, 1.0], [172.22171020507812, 190.6757049560547, 1.0], [211.74444580078125, 204.65060424804688, 1.0], [218.68902587890625, 193.85682678222656, 1.0], [114.64486694335938, 176.58486938476562, 1.0], [175.61782836914062, 216.98837280273438, 1.0], [190.33587646484375, 208.1020965576172, 1.0], [204.0198211669922, 199.50331115722656, 1.0], [99.59040832519531, 196.4813690185547, 1.0], [98.01153564453125, 242.01654052734375, 1.0], [114.79821014404297, 272.35797119140625, 1.0], [141.73190307617188, 299.4033508300781, 1.0]], "is_left": 0}