{"hand_pts": [[186.07379150390625, 364.4554443359375, 1.0], [184.61013793945312, 271.6366882324219, 1.0], [194.781982421875, 204.28285217285156, 1.0], [181.98289489746094, 162.17221069335938, 1.0], [168.4456329345703, 139.08377075195312, 1.0], [225.1231231689453, 199.5319366455078, 1.0], [210.35267639160156, 136.62303161621094, 1.0], [177.9354248046875, 138.3399200439453, 1.0], [152.95970153808594, 162.71633911132812, 1.0], [215.33853149414062, 225.33912658691406, 1.0], [209.95849609375, 148.3057861328125, 1.0], [177.57505798339844, 137.52330017089844, 1.0], [154.23646545410156, 158.57594299316406, 1.0], [202.08087158203125, 246.1902618408203, 1.0], [189.8807830810547, 186.15357971191406, 1.0], [171.99671936035156, 154.91732788085938, 1.0], [148.80921936035156, 152.06787109375, 1.0], [186.4318389892578, 272.26678466796875, 1.0], [186.08973693847656, 232.79656982421875, 1.0], [173.56246948242188, 201.9008331298828, 1.0], [154.80062866210938, 183.42852783203125, 1.0]], "is_left": 0}