{"hand_pts": [[290.42242431640625, 317.1628723144531, 1.0], [281.94378662109375, 299.0209655761719, 1.0], [293.0024719238281, 291.447998046875, 1.0], [270.20751953125, 268.6756286621094, 1.0], [229.61705017089844, 240.21937561035156, 1.0], [247.98446655273438, 195.891357421875, 1.0], [220.7832794189453, 147.84609985351562, 1.0], [193.7386474609375, 138.89756774902344, 1.0], [165.21774291992188, 137.86805725097656, 1.0], [221.2206268310547, 191.67178344726562, 1.0], [176.86395263671875, 133.7283172607422, 1.0], [148.02268981933594, 129.98736572265625, 1.0], [122.995849609375, 137.36260986328125, 1.0], [199.25770568847656, 196.52996826171875, 1.0], [146.36773681640625, 143.4525146484375, 1.0], [118.21159362792969, 145.2400665283203, 1.0], [97.31886291503906, 161.58865356445312, 1.0], [182.9083709716797, 210.816650390625, 1.0], [137.97573852539062, 182.0938720703125, 1.0], [111.99302673339844, 181.17799377441406, 1.0], [96.51547241210938, 195.98757934570312, 1.0]], "is_left": 0}