{"hand_pts": [[53.44293212890625, 208.57972717285156, 1.0], [123.18949127197266, 225.26893615722656, 1.0], [168.7951202392578, 234.5196990966797, 1.0], [213.53372192382812, 240.88406372070312, 1.0], [254.69187927246094, 245.62709045410156, 1.0], [181.05348205566406, 166.0914764404297, 1.0], [226.08351135253906, 138.92755126953125, 1.0], [257.0068054199219, 131.83270263671875, 1.0], [277.5469055175781, 145.822998046875, 1.0], [155.02552795410156, 151.36477661132812, 1.0], [186.46681213378906, 187.89993286132812, 1.0], [185.39683532714844, 223.75233459472656, 1.0], [161.02896118164062, 244.8921661376953, 1.0], [133.6159210205078, 146.31170654296875, 1.0], [179.57798767089844, 138.44781494140625, 1.0], [196.1355743408203, 164.27099609375, 1.0], [214.530029296875, 186.90606689453125, 1.0], [108.18898010253906, 147.32577514648438, 1.0], [136.465576171875, 161.52467346191406, 1.0], [144.74745178222656, 187.64903259277344, 1.0], [144.75827026367188, 216.32827758789062, 1.0]], "is_left": 0}