{"hand_pts": [[314.7204284667969, 146.1265411376953, 1.0], [292.8085632324219, 196.9095001220703, 1.0], [275.7894592285156, 239.71780395507812, 1.0], [250.6527099609375, 260.1521911621094, 1.0], [226.10450744628906, 269.3377990722656, 1.0], [187.13124084472656, 185.2820587158203, 1.0], [135.90821838378906, 205.23814392089844, 1.0], [123.2087631225586, 222.58578491210938, 1.0], [126.74787902832031, 239.4108428955078, 1.0], [190.11697387695312, 152.3595428466797, 1.0], [140.63722229003906, 171.46157836914062, 1.0], [132.54864501953125, 192.4249267578125, 1.0], [128.77940368652344, 212.82351684570312, 1.0], [201.62818908691406, 130.0684814453125, 1.0], [160.8317413330078, 146.24575805664062, 1.0], [172.86451721191406, 168.61647033691406, 1.0], [189.97474670410156, 191.177001953125, 1.0], [222.037353515625, 111.01945495605469, 1.0], [195.22238159179688, 115.2542953491211, 1.0], [191.20901489257812, 127.87519836425781, 1.0], [202.8652801513672, 149.93646240234375, 1.0]], "is_left": 0}