{"hand_pts": [[37.74264144897461, 198.0721435546875, 1.0], [81.00183868408203, 144.94766235351562, 1.0], [111.81755828857422, 98.8858413696289, 1.0], [142.68759155273438, 65.6592788696289, 1.0], [165.25241088867188, 79.91133117675781, 1.0], [181.36436462402344, 155.8861083984375, 1.0], [199.7463836669922, 127.22039031982422, 1.0], [176.75534057617188, 115.6567153930664, 1.0], [139.75228881835938, 120.86856842041016, 1.0], [174.80001831054688, 198.69044494628906, 1.0], [236.21006774902344, 213.24545288085938, 1.0], [256.6047058105469, 211.5605010986328, 1.0], [242.61868286132812, 197.06698608398438, 1.0], [163.05934143066406, 230.4525604248047, 1.0], [216.82315063476562, 245.69937133789062, 1.0], [206.32546997070312, 232.03018188476562, 1.0], [174.54527282714844, 215.16493225097656, 1.0], [142.74453735351562, 258.6031799316406, 1.0], [184.5036163330078, 263.97900390625, 1.0], [209.3462371826172, 262.7789611816406, 1.0], [228.8785858154297, 253.98544311523438, 1.0]], "is_left": 0}