{"hand_pts": [[170.83872985839844, 176.72987365722656, 1.0], [123.3468246459961, 170.46029663085938, 1.0], [76.19915008544922, 163.881103515625, 1.0], [97.12425994873047, 169.41856384277344, 1.0], [148.81581115722656, 178.6760711669922, 1.0], [152.73146057128906, 131.47198486328125, 1.0], [154.3370361328125, 108.07017517089844, 1.0], [148.663818359375, 140.7177276611328, 1.0], [146.84469604492188, 166.91696166992188, 1.0], [195.77821350097656, 146.89126586914062, 1.0], [203.35586547851562, 172.36044311523438, 1.0], [178.22129821777344, 203.97518920898438, 1.0], [153.5943603515625, 226.2058868408203, 1.0], [226.20578002929688, 164.3634796142578, 1.0], [240.50547790527344, 214.1229705810547, 1.0], [220.00390625, 241.99066162109375, 1.0], [199.3002471923828, 268.3338623046875, 1.0], [251.21971130371094, 183.73110961914062, 1.0], [273.5389099121094, 195.30825805664062, 1.0], [251.25921630859375, 214.58287048339844, 1.0], [218.80972290039062, 229.28936767578125, 1.0]], "is_left": 0}