{"hand_pts": [[53.398841857910156, 79.18523406982422, 1.0], [115.36956024169922, 86.62874603271484, 1.0], [155.17868041992188, 82.96855926513672, 1.0], [201.5551300048828, 103.68799591064453, 1.0], [238.18247985839844, 132.1559295654297, 1.0], [137.53179931640625, 172.72825622558594, 1.0], [190.49855041503906, 206.69046020507812, 1.0], [231.1329803466797, 213.37005615234375, 1.0], [266.0065612792969, 205.2314910888672, 1.0], [122.33667755126953, 188.3892059326172, 1.0], [182.0191650390625, 233.26760864257812, 1.0], [226.70883178710938, 224.28363037109375, 1.0], [264.56427001953125, 206.44961547851562, 1.0], [114.15170288085938, 194.4641876220703, 1.0], [173.91441345214844, 227.7740478515625, 1.0], [209.64797973632812, 215.71218872070312, 1.0], [227.91683959960938, 183.219970703125, 1.0], [104.42634582519531, 191.78733825683594, 1.0], [142.63534545898438, 211.24119567871094, 1.0], [169.92359924316406, 195.9671630859375, 1.0], [188.09332275390625, 167.0530242919922, 1.0]], "is_left": 0}