{"hand_pts": [[23.93320083618164, 180.58416748046875, 1.0], [88.30316925048828, 212.85946655273438, 1.0], [135.89785766601562, 238.7694854736328, 1.0], [186.6813201904297, 250.1868438720703, 1.0], [215.27359008789062, 247.56362915039062, 1.0], [163.59329223632812, 176.96434020996094, 1.0], [223.84268188476562, 200.30857849121094, 1.0], [239.87925720214844, 224.51414489746094, 1.0], [225.54974365234375, 245.07028198242188, 1.0], [150.2222137451172, 152.13685607910156, 1.0], [225.9193115234375, 158.3494415283203, 1.0], [262.9698181152344, 176.56585693359375, 1.0], [265.7514343261719, 207.62876892089844, 1.0], [137.39590454101562, 136.76834106445312, 1.0], [187.8831024169922, 165.96498107910156, 1.0], [163.7465362548828, 193.14747619628906, 1.0], [133.62936401367188, 216.66201782226562, 1.0], [117.90536499023438, 125.74017333984375, 1.0], [155.1656036376953, 116.79521179199219, 1.0], [179.93487548828125, 119.85611724853516, 1.0], [199.5693817138672, 140.14871215820312, 1.0]], "is_left": 0}