{"hand_pts": [[175.0711212158203, 20.663326263427734, 1.0], [137.5624237060547, 80.08715057373047, 1.0], [81.5966567993164, 110.1431655883789, 1.0], [97.17184448242188, 166.56356811523438, 1.0], [154.91500854492188, 189.05142211914062, 1.0], [104.15184783935547, 160.0186004638672, 1.0], [125.01173400878906, 227.00146484375, 1.0], [156.90908813476562, 227.88475036621094, 1.0], [181.54815673828125, 197.46995544433594, 1.0], [145.81492614746094, 159.03408813476562, 1.0], [175.81492614746094, 239.69386291503906, 1.0], [199.68284606933594, 231.16856384277344, 1.0], [204.424072265625, 188.37796020507812, 1.0], [182.50914001464844, 157.12466430664062, 1.0], [228.87786865234375, 226.6312713623047, 1.0], [250.0739288330078, 217.5467071533203, 1.0], [239.81088256835938, 175.1406707763672, 1.0], [218.6170196533203, 147.6103515625, 1.0], [260.1652526855469, 190.310791015625, 1.0], [275.53009033203125, 189.64822387695312, 1.0], [259.83941650390625, 159.68527221679688, 1.0]], "is_left": 0}