{"hand_pts": [[157.47415161132812, 82.90434265136719, 1.0], [131.32876586914062, 143.23336791992188, 1.0], [115.91097259521484, 209.32546997070312, 1.0], [128.3607940673828, 251.32626342773438, 1.0], [152.43504333496094, 270.6329040527344, 1.0], [205.95448303222656, 195.9867706298828, 1.0], [149.15223693847656, 220.2353057861328, 1.0], [101.57843780517578, 202.97926330566406, 1.0], [57.143489837646484, 184.7450714111328, 1.0], [226.96035766601562, 164.77752685546875, 1.0], [198.40347290039062, 204.29074096679688, 1.0], [144.71743774414062, 185.5425262451172, 1.0], [116.95861053466797, 161.09962463378906, 1.0], [234.86685180664062, 137.8829803466797, 1.0], [258.8897399902344, 175.57315063476562, 1.0], [227.03968811035156, 189.85255432128906, 1.0], [187.4794921875, 200.6518096923828, 1.0], [234.9939727783203, 108.09791564941406, 1.0], [262.9852600097656, 132.47552490234375, 1.0], [271.47967529296875, 151.8673095703125, 1.0], [229.8656005859375, 167.50961303710938, 1.0]], "is_left": 0}