{"hand_pts": [[288.15130615234375, 295.35205078125, 1.0], [210.9794158935547, 281.4619445800781, 1.0], [149.518310546875, 280.707275390625, 1.0], [97.85447692871094, 254.2747802734375, 1.0], [105.91294860839844, 212.1913299560547, 1.0], [176.82008361816406, 206.2138671875, 1.0], [139.01893615722656, 149.15127563476562, 1.0], [128.38720703125, 151.0267791748047, 1.0], [140.19436645507812, 177.99351501464844, 1.0], [216.73348999023438, 187.86376953125, 1.0], [154.2559356689453, 180.33541870117188, 1.0], [154.85995483398438, 218.8778076171875, 1.0], [166.6018524169922, 258.1372985839844, 1.0], [246.81980895996094, 177.516845703125, 1.0], [200.75363159179688, 138.59405517578125, 1.0], [183.7837677001953, 152.1239013671875, 1.0], [179.9038848876953, 183.77305603027344, 1.0], [277.23394775390625, 175.54344177246094, 1.0], [272.3262634277344, 127.94867706298828, 1.0], [260.78125, 98.17172241210938, 1.0], [231.00259399414062, 89.1717529296875, 1.0]], "is_left": 0}