{"hand_pts": [[266.7303161621094, 140.62571716308594, 1.0], [219.9058380126953, 184.4332733154297, 1.0], [188.3118438720703, 233.7162628173828, 1.0], [172.79147338867188, 244.7395477294922, 1.0], [168.05996704101562, 239.2561492919922, 1.0], [247.11553955078125, 238.9855194091797, 1.0], [174.7056884765625, 231.7950897216797, 1.0], [138.2110137939453, 202.0507049560547, 1.0], [100.22484588623047, 173.47987365722656, 1.0], [261.92047119140625, 210.72882080078125, 1.0], [176.17730712890625, 215.76715087890625, 1.0], [117.38380432128906, 205.79055786132812, 1.0], [89.30328369140625, 183.39614868164062, 1.0], [266.5938415527344, 184.2421112060547, 1.0], [183.2563018798828, 171.17425537109375, 1.0], [165.5738983154297, 151.06565856933594, 1.0], [157.35775756835938, 134.0400848388672, 1.0], [268.524658203125, 154.5862579345703, 1.0], [224.28802490234375, 120.84741973876953, 1.0], [190.7120819091797, 95.22791290283203, 1.0], [154.7640838623047, 72.68989562988281, 1.0]], "is_left": 0}