{"hand_pts": [[163.5657958984375, 146.69039916992188, 1.0], [177.755859375, 115.4657211303711, 1.0], [180.7396240234375, 73.43643951416016, 1.0], [204.31166076660156, 87.62433624267578, 1.0], [226.95790100097656, 109.80791473388672, 1.0], [142.5638427734375, 155.18911743164062, 1.0], [147.34422302246094, 145.3266143798828, 1.0], [159.28598022460938, 136.77044677734375, 1.0], [189.68675231933594, 124.6431655883789, 1.0], [142.0157012939453, 193.524658203125, 1.0], [158.50784301757812, 233.09007263183594, 1.0], [193.177978515625, 232.09898376464844, 1.0], [229.22950744628906, 224.01516723632812, 1.0], [147.6854248046875, 220.19720458984375, 1.0], [190.550537109375, 241.78201293945312, 1.0], [220.7030792236328, 212.86265563964844, 1.0], [237.41549682617188, 180.67823791503906, 1.0], [156.367431640625, 239.829345703125, 1.0], [174.52342224121094, 268.0843200683594, 1.0], [202.33460998535156, 251.68951416015625, 1.0], [220.16844177246094, 213.1611328125, 1.0]], "is_left": 0}