{"hand_pts": [[201.73751831054688, 257.9952087402344, 1.0], [239.2284698486328, 222.4185028076172, 1.0], [284.45159912109375, 221.23944091796875, 1.0], [293.7004699707031, 198.96595764160156, 1.0], [284.7995910644531, 172.30377197265625, 1.0], [197.66343688964844, 245.2845001220703, 1.0], [223.42002868652344, 185.81785583496094, 1.0], [241.65655517578125, 144.86813354492188, 1.0], [256.72308349609375, 105.96159362792969, 1.0], [158.84568786621094, 243.46786499023438, 1.0], [167.0722198486328, 208.790771484375, 1.0], [190.54505920410156, 167.2024383544922, 1.0], [208.95968627929688, 144.4761962890625, 1.0], [131.90647888183594, 235.16673278808594, 1.0], [106.57571411132812, 196.75596618652344, 1.0], [101.24608612060547, 164.19004821777344, 1.0], [108.2236328125, 125.52644348144531, 1.0], [110.78556823730469, 225.79393005371094, 1.0], [101.90074157714844, 182.86605834960938, 1.0], [121.1824722290039, 151.30433654785156, 1.0], [150.4949493408203, 132.0293426513672, 1.0]], "is_left": 0}