{"hand_pts": [[242.31048583984375, 117.74629974365234, 1.0], [193.30084228515625, 166.23504638671875, 1.0], [144.6195526123047, 210.91175842285156, 1.0], [92.94985961914062, 232.21583557128906, 1.0], [76.70938110351562, 205.55294799804688, 1.0], [228.9550018310547, 223.67552185058594, 1.0], [206.2393798828125, 271.2947692871094, 1.0], [164.80494689941406, 265.8694763183594, 1.0], [125.04125213623047, 256.5262756347656, 1.0], [253.41639709472656, 194.73728942871094, 1.0], [174.9699249267578, 210.09715270996094, 1.0], [130.201171875, 190.8200225830078, 1.0], [87.62332916259766, 173.2561798095703, 1.0], [265.8843078613281, 168.05519104003906, 1.0], [218.7528839111328, 147.058349609375, 1.0], [185.881103515625, 124.41683197021484, 1.0], [175.3548583984375, 115.7947998046875, 1.0], [274.08612060546875, 138.17877197265625, 1.0], [260.56109619140625, 127.8792495727539, 1.0], [223.21510314941406, 119.05597686767578, 1.0], [183.14700317382812, 114.5806884765625, 1.0]], "is_left": 0}