{"hand_pts": [[121.72821807861328, 96.66250610351562, 1.0], [191.58349609375, 113.83470916748047, 1.0], [250.83029174804688, 119.45130920410156, 1.0], [273.1083984375, 150.7742462158203, 1.0], [268.9891662597656, 184.7134246826172, 1.0], [190.34072875976562, 120.10820770263672, 1.0], [236.2001190185547, 157.32249450683594, 1.0], [256.7573547363281, 183.1160430908203, 1.0], [256.3153076171875, 193.99278259277344, 1.0], [146.2954864501953, 136.69297790527344, 1.0], [172.24305725097656, 177.35240173339844, 1.0], [202.99899291992188, 210.95721435546875, 1.0], [230.0531768798828, 234.8383026123047, 1.0], [114.88751220703125, 153.51498413085938, 1.0], [130.2865753173828, 195.70664978027344, 1.0], [154.35267639160156, 226.9676055908203, 1.0], [181.87940979003906, 254.3321075439453, 1.0], [86.41426849365234, 167.79180908203125, 1.0], [86.85591888427734, 204.2403564453125, 1.0], [101.7052993774414, 231.89048767089844, 1.0], [132.75314331054688, 241.4628143310547, 1.0]], "is_left": 0}