{"hand_pts": [[149.1754913330078, 304.26702880859375, 1.0], [213.64028930664062, 248.0166778564453, 1.0], [276.8935852050781, 224.79039001464844, 1.0], [271.396484375, 171.26036071777344, 1.0], [217.43377685546875, 150.9851531982422, 1.0], [262.69781494140625, 226.75999450683594, 1.0], [258.28204345703125, 161.69320678710938, 1.0], [230.3385772705078, 147.96224975585938, 1.0], [209.38124084472656, 171.61874389648438, 1.0], [214.48951721191406, 230.96853637695312, 1.0], [196.50421142578125, 153.80491638183594, 1.0], [175.56614685058594, 142.643798828125, 1.0], [173.09205627441406, 173.38827514648438, 1.0], [172.55589294433594, 230.3224334716797, 1.0], [142.67515563964844, 158.88478088378906, 1.0], [126.3898696899414, 152.3938446044922, 1.0], [135.29348754882812, 183.55914306640625, 1.0], [129.19390869140625, 232.1251983642578, 1.0], [96.00448608398438, 187.27035522460938, 1.0], [86.85826110839844, 176.97793579101562, 1.0], [107.03829956054688, 202.84365844726562, 1.0]], "is_left": 0}