{"hand_pts": [[250.93084716796875, 286.4462890625, 1.0], [205.54653930664062, 291.2716979980469, 1.0], [198.09521484375, 311.14947509765625, 1.0], [176.11276245117188, 275.38177490234375, 1.0], [156.78103637695312, 232.66006469726562, 1.0], [230.1434783935547, 227.5176544189453, 1.0], [218.0830078125, 195.26455688476562, 1.0], [190.7632293701172, 175.08009338378906, 1.0], [158.269287109375, 156.47703552246094, 1.0], [239.391845703125, 195.91456604003906, 1.0], [178.62362670898438, 154.8210906982422, 1.0], [126.21924591064453, 157.11683654785156, 1.0], [95.03364562988281, 184.942138671875, 1.0], [239.4287872314453, 174.54673767089844, 1.0], [189.18186950683594, 122.31861114501953, 1.0], [144.61566162109375, 131.12159729003906, 1.0], [131.82199096679688, 167.2341766357422, 1.0], [237.48048400878906, 161.546142578125, 1.0], [219.1820831298828, 122.8241958618164, 1.0], [183.10232543945312, 121.20550537109375, 1.0], [151.11697387695312, 144.65716552734375, 1.0]], "is_left": 0}