{"hand_pts": [[41.30870819091797, 199.9009246826172, 1.0], [72.56155395507812, 202.0609588623047, 1.0], [84.36016845703125, 204.50599670410156, 1.0], [115.98384094238281, 201.65200805664062, 1.0], [160.28045654296875, 194.1682891845703, 1.0], [122.1933364868164, 133.93568420410156, 1.0], [179.77577209472656, 157.06312561035156, 1.0], [208.1846923828125, 189.04779052734375, 1.0], [222.20758056640625, 226.1520233154297, 1.0], [142.7783660888672, 132.7843780517578, 1.0], [207.27389526367188, 140.58871459960938, 1.0], [230.8394317626953, 176.1623077392578, 1.0], [254.09703063964844, 206.23390197753906, 1.0], [160.15086364746094, 139.583740234375, 1.0], [223.68402099609375, 165.93702697753906, 1.0], [240.94850158691406, 200.26661682128906, 1.0], [226.9437713623047, 234.11227416992188, 1.0], [171.08871459960938, 152.22802734375, 1.0], [221.09161376953125, 186.58287048339844, 1.0], [223.8872833251953, 220.46868896484375, 1.0], [201.91812133789062, 246.78089904785156, 1.0]], "is_left": 0}