{"hand_pts": [[306.408447265625, 286.4289855957031, 1.0], [292.0268859863281, 242.9550323486328, 1.0], [283.5367736816406, 202.60142517089844, 1.0], [264.3092041015625, 168.21917724609375, 1.0], [236.6232147216797, 139.28048706054688, 1.0], [234.16973876953125, 195.04551696777344, 1.0], [204.72354125976562, 148.0662384033203, 1.0], [182.1059112548828, 119.80973815917969, 1.0], [161.35867309570312, 91.9060287475586, 1.0], [214.5326690673828, 218.84835815429688, 1.0], [171.92987060546875, 167.55032348632812, 1.0], [144.62506103515625, 136.59585571289062, 1.0], [119.4349365234375, 106.89798736572266, 1.0], [200.8443145751953, 240.32139587402344, 1.0], [150.5742950439453, 199.56312561035156, 1.0], [120.97956848144531, 177.27272033691406, 1.0], [91.75404357910156, 155.15829467773438, 1.0], [194.1351776123047, 264.4915466308594, 1.0], [153.06260681152344, 245.26109313964844, 1.0], [124.76124572753906, 231.83055114746094, 1.0], [96.46467590332031, 216.1680450439453, 1.0]], "is_left": 0}