{"hand_pts": [[125.35585021972656, 324.0945129394531, 1.0], [151.6500244140625, 282.7373962402344, 1.0], [151.87411499023438, 268.4351806640625, 1.0], [197.81256103515625, 241.23440551757812, 1.0], [231.04090881347656, 232.3798828125, 1.0], [114.66795349121094, 175.298828125, 1.0], [170.304443359375, 136.89715576171875, 1.0], [201.97528076171875, 166.7611541748047, 1.0], [191.29747009277344, 205.9004669189453, 1.0], [118.9618148803711, 162.236572265625, 1.0], [193.02928161621094, 123.35111236572266, 1.0], [216.20208740234375, 169.29052734375, 1.0], [193.0509490966797, 212.52301025390625, 1.0], [130.327880859375, 156.71417236328125, 1.0], [198.40878295898438, 112.90513610839844, 1.0], [221.45680236816406, 152.31117248535156, 1.0], [199.0726776123047, 191.6641082763672, 1.0], [144.0301055908203, 162.3310089111328, 1.0], [193.5791778564453, 141.3321533203125, 1.0], [212.976806640625, 172.37030029296875, 1.0], [186.00149536132812, 200.14857482910156, 1.0]], "is_left": 0}