{"hand_pts": [[101.17967987060547, 291.40826416015625, 1.0], [92.60127258300781, 220.1314697265625, 1.0], [64.47748565673828, 165.94436645507812, 1.0], [56.71472930908203, 124.17245483398438, 1.0], [82.53609466552734, 114.0207748413086, 1.0], [169.2168731689453, 179.2377471923828, 1.0], [186.9517822265625, 127.61491394042969, 1.0], [180.3712158203125, 108.61112976074219, 1.0], [167.52394104003906, 102.10313415527344, 1.0], [197.38661193847656, 216.55459594726562, 1.0], [249.2974090576172, 178.3356170654297, 1.0], [237.17169189453125, 159.78463745117188, 1.0], [210.023681640625, 151.63539123535156, 1.0], [213.78407287597656, 245.98626708984375, 1.0], [234.114990234375, 204.4561767578125, 1.0], [223.24659729003906, 185.67323303222656, 1.0], [209.1046142578125, 168.85498046875, 1.0], [221.32595825195312, 276.5626220703125, 1.0], [248.5858154296875, 269.9146728515625, 1.0], [225.3220672607422, 258.59613037109375, 1.0], [190.88356018066406, 247.95309448242188, 1.0]], "is_left": 0}