{"hand_pts": [[215.05023193359375, 288.8099670410156, 1.0], [192.57374572753906, 222.24691772460938, 1.0], [167.32725524902344, 179.49778747558594, 1.0], [163.8893585205078, 136.30360412597656, 1.0], [178.26644897460938, 110.33434295654297, 1.0], [123.2730712890625, 229.38584899902344, 1.0], [117.86174011230469, 180.06007385253906, 1.0], [147.47434997558594, 138.46878051757812, 1.0], [184.19586181640625, 103.3801498413086, 1.0], [145.52816772460938, 253.13479614257812, 1.0], [149.86740112304688, 194.78199768066406, 1.0], [179.57498168945312, 144.84059143066406, 1.0], [215.55535888671875, 108.59952545166016, 1.0], [170.8236541748047, 265.8201904296875, 1.0], [173.36085510253906, 227.4533233642578, 1.0], [203.02581787109375, 184.18356323242188, 1.0], [233.7106170654297, 148.10597229003906, 1.0], [200.60928344726562, 277.1341247558594, 1.0], [223.7519989013672, 240.81698608398438, 1.0], [248.9975128173828, 206.0843963623047, 1.0], [272.6139831542969, 174.49998474121094, 1.0]], "is_left": 0}