{"hand_pts": [[165.8648681640625, 246.90725708007812, 1.0], [169.54364013671875, 186.64210510253906, 1.0], [178.70034790039062, 132.4785614013672, 1.0], [173.77377319335938, 93.62885284423828, 1.0], [159.4659423828125, 75.8857421875, 1.0], [222.75784301757812, 186.57272338867188, 1.0], [234.63482666015625, 164.53167724609375, 1.0], [201.4962615966797, 149.62139892578125, 1.0], [168.26060485839844, 137.92820739746094, 1.0], [212.14431762695312, 218.85836791992188, 1.0], [243.68328857421875, 208.14016723632812, 1.0], [246.3282470703125, 188.88746643066406, 1.0], [226.48696899414062, 161.7112579345703, 1.0], [197.2305450439453, 241.0598907470703, 1.0], [184.0175323486328, 206.09747314453125, 1.0], [154.8552703857422, 183.7345733642578, 1.0], [135.2470245361328, 176.24354553222656, 1.0], [178.82774353027344, 261.55303955078125, 1.0], [138.97573852539062, 255.36483764648438, 1.0], [122.6298828125, 244.8784942626953, 1.0], [123.18661499023438, 235.41990661621094, 1.0]], "is_left": 0}