{"hand_pts": [[126.70899200439453, 230.5369873046875, 1.0], [181.57608032226562, 214.08721923828125, 1.0], [233.45205688476562, 211.32350158691406, 1.0], [273.2179870605469, 212.37254333496094, 1.0], [293.3816223144531, 216.33192443847656, 1.0], [165.76763916015625, 161.56777954101562, 1.0], [170.6367645263672, 126.18226623535156, 1.0], [193.67007446289062, 133.5200653076172, 1.0], [211.1503448486328, 154.09384155273438, 1.0], [134.62364196777344, 167.5699920654297, 1.0], [191.60958862304688, 175.7701873779297, 1.0], [228.97528076171875, 192.48670959472656, 1.0], [252.71578979492188, 215.1808319091797, 1.0], [114.33271789550781, 177.11268615722656, 1.0], [144.61325073242188, 169.58779907226562, 1.0], [173.70648193359375, 177.7786407470703, 1.0], [202.2113800048828, 198.18423461914062, 1.0], [97.00343322753906, 191.23280334472656, 1.0], [109.13395690917969, 189.73684692382812, 1.0], [128.94386291503906, 195.52487182617188, 1.0], [159.92335510253906, 210.56407165527344, 1.0]], "is_left": 0}