{"hand_pts": [[151.9418182373047, 55.632999420166016, 1.0], [194.00900268554688, 136.1638641357422, 1.0], [195.43780517578125, 198.8413543701172, 1.0], [208.49478149414062, 252.6265869140625, 1.0], [222.80897521972656, 255.34829711914062, 1.0], [143.4768829345703, 189.78732299804688, 1.0], [191.33230590820312, 237.3339080810547, 1.0], [230.6768341064453, 255.03538513183594, 1.0], [269.2073059082031, 250.8247528076172, 1.0], [124.25057983398438, 155.91358947753906, 1.0], [201.42344665527344, 192.7965087890625, 1.0], [251.04786682128906, 194.39161682128906, 1.0], [269.005126953125, 172.195556640625, 1.0], [117.1497802734375, 128.54087829589844, 1.0], [120.52729034423828, 170.31100463867188, 1.0], [151.17172241210938, 194.41629028320312, 1.0], [195.13462829589844, 209.67596435546875, 1.0], [115.08038330078125, 98.16307830810547, 1.0], [134.7895050048828, 110.8705062866211, 1.0], [172.2825469970703, 122.34217071533203, 1.0], [203.96554565429688, 128.8464813232422, 1.0]], "is_left": 0}