{"hand_pts": [[302.8043212890625, 159.8032684326172, 1.0], [256.28814697265625, 199.8807373046875, 1.0], [244.94223022460938, 252.5694122314453, 1.0], [229.789794921875, 294.8849182128906, 1.0], [210.6541748046875, 298.7629699707031, 1.0], [172.70962524414062, 158.88829040527344, 1.0], [110.6376953125, 162.83944702148438, 1.0], [90.39448547363281, 183.5792694091797, 1.0], [63.19830322265625, 197.65101623535156, 1.0], [177.7327117919922, 129.4297332763672, 1.0], [146.55015563964844, 178.66355895996094, 1.0], [170.11647033691406, 216.42257690429688, 1.0], [209.82916259765625, 222.07061767578125, 1.0], [185.4953155517578, 112.33296203613281, 1.0], [177.96279907226562, 140.24757385253906, 1.0], [191.56784057617188, 163.70303344726562, 1.0], [222.4098358154297, 188.3533477783203, 1.0], [200.64698791503906, 100.8941421508789, 1.0], [189.88507080078125, 129.44960021972656, 1.0], [209.182861328125, 157.75796508789062, 1.0], [228.41502380371094, 187.8108367919922, 1.0]], "is_left": 0}