{"hand_pts": [[305.14117431640625, 307.0341491699219, 1.0], [250.45187377929688, 277.8152160644531, 1.0], [183.91827392578125, 293.18243408203125, 1.0], [156.43280029296875, 245.4423370361328, 1.0], [185.36082458496094, 195.09811401367188, 1.0], [155.41555786132812, 251.54725646972656, 1.0], [128.36048889160156, 188.08680725097656, 1.0], [130.10946655273438, 146.01458740234375, 1.0], [119.89724731445312, 105.69041442871094, 1.0], [179.0803680419922, 235.1094207763672, 1.0], [156.23255920410156, 157.0531768798828, 1.0], [179.97323608398438, 125.5168228149414, 1.0], [205.3994598388672, 100.89308166503906, 1.0], [204.56825256347656, 219.1278076171875, 1.0], [133.43161010742188, 169.599853515625, 1.0], [124.56371307373047, 131.5436553955078, 1.0], [149.8934326171875, 114.4338150024414, 1.0], [237.14846801757812, 207.5865936279297, 1.0], [265.1221923828125, 152.6418914794922, 1.0], [294.0035095214844, 151.82940673828125, 1.0], [285.7483825683594, 194.07559204101562, 1.0]], "is_left": 0}