{"hand_pts": [[45.18476104736328, 140.05767822265625, 1.0], [71.42071533203125, 155.64935302734375, 1.0], [68.64995574951172, 167.93740844726562, 1.0], [100.80049133300781, 172.08851623535156, 1.0], [148.4046173095703, 161.88265991210938, 1.0], [140.36875915527344, 217.4191436767578, 1.0], [182.27647399902344, 219.7855224609375, 1.0], [186.8367462158203, 192.35293579101562, 1.0], [190.27420043945312, 164.02210998535156, 1.0], [157.5296630859375, 210.05775451660156, 1.0], [226.1712188720703, 209.87774658203125, 1.0], [217.89877319335938, 176.1810760498047, 1.0], [213.5164337158203, 144.51904296875, 1.0], [169.16275024414062, 199.1129913330078, 1.0], [242.5481719970703, 221.45697021484375, 1.0], [254.06942749023438, 201.0134735107422, 1.0], [231.80792236328125, 176.0550079345703, 1.0], [173.16738891601562, 183.79168701171875, 1.0], [219.47341918945312, 174.3393096923828, 1.0], [242.52491760253906, 160.14353942871094, 1.0], [224.95718383789062, 139.7150115966797, 1.0]], "is_left": 0}