{"hand_pts": [[183.9216766357422, 311.75457763671875, 1.0], [180.96250915527344, 238.51287841796875, 1.0], [202.2767791748047, 183.25404357910156, 1.0], [193.0867919921875, 133.89369201660156, 1.0], [162.1567840576172, 109.03106689453125, 1.0], [245.2891845703125, 189.5031280517578, 1.0], [210.9561309814453, 137.46475219726562, 1.0], [186.46707153320312, 105.90089416503906, 1.0], [145.11941528320312, 101.4813232421875, 1.0], [235.70916748046875, 217.70257568359375, 1.0], [233.14788818359375, 153.6632843017578, 1.0], [186.7875518798828, 144.2344207763672, 1.0], [144.60035705566406, 143.81692504882812, 1.0], [219.7926788330078, 239.55702209472656, 1.0], [170.43569946289062, 206.50172424316406, 1.0], [140.08267211914062, 212.99884033203125, 1.0], [124.86528778076172, 224.61077880859375, 1.0], [199.62002563476562, 264.2092590332031, 1.0], [184.09898376464844, 252.5199737548828, 1.0], [155.41366577148438, 233.7805938720703, 1.0], [155.71875, 233.36453247070312, 1.0]], "is_left": 0}