{"hand_pts": [[154.04298400878906, 249.41903686523438, 1.0], [115.35214233398438, 204.93724060058594, 1.0], [62.21072006225586, 184.89410400390625, 1.0], [57.681129455566406, 187.94390869140625, 1.0], [84.33488464355469, 202.8931884765625, 1.0], [169.53993225097656, 137.86428833007812, 1.0], [189.87139892578125, 94.72154998779297, 1.0], [198.16683959960938, 76.22801208496094, 1.0], [194.35569763183594, 79.98442077636719, 1.0], [208.1569061279297, 165.46278381347656, 1.0], [242.55307006835938, 116.40576934814453, 1.0], [216.06776428222656, 131.25350952148438, 1.0], [182.587890625, 159.9380645751953, 1.0], [232.93753051757812, 192.43299865722656, 1.0], [226.9736785888672, 225.8928985595703, 1.0], [196.98826599121094, 255.29653930664062, 1.0], [166.86585998535156, 282.5569152832031, 1.0], [250.45831298828125, 223.26893615722656, 1.0], [244.61004638671875, 241.65025329589844, 1.0], [231.52700805664062, 258.18145751953125, 1.0], [197.45965576171875, 272.5826416015625, 1.0]], "is_left": 0}