{"hand_pts": [[205.4056854248047, 95.21636962890625, 1.0], [239.04710388183594, 117.9951171875, 1.0], [287.2248840332031, 129.1045684814453, 1.0], [286.1992492675781, 147.44320678710938, 1.0], [253.3556365966797, 162.281494140625, 1.0], [234.39599609375, 196.9966278076172, 1.0], [220.9373321533203, 220.47604370117188, 1.0], [208.4091033935547, 197.85389709472656, 1.0], [201.12814331054688, 169.45858764648438, 1.0], [192.75299072265625, 199.85733032226562, 1.0], [179.74424743652344, 221.5212860107422, 1.0], [180.5408172607422, 192.02420043945312, 1.0], [186.24546813964844, 159.97923278808594, 1.0], [159.45140075683594, 196.7454833984375, 1.0], [130.3018035888672, 227.79595947265625, 1.0], [132.91883850097656, 203.99501037597656, 1.0], [145.9217529296875, 175.7035675048828, 1.0], [129.85690307617188, 186.4668731689453, 1.0], [99.57600402832031, 201.42062377929688, 1.0], [98.45262908935547, 190.06167602539062, 1.0], [115.39579772949219, 169.02212524414062, 1.0]], "is_left": 0}