{"hand_pts": [[71.29898071289062, 135.13027954101562, 1.0], [121.2542724609375, 187.89239501953125, 1.0], [147.56002807617188, 235.05938720703125, 1.0], [175.0281982421875, 265.2552795410156, 1.0], [201.07266235351562, 290.6990966796875, 1.0], [204.3846893310547, 161.4310760498047, 1.0], [231.6066436767578, 198.4699249267578, 1.0], [237.76966857910156, 226.2825164794922, 1.0], [228.34996032714844, 253.3025665283203, 1.0], [187.04371643066406, 128.28709411621094, 1.0], [198.96823120117188, 178.0635986328125, 1.0], [188.4861602783203, 214.2305450439453, 1.0], [182.68128967285156, 248.15264892578125, 1.0], [168.3878173828125, 107.25090789794922, 1.0], [183.55548095703125, 143.33030700683594, 1.0], [180.75006103515625, 171.1575927734375, 1.0], [172.0312957763672, 200.89320373535156, 1.0], [143.06834411621094, 90.40109252929688, 1.0], [170.4368133544922, 95.04393005371094, 1.0], [171.95584106445312, 121.59172821044922, 1.0], [150.87008666992188, 139.106201171875, 1.0]], "is_left": 0}