{"hand_pts": [[331.633056640625, 136.66050720214844, 1.0], [296.9970703125, 185.18190002441406, 1.0], [292.7571716308594, 229.64227294921875, 1.0], [243.3175506591797, 227.9899139404297, 1.0], [203.11009216308594, 191.21253967285156, 1.0], [228.98089599609375, 260.99395751953125, 1.0], [170.58050537109375, 253.571044921875, 1.0], [172.94610595703125, 212.85916137695312, 1.0], [202.4196319580078, 179.23240661621094, 1.0], [208.72088623046875, 229.0087127685547, 1.0], [129.4745330810547, 221.47120666503906, 1.0], [130.2569580078125, 184.5140838623047, 1.0], [168.328369140625, 157.17649841308594, 1.0], [193.02468872070312, 196.1894073486328, 1.0], [120.12151336669922, 170.7968292236328, 1.0], [140.85769653320312, 138.59327697753906, 1.0], [186.1377410888672, 127.37054443359375, 1.0], [185.58163452148438, 158.01589965820312, 1.0], [130.89663696289062, 133.7402801513672, 1.0], [135.34962463378906, 111.82928466796875, 1.0], [174.45484924316406, 110.2083740234375, 1.0]], "is_left": 0}