{"hand_pts": [[54.673301696777344, 104.96031188964844, 1.0], [67.75006103515625, 155.85838317871094, 1.0], [76.3412857055664, 203.72982788085938, 1.0], [99.62077331542969, 238.51846313476562, 1.0], [126.42089080810547, 265.88616943359375, 1.0], [151.56124877929688, 171.8810272216797, 1.0], [195.73004150390625, 206.62364196777344, 1.0], [218.80113220214844, 230.90660095214844, 1.0], [244.47833251953125, 252.28941345214844, 1.0], [159.29644775390625, 147.94918823242188, 1.0], [214.84718322753906, 184.3153076171875, 1.0], [236.1920166015625, 212.80001831054688, 1.0], [260.34747314453125, 238.009765625, 1.0], [159.1778564453125, 130.39572143554688, 1.0], [219.48667907714844, 153.8811492919922, 1.0], [240.21163940429688, 175.68995666503906, 1.0], [257.8691101074219, 198.0855255126953, 1.0], [151.0584259033203, 112.47769927978516, 1.0], [186.1935577392578, 127.08755493164062, 1.0], [201.36782836914062, 143.2805938720703, 1.0], [207.54541015625, 165.58033752441406, 1.0]], "is_left": 0}