{"hand_pts": [[214.4803466796875, 335.69342041015625, 1.0], [198.2520751953125, 293.4652404785156, 1.0], [159.59170532226562, 273.93560791015625, 1.0], [173.3881072998047, 233.33358764648438, 1.0], [210.51089477539062, 221.57962036132812, 1.0], [158.96315002441406, 224.69976806640625, 1.0], [139.3599395751953, 167.6822509765625, 1.0], [130.10765075683594, 129.5338592529297, 1.0], [135.2547607421875, 92.52006530761719, 1.0], [175.37815856933594, 221.4849853515625, 1.0], [165.48683166503906, 148.13880920410156, 1.0], [175.3958282470703, 111.1376724243164, 1.0], [197.59185791015625, 113.83430480957031, 1.0], [192.8238067626953, 220.73377990722656, 1.0], [178.58448791503906, 151.857177734375, 1.0], [183.39651489257812, 117.6705551147461, 1.0], [196.20643615722656, 98.63532257080078, 1.0], [212.48330688476562, 226.99099731445312, 1.0], [233.19802856445312, 192.7708740234375, 1.0], [245.77943420410156, 207.1092071533203, 1.0], [242.34396362304688, 240.2728271484375, 1.0]], "is_left": 0}