{"hand_pts": [[255.35140991210938, 308.2763977050781, 1.0], [192.26486206054688, 268.9925231933594, 1.0], [125.87107849121094, 247.21685791015625, 1.0], [91.71514892578125, 218.90106201171875, 1.0], [100.51377868652344, 198.05455017089844, 1.0], [198.65451049804688, 175.69766235351562, 1.0], [146.0323486328125, 144.30099487304688, 1.0], [113.48247528076172, 157.2747802734375, 1.0], [87.47100067138672, 179.87112426757812, 1.0], [234.086669921875, 184.86337280273438, 1.0], [177.2290496826172, 156.61181640625, 1.0], [141.73802185058594, 187.75050354003906, 1.0], [119.20259857177734, 229.04188537597656, 1.0], [257.8585510253906, 198.28477478027344, 1.0], [246.3605499267578, 143.70587158203125, 1.0], [222.70130920410156, 131.56033325195312, 1.0], [188.49578857421875, 151.6062469482422, 1.0], [278.9817810058594, 219.30984497070312, 1.0], [274.143310546875, 181.4275360107422, 1.0], [249.24258422851562, 171.74716186523438, 1.0], [215.81166076660156, 170.5003662109375, 1.0]], "is_left": 0}