{"hand_pts": [[174.5253448486328, 94.02730560302734, 1.0], [193.41683959960938, 154.05775451660156, 1.0], [203.6326141357422, 210.74220275878906, 1.0], [237.39501953125, 234.55638122558594, 1.0], [258.11004638671875, 204.5453338623047, 1.0], [148.57330322265625, 192.98257446289062, 1.0], [138.13815307617188, 241.8523712158203, 1.0], [153.06826782226562, 266.6770935058594, 1.0], [161.84646606445312, 291.66351318359375, 1.0], [145.4375762939453, 160.75701904296875, 1.0], [130.03726196289062, 197.5875701904297, 1.0], [161.2234649658203, 216.56201171875, 1.0], [198.32676696777344, 212.32223510742188, 1.0], [149.6475067138672, 134.4181365966797, 1.0], [200.6599578857422, 149.9712677001953, 1.0], [236.3289794921875, 155.77978515625, 1.0], [261.19549560546875, 150.0603790283203, 1.0], [157.45619201660156, 106.5785903930664, 1.0], [160.2521514892578, 115.94500732421875, 1.0], [189.12667846679688, 129.3181915283203, 1.0], [219.03546142578125, 143.1527862548828, 1.0]], "is_left": 0}