{"hand_pts": [[232.70738220214844, 70.72989654541016, 1.0], [187.84426879882812, 79.56564331054688, 1.0], [139.23876953125, 73.81778717041016, 1.0], [123.90087890625, 108.27449035644531, 1.0], [136.85350036621094, 150.40127563476562, 1.0], [143.3973846435547, 159.36875915527344, 1.0], [133.6673583984375, 163.1734161376953, 1.0], [151.24774169921875, 138.92466735839844, 1.0], [171.94126892089844, 113.5901107788086, 1.0], [176.11593627929688, 183.16131591796875, 1.0], [165.9866943359375, 239.2306365966797, 1.0], [173.89744567871094, 241.50485229492188, 1.0], [188.4220733642578, 211.74765014648438, 1.0], [205.1689453125, 197.8245849609375, 1.0], [173.29119873046875, 257.2429504394531, 1.0], [180.5812225341797, 247.5863800048828, 1.0], [197.252197265625, 212.55311584472656, 1.0], [235.9351043701172, 203.21644592285156, 1.0], [258.24456787109375, 225.80624389648438, 1.0], [274.8551940917969, 228.07659912109375, 1.0], [286.1051940917969, 207.1258087158203, 1.0]], "is_left": 0}