{"hand_pts": [[98.48704528808594, 89.35821533203125, 1.0], [170.5760498046875, 89.49061584472656, 1.0], [227.72235107421875, 67.42973327636719, 1.0], [270.141845703125, 101.79791259765625, 1.0], [254.82904052734375, 144.21127319335938, 1.0], [169.4984588623047, 145.77548217773438, 1.0], [227.06690979003906, 183.63951110839844, 1.0], [246.44427490234375, 178.8182830810547, 1.0], [232.58987426757812, 155.78387451171875, 1.0], [133.56398010253906, 178.51971435546875, 1.0], [194.19944763183594, 229.59140014648438, 1.0], [216.86178588867188, 208.183837890625, 1.0], [207.14341735839844, 168.94036865234375, 1.0], [110.55724334716797, 202.05975341796875, 1.0], [157.0621337890625, 257.9427795410156, 1.0], [179.2574462890625, 238.4275360107422, 1.0], [172.771240234375, 198.33360290527344, 1.0], [89.95771789550781, 217.4149627685547, 1.0], [114.16075897216797, 255.79714965820312, 1.0], [137.59463500976562, 239.2786407470703, 1.0], [137.20814514160156, 201.20297241210938, 1.0]], "is_left": 0}