{"hand_pts": [[356.43359375, 184.781982421875, 1.0], [289.76263427734375, 191.442138671875, 1.0], [266.3801574707031, 215.51571655273438, 1.0], [216.70095825195312, 244.7479248046875, 1.0], [204.662109375, 243.1688995361328, 1.0], [201.42799377441406, 119.46308135986328, 1.0], [125.02865600585938, 105.76376342773438, 1.0], [118.54528045654297, 147.518798828125, 1.0], [152.06298828125, 176.95957946777344, 1.0], [202.46932983398438, 117.90843963623047, 1.0], [121.14802551269531, 151.4327392578125, 1.0], [133.6710662841797, 198.07545471191406, 1.0], [175.83079528808594, 225.2254180908203, 1.0], [204.47048950195312, 124.90020751953125, 1.0], [151.0706787109375, 178.23684692382812, 1.0], [164.79339599609375, 219.2693328857422, 1.0], [209.080810546875, 224.4273223876953, 1.0], [214.9372100830078, 137.72879028320312, 1.0], [182.469482421875, 176.5095672607422, 1.0], [177.27467346191406, 210.5679168701172, 1.0], [207.67071533203125, 231.6125946044922, 1.0]], "is_left": 0}