{"hand_pts": [[300.094482421875, 262.5739440917969, 1.0], [290.5384521484375, 209.26417541503906, 1.0], [294.1142272949219, 168.9358367919922, 1.0], [262.27783203125, 138.28521728515625, 1.0], [225.76690673828125, 115.45420837402344, 1.0], [238.95787048339844, 197.18572998046875, 1.0], [191.57632446289062, 171.87294006347656, 1.0], [160.3474884033203, 148.74417114257812, 1.0], [142.99432373046875, 126.14979553222656, 1.0], [216.83872985839844, 218.5330047607422, 1.0], [171.26329040527344, 186.03616333007812, 1.0], [146.4148406982422, 151.71824645996094, 1.0], [130.5926971435547, 118.00289154052734, 1.0], [200.6912078857422, 232.95445251464844, 1.0], [138.9895782470703, 217.1055450439453, 1.0], [113.6968994140625, 189.09625244140625, 1.0], [89.06278228759766, 161.47119140625, 1.0], [190.99449157714844, 247.6432647705078, 1.0], [145.468994140625, 237.56910705566406, 1.0], [144.58009338378906, 212.73585510253906, 1.0], [175.93963623046875, 207.45362854003906, 1.0]], "is_left": 0}