{"hand_pts": [[111.94947814941406, 269.87646484375, 1.0], [176.8197479248047, 253.3514862060547, 1.0], [230.24302673339844, 238.57559204101562, 1.0], [269.0567932128906, 220.50341796875, 1.0], [292.5203857421875, 201.00729370117188, 1.0], [187.61279296875, 185.05201721191406, 1.0], [229.83045959472656, 163.31117248535156, 1.0], [256.1217346191406, 165.66920471191406, 1.0], [281.322021484375, 163.5827178955078, 1.0], [149.03321838378906, 187.41253662109375, 1.0], [185.26513671875, 142.5846405029297, 1.0], [216.74627685546875, 145.4242401123047, 1.0], [238.9452667236328, 169.1665496826172, 1.0], [120.01087188720703, 195.1160888671875, 1.0], [130.8566131591797, 158.008544921875, 1.0], [154.0580596923828, 171.55648803710938, 1.0], [177.2024688720703, 189.6519012451172, 1.0], [91.9328384399414, 208.96841430664062, 1.0], [88.10131072998047, 188.84471130371094, 1.0], [93.2116928100586, 180.15931701660156, 1.0], [118.15707397460938, 188.1851806640625, 1.0]], "is_left": 0}