{"hand_pts": [[169.9519805908203, 340.4986572265625, 1.0], [134.6758575439453, 284.1003112792969, 1.0], [100.87664794921875, 245.09446716308594, 1.0], [75.1131362915039, 203.17127990722656, 1.0], [64.21820831298828, 166.57569885253906, 1.0], [196.54510498046875, 210.54183959960938, 1.0], [191.21246337890625, 150.42503356933594, 1.0], [170.43629455566406, 121.24411010742188, 1.0], [143.86231994628906, 102.7382583618164, 1.0], [223.1160430908203, 222.32269287109375, 1.0], [192.62046813964844, 164.1653594970703, 1.0], [156.2375946044922, 142.55308532714844, 1.0], [111.02796936035156, 145.23013305664062, 1.0], [236.23873901367188, 234.03614807128906, 1.0], [249.89462280273438, 174.3837432861328, 1.0], [228.92283630371094, 149.68336486816406, 1.0], [194.67372131347656, 136.48968505859375, 1.0], [242.35699462890625, 251.89939880371094, 1.0], [263.28387451171875, 216.4986572265625, 1.0], [252.80445861816406, 192.48297119140625, 1.0], [213.84519958496094, 184.35501098632812, 1.0]], "is_left": 0}