{"hand_pts": [[256.6769104003906, 252.46087646484375, 1.0], [221.14430236816406, 212.9545440673828, 1.0], [190.905029296875, 188.1509552001953, 1.0], [179.28515625, 152.19631958007812, 1.0], [197.2173309326172, 120.70613098144531, 1.0], [123.3552017211914, 230.96824645996094, 1.0], [129.56748962402344, 178.1461944580078, 1.0], [181.42501831054688, 153.10252380371094, 1.0], [231.81878662109375, 121.93751525878906, 1.0], [138.51315307617188, 241.2920379638672, 1.0], [73.79586029052734, 223.98265075683594, 1.0], [108.53343963623047, 180.6792449951172, 1.0], [156.36619567871094, 143.7999267578125, 1.0], [159.35345458984375, 244.25411987304688, 1.0], [196.55087280273438, 180.0378875732422, 1.0], [243.03814697265625, 165.55609130859375, 1.0], [261.04998779296875, 178.88906860351562, 1.0], [188.76303100585938, 245.63145446777344, 1.0], [212.7503204345703, 202.81668090820312, 1.0], [245.57664489746094, 168.3893280029297, 1.0], [285.4920349121094, 136.53277587890625, 1.0]], "is_left": 0}