{"hand_pts": [[319.91510009765625, 200.74456787109375, 1.0], [292.5740661621094, 202.73194885253906, 1.0], [300.1982421875, 160.2989501953125, 1.0], [256.6330871582031, 141.52989196777344, 1.0], [204.89894104003906, 139.0504913330078, 1.0], [222.21868896484375, 142.82073974609375, 1.0], [178.35006713867188, 105.4375228881836, 1.0], [143.33828735351562, 115.09574127197266, 1.0], [109.94133758544922, 132.7483367919922, 1.0], [206.01316833496094, 151.43792724609375, 1.0], [149.63197326660156, 199.4222869873047, 1.0], [176.25302124023438, 242.1599884033203, 1.0], [201.58164978027344, 281.835205078125, 1.0], [195.28099060058594, 165.8205108642578, 1.0], [145.16781616210938, 231.3392333984375, 1.0], [159.50189208984375, 274.0723571777344, 1.0], [173.7559051513672, 315.43359375, 1.0], [192.50238037109375, 184.17686462402344, 1.0], [144.20111083984375, 167.95257568359375, 1.0], [122.4368896484375, 184.0236358642578, 1.0], [104.08483123779297, 202.97360229492188, 1.0]], "is_left": 0}