{"hand_pts": [[186.3216094970703, 158.32936096191406, 1.0], [162.7228546142578, 220.00674438476562, 1.0], [123.92435455322266, 276.5032653808594, 1.0], [83.71587371826172, 274.0170593261719, 1.0], [73.26570892333984, 233.68064880371094, 1.0], [237.5211944580078, 231.0643768310547, 1.0], [202.6269989013672, 241.4946746826172, 1.0], [154.97152709960938, 233.22096252441406, 1.0], [124.89431762695312, 220.9977569580078, 1.0], [251.3096466064453, 181.0980987548828, 1.0], [251.78623962402344, 193.5293426513672, 1.0], [193.8172149658203, 200.91065979003906, 1.0], [142.5249786376953, 208.23704528808594, 1.0], [252.8192596435547, 141.690673828125, 1.0], [223.70045471191406, 133.2032012939453, 1.0], [172.06369018554688, 137.2386016845703, 1.0], [136.71510314941406, 148.31231689453125, 1.0], [247.12680053710938, 104.72403717041016, 1.0], [251.2387237548828, 87.6376953125, 1.0], [214.7246551513672, 98.08445739746094, 1.0], [173.44644165039062, 114.5727310180664, 1.0]], "is_left": 0}