{"hand_pts": [[122.38838195800781, 229.64633178710938, 1.0], [126.7030258178711, 169.9123992919922, 1.0], [108.74288940429688, 127.43798828125, 1.0], [106.3571548461914, 91.9134521484375, 1.0], [140.83090209960938, 91.95679473876953, 1.0], [124.14765930175781, 188.82041931152344, 1.0], [164.16671752929688, 142.56260681152344, 1.0], [190.26614379882812, 114.05603790283203, 1.0], [198.18719482421875, 107.60488891601562, 1.0], [146.3044891357422, 225.964111328125, 1.0], [182.505859375, 193.4779052734375, 1.0], [200.09739685058594, 164.62010192871094, 1.0], [197.12428283691406, 156.2413787841797, 1.0], [167.35958862304688, 250.23268127441406, 1.0], [226.9918212890625, 223.1791534423828, 1.0], [251.20458984375, 200.21511840820312, 1.0], [275.3497314453125, 178.1033477783203, 1.0], [186.3125, 270.5027160644531, 1.0], [210.44314575195312, 287.6097717285156, 1.0], [232.864990234375, 275.9104919433594, 1.0], [233.98341369628906, 242.83897399902344, 1.0]], "is_left": 0}