{"hand_pts": [[50.59587097167969, 241.3472900390625, 1.0], [117.06928253173828, 252.94223022460938, 1.0], [159.0275115966797, 272.4576110839844, 1.0], [195.10629272460938, 254.18157958984375, 1.0], [208.1646728515625, 224.43875122070312, 1.0], [173.22604370117188, 216.7967529296875, 1.0], [222.9790496826172, 205.64468383789062, 1.0], [253.29220581054688, 198.43389892578125, 1.0], [282.3275451660156, 190.56834411621094, 1.0], [151.4188690185547, 188.84617614746094, 1.0], [206.2032470703125, 174.00636291503906, 1.0], [236.5838165283203, 169.2648162841797, 1.0], [241.36856079101562, 179.2048797607422, 1.0], [133.3498992919922, 168.23385620117188, 1.0], [176.87289428710938, 136.96267700195312, 1.0], [204.46080017089844, 127.14019012451172, 1.0], [208.6962432861328, 138.38250732421875, 1.0], [111.04254913330078, 152.7425079345703, 1.0], [123.98194122314453, 133.7011260986328, 1.0], [118.28123474121094, 148.26824951171875, 1.0], [112.65077209472656, 165.73703002929688, 1.0]], "is_left": 0}