{"hand_pts": [[91.15040588378906, 86.92098236083984, 1.0], [140.99459838867188, 135.02978515625, 1.0], [174.8699188232422, 170.25669860839844, 1.0], [166.137939453125, 222.29672241210938, 1.0], [133.64889526367188, 218.553955078125, 1.0], [208.29977416992188, 135.1202850341797, 1.0], [265.6323547363281, 141.71609497070312, 1.0], [276.38092041015625, 180.62060546875, 1.0], [268.1886291503906, 223.47091674804688, 1.0], [179.7356719970703, 130.48519897460938, 1.0], [196.73646545410156, 192.62623596191406, 1.0], [198.79177856445312, 240.4499969482422, 1.0], [179.52310180664062, 276.24700927734375, 1.0], [152.43101501464844, 132.38125610351562, 1.0], [205.57937622070312, 157.04930114746094, 1.0], [199.4195098876953, 200.41162109375, 1.0], [177.99844360351562, 226.51560974121094, 1.0], [121.08267211914062, 133.69541931152344, 1.0], [137.61587524414062, 152.42250061035156, 1.0], [140.910400390625, 186.63731384277344, 1.0], [139.3271942138672, 211.175537109375, 1.0]], "is_left": 0}