{"hand_pts": [[198.57958984375, 57.24281692504883, 1.0], [212.75137329101562, 66.62290954589844, 1.0], [231.63467407226562, 69.66631317138672, 1.0], [234.50643920898438, 87.36227416992188, 1.0], [228.8212432861328, 111.50545501708984, 1.0], [214.50294494628906, 148.90057373046875, 1.0], [226.4962615966797, 189.29408264160156, 1.0], [227.01394653320312, 210.4203338623047, 1.0], [229.07020568847656, 233.05967712402344, 1.0], [186.11865234375, 161.40524291992188, 1.0], [190.44740295410156, 214.9562225341797, 1.0], [187.93397521972656, 236.05165100097656, 1.0], [186.65426635742188, 257.5336608886719, 1.0], [161.62319946289062, 165.13449096679688, 1.0], [156.804443359375, 219.71641540527344, 1.0], [149.54910278320312, 238.07530212402344, 1.0], [142.61544799804688, 255.00827026367188, 1.0], [139.23886108398438, 160.8193359375, 1.0], [125.1005630493164, 197.08799743652344, 1.0], [115.0672378540039, 215.551513671875, 1.0], [106.67445373535156, 229.0795440673828, 1.0]], "is_left": 0}