{"hand_pts": [[329.0625915527344, 152.19020080566406, 1.0], [243.01539611816406, 129.47129821777344, 1.0], [171.25274658203125, 118.51243591308594, 1.0], [146.081787109375, 159.5320587158203, 1.0], [138.02317810058594, 200.7082977294922, 1.0], [168.19635009765625, 225.49224853515625, 1.0], [123.16588592529297, 175.04856872558594, 1.0], [154.31690979003906, 129.6930694580078, 1.0], [191.13967895507812, 93.11489868164062, 1.0], [201.728515625, 248.569091796875, 1.0], [137.84808349609375, 225.07432556152344, 1.0], [123.05333709716797, 171.27023315429688, 1.0], [154.62913513183594, 127.3917007446289, 1.0], [230.0242462158203, 256.6909484863281, 1.0], [194.210693359375, 193.63955688476562, 1.0], [205.58135986328125, 137.51805114746094, 1.0], [234.4461212158203, 104.6976089477539, 1.0], [263.4535827636719, 255.1018829345703, 1.0], [231.49769592285156, 254.089599609375, 1.0], [209.5688018798828, 247.5447235107422, 1.0], [194.40463256835938, 204.0884246826172, 1.0]], "is_left": 0}