{"hand_pts": [[252.72120666503906, 272.8013610839844, 1.0], [188.60507202148438, 261.700927734375, 1.0], [131.0924530029297, 267.7698669433594, 1.0], [86.81927490234375, 242.7481689453125, 1.0], [90.24943542480469, 207.83375549316406, 1.0], [204.3238525390625, 228.04385375976562, 1.0], [159.50765991210938, 193.90304565429688, 1.0], [126.90531921386719, 179.44497680664062, 1.0], [116.69300842285156, 182.20809936523438, 1.0], [238.9882049560547, 209.08470153808594, 1.0], [212.18869018554688, 164.5646514892578, 1.0], [171.4095916748047, 153.11334228515625, 1.0], [147.4969940185547, 161.49002075195312, 1.0], [260.4253845214844, 194.10853576660156, 1.0], [220.85108947753906, 146.42852783203125, 1.0], [192.1596221923828, 142.35914611816406, 1.0], [179.01425170898438, 162.48365783691406, 1.0], [278.2903747558594, 184.17819213867188, 1.0], [262.74969482421875, 148.58828735351562, 1.0], [235.20155334472656, 137.54498291015625, 1.0], [203.51937866210938, 135.32272338867188, 1.0]], "is_left": 0}