{"hand_pts": [[325.19891357421875, 95.70169067382812, 1.0], [300.6324768066406, 158.91754150390625, 1.0], [302.58831787109375, 210.78134155273438, 1.0], [266.0733947753906, 240.1807861328125, 1.0], [217.7726593017578, 239.7069549560547, 1.0], [247.23617553710938, 194.417724609375, 1.0], [199.91244506835938, 231.84963989257812, 1.0], [173.71612548828125, 243.06231689453125, 1.0], [158.0458221435547, 242.56280517578125, 1.0], [224.8542022705078, 159.91567993164062, 1.0], [160.16903686523438, 196.11549377441406, 1.0], [137.7423095703125, 210.69271850585938, 1.0], [134.24269104003906, 215.9546356201172, 1.0], [206.95289611816406, 132.2541961669922, 1.0], [139.23825073242188, 157.4628448486328, 1.0], [121.22234344482422, 168.3226776123047, 1.0], [125.59149932861328, 173.23910522460938, 1.0], [196.24795532226562, 103.47579193115234, 1.0], [146.7951202392578, 111.29576873779297, 1.0], [129.64935302734375, 121.48350524902344, 1.0], [138.45889282226562, 132.2118377685547, 1.0]], "is_left": 0}