{"hand_pts": [[156.01124572753906, 91.19600677490234, 1.0], [169.5243377685547, 89.69509887695312, 1.0], [174.23013305664062, 58.59696578979492, 1.0], [144.21328735351562, 97.87049102783203, 1.0], [119.8814926147461, 144.52723693847656, 1.0], [248.83126831054688, 135.33934020996094, 1.0], [217.99794006347656, 150.36976623535156, 1.0], [182.33172607421875, 153.6294403076172, 1.0], [141.81300354003906, 151.5684051513672, 1.0], [239.39508056640625, 166.2951202392578, 1.0], [259.9936828613281, 224.9711456298828, 1.0], [228.6417236328125, 240.63919067382812, 1.0], [192.174072265625, 217.12461853027344, 1.0], [223.74830627441406, 189.56605529785156, 1.0], [208.91966247558594, 245.11566162109375, 1.0], [169.95925903320312, 231.00527954101562, 1.0], [141.63214111328125, 203.48007202148438, 1.0], [202.08726501464844, 206.23948669433594, 1.0], [169.26878356933594, 242.46554565429688, 1.0], [137.61819458007812, 253.42013549804688, 1.0], [103.54000091552734, 248.55789184570312, 1.0]], "is_left": 0}