{"hand_pts": [[111.38106536865234, 215.82627868652344, 1.0], [98.22855377197266, 189.98837280273438, 1.0], [68.43626403808594, 172.33154296875, 1.0], [90.76665496826172, 139.53993225097656, 1.0], [126.71537017822266, 113.25872039794922, 1.0], [135.52012634277344, 226.7210693359375, 1.0], [145.943359375, 186.0226593017578, 1.0], [143.43064880371094, 154.75405883789062, 1.0], [138.252685546875, 136.4686737060547, 1.0], [172.30059814453125, 232.29750061035156, 1.0], [207.0872039794922, 218.34336853027344, 1.0], [213.5935821533203, 179.74072265625, 1.0], [207.72198486328125, 144.20375061035156, 1.0], [200.32383728027344, 230.1212158203125, 1.0], [244.85443115234375, 221.930908203125, 1.0], [260.534423828125, 193.5110626220703, 1.0], [254.6038055419922, 160.16192626953125, 1.0], [221.86024475097656, 224.84695434570312, 1.0], [255.21505737304688, 216.30258178710938, 1.0], [252.02976989746094, 188.9670867919922, 1.0], [226.11366271972656, 176.67282104492188, 1.0]], "is_left": 0}