{"hand_pts": [[223.3356475830078, 118.34735870361328, 1.0], [255.89544677734375, 174.7418670654297, 1.0], [298.1063537597656, 201.70773315429688, 1.0], [298.05731201171875, 198.56007385253906, 1.0], [282.0487060546875, 185.26373291015625, 1.0], [191.5628204345703, 236.03134155273438, 1.0], [226.64276123046875, 216.94140625, 1.0], [256.7393493652344, 189.2252655029297, 1.0], [282.481689453125, 157.32447814941406, 1.0], [157.6568145751953, 195.6778564453125, 1.0], [134.0403594970703, 237.1868133544922, 1.0], [131.00706481933594, 255.2329559326172, 1.0], [132.96925354003906, 268.1943054199219, 1.0], [137.10374450683594, 158.17605590820312, 1.0], [110.17386627197266, 189.86843872070312, 1.0], [123.01384735107422, 190.45635986328125, 1.0], [150.42868041992188, 181.0590362548828, 1.0], [124.02079772949219, 117.57192993164062, 1.0], [105.717529296875, 106.46109008789062, 1.0], [135.82693481445312, 98.37480163574219, 1.0], [158.3220672607422, 105.6412582397461, 1.0]], "is_left": 0}