{"hand_pts": [[70.54557800292969, 238.1031494140625, 1.0], [91.02393341064453, 235.298095703125, 1.0], [71.33839416503906, 214.5513916015625, 1.0], [106.03734588623047, 188.7415313720703, 1.0], [148.9230499267578, 175.04034423828125, 1.0], [127.9327392578125, 157.81492614746094, 1.0], [165.20545959472656, 171.04518127441406, 1.0], [185.4570770263672, 195.84765625, 1.0], [185.5783233642578, 230.50466918945312, 1.0], [147.84083557128906, 151.35610961914062, 1.0], [197.4825897216797, 127.47080993652344, 1.0], [219.51393127441406, 156.97865295410156, 1.0], [220.66500854492188, 196.48114013671875, 1.0], [164.78919982910156, 153.49459838867188, 1.0], [225.2100067138672, 174.8218994140625, 1.0], [237.60089111328125, 209.93832397460938, 1.0], [242.6897430419922, 246.01809692382812, 1.0], [176.4735565185547, 162.83668518066406, 1.0], [221.8248748779297, 174.95516967773438, 1.0], [249.9860382080078, 190.36439514160156, 1.0], [276.6366271972656, 210.61720275878906, 1.0]], "is_left": 0}