{"hand_pts": [[224.30929565429688, 22.22864532470703, 1.0], [167.69094848632812, 70.70794677734375, 1.0], [121.88349914550781, 108.9842758178711, 1.0], [92.80215454101562, 151.32867431640625, 1.0], [79.432373046875, 196.11044311523438, 1.0], [156.1556854248047, 134.31414794921875, 1.0], [127.28321838378906, 181.64476013183594, 1.0], [111.76386260986328, 214.70440673828125, 1.0], [99.4681625366211, 247.88455200195312, 1.0], [203.409912109375, 133.5706787109375, 1.0], [174.84088134765625, 201.79022216796875, 1.0], [159.87644958496094, 240.2659912109375, 1.0], [147.43197631835938, 272.4260559082031, 1.0], [241.76419067382812, 132.02749633789062, 1.0], [229.71812438964844, 196.22166442871094, 1.0], [221.9787139892578, 235.08062744140625, 1.0], [212.9126739501953, 272.3544006347656, 1.0], [278.56048583984375, 124.22148132324219, 1.0], [283.3891296386719, 171.7996368408203, 1.0], [285.22186279296875, 205.09591674804688, 1.0], [281.4984130859375, 238.948486328125, 1.0]], "is_left": 0}