{"hand_pts": [[43.74905014038086, 114.98223114013672, 1.0], [105.72579193115234, 100.42768096923828, 1.0], [153.11306762695312, 67.9153060913086, 1.0], [192.22805786132812, 60.33146667480469, 1.0], [216.79397583007812, 73.95276641845703, 1.0], [185.1021270751953, 170.39688110351562, 1.0], [231.3626708984375, 183.64248657226562, 1.0], [236.7054443359375, 175.3000030517578, 1.0], [225.6514434814453, 159.7748260498047, 1.0], [161.71153259277344, 199.06556701660156, 1.0], [217.8147430419922, 214.2406768798828, 1.0], [234.6723175048828, 201.9549102783203, 1.0], [234.63558959960938, 177.267822265625, 1.0], [139.4051513671875, 215.99998474121094, 1.0], [189.79351806640625, 252.00437927246094, 1.0], [204.76913452148438, 247.82809448242188, 1.0], [212.2333221435547, 233.7955780029297, 1.0], [111.42372131347656, 224.75421142578125, 1.0], [126.76334381103516, 245.29884338378906, 1.0], [130.47061157226562, 237.78759765625, 1.0], [130.20948791503906, 215.26589965820312, 1.0]], "is_left": 0}