{"hand_pts": [[131.77813720703125, 317.1949462890625, 1.0], [176.1173858642578, 255.93240356445312, 1.0], [215.8783721923828, 214.2722930908203, 1.0], [246.32766723632812, 173.43771362304688, 1.0], [260.2283630371094, 145.15255737304688, 1.0], [120.06600189208984, 158.73394775390625, 1.0], [131.0970458984375, 100.1412124633789, 1.0], [180.11843872070312, 108.91362762451172, 1.0], [207.29347229003906, 148.95912170410156, 1.0], [103.55897521972656, 176.2477569580078, 1.0], [183.0282440185547, 170.7817840576172, 1.0], [226.71755981445312, 210.11460876464844, 1.0], [236.58596801757812, 246.90072631835938, 1.0], [100.19283294677734, 195.427490234375, 1.0], [153.13771057128906, 153.06204223632812, 1.0], [202.60948181152344, 148.74493408203125, 1.0], [251.9409637451172, 166.82962036132812, 1.0], [102.29346466064453, 222.72589111328125, 1.0], [155.84933471679688, 217.2703857421875, 1.0], [197.72158813476562, 233.05393981933594, 1.0], [187.99417114257812, 252.6136474609375, 1.0]], "is_left": 0}