{"hand_pts": [[242.6573028564453, 166.00389099121094, 1.0], [196.70460510253906, 217.6991729736328, 1.0], [156.19532775878906, 266.5386047363281, 1.0], [145.0450897216797, 286.0958251953125, 1.0], [157.22775268554688, 279.0882568359375, 1.0], [142.1889190673828, 178.3809051513672, 1.0], [109.61836242675781, 201.80615234375, 1.0], [99.01290893554688, 222.57077026367188, 1.0], [102.02515411376953, 247.90664672851562, 1.0], [183.455322265625, 144.98410034179688, 1.0], [149.1394500732422, 152.881591796875, 1.0], [152.92279052734375, 185.24696350097656, 1.0], [157.85169982910156, 216.35496520996094, 1.0], [221.2281494140625, 125.08480834960938, 1.0], [207.0819549560547, 132.81492614746094, 1.0], [208.3179473876953, 151.59471130371094, 1.0], [209.0059814453125, 168.71231079101562, 1.0], [260.45245361328125, 110.52364349365234, 1.0], [274.7043151855469, 116.03124237060547, 1.0], [288.4688415527344, 140.85536193847656, 1.0], [300.6057434082031, 173.19789123535156, 1.0]], "is_left": 0}