{"hand_pts": [[295.7041320800781, 56.734012603759766, 1.0], [274.6172180175781, 118.23748779296875, 1.0], [273.4112243652344, 142.54559326171875, 1.0], [262.2928161621094, 203.60720825195312, 1.0], [256.3528137207031, 219.46714782714844, 1.0], [149.1765899658203, 138.09365844726562, 1.0], [145.78128051757812, 213.79861450195312, 1.0], [192.0185546875, 221.5977020263672, 1.0], [226.26356506347656, 187.8822784423828, 1.0], [131.30059814453125, 134.23609924316406, 1.0], [118.33439636230469, 223.35853576660156, 1.0], [176.50662231445312, 226.04696655273438, 1.0], [209.50814819335938, 181.98611450195312, 1.0], [125.664794921875, 136.2890167236328, 1.0], [117.9411392211914, 217.39303588867188, 1.0], [170.15835571289062, 215.483642578125, 1.0], [195.73329162597656, 174.88572692871094, 1.0], [132.4607391357422, 135.79493713378906, 1.0], [127.87803649902344, 185.9713134765625, 1.0], [169.19879150390625, 192.68850708007812, 1.0], [189.35166931152344, 160.23826599121094, 1.0]], "is_left": 0}