{"hand_pts": [[278.6084899902344, 70.63023376464844, 1.0], [199.25242614746094, 82.30571746826172, 1.0], [138.1158905029297, 76.79364776611328, 1.0], [104.77906036376953, 109.46454620361328, 1.0], [118.82239532470703, 153.4093780517578, 1.0], [177.63601684570312, 127.293212890625, 1.0], [130.26763916015625, 161.486083984375, 1.0], [113.87637329101562, 177.13516235351562, 1.0], [96.9183578491211, 194.56216430664062, 1.0], [221.73243713378906, 153.235107421875, 1.0], [187.7682342529297, 210.53369140625, 1.0], [162.18186950683594, 239.27700805664062, 1.0], [141.01771545410156, 252.22886657714844, 1.0], [254.5791015625, 173.6824188232422, 1.0], [210.9084014892578, 221.46780395507812, 1.0], [200.1409149169922, 215.18470764160156, 1.0], [197.71157836914062, 198.72576904296875, 1.0], [286.7624206542969, 187.84591674804688, 1.0], [270.92364501953125, 225.34193420410156, 1.0], [256.77838134765625, 241.46385192871094, 1.0], [239.814697265625, 245.12229919433594, 1.0]], "is_left": 0}