{"hand_pts": [[38.13005065917969, 202.04928588867188, 1.0], [87.66133117675781, 144.89520263671875, 1.0], [109.24488830566406, 87.32502746582031, 1.0], [163.04733276367188, 89.6257553100586, 1.0], [196.50601196289062, 136.04090881347656, 1.0], [126.59313201904297, 124.30535888671875, 1.0], [191.17852783203125, 114.89820098876953, 1.0], [220.2874298095703, 127.21636199951172, 1.0], [219.8903350830078, 145.81045532226562, 1.0], [130.3714599609375, 175.1952667236328, 1.0], [210.32821655273438, 177.74139404296875, 1.0], [240.13946533203125, 182.6670684814453, 1.0], [232.94662475585938, 184.814697265625, 1.0], [135.85797119140625, 216.7353973388672, 1.0], [213.08370971679688, 233.05838012695312, 1.0], [226.06692504882812, 236.48272705078125, 1.0], [206.61117553710938, 230.3792266845703, 1.0], [136.67251586914062, 256.2011413574219, 1.0], [187.8800506591797, 278.5846252441406, 1.0], [207.45179748535156, 279.2088317871094, 1.0], [193.40719604492188, 262.57391357421875, 1.0]], "is_left": 0}