{"hand_pts": [[142.78103637695312, 281.344482421875, 1.0], [130.91168212890625, 211.99835205078125, 1.0], [113.00798034667969, 151.35899353027344, 1.0], [130.7150421142578, 111.08964538574219, 1.0], [174.45852661132812, 115.33424377441406, 1.0], [107.15913391113281, 178.0989990234375, 1.0], [109.5739974975586, 128.05763244628906, 1.0], [138.4969024658203, 103.4622802734375, 1.0], [174.8137969970703, 88.5763931274414, 1.0], [140.79200744628906, 219.1744842529297, 1.0], [169.3428955078125, 172.07188415527344, 1.0], [205.7888946533203, 151.21055603027344, 1.0], [231.0789031982422, 147.913818359375, 1.0], [171.94625854492188, 250.6175537109375, 1.0], [220.87681579589844, 222.7564697265625, 1.0], [256.0962829589844, 207.33726501464844, 1.0], [277.7894592285156, 198.10597229003906, 1.0], [201.3441162109375, 281.6645812988281, 1.0], [232.03245544433594, 269.1192321777344, 1.0], [255.45602416992188, 250.53839111328125, 1.0], [269.8848571777344, 231.3918914794922, 1.0]], "is_left": 0}