{"hand_pts": [[110.2253646850586, 331.69012451171875, 1.0], [98.84278869628906, 268.57501220703125, 1.0], [72.59333038330078, 219.69236755371094, 1.0], [86.31891632080078, 174.79954528808594, 1.0], [123.02288818359375, 146.17039489746094, 1.0], [125.33138275146484, 202.4150848388672, 1.0], [143.8061981201172, 143.44747924804688, 1.0], [162.0990753173828, 117.67717742919922, 1.0], [180.7391815185547, 103.5732192993164, 1.0], [160.88218688964844, 223.60670471191406, 1.0], [195.83018493652344, 158.81692504882812, 1.0], [211.5264892578125, 134.71739196777344, 1.0], [219.6849822998047, 124.20025634765625, 1.0], [188.9965057373047, 242.17984008789062, 1.0], [231.48184204101562, 186.35450744628906, 1.0], [246.40878295898438, 167.245849609375, 1.0], [251.09970092773438, 159.41244506835938, 1.0], [211.60264587402344, 265.4678039550781, 1.0], [249.07485961914062, 235.39990234375, 1.0], [263.83953857421875, 218.4436492919922, 1.0], [263.1903991699219, 208.49420166015625, 1.0]], "is_left": 0}