{"hand_pts": [[278.76739501953125, 296.4278259277344, 1.0], [242.9151153564453, 227.74185180664062, 1.0], [210.78750610351562, 174.54409790039062, 1.0], [176.14022827148438, 129.053466796875, 1.0], [142.72413635253906, 87.24554443359375, 1.0], [250.4589385986328, 197.9675750732422, 1.0], [202.85545349121094, 144.59910583496094, 1.0], [165.05685424804688, 119.49756622314453, 1.0], [134.57974243164062, 111.88481140136719, 1.0], [246.21603393554688, 227.65127563476562, 1.0], [179.2296142578125, 171.92977905273438, 1.0], [136.15296936035156, 141.25845336914062, 1.0], [130.76527404785156, 148.3605194091797, 1.0], [237.2026824951172, 249.24362182617188, 1.0], [212.21522521972656, 223.51869201660156, 1.0], [175.81639099121094, 197.99273681640625, 1.0], [139.42465209960938, 172.54428100585938, 1.0], [228.7110595703125, 271.8758850097656, 1.0], [185.74325561523438, 252.81015014648438, 1.0], [161.69163513183594, 239.7023162841797, 1.0], [156.63626098632812, 233.63233947753906, 1.0]], "is_left": 0}