{"hand_pts": [[86.62456512451172, 299.7412109375, 1.0], [112.45208740234375, 283.69769287109375, 1.0], [110.46663665771484, 288.6222839355469, 1.0], [154.1996612548828, 268.395263671875, 1.0], [201.12889099121094, 242.95753479003906, 1.0], [107.50336456298828, 177.5419921875, 1.0], [163.6781005859375, 152.07261657714844, 1.0], [201.59136962890625, 179.31488037109375, 1.0], [216.01773071289062, 219.69366455078125, 1.0], [119.92185974121094, 158.48341369628906, 1.0], [189.62384033203125, 116.71216583251953, 1.0], [228.38412475585938, 152.54896545410156, 1.0], [238.62635803222656, 204.42208862304688, 1.0], [135.2156982421875, 150.45497131347656, 1.0], [209.07667541503906, 115.9875259399414, 1.0], [239.2331085205078, 153.41217041015625, 1.0], [231.6736602783203, 203.10816955566406, 1.0], [149.35606384277344, 153.4690704345703, 1.0], [202.6901092529297, 128.49969482421875, 1.0], [228.6864013671875, 156.4842987060547, 1.0], [219.1300811767578, 200.46774291992188, 1.0]], "is_left": 0}