{"hand_pts": [[94.7050552368164, 216.49237060546875, 1.0], [73.38465118408203, 191.32798767089844, 1.0], [55.01909255981445, 165.0417938232422, 1.0], [64.66069793701172, 153.9401397705078, 1.0], [77.8217544555664, 146.041259765625, 1.0], [154.59429931640625, 152.3197479248047, 1.0], [186.01177978515625, 117.80977630615234, 1.0], [204.44654846191406, 101.60283660888672, 1.0], [225.068603515625, 83.10556030273438, 1.0], [185.52732849121094, 185.089599609375, 1.0], [210.17221069335938, 168.87583923339844, 1.0], [214.7472686767578, 165.3005828857422, 1.0], [212.79803466796875, 166.13490295410156, 1.0], [202.5788116455078, 216.3394012451172, 1.0], [230.25564575195312, 212.18182373046875, 1.0], [222.05679321289062, 222.86215209960938, 1.0], [208.50169372558594, 235.2211151123047, 1.0], [210.51715087890625, 248.4091796875, 1.0], [238.17897033691406, 254.77215576171875, 1.0], [237.80809020996094, 263.8545837402344, 1.0], [223.09190368652344, 273.0636901855469, 1.0]], "is_left": 0}