{"hand_pts": [[147.6967010498047, 86.15840148925781, 1.0], [112.66108703613281, 122.10233306884766, 1.0], [64.16142272949219, 143.48638916015625, 1.0], [71.56173706054688, 171.51568603515625, 1.0], [121.37503051757812, 175.26190185546875, 1.0], [144.26043701171875, 182.78953552246094, 1.0], [147.44625854492188, 217.4605712890625, 1.0], [142.76637268066406, 203.1643524169922, 1.0], [138.7817840576172, 174.00059509277344, 1.0], [187.22230529785156, 178.6534423828125, 1.0], [218.5414276123047, 226.0176544189453, 1.0], [217.673583984375, 232.28955078125, 1.0], [199.31092834472656, 215.6616973876953, 1.0], [218.63526916503906, 173.12060546875, 1.0], [255.34214782714844, 199.0884246826172, 1.0], [232.53164672851562, 175.17840576171875, 1.0], [202.6514892578125, 151.47889709472656, 1.0], [244.1159210205078, 162.41868591308594, 1.0], [258.6705017089844, 184.25428771972656, 1.0], [252.9310302734375, 186.274658203125, 1.0], [240.5430450439453, 184.4929656982422, 1.0]], "is_left": 0}