{"hand_pts": [[187.50308227539062, 264.244140625, 1.0], [153.25216674804688, 190.54782104492188, 1.0], [151.4706268310547, 128.93206787109375, 1.0], [143.8639373779297, 107.4022216796875, 1.0], [136.91770935058594, 93.23175048828125, 1.0], [225.97811889648438, 147.09988403320312, 1.0], [212.0045928955078, 113.13018035888672, 1.0], [180.94451904296875, 103.69060516357422, 1.0], [147.6561737060547, 99.17416381835938, 1.0], [245.44346618652344, 193.90443420410156, 1.0], [216.30941772460938, 162.38330078125, 1.0], [164.54135131835938, 167.72451782226562, 1.0], [145.4003143310547, 184.1662139892578, 1.0], [251.3106689453125, 232.217041015625, 1.0], [191.50901794433594, 233.83924865722656, 1.0], [146.02049255371094, 240.2651824951172, 1.0], [131.5708770751953, 245.31773376464844, 1.0], [250.1097869873047, 271.2198791503906, 1.0], [224.71412658691406, 266.5994567871094, 1.0], [186.6643829345703, 263.74627685546875, 1.0], [189.9726104736328, 264.6231994628906, 1.0]], "is_left": 0}