{"hand_pts": [[177.18202209472656, 279.0585632324219, 1.0], [138.60919189453125, 218.66033935546875, 1.0], [98.82733917236328, 166.18106079101562, 1.0], [83.0445785522461, 153.24986267089844, 1.0], [102.25273132324219, 183.8450469970703, 1.0], [204.4176483154297, 127.4619369506836, 1.0], [178.54945373535156, 111.85179901123047, 1.0], [147.90907287597656, 146.10675048828125, 1.0], [135.2903289794922, 183.75682067871094, 1.0], [238.1483154296875, 152.9057159423828, 1.0], [215.15481567382812, 142.76376342773438, 1.0], [172.86260986328125, 176.70106506347656, 1.0], [151.44070434570312, 204.3346710205078, 1.0], [257.123291015625, 178.56553649902344, 1.0], [242.5439453125, 177.9170379638672, 1.0], [204.07302856445312, 207.0449981689453, 1.0], [184.70306396484375, 223.37551879882812, 1.0], [268.249755859375, 210.6102294921875, 1.0], [261.1799621582031, 222.63502502441406, 1.0], [226.34556579589844, 241.47657775878906, 1.0], [205.61839294433594, 245.1284637451172, 1.0]], "is_left": 0}