{"hand_pts": [[122.49666595458984, 215.27037048339844, 1.0], [115.47103118896484, 243.1017303466797, 1.0], [94.59166717529297, 283.2830505371094, 1.0], [97.47416687011719, 253.63113403320312, 1.0], [117.61686706542969, 201.57223510742188, 1.0], [195.55728149414062, 258.5177307128906, 1.0], [201.6964111328125, 264.1881408691406, 1.0], [174.50186157226562, 241.30416870117188, 1.0], [154.01608276367188, 221.92552185058594, 1.0], [218.6665802001953, 217.67916870117188, 1.0], [191.25856018066406, 176.2283477783203, 1.0], [145.99142456054688, 165.0337371826172, 1.0], [124.83793640136719, 182.64564514160156, 1.0], [230.4066619873047, 182.03884887695312, 1.0], [215.26751708984375, 132.50010681152344, 1.0], [179.29078674316406, 114.65951538085938, 1.0], [143.97943115234375, 97.704833984375, 1.0], [233.36630249023438, 148.3735809326172, 1.0], [273.6249084472656, 115.69973754882812, 1.0], [289.9554138183594, 92.54199981689453, 1.0], [264.9683532714844, 92.03559875488281, 1.0]], "is_left": 0}