{"hand_pts": [[329.0726013183594, 214.7470703125, 1.0], [250.01312255859375, 219.6661376953125, 1.0], [189.3060302734375, 243.2737579345703, 1.0], [142.1933135986328, 244.13845825195312, 1.0], [158.91944885253906, 219.7577362060547, 1.0], [198.84841918945312, 133.2364959716797, 1.0], [139.95730590820312, 126.03064727783203, 1.0], [118.29309844970703, 161.41236877441406, 1.0], [128.5403594970703, 202.41534423828125, 1.0], [223.3841094970703, 126.30229187011719, 1.0], [148.98341369628906, 155.62477111816406, 1.0], [120.99578857421875, 200.085693359375, 1.0], [114.76019287109375, 247.3602752685547, 1.0], [241.50750732421875, 129.8301544189453, 1.0], [190.90135192871094, 175.80331420898438, 1.0], [207.86875915527344, 211.04238891601562, 1.0], [237.0099639892578, 200.7578887939453, 1.0], [263.1304931640625, 141.01612854003906, 1.0], [223.320556640625, 144.08277893066406, 1.0], [212.8206329345703, 179.24436950683594, 1.0], [209.85671997070312, 213.74266052246094, 1.0]], "is_left": 0}