{"hand_pts": [[71.72840118408203, 120.34834289550781, 1.0], [136.40933227539062, 109.88452911376953, 1.0], [193.05050659179688, 100.81009674072266, 1.0], [238.89453125, 98.2188720703125, 1.0], [279.2359619140625, 97.73517608642578, 1.0], [173.25494384765625, 169.941162109375, 1.0], [219.63087463378906, 204.81427001953125, 1.0], [249.09408569335938, 224.85565185546875, 1.0], [273.6346740722656, 250.9418487548828, 1.0], [142.29823303222656, 172.3564910888672, 1.0], [189.8995819091797, 215.307373046875, 1.0], [222.49349975585938, 233.15516662597656, 1.0], [249.60682678222656, 256.44915771484375, 1.0], [118.04035949707031, 166.93748474121094, 1.0], [158.28990173339844, 203.24688720703125, 1.0], [185.2106170654297, 212.94374084472656, 1.0], [208.74220275878906, 227.8776397705078, 1.0], [92.3214111328125, 156.59942626953125, 1.0], [113.83689880371094, 175.08837890625, 1.0], [130.24758911132812, 184.44688415527344, 1.0], [149.33004760742188, 193.81207275390625, 1.0]], "is_left": 0}