{"hand_pts": [[208.68222045898438, 143.0629425048828, 1.0], [221.9131622314453, 132.46270751953125, 1.0], [264.2651672363281, 115.15013122558594, 1.0], [293.1871643066406, 141.4483184814453, 1.0], [286.03814697265625, 185.38890075683594, 1.0], [147.6495819091797, 130.91102600097656, 1.0], [102.27642059326172, 115.93648529052734, 1.0], [115.35962677001953, 133.4520263671875, 1.0], [138.8988800048828, 156.9630126953125, 1.0], [138.91744995117188, 158.0367431640625, 1.0], [137.47509765625, 186.19212341308594, 1.0], [178.1344757080078, 206.4486541748047, 1.0], [230.76560974121094, 213.89077758789062, 1.0], [140.8044891357422, 181.29991149902344, 1.0], [159.07826232910156, 236.45388793945312, 1.0], [205.51165771484375, 255.78944396972656, 1.0], [248.63180541992188, 251.75270080566406, 1.0], [149.54241943359375, 201.82667541503906, 1.0], [145.6671600341797, 229.75672912597656, 1.0], [182.75460815429688, 233.8826446533203, 1.0], [213.71595764160156, 218.9099578857422, 1.0]], "is_left": 0}