{"hand_pts": [[223.17572021484375, 138.52859497070312, 1.0], [257.792724609375, 171.01907348632812, 1.0], [296.08660888671875, 211.0710906982422, 1.0], [258.1489562988281, 237.01071166992188, 1.0], [206.27381896972656, 234.0538330078125, 1.0], [243.12966918945312, 123.2899398803711, 1.0], [222.42672729492188, 162.6761932373047, 1.0], [209.5976104736328, 204.1251220703125, 1.0], [207.61000061035156, 226.1255340576172, 1.0], [196.22999572753906, 112.29264068603516, 1.0], [163.81919860839844, 170.19085693359375, 1.0], [173.63656616210938, 204.11468505859375, 1.0], [196.61557006835938, 194.19766235351562, 1.0], [159.0638427734375, 111.519775390625, 1.0], [135.4747314453125, 178.38095092773438, 1.0], [133.422119140625, 220.89247131347656, 1.0], [141.81008911132812, 255.07554626464844, 1.0], [126.85566711425781, 115.1722183227539, 1.0], [102.24798583984375, 158.58700561523438, 1.0], [121.30447387695312, 177.83273315429688, 1.0], [149.5526580810547, 166.141357421875, 1.0]], "is_left": 0}