{"hand_pts": [[99.7120361328125, 193.01080322265625, 1.0], [118.13951110839844, 203.95831298828125, 1.0], [88.20427703857422, 211.12002563476562, 1.0], [67.79121398925781, 208.7750244140625, 1.0], [58.603763580322266, 197.55722045898438, 1.0], [209.7798614501953, 217.28060913085938, 1.0], [257.1488342285156, 221.86395263671875, 1.0], [243.7957305908203, 207.20834350585938, 1.0], [211.31138610839844, 191.2377166748047, 1.0], [216.88365173339844, 202.302734375, 1.0], [218.2271728515625, 173.85794067382812, 1.0], [185.72886657714844, 156.07424926757812, 1.0], [138.8553466796875, 150.19903564453125, 1.0], [216.3296356201172, 188.59869384765625, 1.0], [249.1151580810547, 166.42364501953125, 1.0], [215.6876678466797, 156.1952362060547, 1.0], [184.60842895507812, 165.53189086914062, 1.0], [207.48204040527344, 174.91806030273438, 1.0], [229.1804962158203, 162.93955993652344, 1.0], [199.45486450195312, 160.1701202392578, 1.0], [164.63699340820312, 163.5110321044922, 1.0]], "is_left": 0}