{"hand_pts": [[297.0645751953125, 236.29136657714844, 1.0], [230.72608947753906, 262.1622009277344, 1.0], [179.44613647460938, 294.5026550292969, 1.0], [152.03662109375, 280.7955017089844, 1.0], [156.10684204101562, 246.69305419921875, 1.0], [152.6019744873047, 222.24420166015625, 1.0], [126.92945861816406, 201.6723175048828, 1.0], [153.61407470703125, 207.11087036132812, 1.0], [173.59298706054688, 207.51792907714844, 1.0], [181.30984497070312, 182.3125762939453, 1.0], [175.65185546875, 172.3157501220703, 1.0], [204.6384735107422, 191.6693878173828, 1.0], [233.76307678222656, 212.74606323242188, 1.0], [208.49273681640625, 152.84231567382812, 1.0], [171.15989685058594, 127.08499145507812, 1.0], [186.20481872558594, 142.85423278808594, 1.0], [205.04002380371094, 162.0354461669922, 1.0], [241.24557495117188, 129.60850524902344, 1.0], [210.46775817871094, 104.61467742919922, 1.0], [193.40513610839844, 98.98521423339844, 1.0], [174.47093200683594, 94.70096588134766, 1.0]], "is_left": 0}