{"hand_pts": [[151.2810516357422, 273.6682434082031, 1.0], [108.2790298461914, 233.5587615966797, 1.0], [69.10173034667969, 219.06161499023438, 1.0], [65.43804168701172, 204.85743713378906, 1.0], [110.80921936035156, 200.29022216796875, 1.0], [148.72183227539062, 154.16542053222656, 1.0], [177.71542358398438, 106.49654388427734, 1.0], [175.20867919921875, 123.06339263916016, 1.0], [160.54689025878906, 158.41427612304688, 1.0], [190.46908569335938, 172.2009735107422, 1.0], [187.5755157470703, 139.0667266845703, 1.0], [161.18748474121094, 169.7393798828125, 1.0], [136.5187530517578, 201.58670043945312, 1.0], [219.84266662597656, 193.32080078125, 1.0], [255.260009765625, 159.19049072265625, 1.0], [265.05108642578125, 149.26702880859375, 1.0], [248.2057342529297, 160.68246459960938, 1.0], [243.5255126953125, 220.53126525878906, 1.0], [256.4497985839844, 230.4958953857422, 1.0], [244.61483764648438, 249.01597595214844, 1.0], [231.49746704101562, 266.3193664550781, 1.0]], "is_left": 0}