{"hand_pts": [[30.791675567626953, 100.7944564819336, 1.0], [62.90983581542969, 166.1713104248047, 1.0], [86.8221206665039, 224.87322998046875, 1.0], [141.33609008789062, 232.67718505859375, 1.0], [189.48788452148438, 218.35353088378906, 1.0], [134.80880737304688, 155.35891723632812, 1.0], [183.32090759277344, 204.15310668945312, 1.0], [199.80245971679688, 243.56715393066406, 1.0], [208.52554321289062, 276.3195495605469, 1.0], [150.13865661621094, 125.23910522460938, 1.0], [210.33090209960938, 189.8856201171875, 1.0], [216.2364959716797, 238.10247802734375, 1.0], [198.67108154296875, 269.30230712890625, 1.0], [160.54066467285156, 106.62712097167969, 1.0], [229.0390167236328, 152.116943359375, 1.0], [220.74302673339844, 185.90626525878906, 1.0], [186.21859741210938, 201.99185180664062, 1.0], [162.94900512695312, 90.21166229248047, 1.0], [215.3986358642578, 105.01026153564453, 1.0], [242.4881591796875, 134.66290283203125, 1.0], [253.97093200683594, 174.64013671875, 1.0]], "is_left": 0}