{"hand_pts": [[172.96438598632812, 81.08438873291016, 1.0], [183.6068572998047, 82.87887573242188, 1.0], [226.06141662597656, 78.4287338256836, 1.0], [232.09429931640625, 116.60844421386719, 1.0], [204.26979064941406, 149.4597930908203, 1.0], [237.75355529785156, 161.18360900878906, 1.0], [226.83416748046875, 193.4132537841797, 1.0], [186.85183715820312, 174.55294799804688, 1.0], [160.00929260253906, 147.9470672607422, 1.0], [219.1686553955078, 187.8125762939453, 1.0], [158.8590545654297, 188.43544006347656, 1.0], [141.40428161621094, 148.35023498535156, 1.0], [159.12832641601562, 125.1806411743164, 1.0], [197.0179901123047, 204.4153289794922, 1.0], [172.8970947265625, 234.62408447265625, 1.0], [143.9359130859375, 231.2880859375, 1.0], [116.796875, 229.55360412597656, 1.0], [171.27133178710938, 212.42689514160156, 1.0], [183.299072265625, 253.5804901123047, 1.0], [173.09268188476562, 262.6880187988281, 1.0], [163.582275390625, 270.8974609375, 1.0]], "is_left": 0}