{"hand_pts": [[146.9215087890625, 23.743873596191406, 1.0], [204.9224853515625, 86.62725067138672, 1.0], [259.98797607421875, 119.63655090332031, 1.0], [280.37860107421875, 169.01422119140625, 1.0], [262.3208312988281, 195.60787963867188, 1.0], [184.7847442626953, 172.28135681152344, 1.0], [208.11181640625, 237.7634735107422, 1.0], [227.5805206298828, 252.6837158203125, 1.0], [235.4156494140625, 232.76280212402344, 1.0], [145.71469116210938, 167.489990234375, 1.0], [171.7329864501953, 229.9606170654297, 1.0], [196.90223693847656, 213.92138671875, 1.0], [208.11102294921875, 173.34979248046875, 1.0], [119.29825592041016, 161.6389617919922, 1.0], [136.9715576171875, 224.42529296875, 1.0], [161.52288818359375, 207.6374969482422, 1.0], [177.277587890625, 172.80767822265625, 1.0], [97.04157257080078, 147.7989044189453, 1.0], [104.56501007080078, 177.9894561767578, 1.0], [128.2487030029297, 164.363037109375, 1.0], [140.7562255859375, 134.67779541015625, 1.0]], "is_left": 0}