{"hand_pts": [[318.7240905761719, 261.5988464355469, 1.0], [279.2995300292969, 209.7737274169922, 1.0], [272.18499755859375, 163.86825561523438, 1.0], [216.29722595214844, 145.86798095703125, 1.0], [176.12721252441406, 168.03775024414062, 1.0], [242.62527465820312, 123.6126480102539, 1.0], [178.26065063476562, 137.35952758789062, 1.0], [189.70172119140625, 178.03463745117188, 1.0], [231.41900634765625, 186.01119995117188, 1.0], [228.76271057128906, 148.5690460205078, 1.0], [143.2727813720703, 160.08042907714844, 1.0], [145.64134216308594, 199.43197631835938, 1.0], [195.11074829101562, 209.13339233398438, 1.0], [215.05093383789062, 174.0117950439453, 1.0], [133.46641540527344, 158.1844482421875, 1.0], [106.62246704101562, 180.27084350585938, 1.0], [121.82801055908203, 207.36932373046875, 1.0], [206.48611450195312, 205.2606964111328, 1.0], [150.8300018310547, 221.45236206054688, 1.0], [131.33758544921875, 243.75613403320312, 1.0], [154.4150848388672, 254.98744201660156, 1.0]], "is_left": 0}