{"hand_pts": [[322.9165344238281, 166.37472534179688, 1.0], [299.9935302734375, 150.8979034423828, 1.0], [291.64190673828125, 128.0498046875, 1.0], [258.57757568359375, 113.4157943725586, 1.0], [222.6025848388672, 103.55343627929688, 1.0], [236.64588928222656, 198.17706298828125, 1.0], [196.81407165527344, 212.32154846191406, 1.0], [169.24581909179688, 202.8018798828125, 1.0], [142.80926513671875, 191.96292114257812, 1.0], [219.19105529785156, 203.18585205078125, 1.0], [167.3427276611328, 224.25929260253906, 1.0], [138.31520080566406, 211.34153747558594, 1.0], [115.36267852783203, 192.23973083496094, 1.0], [207.0750274658203, 200.7571563720703, 1.0], [150.39028930664062, 214.8284454345703, 1.0], [123.02237701416016, 201.49142456054688, 1.0], [106.36851501464844, 177.9146728515625, 1.0], [202.2239532470703, 194.18394470214844, 1.0], [161.0379638671875, 195.8578338623047, 1.0], [143.43980407714844, 178.69569396972656, 1.0], [142.44610595703125, 152.74513244628906, 1.0]], "is_left": 0}