{"hand_pts": [[222.77456665039062, 301.9057922363281, 1.0], [219.26675415039062, 284.1756591796875, 1.0], [238.38360595703125, 276.036865234375, 1.0], [234.03526306152344, 260.1250305175781, 1.0], [223.6071014404297, 243.1396942138672, 1.0], [229.38229370117188, 198.22607421875, 1.0], [231.9896240234375, 140.30142211914062, 1.0], [213.78500366210938, 113.4211654663086, 1.0], [188.81016540527344, 95.50572967529297, 1.0], [210.42202758789062, 189.14047241210938, 1.0], [195.98158264160156, 136.85911560058594, 1.0], [171.2947235107422, 132.5721435546875, 1.0], [147.46617126464844, 130.48916625976562, 1.0], [191.62167358398438, 187.73985290527344, 1.0], [140.07485961914062, 162.2306671142578, 1.0], [115.90452575683594, 188.56500244140625, 1.0], [93.90296173095703, 215.98895263671875, 1.0], [173.94908142089844, 194.72451782226562, 1.0], [148.91952514648438, 160.13232421875, 1.0], [135.75103759765625, 179.98080444335938, 1.0], [144.054931640625, 212.6607208251953, 1.0]], "is_left": 0}