{"hand_pts": [[57.7738037109375, 311.021728515625, 1.0], [64.9432373046875, 252.89588928222656, 1.0], [57.73982238769531, 207.9097900390625, 1.0], [71.14659118652344, 164.03939819335938, 1.0], [94.42884826660156, 126.89382934570312, 1.0], [146.1850128173828, 205.07032775878906, 1.0], [188.36404418945312, 150.4931182861328, 1.0], [200.11631774902344, 121.41227722167969, 1.0], [206.75135803222656, 98.18475341796875, 1.0], [167.3424072265625, 226.87893676757812, 1.0], [227.72154235839844, 169.8845672607422, 1.0], [247.73419189453125, 135.20005798339844, 1.0], [235.73016357421875, 117.01187133789062, 1.0], [178.5442657470703, 244.32313537597656, 1.0], [243.4149932861328, 197.58856201171875, 1.0], [237.18284606933594, 177.3732147216797, 1.0], [213.86753845214844, 167.86062622070312, 1.0], [180.41744995117188, 264.7098388671875, 1.0], [223.99893188476562, 239.3488006591797, 1.0], [237.8392333984375, 217.55210876464844, 1.0], [231.56134033203125, 196.88150024414062, 1.0]], "is_left": 0}