{"hand_pts": [[335.60528564453125, 235.9718475341797, 1.0], [301.9508972167969, 184.6068115234375, 1.0], [285.4190368652344, 143.11367797851562, 1.0], [252.04331970214844, 117.974853515625, 1.0], [214.9230194091797, 108.24861145019531, 1.0], [223.31446838378906, 192.18109130859375, 1.0], [177.6488494873047, 166.0229949951172, 1.0], [156.17343139648438, 144.11012268066406, 1.0], [136.87997436523438, 122.95965576171875, 1.0], [216.24905395507812, 219.3558807373047, 1.0], [157.40255737304688, 204.36875915527344, 1.0], [131.0504608154297, 178.6780548095703, 1.0], [109.5542221069336, 152.92247009277344, 1.0], [214.0137481689453, 237.63182067871094, 1.0], [158.30445861816406, 212.40914916992188, 1.0], [143.28378295898438, 186.70884704589844, 1.0], [126.88128662109375, 161.98204040527344, 1.0], [219.7720489501953, 254.1783447265625, 1.0], [179.45303344726562, 247.0410919189453, 1.0], [161.55642700195312, 229.32986450195312, 1.0], [146.2005157470703, 207.41822814941406, 1.0]], "is_left": 0}