{"hand_pts": [[274.723876953125, 39.16587448120117, 1.0], [201.53985595703125, 69.22261047363281, 1.0], [147.80953979492188, 70.93622589111328, 1.0], [101.23001861572266, 103.37120819091797, 1.0], [106.5844497680664, 134.86740112304688, 1.0], [200.16207885742188, 148.55679321289062, 1.0], [158.61854553222656, 204.00149536132812, 1.0], [126.59796142578125, 225.5350799560547, 1.0], [111.18067169189453, 217.68154907226562, 1.0], [234.79669189453125, 166.05091857910156, 1.0], [183.56874084472656, 230.0283966064453, 1.0], [152.57095336914062, 221.33355712890625, 1.0], [139.0829620361328, 189.54054260253906, 1.0], [257.9408874511719, 177.55563354492188, 1.0], [219.20176696777344, 241.30899047851562, 1.0], [192.93679809570312, 231.24884033203125, 1.0], [193.83377075195312, 189.12359619140625, 1.0], [279.74383544921875, 180.31446838378906, 1.0], [260.336181640625, 220.0451202392578, 1.0], [236.2368927001953, 222.95668029785156, 1.0], [213.82884216308594, 198.6465301513672, 1.0]], "is_left": 0}