{"hand_pts": [[255.93783569335938, 32.812583923339844, 1.0], [223.40762329101562, 89.84860229492188, 1.0], [214.96791076660156, 135.0017547607422, 1.0], [200.80233764648438, 181.4093780517578, 1.0], [188.5100860595703, 214.8203582763672, 1.0], [262.85809326171875, 173.51512145996094, 1.0], [232.85972595214844, 230.33425903320312, 1.0], [190.872802734375, 253.24932861328125, 1.0], [147.12872314453125, 272.2850036621094, 1.0], [260.4312744140625, 161.0227813720703, 1.0], [187.87088012695312, 211.15235900878906, 1.0], [128.9944305419922, 205.03492736816406, 1.0], [99.87232971191406, 172.9423065185547, 1.0], [249.6556854248047, 147.3223876953125, 1.0], [183.8706512451172, 196.92410278320312, 1.0], [132.5875244140625, 212.44639587402344, 1.0], [81.98047637939453, 227.24998474121094, 1.0], [236.21409606933594, 126.17994689941406, 1.0], [185.03541564941406, 148.93626403808594, 1.0], [140.22459411621094, 147.38758850097656, 1.0], [109.85914611816406, 133.60511779785156, 1.0]], "is_left": 0}