{"hand_pts": [[44.70845413208008, 207.40711975097656, 1.0], [108.34945678710938, 147.79052734375, 1.0], [139.3348388671875, 83.9298324584961, 1.0], [201.77500915527344, 83.3230972290039, 1.0], [227.54074096679688, 131.8261260986328, 1.0], [134.8780517578125, 124.67891693115234, 1.0], [214.82403564453125, 120.8160400390625, 1.0], [231.3007354736328, 137.2384033203125, 1.0], [205.78189086914062, 153.48715209960938, 1.0], [127.96109771728516, 173.81546020507812, 1.0], [222.74745178222656, 183.63943481445312, 1.0], [234.23699951171875, 189.22225952148438, 1.0], [199.33624267578125, 186.0950927734375, 1.0], [126.75142669677734, 214.10614013671875, 1.0], [214.4854278564453, 234.27935791015625, 1.0], [222.63235473632812, 236.24417114257812, 1.0], [187.9656524658203, 224.8856964111328, 1.0], [122.58930969238281, 252.9586944580078, 1.0], [176.8524932861328, 279.0999755859375, 1.0], [187.3977508544922, 274.3061828613281, 1.0], [157.11312866210938, 251.65647888183594, 1.0]], "is_left": 0}