{"hand_pts": [[51.59047317504883, 122.26990509033203, 1.0], [112.77601623535156, 102.87374877929688, 1.0], [159.6047821044922, 70.44319915771484, 1.0], [204.54415893554688, 58.1131591796875, 1.0], [245.26638793945312, 55.82710266113281, 1.0], [188.69020080566406, 143.6171112060547, 1.0], [213.35134887695312, 154.03469848632812, 1.0], [218.52426147460938, 157.98080444335938, 1.0], [193.9015350341797, 151.3084716796875, 1.0], [167.94223022460938, 179.27516174316406, 1.0], [217.1038360595703, 225.14230346679688, 1.0], [236.86326599121094, 239.67274475097656, 1.0], [235.2053680419922, 231.28475952148438, 1.0], [148.4370880126953, 205.06002807617188, 1.0], [191.96730041503906, 252.0230255126953, 1.0], [195.2240447998047, 246.74783325195312, 1.0], [198.23214721679688, 241.5063934326172, 1.0], [123.35149383544922, 224.4241485595703, 1.0], [131.956298828125, 242.69122314453125, 1.0], [133.1144256591797, 248.2345733642578, 1.0], [125.8115234375, 236.20521545410156, 1.0]], "is_left": 0}