{"hand_pts": [[38.051544189453125, 199.97682189941406, 1.0], [124.27323150634766, 212.34107971191406, 1.0], [191.2095489501953, 223.02149963378906, 1.0], [246.75775146484375, 235.05616760253906, 1.0], [239.2112579345703, 236.366455078125, 1.0], [188.9851531982422, 140.3598175048828, 1.0], [252.69354248046875, 167.5859375, 1.0], [242.97813415527344, 208.6813507080078, 1.0], [203.56539916992188, 233.71156311035156, 1.0], [158.80528259277344, 125.71221160888672, 1.0], [224.69528198242188, 158.8129119873047, 1.0], [213.81732177734375, 208.11444091796875, 1.0], [179.5762176513672, 238.2127227783203, 1.0], [134.31564331054688, 121.53395080566406, 1.0], [189.9562530517578, 148.8981170654297, 1.0], [182.78790283203125, 193.45034790039062, 1.0], [152.90310668945312, 212.979248046875, 1.0], [105.01242065429688, 124.54884338378906, 1.0], [135.30552673339844, 132.8206024169922, 1.0], [145.61019897460938, 169.06002807617188, 1.0], [132.70042419433594, 190.97998046875, 1.0]], "is_left": 0}