{"hand_pts": [[290.80523681640625, 234.33468627929688, 1.0], [226.08900451660156, 207.40121459960938, 1.0], [179.9253692626953, 182.96331787109375, 1.0], [143.01516723632812, 155.79434204101562, 1.0], [118.45560455322266, 128.64895629882812, 1.0], [167.49351501464844, 224.9646759033203, 1.0], [125.6137924194336, 220.5482635498047, 1.0], [107.1475601196289, 198.57518005371094, 1.0], [85.72740173339844, 185.4655303955078, 1.0], [199.96368408203125, 226.40008544921875, 1.0], [147.20196533203125, 210.89401245117188, 1.0], [137.5938720703125, 171.72775268554688, 1.0], [152.92088317871094, 145.1313934326172, 1.0], [228.86981201171875, 222.33059692382812, 1.0], [203.86233520507812, 177.42982482910156, 1.0], [206.51211547851562, 142.11566162109375, 1.0], [211.21951293945312, 109.5657730102539, 1.0], [261.6844177246094, 217.0814666748047, 1.0], [252.3170928955078, 176.14503479003906, 1.0], [262.3462829589844, 168.93243408203125, 1.0], [271.9589538574219, 190.4552459716797, 1.0]], "is_left": 0}