{"hand_pts": [[258.75433349609375, 40.79226303100586, 1.0], [211.60989379882812, 104.6353759765625, 1.0], [173.5977783203125, 147.14425659179688, 1.0], [173.6636962890625, 200.38864135742188, 1.0], [197.80258178710938, 225.04747009277344, 1.0], [144.6016845703125, 132.57420349121094, 1.0], [104.03923034667969, 175.3651580810547, 1.0], [105.60186004638672, 218.12774658203125, 1.0], [111.88256072998047, 259.3431396484375, 1.0], [176.4027862548828, 123.84306335449219, 1.0], [169.076171875, 197.32156372070312, 1.0], [175.39881896972656, 246.16842651367188, 1.0], [201.40858459472656, 259.5483703613281, 1.0], [206.50379943847656, 120.6823501586914, 1.0], [165.1528778076172, 164.02618408203125, 1.0], [157.87477111816406, 205.10006713867188, 1.0], [176.71290588378906, 230.2532958984375, 1.0], [239.99803161621094, 114.83447265625, 1.0], [256.28155517578125, 163.53811645507812, 1.0], [273.27899169921875, 181.83412170410156, 1.0], [282.8174743652344, 177.72169494628906, 1.0]], "is_left": 0}