{"hand_pts": [[84.09847259521484, 163.1254425048828, 1.0], [136.2658233642578, 137.47793579101562, 1.0], [188.6119842529297, 107.16761016845703, 1.0], [206.03416442871094, 110.6816177368164, 1.0], [193.8598175048828, 130.7397918701172, 1.0], [221.3779754638672, 170.24098205566406, 1.0], [284.3626708984375, 179.54965209960938, 1.0], [267.783447265625, 175.14450073242188, 1.0], [226.629638671875, 168.8143310546875, 1.0], [195.81910705566406, 199.09432983398438, 1.0], [198.3016815185547, 188.84193420410156, 1.0], [171.47225952148438, 169.55844116210938, 1.0], [141.5258331298828, 150.3098602294922, 1.0], [170.38436889648438, 218.12660217285156, 1.0], [196.32662963867188, 230.8120880126953, 1.0], [185.86553955078125, 219.36981201171875, 1.0], [175.92897033691406, 208.5454864501953, 1.0], [139.87965393066406, 231.79075622558594, 1.0], [130.561767578125, 239.38287353515625, 1.0], [115.40252685546875, 230.69204711914062, 1.0], [102.41282653808594, 208.02020263671875, 1.0]], "is_left": 0}