{"hand_pts": [[239.5173797607422, 85.04821014404297, 1.0], [273.7248840332031, 135.24359130859375, 1.0], [305.79364013671875, 172.14195251464844, 1.0], [308.5654296875, 195.1414031982422, 1.0], [298.3451843261719, 208.22640991210938, 1.0], [215.6168670654297, 199.72523498535156, 1.0], [200.6571502685547, 235.78707885742188, 1.0], [200.54254150390625, 242.76258850097656, 1.0], [201.68930053710938, 244.9806365966797, 1.0], [175.19068908691406, 171.04437255859375, 1.0], [147.5683135986328, 214.58367919921875, 1.0], [148.62954711914062, 228.0507354736328, 1.0], [161.11898803710938, 229.7910919189453, 1.0], [148.49343872070312, 143.56947326660156, 1.0], [127.13322448730469, 176.0181427001953, 1.0], [133.34933471679688, 182.2795867919922, 1.0], [149.3206024169922, 181.14059448242188, 1.0], [129.58319091796875, 112.15961456298828, 1.0], [116.08942413330078, 121.20501708984375, 1.0], [122.83179473876953, 121.74215698242188, 1.0], [143.0098114013672, 118.82804870605469, 1.0]], "is_left": 0}