{"hand_pts": [[328.80718994140625, 223.89466857910156, 1.0], [290.57745361328125, 165.73809814453125, 1.0], [279.338134765625, 112.0513916015625, 1.0], [228.31842041015625, 90.8526382446289, 1.0], [187.07937622070312, 111.76547241210938, 1.0], [241.19810485839844, 178.96473693847656, 1.0], [207.4962921142578, 157.69961547851562, 1.0], [170.41830444335938, 134.9269256591797, 1.0], [133.96958923339844, 113.83238220214844, 1.0], [228.53111267089844, 214.36187744140625, 1.0], [189.7318878173828, 210.1376495361328, 1.0], [150.388916015625, 180.95944213867188, 1.0], [148.38162231445312, 163.20225524902344, 1.0], [217.3224334716797, 238.51080322265625, 1.0], [145.7244110107422, 213.1009063720703, 1.0], [129.6094207763672, 185.459716796875, 1.0], [147.3371124267578, 168.91546630859375, 1.0], [212.06851196289062, 259.7130432128906, 1.0], [165.5418243408203, 269.75146484375, 1.0], [129.99154663085938, 267.7429504394531, 1.0], [97.32505798339844, 246.36669921875, 1.0]], "is_left": 0}