{"hand_pts": [[95.66311645507812, 123.22633361816406, 1.0], [158.82151794433594, 164.87603759765625, 1.0], [218.8096466064453, 200.92660522460938, 1.0], [244.4542999267578, 224.04568481445312, 1.0], [264.3876647949219, 243.45455932617188, 1.0], [222.85643005371094, 122.63269805908203, 1.0], [250.6737823486328, 171.76560974121094, 1.0], [244.23403930664062, 217.97177124023438, 1.0], [209.7295379638672, 237.17491149902344, 1.0], [188.13584899902344, 107.28787994384766, 1.0], [223.04171752929688, 181.53155517578125, 1.0], [210.6402587890625, 231.6790313720703, 1.0], [183.69886779785156, 251.7267303466797, 1.0], [157.25091552734375, 103.06932830810547, 1.0], [182.4890594482422, 155.44174194335938, 1.0], [185.9718017578125, 201.58404541015625, 1.0], [174.62327575683594, 243.60427856445312, 1.0], [122.86186218261719, 103.01818084716797, 1.0], [90.9184341430664, 143.74188232421875, 1.0], [66.83008575439453, 176.53404235839844, 1.0], [55.881710052490234, 200.72994995117188, 1.0]], "is_left": 0}