{"hand_pts": [[147.7207794189453, 85.08453369140625, 1.0], [121.44843292236328, 124.03800201416016, 1.0], [71.35100555419922, 150.94320678710938, 1.0], [91.88450622558594, 174.1786346435547, 1.0], [144.32260131835938, 173.56626892089844, 1.0], [129.61981201171875, 200.7462921142578, 1.0], [156.1221923828125, 235.8384552001953, 1.0], [172.21893310546875, 219.96148681640625, 1.0], [171.51077270507812, 185.7609405517578, 1.0], [168.49075317382812, 196.7484588623047, 1.0], [202.1192169189453, 232.6659393310547, 1.0], [203.0303192138672, 206.495849609375, 1.0], [187.298583984375, 170.45176696777344, 1.0], [199.41175842285156, 190.1280059814453, 1.0], [242.740966796875, 202.91973876953125, 1.0], [234.13311767578125, 171.54762268066406, 1.0], [207.0238037109375, 145.8201446533203, 1.0], [226.24078369140625, 176.99490356445312, 1.0], [265.4945068359375, 187.85633850097656, 1.0], [255.91563415527344, 168.6304473876953, 1.0], [223.34747314453125, 151.14349365234375, 1.0]], "is_left": 0}