{"hand_pts": [[157.4075164794922, 36.5001220703125, 1.0], [177.97378540039062, 80.83562469482422, 1.0], [155.8451385498047, 111.29759216308594, 1.0], [173.7921142578125, 157.37155151367188, 1.0], [207.6431121826172, 166.76022338867188, 1.0], [146.04063415527344, 159.78419494628906, 1.0], [143.26046752929688, 221.2069091796875, 1.0], [155.60215759277344, 258.78179931640625, 1.0], [191.38453674316406, 277.4463806152344, 1.0], [149.7162628173828, 156.1142120361328, 1.0], [147.42822265625, 229.143310546875, 1.0], [193.88059997558594, 230.63491821289062, 1.0], [211.05691528320312, 192.1989288330078, 1.0], [158.9588165283203, 150.00820922851562, 1.0], [165.04063415527344, 216.75131225585938, 1.0], [205.0406494140625, 221.50527954101562, 1.0], [239.12586975097656, 207.45404052734375, 1.0], [169.9982452392578, 136.9060821533203, 1.0], [211.07275390625, 159.5200653076172, 1.0], [244.76095581054688, 167.83384704589844, 1.0], [267.1985778808594, 149.11013793945312, 1.0]], "is_left": 0}