{"hand_pts": [[208.25515747070312, 190.22828674316406, 1.0], [212.86851501464844, 237.53695678710938, 1.0], [218.00643920898438, 284.1558837890625, 1.0], [221.09161376953125, 285.3592224121094, 1.0], [221.047607421875, 256.6693420410156, 1.0], [134.4967498779297, 224.3190460205078, 1.0], [150.04739379882812, 235.7734375, 1.0], [188.69064331054688, 238.24066162109375, 1.0], [226.93894958496094, 236.802978515625, 1.0], [129.15928649902344, 177.71859741210938, 1.0], [144.2985382080078, 175.92361450195312, 1.0], [181.42758178710938, 182.90892028808594, 1.0], [222.42144775390625, 192.5306396484375, 1.0], [133.3708038330078, 142.01214599609375, 1.0], [151.11468505859375, 125.935791015625, 1.0], [191.21356201171875, 133.42990112304688, 1.0], [226.9393768310547, 148.8834991455078, 1.0], [144.56028747558594, 110.58650970458984, 1.0], [164.80503845214844, 91.0718765258789, 1.0], [194.51361083984375, 91.36035919189453, 1.0], [227.8466033935547, 108.98654174804688, 1.0]], "is_left": 0}