{"hand_pts": [[32.30234146118164, 238.71852111816406, 1.0], [105.05445861816406, 261.6157531738281, 1.0], [153.3029022216797, 290.3154296875, 1.0], [201.28001403808594, 286.0766296386719, 1.0], [211.12879943847656, 249.04908752441406, 1.0], [172.07666015625, 192.2218780517578, 1.0], [228.95651245117188, 171.3966827392578, 1.0], [244.8090057373047, 183.56076049804688, 1.0], [240.9456787109375, 202.85577392578125, 1.0], [150.92794799804688, 158.88311767578125, 1.0], [207.80860900878906, 169.59158325195312, 1.0], [216.09283447265625, 201.87545776367188, 1.0], [199.01614379882812, 238.5305633544922, 1.0], [133.31736755371094, 138.04360961914062, 1.0], [189.4835662841797, 125.82662200927734, 1.0], [206.5936279296875, 144.666015625, 1.0], [203.3350372314453, 177.95718383789062, 1.0], [110.35128784179688, 125.29291534423828, 1.0], [137.5506134033203, 104.00389862060547, 1.0], [150.29107666015625, 119.75829315185547, 1.0], [157.4075469970703, 148.96817016601562, 1.0]], "is_left": 0}