{"hand_pts": [[152.62893676757812, 137.44931030273438, 1.0], [183.72970581054688, 107.45110321044922, 1.0], [181.8565673828125, 71.19223022460938, 1.0], [198.67433166503906, 76.82498931884766, 1.0], [218.68919372558594, 103.10868835449219, 1.0], [138.6978302001953, 134.997314453125, 1.0], [191.46620178222656, 148.77601623535156, 1.0], [230.57806396484375, 152.26028442382812, 1.0], [238.04034423828125, 145.39303588867188, 1.0], [130.31072998046875, 178.00035095214844, 1.0], [152.8423614501953, 212.8917999267578, 1.0], [198.35455322265625, 208.37384033203125, 1.0], [233.14942932128906, 193.95118713378906, 1.0], [131.40524291992188, 210.46507263183594, 1.0], [146.48365783691406, 244.4199676513672, 1.0], [183.8753204345703, 248.92813110351562, 1.0], [222.7559814453125, 241.2908935546875, 1.0], [136.3956756591797, 236.9857177734375, 1.0], [153.19813537597656, 264.5987243652344, 1.0], [185.08731079101562, 255.31326293945312, 1.0], [209.53335571289062, 233.46533203125, 1.0]], "is_left": 0}