{"hand_pts": [[47.9512825012207, 214.39825439453125, 1.0], [93.68360137939453, 236.2665557861328, 1.0], [112.41463470458984, 272.7755126953125, 1.0], [139.23602294921875, 289.3548278808594, 1.0], [170.19728088378906, 285.0036315917969, 1.0], [155.91793823242188, 216.80287170410156, 1.0], [206.07278442382812, 217.52145385742188, 1.0], [209.24502563476562, 217.10934448242188, 1.0], [188.65269470214844, 215.57913208007812, 1.0], [152.74124145507812, 186.6743927001953, 1.0], [217.8572998046875, 166.86143493652344, 1.0], [223.26165771484375, 171.68862915039062, 1.0], [225.50550842285156, 177.4277801513672, 1.0], [148.98580932617188, 163.6272735595703, 1.0], [210.61524963378906, 142.9564666748047, 1.0], [246.408935546875, 133.0949249267578, 1.0], [248.9009246826172, 142.8981170654297, 1.0], [139.24822998046875, 144.43942260742188, 1.0], [170.50424194335938, 115.63493347167969, 1.0], [190.89976501464844, 98.15726470947266, 1.0], [214.13949584960938, 80.07515716552734, 1.0]], "is_left": 0}