{"hand_pts": [[32.728912353515625, 178.93898010253906, 1.0], [93.62895202636719, 214.31504821777344, 1.0], [139.34078979492188, 256.8216552734375, 1.0], [186.44313049316406, 280.912841796875, 1.0], [230.06210327148438, 279.2800598144531, 1.0], [147.7763214111328, 207.5500946044922, 1.0], [208.52650451660156, 215.89590454101562, 1.0], [246.13067626953125, 219.68887329101562, 1.0], [275.2667236328125, 220.39724731445312, 1.0], [134.66961669921875, 173.00318908691406, 1.0], [199.13279724121094, 171.193115234375, 1.0], [224.46121215820312, 174.98374938964844, 1.0], [245.3317108154297, 179.34666442871094, 1.0], [124.1940689086914, 146.05284118652344, 1.0], [187.9718475341797, 144.9667205810547, 1.0], [202.82659912109375, 151.81153869628906, 1.0], [216.7806854248047, 158.61068725585938, 1.0], [109.0684585571289, 121.81988525390625, 1.0], [152.37269592285156, 112.42440795898438, 1.0], [176.33355712890625, 117.14364624023438, 1.0], [190.7029266357422, 129.79063415527344, 1.0]], "is_left": 0}