{"hand_pts": [[86.94215393066406, 109.9848403930664, 1.0], [92.64309692382812, 157.1088104248047, 1.0], [79.15778350830078, 191.9928436279297, 1.0], [80.08647155761719, 219.66021728515625, 1.0], [112.88505554199219, 219.20970153808594, 1.0], [151.2772979736328, 198.60845947265625, 1.0], [163.68946838378906, 227.48550415039062, 1.0], [163.51585388183594, 235.40370178222656, 1.0], [164.9982452392578, 243.5449981689453, 1.0], [173.4769744873047, 173.63790893554688, 1.0], [228.47218322753906, 200.66287231445312, 1.0], [260.7618713378906, 217.8495330810547, 1.0], [282.3922424316406, 231.38467407226562, 1.0], [188.34716796875, 152.21240234375, 1.0], [228.3637237548828, 157.57652282714844, 1.0], [207.7588653564453, 147.3572235107422, 1.0], [175.74880981445312, 138.40147399902344, 1.0], [196.26190185546875, 128.69723510742188, 1.0], [233.45335388183594, 136.3131561279297, 1.0], [248.80938720703125, 142.17893981933594, 1.0], [239.92193603515625, 146.95591735839844, 1.0]], "is_left": 0}