{"hand_pts": [[294.3614501953125, 232.244140625, 1.0], [212.7589111328125, 228.6565704345703, 1.0], [137.2064971923828, 231.73220825195312, 1.0], [110.2822036743164, 227.75567626953125, 1.0], [144.62445068359375, 222.1313934326172, 1.0], [166.25881958007812, 134.78782653808594, 1.0], [116.90509033203125, 127.2879867553711, 1.0], [115.89067840576172, 167.9105682373047, 1.0], [139.48672485351562, 207.5404510498047, 1.0], [204.685302734375, 128.1943359375, 1.0], [157.3976593017578, 141.35812377929688, 1.0], [150.4221649169922, 190.6297607421875, 1.0], [163.55062866210938, 233.0955047607422, 1.0], [234.19337463378906, 131.6060791015625, 1.0], [204.91281127929688, 153.8048553466797, 1.0], [205.0063018798828, 199.16212463378906, 1.0], [213.53990173339844, 234.8072967529297, 1.0], [265.1771240234375, 143.19361877441406, 1.0], [258.6061096191406, 163.67588806152344, 1.0], [254.2140350341797, 200.40504455566406, 1.0], [254.0099334716797, 212.82240295410156, 1.0]], "is_left": 0}