{"hand_pts": [[189.2181396484375, 224.30616760253906, 1.0], [215.99037170410156, 242.9417724609375, 1.0], [268.2641296386719, 263.43475341796875, 1.0], [268.961181640625, 278.7744445800781, 1.0], [214.31985473632812, 276.15606689453125, 1.0], [244.50779724121094, 170.94122314453125, 1.0], [261.4782409667969, 166.8571014404297, 1.0], [259.0626525878906, 174.96665954589844, 1.0], [230.36756896972656, 202.31072998046875, 1.0], [204.7672882080078, 149.7420654296875, 1.0], [191.05410766601562, 142.9691162109375, 1.0], [168.260986328125, 174.16891479492188, 1.0], [157.56028747558594, 210.72154235839844, 1.0], [169.377197265625, 140.6099395751953, 1.0], [152.74217224121094, 103.80609893798828, 1.0], [133.52935791015625, 138.52008056640625, 1.0], [123.22701263427734, 177.799072265625, 1.0], [135.43795776367188, 139.26145935058594, 1.0], [98.97940826416016, 145.98721313476562, 1.0], [83.73770141601562, 175.24465942382812, 1.0], [82.6028060913086, 210.3136444091797, 1.0]], "is_left": 0}