{"hand_pts": [[79.79138946533203, 230.2967529296875, 1.0], [155.02377319335938, 222.88677978515625, 1.0], [222.57452392578125, 211.76959228515625, 1.0], [267.0197448730469, 210.6402587890625, 1.0], [250.44064331054688, 218.87579345703125, 1.0], [185.38272094726562, 141.70501708984375, 1.0], [235.40899658203125, 149.43011474609375, 1.0], [247.87814331054688, 187.1501007080078, 1.0], [230.42564392089844, 225.7127227783203, 1.0], [149.34164428710938, 139.01373291015625, 1.0], [198.7600860595703, 134.5498504638672, 1.0], [218.30886840820312, 179.68580627441406, 1.0], [219.8152313232422, 224.81015014648438, 1.0], [122.18900299072266, 144.4431915283203, 1.0], [156.92088317871094, 144.8885955810547, 1.0], [174.3847198486328, 184.6929168701172, 1.0], [174.64605712890625, 219.14151000976562, 1.0], [94.11769104003906, 157.20916748046875, 1.0], [108.82682800292969, 173.52015686035156, 1.0], [122.26693725585938, 208.50086975097656, 1.0], [123.82413482666016, 223.58212280273438, 1.0]], "is_left": 0}