{"hand_pts": [[336.2745666503906, 143.28089904785156, 1.0], [293.3869323730469, 133.23602294921875, 1.0], [286.3258361816406, 128.37997436523438, 1.0], [231.35215759277344, 121.20482635498047, 1.0], [191.98239135742188, 119.48960876464844, 1.0], [232.08462524414062, 227.15797424316406, 1.0], [169.14511108398438, 201.84910583496094, 1.0], [167.6634063720703, 157.99070739746094, 1.0], [197.73936462402344, 131.2830352783203, 1.0], [215.86412048339844, 244.57672119140625, 1.0], [132.62930297851562, 235.89967346191406, 1.0], [126.97474670410156, 183.61280822753906, 1.0], [165.78785705566406, 149.14671325683594, 1.0], [202.17601013183594, 249.25277709960938, 1.0], [120.7284164428711, 238.50230407714844, 1.0], [127.96751403808594, 190.7052459716797, 1.0], [171.23812866210938, 167.8708038330078, 1.0], [195.87559509277344, 244.67349243164062, 1.0], [146.417236328125, 224.62356567382812, 1.0], [152.82901000976562, 184.80743408203125, 1.0], [193.2367706298828, 173.73789978027344, 1.0]], "is_left": 0}