{"hand_pts": [[315.6051025390625, 240.5970458984375, 1.0], [259.8963928222656, 190.5131378173828, 1.0], [218.83502197265625, 142.38613891601562, 1.0], [169.1419219970703, 123.96578216552734, 1.0], [130.07127380371094, 132.29067993164062, 1.0], [240.6975555419922, 145.74728393554688, 1.0], [187.46693420410156, 118.17871856689453, 1.0], [144.5446319580078, 122.4763412475586, 1.0], [106.96614837646484, 137.73133850097656, 1.0], [249.91632080078125, 183.8813934326172, 1.0], [183.79660034179688, 163.9423828125, 1.0], [135.67539978027344, 167.49627685546875, 1.0], [95.53743743896484, 176.73248291015625, 1.0], [253.48126220703125, 217.25546264648438, 1.0], [192.1951446533203, 207.3218536376953, 1.0], [150.4492645263672, 213.78273010253906, 1.0], [117.91875457763672, 223.389892578125, 1.0], [258.89837646484375, 251.74404907226562, 1.0], [217.67918395996094, 258.9066162109375, 1.0], [183.09246826171875, 264.5430908203125, 1.0], [158.4521484375, 266.2535095214844, 1.0]], "is_left": 0}