{"hand_pts": [[163.70455932617188, 91.69401550292969, 1.0], [173.4051971435547, 92.54605865478516, 1.0], [199.09507751464844, 74.48413848876953, 1.0], [226.64915466308594, 105.12709045410156, 1.0], [229.4276885986328, 150.09266662597656, 1.0], [129.82635498046875, 143.74009704589844, 1.0], [154.65895080566406, 160.86944580078125, 1.0], [188.333740234375, 161.82876586914062, 1.0], [222.50070190429688, 160.28463745117188, 1.0], [132.12936401367188, 171.42784118652344, 1.0], [179.69613647460938, 208.5658416748047, 1.0], [215.19676208496094, 192.1090087890625, 1.0], [249.14236450195312, 178.68212890625, 1.0], [140.09249877929688, 191.30018615722656, 1.0], [140.81747436523438, 249.65379333496094, 1.0], [164.06719970703125, 272.0164794921875, 1.0], [194.9733123779297, 258.8245544433594, 1.0], [151.21902465820312, 203.94517517089844, 1.0], [173.22569274902344, 240.75340270996094, 1.0], [199.634521484375, 235.0150909423828, 1.0], [206.7440948486328, 202.1943817138672, 1.0]], "is_left": 0}