{"hand_pts": [[241.33053588867188, 35.090030670166016, 1.0], [197.67303466796875, 75.6743392944336, 1.0], [152.2630157470703, 92.47599029541016, 1.0], [121.21092224121094, 120.90910339355469, 1.0], [128.6621551513672, 163.9525909423828, 1.0], [158.4803466796875, 134.01068115234375, 1.0], [131.15846252441406, 186.64724731445312, 1.0], [125.69145965576172, 220.97030639648438, 1.0], [120.14163208007812, 254.94859313964844, 1.0], [191.84994506835938, 139.1148223876953, 1.0], [167.092529296875, 202.22329711914062, 1.0], [164.95777893066406, 240.92691040039062, 1.0], [166.4295196533203, 273.5290222167969, 1.0], [221.21481323242188, 142.70132446289062, 1.0], [212.65777587890625, 208.66880798339844, 1.0], [218.53970336914062, 233.0471649169922, 1.0], [225.79733276367188, 252.37351989746094, 1.0], [251.73497009277344, 140.22288513183594, 1.0], [250.69921875, 184.43429565429688, 1.0], [251.42112731933594, 212.1934814453125, 1.0], [251.80477905273438, 213.7738800048828, 1.0]], "is_left": 0}