{"hand_pts": [[74.82162475585938, 136.1935577392578, 1.0], [90.83214569091797, 200.02420043945312, 1.0], [105.53392028808594, 246.6573028564453, 1.0], [118.68399810791016, 282.6085205078125, 1.0], [118.44805145263672, 272.1029968261719, 1.0], [196.69508361816406, 193.59197998046875, 1.0], [214.82432556152344, 224.15097045898438, 1.0], [176.6573028564453, 235.87783813476562, 1.0], [140.90428161621094, 246.3105010986328, 1.0], [207.94190979003906, 150.5261688232422, 1.0], [258.7066345214844, 184.41941833496094, 1.0], [226.53651428222656, 214.1048583984375, 1.0], [199.88348388671875, 242.670654296875, 1.0], [208.67543029785156, 119.29194641113281, 1.0], [231.78219604492188, 127.86284637451172, 1.0], [193.8150634765625, 148.4898681640625, 1.0], [157.18780517578125, 159.09130859375, 1.0], [198.63235473632812, 91.05040740966797, 1.0], [216.79966735839844, 90.21440887451172, 1.0], [212.0720977783203, 100.97988891601562, 1.0], [174.45803833007812, 128.1827850341797, 1.0]], "is_left": 0}