{"hand_pts": [[338.5869140625, 115.32318878173828, 1.0], [266.13409423828125, 105.36354064941406, 1.0], [211.4698028564453, 82.71675109863281, 1.0], [169.8002471923828, 107.59497833251953, 1.0], [146.29904174804688, 142.95091247558594, 1.0], [205.5526885986328, 138.03604125976562, 1.0], [146.4969940185547, 156.59889221191406, 1.0], [124.28775024414062, 167.3916015625, 1.0], [112.32337951660156, 176.45281982421875, 1.0], [227.44000244140625, 167.59996032714844, 1.0], [168.40411376953125, 200.56484985351562, 1.0], [134.53761291503906, 212.01666259765625, 1.0], [111.73184204101562, 215.7611541748047, 1.0], [244.85507202148438, 189.9945068359375, 1.0], [189.69845581054688, 225.542236328125, 1.0], [159.17860412597656, 236.55743408203125, 1.0], [138.53289794921875, 237.41983032226562, 1.0], [266.72943115234375, 207.15977478027344, 1.0], [240.88253784179688, 238.81459045410156, 1.0], [231.83338928222656, 235.10696411132812, 1.0], [232.6942138671875, 214.6226806640625, 1.0]], "is_left": 0}