{"hand_pts": [[144.57447814941406, 165.08250427246094, 1.0], [126.6650390625, 139.75198364257812, 1.0], [73.18126678466797, 104.52484130859375, 1.0], [73.49098205566406, 130.65594482421875, 1.0], [80.54048156738281, 158.58096313476562, 1.0], [216.1469268798828, 152.1072998046875, 1.0], [229.41213989257812, 150.92987060546875, 1.0], [231.254638671875, 151.8157958984375, 1.0], [220.78680419921875, 154.91571044921875, 1.0], [237.2629852294922, 180.6627197265625, 1.0], [246.17982482910156, 201.95155334472656, 1.0], [195.345703125, 197.24685668945312, 1.0], [145.52236938476562, 191.19140625, 1.0], [245.24855041503906, 202.4326934814453, 1.0], [211.3697509765625, 214.23654174804688, 1.0], [166.29562377929688, 206.0162353515625, 1.0], [120.15789031982422, 198.2454833984375, 1.0], [244.74392700195312, 221.25079345703125, 1.0], [238.29515075683594, 243.2362823486328, 1.0], [200.59530639648438, 238.55746459960938, 1.0], [159.29800415039062, 232.00144958496094, 1.0]], "is_left": 0}