{"hand_pts": [[57.03356170654297, 158.09034729003906, 1.0], [73.7891845703125, 129.54788208007812, 1.0], [81.31767272949219, 99.7730484008789, 1.0], [120.11221313476562, 95.67365264892578, 1.0], [165.71176147460938, 108.59917449951172, 1.0], [119.96540832519531, 184.8203887939453, 1.0], [164.68267822265625, 178.03286743164062, 1.0], [194.10690307617188, 156.48045349121094, 1.0], [222.04896545410156, 132.76321411132812, 1.0], [139.54910278320312, 206.21194458007812, 1.0], [195.5402069091797, 224.1983184814453, 1.0], [231.32154846191406, 211.2191162109375, 1.0], [263.1800231933594, 191.54605102539062, 1.0], [154.41773986816406, 216.0568389892578, 1.0], [213.33120727539062, 236.6929168701172, 1.0], [246.94671630859375, 226.07293701171875, 1.0], [271.9990234375, 200.77035522460938, 1.0], [163.0249481201172, 219.79507446289062, 1.0], [206.4079132080078, 225.29066467285156, 1.0], [231.54161071777344, 210.88848876953125, 1.0], [241.5880889892578, 179.5880126953125, 1.0]], "is_left": 0}