{"hand_pts": [[71.24866485595703, 108.51419830322266, 1.0], [143.8656768798828, 96.3836441040039, 1.0], [201.9553680419922, 68.5108871459961, 1.0], [214.2405242919922, 90.24052429199219, 1.0], [218.24806213378906, 113.71154022216797, 1.0], [194.7778778076172, 162.4976806640625, 1.0], [236.22616577148438, 195.3756866455078, 1.0], [238.19442749023438, 182.6351318359375, 1.0], [217.4879150390625, 155.89366149902344, 1.0], [159.81283569335938, 189.13424682617188, 1.0], [225.4625701904297, 215.63963317871094, 1.0], [231.48377990722656, 186.65769958496094, 1.0], [229.65614318847656, 156.6640625, 1.0], [131.77166748046875, 204.7272491455078, 1.0], [155.34423828125, 264.6329650878906, 1.0], [173.82537841796875, 248.0496063232422, 1.0], [181.03622436523438, 214.19766235351562, 1.0], [101.60472869873047, 212.47689819335938, 1.0], [120.51853942871094, 242.50852966308594, 1.0], [138.5653839111328, 243.36659240722656, 1.0], [150.672119140625, 214.02745056152344, 1.0]], "is_left": 0}