{"hand_pts": [[113.99864959716797, 48.03734588623047, 1.0], [98.52254486083984, 107.38360595703125, 1.0], [64.6953353881836, 147.95663452148438, 1.0], [90.43706512451172, 183.9921112060547, 1.0], [138.18292236328125, 187.31871032714844, 1.0], [139.84315490722656, 185.99205017089844, 1.0], [159.80506896972656, 232.6150665283203, 1.0], [163.4378662109375, 228.4321746826172, 1.0], [160.38302612304688, 204.90478515625, 1.0], [176.14918518066406, 170.8723602294922, 1.0], [208.68099975585938, 226.03639221191406, 1.0], [206.6311798095703, 226.89535522460938, 1.0], [189.099365234375, 204.43174743652344, 1.0], [203.12339782714844, 156.0912628173828, 1.0], [243.53416442871094, 203.71182250976562, 1.0], [237.14207458496094, 197.58128356933594, 1.0], [212.66722106933594, 173.39932250976562, 1.0], [223.68836975097656, 135.04110717773438, 1.0], [256.83026123046875, 158.44764709472656, 1.0], [255.4313507080078, 159.7147674560547, 1.0], [230.19252014160156, 146.67588806152344, 1.0]], "is_left": 0}