{"hand_pts": [[81.25933837890625, 292.29254150390625, 1.0], [124.59020233154297, 268.9209289550781, 1.0], [154.8096160888672, 261.6224060058594, 1.0], [196.16485595703125, 243.2398681640625, 1.0], [216.98049926757812, 229.49635314941406, 1.0], [144.72747802734375, 187.41184997558594, 1.0], [172.27874755859375, 132.51956176757812, 1.0], [195.33343505859375, 100.16851806640625, 1.0], [223.56045532226562, 75.23226165771484, 1.0], [139.52330017089844, 185.85081481933594, 1.0], [203.8997802734375, 165.50918579101562, 1.0], [209.03160095214844, 208.304931640625, 1.0], [210.96414184570312, 248.62710571289062, 1.0], [137.9818572998047, 190.39633178710938, 1.0], [185.90643310546875, 146.70730590820312, 1.0], [214.3690185546875, 166.18231201171875, 1.0], [244.27122497558594, 180.9918670654297, 1.0], [134.30279541015625, 202.55601501464844, 1.0], [169.7596893310547, 174.16876220703125, 1.0], [197.3439178466797, 159.52728271484375, 1.0], [222.2312469482422, 173.80970764160156, 1.0]], "is_left": 0}