{"hand_pts": [[206.46490478515625, 302.90740966796875, 1.0], [146.047119140625, 250.56736755371094, 1.0], [102.29078674316406, 210.05043029785156, 1.0], [85.8565444946289, 164.07452392578125, 1.0], [82.51863098144531, 124.62447357177734, 1.0], [177.37997436523438, 162.6096649169922, 1.0], [172.45814514160156, 116.59362030029297, 1.0], [153.79322814941406, 136.73062133789062, 1.0], [137.7002410888672, 156.8680877685547, 1.0], [222.05320739746094, 176.20066833496094, 1.0], [205.18563842773438, 154.541748046875, 1.0], [179.45779418945312, 189.4555206298828, 1.0], [155.56683349609375, 221.18536376953125, 1.0], [251.4060516357422, 191.33615112304688, 1.0], [223.6490936279297, 178.4399871826172, 1.0], [204.1250762939453, 210.63136291503906, 1.0], [192.14596557617188, 240.15940856933594, 1.0], [274.7754821777344, 213.20220947265625, 1.0], [258.4136047363281, 202.44876098632812, 1.0], [244.322265625, 198.5066680908203, 1.0], [215.35888671875, 212.0747833251953, 1.0]], "is_left": 0}