{"hand_pts": [[82.17634582519531, 111.58028411865234, 1.0], [90.344970703125, 151.83847045898438, 1.0], [80.9128189086914, 178.46356201171875, 1.0], [89.39778900146484, 207.41262817382812, 1.0], [110.05347442626953, 234.39874267578125, 1.0], [166.94471740722656, 158.47763061523438, 1.0], [163.60476684570312, 201.20611572265625, 1.0], [137.52957153320312, 212.42730712890625, 1.0], [121.05406188964844, 192.7273406982422, 1.0], [187.67922973632812, 148.71734619140625, 1.0], [225.49708557128906, 193.49476623535156, 1.0], [199.11451721191406, 213.94696044921875, 1.0], [162.8436737060547, 217.90072631835938, 1.0], [199.5801544189453, 144.00399780273438, 1.0], [257.9867248535156, 164.79832458496094, 1.0], [259.6046447753906, 193.07586669921875, 1.0], [230.22640991210938, 207.39639282226562, 1.0], [202.88626098632812, 138.74110412597656, 1.0], [245.7514190673828, 152.34178161621094, 1.0], [273.9474182128906, 164.62069702148438, 1.0], [263.70452880859375, 188.5940704345703, 1.0]], "is_left": 0}