{"hand_pts": [[123.82232666015625, 55.68516540527344, 1.0], [100.42398834228516, 97.7573013305664, 1.0], [67.54901885986328, 129.8693389892578, 1.0], [69.25760650634766, 161.37330627441406, 1.0], [94.76144409179688, 185.3828582763672, 1.0], [142.4006805419922, 180.1728515625, 1.0], [152.71063232421875, 229.31082153320312, 1.0], [158.16966247558594, 243.83499145507812, 1.0], [163.5071258544922, 249.9457244873047, 1.0], [179.44790649414062, 165.15260314941406, 1.0], [203.60813903808594, 219.8876190185547, 1.0], [206.09869384765625, 232.10415649414062, 1.0], [203.0907440185547, 234.20921325683594, 1.0], [206.17721557617188, 147.88397216796875, 1.0], [239.62753295898438, 194.0054931640625, 1.0], [243.8480682373047, 200.33090209960938, 1.0], [238.81863403320312, 196.03948974609375, 1.0], [226.4625701904297, 124.10810089111328, 1.0], [256.24224853515625, 145.9578399658203, 1.0], [263.00286865234375, 151.22506713867188, 1.0], [254.3126220703125, 147.7893524169922, 1.0]], "is_left": 0}