{"hand_pts": [[248.3339385986328, 197.0059356689453, 1.0], [204.8693084716797, 171.70947265625, 1.0], [156.16250610351562, 152.4630584716797, 1.0], [133.03367614746094, 124.30868530273438, 1.0], [136.90138244628906, 96.76863098144531, 1.0], [142.66506958007812, 220.7740936279297, 1.0], [87.89643859863281, 234.58465576171875, 1.0], [59.91959762573242, 234.04708862304688, 1.0], [75.4218521118164, 205.4959716796875, 1.0], [168.4000244140625, 235.0534210205078, 1.0], [199.74742126464844, 183.0518341064453, 1.0], [233.2450714111328, 142.04888916015625, 1.0], [265.13092041015625, 102.75785827636719, 1.0], [193.57415771484375, 239.82144165039062, 1.0], [221.96524047851562, 188.01422119140625, 1.0], [245.2623748779297, 162.54884338378906, 1.0], [265.89508056640625, 140.8072509765625, 1.0], [222.85813903808594, 239.64183044433594, 1.0], [223.9564208984375, 223.9812469482422, 1.0], [229.63018798828125, 201.0231170654297, 1.0], [239.78172302246094, 168.6239013671875, 1.0]], "is_left": 0}