{"hand_pts": [[129.7958984375, 291.59149169921875, 1.0], [110.2403564453125, 233.75904846191406, 1.0], [71.5620346069336, 187.3514862060547, 1.0], [89.84420776367188, 165.75152587890625, 1.0], [134.93801879882812, 183.40318298339844, 1.0], [146.4768829345703, 138.43896484375, 1.0], [163.40029907226562, 116.66138458251953, 1.0], [162.13528442382812, 149.14390563964844, 1.0], [153.72361755371094, 191.1199951171875, 1.0], [184.44544982910156, 157.92843627929688, 1.0], [215.96800231933594, 131.07925415039062, 1.0], [202.21392822265625, 165.79580688476562, 1.0], [176.2041015625, 202.59402465820312, 1.0], [212.83570861816406, 178.90432739257812, 1.0], [250.0979766845703, 165.94117736816406, 1.0], [232.754150390625, 198.62222290039062, 1.0], [202.7534942626953, 224.3453826904297, 1.0], [234.95266723632812, 207.19073486328125, 1.0], [265.0201416015625, 212.64370727539062, 1.0], [248.4042205810547, 234.94956970214844, 1.0], [215.36997985839844, 244.88735961914062, 1.0]], "is_left": 0}