{"hand_pts": [[42.127113342285156, 201.566162109375, 1.0], [108.72614288330078, 213.55462646484375, 1.0], [150.36123657226562, 245.2696990966797, 1.0], [188.55113220214844, 269.7608337402344, 1.0], [201.13401794433594, 273.9395446777344, 1.0], [158.7097625732422, 158.5017852783203, 1.0], [215.9348907470703, 189.87533569335938, 1.0], [245.2229461669922, 217.13006591796875, 1.0], [278.4621276855469, 237.33447265625, 1.0], [139.86509704589844, 148.22061157226562, 1.0], [191.182373046875, 105.64632415771484, 1.0], [235.53680419921875, 106.39331817626953, 1.0], [264.96685791015625, 135.92596435546875, 1.0], [125.1191177368164, 146.2421875, 1.0], [194.40623474121094, 158.86058044433594, 1.0], [205.33987426757812, 194.85684204101562, 1.0], [197.01341247558594, 227.55421447753906, 1.0], [106.31159210205078, 149.65594482421875, 1.0], [140.23052978515625, 150.8646240234375, 1.0], [161.47621154785156, 175.82791137695312, 1.0], [179.70904541015625, 205.60557556152344, 1.0]], "is_left": 0}