{"hand_pts": [[145.73281860351562, 352.77520751953125, 1.0], [144.73654174804688, 289.0196533203125, 1.0], [104.0362777709961, 240.35757446289062, 1.0], [105.93804931640625, 183.37539672851562, 1.0], [152.81289672851562, 161.97427368164062, 1.0], [98.82543182373047, 192.5843505859375, 1.0], [130.7218017578125, 132.38531494140625, 1.0], [180.53306579589844, 135.05819702148438, 1.0], [225.7105255126953, 165.00502014160156, 1.0], [123.01022338867188, 205.77072143554688, 1.0], [179.31695556640625, 144.19834899902344, 1.0], [228.4216766357422, 156.01683044433594, 1.0], [260.2799987792969, 192.8643798828125, 1.0], [150.27874755859375, 220.4979248046875, 1.0], [205.6908721923828, 156.85205078125, 1.0], [251.82199096679688, 167.45716857910156, 1.0], [288.3886413574219, 189.26318359375, 1.0], [179.2209930419922, 243.5623779296875, 1.0], [207.19436645507812, 197.86830139160156, 1.0], [240.9404296875, 177.7216796875, 1.0], [272.7559509277344, 171.55307006835938, 1.0]], "is_left": 0}