{"hand_pts": [[31.11754608154297, 166.82977294921875, 1.0], [75.14909362792969, 219.66908264160156, 1.0], [92.78765106201172, 261.1836853027344, 1.0], [118.58045196533203, 294.5240783691406, 1.0], [142.4267578125, 306.3561096191406, 1.0], [159.01380920410156, 197.3943328857422, 1.0], [213.98045349121094, 189.16188049316406, 1.0], [231.1347198486328, 201.12234497070312, 1.0], [234.94122314453125, 213.19757080078125, 1.0], [164.28204345703125, 158.3298797607422, 1.0], [232.8557891845703, 165.91412353515625, 1.0], [260.5400085449219, 187.9132080078125, 1.0], [241.7366180419922, 208.59881591796875, 1.0], [165.60255432128906, 131.17994689941406, 1.0], [231.16554260253906, 115.27677154541016, 1.0], [241.34365844726562, 138.72886657714844, 1.0], [243.84449768066406, 163.34706115722656, 1.0], [158.39913940429688, 108.25315856933594, 1.0], [173.43255615234375, 121.69478607177734, 1.0], [144.7537078857422, 137.64125061035156, 1.0], [119.58296966552734, 139.278564453125, 1.0]], "is_left": 0}