{"hand_pts": [[128.27142333984375, 217.29412841796875, 1.0], [111.40608215332031, 227.54090881347656, 1.0], [77.52232360839844, 230.38031005859375, 1.0], [111.60246276855469, 200.65895080566406, 1.0], [156.56724548339844, 176.30389404296875, 1.0], [185.4486846923828, 254.7205810546875, 1.0], [159.770751953125, 221.5139923095703, 1.0], [129.82264709472656, 199.97286987304688, 1.0], [102.77625274658203, 179.34539794921875, 1.0], [211.84461975097656, 229.60357666015625, 1.0], [264.30780029296875, 221.3079071044922, 1.0], [238.48382568359375, 192.01182556152344, 1.0], [205.37213134765625, 166.4907989501953, 1.0], [225.9638671875, 204.92994689941406, 1.0], [260.4425354003906, 166.0614471435547, 1.0], [223.08316040039062, 145.95941162109375, 1.0], [185.09776306152344, 129.15127563476562, 1.0], [231.67018127441406, 180.1555938720703, 1.0], [215.4874267578125, 145.02540588378906, 1.0], [191.66629028320312, 123.43812561035156, 1.0], [158.43759155273438, 107.81338500976562, 1.0]], "is_left": 0}