{"hand_pts": [[335.5172119140625, 194.61062622070312, 1.0], [301.75799560546875, 155.68968200683594, 1.0], [276.61328125, 122.66915893554688, 1.0], [242.330810546875, 102.4065170288086, 1.0], [205.98471069335938, 89.822265625, 1.0], [233.23187255859375, 179.38636779785156, 1.0], [189.12060546875, 175.8603057861328, 1.0], [158.97654724121094, 169.26583862304688, 1.0], [130.80010986328125, 166.35955810546875, 1.0], [225.3428497314453, 201.1305389404297, 1.0], [166.67462158203125, 199.49937438964844, 1.0], [131.8104248046875, 187.16848754882812, 1.0], [99.19929504394531, 177.81301879882812, 1.0], [221.26296997070312, 213.91236877441406, 1.0], [162.51715087890625, 218.07933044433594, 1.0], [130.1053466796875, 207.40272521972656, 1.0], [98.6018295288086, 197.99655151367188, 1.0], [224.2655029296875, 223.62840270996094, 1.0], [181.71263122558594, 226.5908203125, 1.0], [152.96002197265625, 221.74119567871094, 1.0], [124.82962799072266, 211.0382537841797, 1.0]], "is_left": 0}