{"hand_pts": [[117.67817687988281, 94.23571014404297, 1.0], [96.85928344726562, 146.28781127929688, 1.0], [75.9992446899414, 191.74620056152344, 1.0], [73.48919677734375, 224.44683837890625, 1.0], [81.52095031738281, 247.87826538085938, 1.0], [160.2498779296875, 189.78953552246094, 1.0], [181.36795043945312, 235.3423309326172, 1.0], [186.09596252441406, 257.82574462890625, 1.0], [191.8616943359375, 278.9564208984375, 1.0], [183.36985778808594, 154.72467041015625, 1.0], [215.87435913085938, 201.85028076171875, 1.0], [216.2733612060547, 225.5173797607422, 1.0], [216.2220001220703, 247.70355224609375, 1.0], [195.1790008544922, 124.28182220458984, 1.0], [229.36302185058594, 157.81207275390625, 1.0], [233.76182556152344, 174.36610412597656, 1.0], [236.6640625, 190.35301208496094, 1.0], [199.89401245117188, 92.27751159667969, 1.0], [221.68165588378906, 103.43721008300781, 1.0], [228.1475067138672, 111.54466247558594, 1.0], [226.85696411132812, 122.0954818725586, 1.0]], "is_left": 0}