{"hand_pts": [[60.64171600341797, 237.5004119873047, 1.0], [126.85655975341797, 226.0909881591797, 1.0], [177.1174774169922, 225.3332977294922, 1.0], [212.29696655273438, 209.614501953125, 1.0], [223.0740203857422, 189.54525756835938, 1.0], [182.5225830078125, 219.1775665283203, 1.0], [227.06524658203125, 202.50204467773438, 1.0], [249.9038848876953, 187.0352020263672, 1.0], [268.0324401855469, 170.55441284179688, 1.0], [153.2458953857422, 208.63478088378906, 1.0], [198.08534240722656, 185.36074829101562, 1.0], [218.39691162109375, 165.4693603515625, 1.0], [227.854248046875, 148.38226318359375, 1.0], [128.13919067382812, 198.22486877441406, 1.0], [169.16238403320312, 177.91119384765625, 1.0], [185.75784301757812, 160.3268585205078, 1.0], [191.4271240234375, 147.4168243408203, 1.0], [99.4666748046875, 189.42242431640625, 1.0], [119.47528839111328, 171.15481567382812, 1.0], [135.17686462402344, 156.0387420654297, 1.0], [151.72817993164062, 141.5897979736328, 1.0]], "is_left": 0}