{"hand_pts": [[96.71732330322266, 134.6201171875, 1.0], [102.17220306396484, 179.3061065673828, 1.0], [90.12891387939453, 216.8872833251953, 1.0], [94.99026489257812, 243.77923583984375, 1.0], [110.18275451660156, 259.4915466308594, 1.0], [157.88999938964844, 193.12725830078125, 1.0], [178.75399780273438, 215.2553253173828, 1.0], [165.36822509765625, 215.0430450439453, 1.0], [143.0099334716797, 203.0171356201172, 1.0], [177.10958862304688, 166.67431640625, 1.0], [191.65914916992188, 200.14146423339844, 1.0], [177.42588806152344, 214.60585021972656, 1.0], [151.97410583496094, 219.38426208496094, 1.0], [189.71615600585938, 145.9477996826172, 1.0], [243.07984924316406, 155.68283081054688, 1.0], [271.5699157714844, 165.3639373779297, 1.0], [299.2186584472656, 175.41392517089844, 1.0], [195.7843017578125, 125.1614990234375, 1.0], [228.77513122558594, 125.22122955322266, 1.0], [249.69021606445312, 126.7271957397461, 1.0], [262.38739013671875, 134.17469787597656, 1.0]], "is_left": 0}