{"hand_pts": [[122.98021697998047, 253.20654296875, 1.0], [126.93717956542969, 262.1086730957031, 1.0], [148.06459045410156, 291.9830322265625, 1.0], [171.0481414794922, 303.30181884765625, 1.0], [191.72201538085938, 280.1897888183594, 1.0], [207.43734741210938, 234.0812530517578, 1.0], [220.77313232421875, 201.27297973632812, 1.0], [201.9250030517578, 180.1906280517578, 1.0], [168.0939178466797, 167.1787109375, 1.0], [209.52630615234375, 203.25128173828125, 1.0], [172.84141540527344, 168.19407653808594, 1.0], [127.91460418701172, 168.41213989257812, 1.0], [85.25125122070312, 171.25282287597656, 1.0], [203.49305725097656, 179.188232421875, 1.0], [235.14151000976562, 139.651611328125, 1.0], [242.11961364746094, 117.05703735351562, 1.0], [239.8735809326172, 97.20275115966797, 1.0], [190.53822326660156, 160.25552368164062, 1.0], [187.54275512695312, 127.75175476074219, 1.0], [165.93563842773438, 117.91514587402344, 1.0], [141.21844482421875, 111.02711486816406, 1.0]], "is_left": 0}