{"hand_pts": [[168.71412658691406, 24.851083755493164, 1.0], [230.79364013671875, 77.96076202392578, 1.0], [280.709716796875, 111.69696807861328, 1.0], [286.9884033203125, 154.805908203125, 1.0], [259.90740966796875, 172.1856231689453, 1.0], [207.97125244140625, 170.90780639648438, 1.0], [231.4178924560547, 217.0688018798828, 1.0], [246.76055908203125, 201.66091918945312, 1.0], [247.8640899658203, 164.14779663085938, 1.0], [159.8793487548828, 164.6660614013672, 1.0], [155.90933227539062, 233.15248107910156, 1.0], [180.53286743164062, 233.37522888183594, 1.0], [206.92640686035156, 216.3546905517578, 1.0], [126.09037780761719, 155.53741455078125, 1.0], [126.67570495605469, 222.48687744140625, 1.0], [142.6780548095703, 245.52760314941406, 1.0], [169.06735229492188, 244.92710876464844, 1.0], [97.51336669921875, 138.18057250976562, 1.0], [92.6396713256836, 167.6234893798828, 1.0], [103.28890228271484, 176.6541290283203, 1.0], [132.6963348388672, 161.81629943847656, 1.0]], "is_left": 0}