{"hand_pts": [[324.7715759277344, 277.3132629394531, 1.0], [255.76217651367188, 285.51947021484375, 1.0], [196.84469604492188, 301.9143981933594, 1.0], [146.103759765625, 273.88677978515625, 1.0], [145.66973876953125, 230.21409606933594, 1.0], [185.70004272460938, 207.03297424316406, 1.0], [147.66070556640625, 214.59556579589844, 1.0], [140.25534057617188, 231.23794555664062, 1.0], [126.90715789794922, 240.8430938720703, 1.0], [212.38253784179688, 175.7329864501953, 1.0], [144.15475463867188, 135.38397216796875, 1.0], [123.38963317871094, 145.42173767089844, 1.0], [111.22642517089844, 162.45521545410156, 1.0], [235.85130310058594, 156.58843994140625, 1.0], [195.0014190673828, 133.97225952148438, 1.0], [188.0699005126953, 148.38311767578125, 1.0], [198.8316650390625, 184.76092529296875, 1.0], [264.103515625, 146.8206024169922, 1.0], [243.33984375, 124.44023132324219, 1.0], [230.4712677001953, 113.6504898071289, 1.0], [216.96881103515625, 110.03680419921875, 1.0]], "is_left": 0}