{"hand_pts": [[355.7791442871094, 213.13294982910156, 1.0], [300.6893310546875, 243.60894775390625, 1.0], [261.53399658203125, 269.71636962890625, 1.0], [219.7530517578125, 275.1424560546875, 1.0], [181.2027130126953, 266.44024658203125, 1.0], [221.8511505126953, 208.2843017578125, 1.0], [167.4703826904297, 210.75572204589844, 1.0], [133.32859802246094, 212.91566467285156, 1.0], [100.82768249511719, 213.86032104492188, 1.0], [229.65521240234375, 176.6019744873047, 1.0], [164.9603729248047, 173.538818359375, 1.0], [131.6099090576172, 180.99880981445312, 1.0], [101.11556243896484, 187.6017608642578, 1.0], [238.36654663085938, 155.6834259033203, 1.0], [178.86842346191406, 139.63241577148438, 1.0], [147.5703125, 140.21627807617188, 1.0], [118.1429214477539, 141.08372497558594, 1.0], [253.6559295654297, 140.30589294433594, 1.0], [214.97366333007812, 124.9698257446289, 1.0], [188.27122497558594, 117.53765869140625, 1.0], [161.10060119628906, 116.7098388671875, 1.0]], "is_left": 0}