{"hand_pts": [[301.6259765625, 108.9044189453125, 1.0], [232.52647399902344, 102.86248779296875, 1.0], [193.20333862304688, 94.2402572631836, 1.0], [170.0479736328125, 132.40171813964844, 1.0], [164.67384338378906, 169.5399932861328, 1.0], [218.87701416015625, 187.6834716796875, 1.0], [168.8525848388672, 215.53770446777344, 1.0], [129.3813018798828, 212.944580078125, 1.0], [96.33818817138672, 197.95187377929688, 1.0], [237.38975524902344, 212.4034423828125, 1.0], [160.6201629638672, 195.2336883544922, 1.0], [140.81089782714844, 153.80299377441406, 1.0], [126.5919418334961, 113.6003189086914, 1.0], [247.3917999267578, 225.4507598876953, 1.0], [183.5111846923828, 246.69679260253906, 1.0], [161.0966796875, 211.1803741455078, 1.0], [182.33859252929688, 183.54957580566406, 1.0], [258.3196716308594, 229.36830139160156, 1.0], [223.08956909179688, 225.76454162597656, 1.0], [215.7996826171875, 192.72103881835938, 1.0], [210.14306640625, 156.71923828125, 1.0]], "is_left": 0}