{"hand_pts": [[235.5365753173828, 320.39208984375, 1.0], [229.13758850097656, 254.2383270263672, 1.0], [225.36074829101562, 204.45274353027344, 1.0], [222.73330688476562, 159.98428344726562, 1.0], [220.83534240722656, 123.90938568115234, 1.0], [163.6233367919922, 215.71759033203125, 1.0], [137.388671875, 168.95999145507812, 1.0], [138.495361328125, 134.17837524414062, 1.0], [142.2648162841797, 100.62239837646484, 1.0], [174.3671112060547, 237.03985595703125, 1.0], [150.0083770751953, 181.08074951171875, 1.0], [157.37086486816406, 139.8941650390625, 1.0], [169.06051635742188, 100.93931579589844, 1.0], [190.82667541503906, 252.72509765625, 1.0], [170.3991241455078, 203.61773681640625, 1.0], [181.5471649169922, 167.92869567871094, 1.0], [198.4709014892578, 133.07852172851562, 1.0], [212.29176330566406, 271.3234558105469, 1.0], [207.5081787109375, 240.78761291503906, 1.0], [213.80873107910156, 213.75804138183594, 1.0], [226.35092163085938, 182.23365783691406, 1.0]], "is_left": 0}