{"hand_pts": [[194.17408752441406, 176.08729553222656, 1.0], [232.6971893310547, 143.1536102294922, 1.0], [287.40850830078125, 116.38959503173828, 1.0], [251.2699737548828, 87.41948699951172, 1.0], [189.0536346435547, 81.15646362304688, 1.0], [262.1842346191406, 226.2663116455078, 1.0], [277.151123046875, 230.2493896484375, 1.0], [243.74490356445312, 182.94500732421875, 1.0], [216.00746154785156, 154.7075958251953, 1.0], [216.7095184326172, 248.04574584960938, 1.0], [169.14390563964844, 203.52894592285156, 1.0], [153.66136169433594, 150.35987854003906, 1.0], [165.8552703857422, 133.709228515625, 1.0], [176.04730224609375, 255.24732971191406, 1.0], [143.49685668945312, 224.98468017578125, 1.0], [121.19287109375, 175.9761962890625, 1.0], [108.08409118652344, 123.7842788696289, 1.0], [135.83938598632812, 254.31871032714844, 1.0], [109.95730590820312, 271.3212585449219, 1.0], [107.21852111816406, 228.31654357910156, 1.0], [127.81016540527344, 216.66197204589844, 1.0]], "is_left": 0}