{"hand_pts": [[34.24143981933594, 260.83782958984375, 1.0], [65.39271545410156, 201.14015197753906, 1.0], [70.30266571044922, 145.07009887695312, 1.0], [110.9493179321289, 100.79605102539062, 1.0], [167.1669921875, 85.80592346191406, 1.0], [132.59283447265625, 205.4039306640625, 1.0], [197.48939514160156, 164.8249053955078, 1.0], [221.14389038085938, 135.0299835205078, 1.0], [219.57293701171875, 120.68058776855469, 1.0], [151.38255310058594, 236.10519409179688, 1.0], [233.6709747314453, 188.35719299316406, 1.0], [236.79026794433594, 156.19509887695312, 1.0], [216.29393005371094, 136.14761352539062, 1.0], [165.29345703125, 255.95556640625, 1.0], [243.13307189941406, 215.69932556152344, 1.0], [237.30224609375, 190.06207275390625, 1.0], [195.4107208251953, 184.63844299316406, 1.0], [170.95257568359375, 273.6122131347656, 1.0], [222.04849243164062, 250.7297821044922, 1.0], [222.125244140625, 225.6817626953125, 1.0], [182.0542755126953, 217.54893493652344, 1.0]], "is_left": 0}