{"hand_pts": [[97.62504577636719, 33.474327087402344, 1.0], [138.53610229492188, 95.87190246582031, 1.0], [171.18138122558594, 133.3590545654297, 1.0], [186.49868774414062, 177.7664794921875, 1.0], [181.03912353515625, 212.4468994140625, 1.0], [222.35585021972656, 137.49371337890625, 1.0], [248.8810577392578, 192.19427490234375, 1.0], [232.48704528808594, 224.78451538085938, 1.0], [201.8021697998047, 246.8319549560547, 1.0], [195.72589111328125, 127.6056900024414, 1.0], [223.0645751953125, 190.35279846191406, 1.0], [208.99447631835938, 229.97299194335938, 1.0], [185.46864318847656, 259.9918518066406, 1.0], [166.5804901123047, 121.59747314453125, 1.0], [193.9027557373047, 177.14517211914062, 1.0], [188.72732543945312, 214.8745574951172, 1.0], [170.5718231201172, 244.7377471923828, 1.0], [131.3661651611328, 111.53024291992188, 1.0], [138.13389587402344, 149.08468627929688, 1.0], [130.78326416015625, 179.84591674804688, 1.0], [118.6720962524414, 206.3900909423828, 1.0]], "is_left": 0}