{"hand_pts": [[285.65509033203125, 103.20452117919922, 1.0], [222.22789001464844, 94.7930908203125, 1.0], [192.7323455810547, 62.98795700073242, 1.0], [154.90834045410156, 88.9834976196289, 1.0], [148.21595764160156, 135.12413024902344, 1.0], [214.95323181152344, 135.0465087890625, 1.0], [176.3296661376953, 165.00213623046875, 1.0], [142.1896514892578, 180.9720916748047, 1.0], [124.95210266113281, 183.89544677734375, 1.0], [233.02178955078125, 168.94210815429688, 1.0], [185.23675537109375, 213.35565185546875, 1.0], [143.09384155273438, 230.21849060058594, 1.0], [105.5867691040039, 234.9318389892578, 1.0], [242.81961059570312, 195.0967254638672, 1.0], [185.2075653076172, 239.43016052246094, 1.0], [173.71969604492188, 222.9852294921875, 1.0], [186.25405883789062, 192.0293731689453, 1.0], [252.9814910888672, 215.34768676757812, 1.0], [219.7605743408203, 252.52694702148438, 1.0], [201.67713928222656, 239.4688262939453, 1.0], [211.80282592773438, 204.77125549316406, 1.0]], "is_left": 0}