{"hand_pts": [[212.2843017578125, 125.68258666992188, 1.0], [180.05531311035156, 105.52001190185547, 1.0], [143.80979919433594, 75.76570892333984, 1.0], [147.2501220703125, 79.02621459960938, 1.0], [179.86972045898438, 106.74932861328125, 1.0], [124.04927062988281, 175.58224487304688, 1.0], [122.56365203857422, 181.90194702148438, 1.0], [150.1586456298828, 162.33035278320312, 1.0], [181.07537841796875, 139.11807250976562, 1.0], [149.98863220214844, 210.79248046875, 1.0], [158.06568908691406, 232.32090759277344, 1.0], [185.74232482910156, 202.39535522460938, 1.0], [207.04246520996094, 163.3683624267578, 1.0], [175.81045532226562, 233.03074645996094, 1.0], [193.94876098632812, 258.3992004394531, 1.0], [218.6953125, 228.2992401123047, 1.0], [231.5756072998047, 189.28236389160156, 1.0], [204.6913299560547, 246.23623657226562, 1.0], [229.90951538085938, 260.5873107910156, 1.0], [246.8960723876953, 232.1514892578125, 1.0], [243.40957641601562, 196.94798278808594, 1.0]], "is_left": 0}