{"hand_pts": [[116.10645294189453, 184.02586364746094, 1.0], [105.640869140625, 184.55809020996094, 1.0], [72.91876983642578, 173.14866638183594, 1.0], [83.8455581665039, 145.86956787109375, 1.0], [117.94544982910156, 123.26184844970703, 1.0], [149.114501953125, 222.6652069091797, 1.0], [172.11805725097656, 235.14984130859375, 1.0], [187.47494506835938, 235.54812622070312, 1.0], [197.98684692382812, 217.09613037109375, 1.0], [175.2320556640625, 213.65736389160156, 1.0], [199.91807556152344, 196.35984802246094, 1.0], [207.73529052734375, 177.2220458984375, 1.0], [202.3344268798828, 150.17027282714844, 1.0], [193.20089721679688, 201.35491943359375, 1.0], [217.8976593017578, 191.7486114501953, 1.0], [208.5821533203125, 166.0493927001953, 1.0], [187.09169006347656, 143.28797912597656, 1.0], [205.19137573242188, 186.68544006347656, 1.0], [242.76248168945312, 178.0126190185547, 1.0], [267.56097412109375, 169.48959350585938, 1.0], [278.55224609375, 153.0510711669922, 1.0]], "is_left": 0}