{"hand_pts": [[120.83451843261719, 66.780029296875, 1.0], [180.689208984375, 81.54363250732422, 1.0], [240.02340698242188, 72.97293090820312, 1.0], [276.3460998535156, 103.44134521484375, 1.0], [281.38592529296875, 148.821044921875, 1.0], [165.4788055419922, 136.5426788330078, 1.0], [203.8835906982422, 178.5494384765625, 1.0], [235.16134643554688, 198.2982177734375, 1.0], [259.3338928222656, 206.6794891357422, 1.0], [130.58851623535156, 157.24317932128906, 1.0], [168.26524353027344, 213.6901092529297, 1.0], [207.820556640625, 226.20596313476562, 1.0], [240.35177612304688, 218.70936584472656, 1.0], [108.54855346679688, 171.93443298339844, 1.0], [131.88314819335938, 232.2946014404297, 1.0], [164.48760986328125, 242.897705078125, 1.0], [194.96890258789062, 231.76744079589844, 1.0], [90.27000427246094, 179.5436553955078, 1.0], [104.30229187011719, 220.62452697753906, 1.0], [132.0438690185547, 227.9694061279297, 1.0], [162.85585021972656, 213.49998474121094, 1.0]], "is_left": 0}