{"hand_pts": [[118.79744720458984, 76.21304321289062, 1.0], [100.9296875, 121.37335205078125, 1.0], [72.76844024658203, 148.3875732421875, 1.0], [63.11638641357422, 185.2080535888672, 1.0], [86.56371307373047, 221.4649200439453, 1.0], [182.4212646484375, 126.79138946533203, 1.0], [207.9888458251953, 171.43719482421875, 1.0], [195.26515197753906, 211.87965393066406, 1.0], [183.66136169433594, 250.45632934570312, 1.0], [214.09051513671875, 124.34540557861328, 1.0], [237.7180938720703, 187.2512969970703, 1.0], [219.8317413330078, 233.37869262695312, 1.0], [196.3227081298828, 274.8555908203125, 1.0], [232.30311584472656, 127.13668060302734, 1.0], [224.79818725585938, 199.34500122070312, 1.0], [182.7751922607422, 200.156982421875, 1.0], [144.55047607421875, 192.7474822998047, 1.0], [241.18077087402344, 128.79759216308594, 1.0], [258.0766906738281, 171.1224822998047, 1.0], [229.2198944091797, 199.53387451171875, 1.0], [188.3699188232422, 202.13351440429688, 1.0]], "is_left": 0}