{"hand_pts": [[319.3914794921875, 307.2697448730469, 1.0], [269.22119140625, 280.9501953125, 1.0], [223.90586853027344, 269.1771545410156, 1.0], [174.3544921875, 242.6204376220703, 1.0], [133.81869506835938, 212.66415405273438, 1.0], [250.01254272460938, 191.67054748535156, 1.0], [194.4429931640625, 157.55612182617188, 1.0], [151.3300323486328, 170.48434448242188, 1.0], [109.7649154663086, 182.47084045410156, 1.0], [250.44100952148438, 192.50682067871094, 1.0], [200.4655303955078, 130.32778930664062, 1.0], [153.1894989013672, 113.39669036865234, 1.0], [111.73287200927734, 92.36712646484375, 1.0], [246.64537048339844, 199.45884704589844, 1.0], [180.7222442626953, 156.38796997070312, 1.0], [140.3678436279297, 172.422119140625, 1.0], [109.51487731933594, 198.04412841796875, 1.0], [245.4359588623047, 214.1553497314453, 1.0], [202.0233154296875, 187.26280212402344, 1.0], [165.77427673339844, 177.398193359375, 1.0], [126.98441314697266, 168.2334747314453, 1.0]], "is_left": 0}