{"hand_pts": [[300.1862487792969, 316.9990539550781, 1.0], [286.5295715332031, 245.00418090820312, 1.0], [296.47882080078125, 187.46151733398438, 1.0], [267.5077209472656, 138.31564331054688, 1.0], [214.67137145996094, 118.79766082763672, 1.0], [258.49884033203125, 205.91131591796875, 1.0], [213.60780334472656, 149.14334106445312, 1.0], [183.57781982421875, 123.14100646972656, 1.0], [157.8710174560547, 107.70088195800781, 1.0], [231.9696807861328, 232.30184936523438, 1.0], [172.71389770507812, 173.08209228515625, 1.0], [142.66647338867188, 142.48788452148438, 1.0], [126.44132232666016, 124.44561767578125, 1.0], [208.81187438964844, 251.80458068847656, 1.0], [143.29432678222656, 203.4205322265625, 1.0], [118.0626220703125, 179.15362548828125, 1.0], [119.60131072998047, 171.48712158203125, 1.0], [190.62017822265625, 273.6810607910156, 1.0], [137.4916534423828, 248.0937957763672, 1.0], [115.54367065429688, 227.7996826171875, 1.0], [114.05207061767578, 211.7091522216797, 1.0]], "is_left": 0}