{"hand_pts": [[333.813720703125, 132.7593536376953, 1.0], [274.88665771484375, 169.01136779785156, 1.0], [248.58909606933594, 208.07888793945312, 1.0], [211.11363220214844, 229.801025390625, 1.0], [166.11865234375, 218.95309448242188, 1.0], [216.61277770996094, 234.1636505126953, 1.0], [155.1573028564453, 233.0926513671875, 1.0], [121.10215759277344, 221.47259521484375, 1.0], [88.67951202392578, 209.0409698486328, 1.0], [218.72923278808594, 209.8936004638672, 1.0], [152.89352416992188, 186.37750244140625, 1.0], [175.92526245117188, 158.26873779296875, 1.0], [219.95013427734375, 161.16151428222656, 1.0], [219.61761474609375, 184.907958984375, 1.0], [146.2997589111328, 191.13284301757812, 1.0], [121.98892974853516, 171.88372802734375, 1.0], [106.56513214111328, 151.6618194580078, 1.0], [226.48147583007812, 155.814208984375, 1.0], [187.36802673339844, 127.2812728881836, 1.0], [202.1121063232422, 115.18318176269531, 1.0], [234.54690551757812, 127.84547424316406, 1.0]], "is_left": 0}