{"hand_pts": [[62.202171325683594, 219.63595581054688, 1.0], [122.11251068115234, 247.78128051757812, 1.0], [174.0675048828125, 282.67279052734375, 1.0], [228.005126953125, 282.9621887207031, 1.0], [260.7721252441406, 252.02584838867188, 1.0], [135.78932189941406, 222.1002960205078, 1.0], [164.7086944580078, 223.0552978515625, 1.0], [187.94192504882812, 221.944091796875, 1.0], [225.8400115966797, 216.41867065429688, 1.0], [122.69883728027344, 186.85911560058594, 1.0], [195.68966674804688, 166.32925415039062, 1.0], [237.86012268066406, 160.76513671875, 1.0], [278.322998046875, 153.47128295898438, 1.0], [116.40216064453125, 160.40838623046875, 1.0], [180.57350158691406, 137.3888702392578, 1.0], [221.0067596435547, 128.77679443359375, 1.0], [261.2430419921875, 129.6942901611328, 1.0], [108.89525604248047, 138.45947265625, 1.0], [139.30735778808594, 105.24752807617188, 1.0], [170.4520721435547, 116.8447265625, 1.0], [167.1412811279297, 147.14012145996094, 1.0]], "is_left": 0}