{"hand_pts": [[157.6051483154297, 354.2870788574219, 1.0], [129.03697204589844, 293.1355285644531, 1.0], [100.82473754882812, 267.86468505859375, 1.0], [83.52973175048828, 210.07872009277344, 1.0], [93.05924224853516, 180.90187072753906, 1.0], [213.6635284423828, 218.33572387695312, 1.0], [183.421630859375, 149.30384826660156, 1.0], [143.0367889404297, 148.90513610839844, 1.0], [122.17851257324219, 187.40188598632812, 1.0], [244.69277954101562, 217.20416259765625, 1.0], [234.76358032226562, 126.22328186035156, 1.0], [182.90284729003906, 123.08118438720703, 1.0], [142.21701049804688, 160.5045166015625, 1.0], [259.74359130859375, 216.2776336669922, 1.0], [260.4537658691406, 132.11985778808594, 1.0], [213.62782287597656, 131.1118621826172, 1.0], [178.03968811035156, 169.2289581298828, 1.0], [264.9286804199219, 223.1045379638672, 1.0], [253.67312622070312, 175.2729949951172, 1.0], [213.064453125, 181.21435546875, 1.0], [184.50344848632812, 214.9653778076172, 1.0]], "is_left": 0}