{"hand_pts": [[141.90896606445312, 222.43873596191406, 1.0], [199.31968688964844, 170.5409698486328, 1.0], [248.1356658935547, 130.2559814453125, 1.0], [263.5182189941406, 88.5688705444336, 1.0], [222.35740661621094, 77.0921401977539, 1.0], [247.92164611816406, 213.81295776367188, 1.0], [273.89208984375, 197.0640411376953, 1.0], [263.1598815917969, 161.1285400390625, 1.0], [236.630615234375, 122.95097351074219, 1.0], [198.76438903808594, 236.74830627441406, 1.0], [200.05801391601562, 230.18270874023438, 1.0], [187.71221923828125, 194.3552703857422, 1.0], [173.77613830566406, 154.6943359375, 1.0], [155.32498168945312, 246.92953491210938, 1.0], [150.8668975830078, 240.88658142089844, 1.0], [139.34718322753906, 209.7305145263672, 1.0], [129.5768280029297, 168.8639373779297, 1.0], [110.95384216308594, 252.5614471435547, 1.0], [93.33110809326172, 232.90272521972656, 1.0], [83.96817779541016, 195.7479248046875, 1.0], [81.88908386230469, 160.10389709472656, 1.0]], "is_left": 0}