{"hand_pts": [[15.154853820800781, 145.7913360595703, 1.0], [57.27688217163086, 196.0634765625, 1.0], [85.27489471435547, 237.58053588867188, 1.0], [126.00511169433594, 260.8728942871094, 1.0], [171.44625854492188, 267.85491943359375, 1.0], [130.21768188476562, 218.33839416503906, 1.0], [186.2124786376953, 237.069091796875, 1.0], [214.11595153808594, 237.82054138183594, 1.0], [239.75558471679688, 236.07298278808594, 1.0], [138.2533721923828, 179.3938446044922, 1.0], [208.40884399414062, 188.40321350097656, 1.0], [238.68832397460938, 190.96099853515625, 1.0], [246.58737182617188, 190.64874267578125, 1.0], [143.1656494140625, 147.61216735839844, 1.0], [211.88809204101562, 146.58074951171875, 1.0], [239.40635681152344, 145.80931091308594, 1.0], [244.97535705566406, 147.16354370117188, 1.0], [140.60775756835938, 116.52277374267578, 1.0], [187.15940856933594, 106.12509155273438, 1.0], [211.79840087890625, 104.87903594970703, 1.0], [227.8833465576172, 109.42327117919922, 1.0]], "is_left": 0}