{"hand_pts": [[26.619821548461914, 109.4848403930664, 1.0], [93.59146118164062, 165.5525665283203, 1.0], [132.91000366210938, 217.26219177246094, 1.0], [199.82974243164062, 225.61550903320312, 1.0], [235.05030822753906, 197.78872680664062, 1.0], [121.6467056274414, 251.972900390625, 1.0], [204.28114318847656, 268.7461242675781, 1.0], [237.23373413085938, 232.10108947753906, 1.0], [236.75125122070312, 186.8534698486328, 1.0], [114.86885833740234, 220.8415069580078, 1.0], [214.82110595703125, 221.2435760498047, 1.0], [237.0333251953125, 181.50775146484375, 1.0], [220.68116760253906, 146.89955139160156, 1.0], [113.97335815429688, 190.1845245361328, 1.0], [205.72564697265625, 185.6572265625, 1.0], [229.90786743164062, 152.79513549804688, 1.0], [215.82308959960938, 127.1712417602539, 1.0], [110.04246520996094, 154.18490600585938, 1.0], [167.91912841796875, 129.48008728027344, 1.0], [188.30752563476562, 103.95980834960938, 1.0], [162.82598876953125, 101.4451904296875, 1.0]], "is_left": 0}