{"hand_pts": [[58.22145080566406, 249.72332763671875, 1.0], [124.0336685180664, 233.639892578125, 1.0], [180.68128967285156, 215.4986572265625, 1.0], [226.31805419921875, 205.35128784179688, 1.0], [259.5393371582031, 199.63792419433594, 1.0], [151.04660034179688, 171.0601043701172, 1.0], [198.53529357910156, 130.29100036621094, 1.0], [237.9385528564453, 118.92860412597656, 1.0], [276.2405090332031, 109.1615219116211, 1.0], [127.79126739501953, 182.8085174560547, 1.0], [184.1904754638672, 153.34494018554688, 1.0], [231.5854949951172, 165.95196533203125, 1.0], [276.5356750488281, 178.48440551757812, 1.0], [111.89604187011719, 198.40478515625, 1.0], [164.23184204101562, 180.1763458251953, 1.0], [203.01483154296875, 202.1243133544922, 1.0], [228.87794494628906, 232.47341918945312, 1.0], [94.49405670166016, 218.60328674316406, 1.0], [119.9528579711914, 206.1368865966797, 1.0], [148.83079528808594, 206.2222900390625, 1.0], [182.90000915527344, 207.39927673339844, 1.0]], "is_left": 0}