{"hand_pts": [[309.8632507324219, 217.1002655029297, 1.0], [281.6673889160156, 173.73587036132812, 1.0], [263.43511962890625, 130.5730743408203, 1.0], [218.1809844970703, 121.22544860839844, 1.0], [180.18814086914062, 157.42877197265625, 1.0], [189.44390869140625, 208.29649353027344, 1.0], [134.05938720703125, 199.07481384277344, 1.0], [117.11152648925781, 177.33273315429688, 1.0], [93.00145721435547, 161.75482177734375, 1.0], [179.46327209472656, 233.70855712890625, 1.0], [131.00592041015625, 199.0644989013672, 1.0], [165.25416564941406, 162.25634765625, 1.0], [209.441162109375, 140.6894073486328, 1.0], [176.4531707763672, 248.37831115722656, 1.0], [172.46063232421875, 196.74119567871094, 1.0], [195.30108642578125, 161.18017578125, 1.0], [236.7932586669922, 132.42745971679688, 1.0], [182.3747100830078, 258.99542236328125, 1.0], [174.39303588867188, 230.24685668945312, 1.0], [193.87533569335938, 200.94696044921875, 1.0], [226.16244506835938, 169.4895782470703, 1.0]], "is_left": 0}