{"hand_pts": [[49.21512222290039, 144.82313537597656, 1.0], [85.31462860107422, 154.76577758789062, 1.0], [90.56478881835938, 143.4903106689453, 1.0], [129.8827667236328, 131.98358154296875, 1.0], [159.0300750732422, 128.648193359375, 1.0], [146.85719299316406, 216.68919372558594, 1.0], [184.9423828125, 212.03176879882812, 1.0], [189.06341552734375, 186.3758544921875, 1.0], [166.97547912597656, 166.5127410888672, 1.0], [157.39816284179688, 213.22935485839844, 1.0], [216.91651916503906, 228.94117736816406, 1.0], [252.17352294921875, 233.30093383789062, 1.0], [273.77349853515625, 218.75311279296875, 1.0], [164.97654724121094, 204.81692504882812, 1.0], [217.7222137451172, 188.00042724609375, 1.0], [200.32757568359375, 162.20355224609375, 1.0], [168.35597229003906, 148.85305786132812, 1.0], [165.7721710205078, 191.5187530517578, 1.0], [206.90692138671875, 196.8212890625, 1.0], [229.5624237060547, 189.87350463867188, 1.0], [234.61483764648438, 172.29446411132812, 1.0]], "is_left": 0}