{"hand_pts": [[89.41738891601562, 143.17689514160156, 1.0], [123.91184997558594, 207.7859649658203, 1.0], [131.0534210205078, 272.0097961425781, 1.0], [187.33038330078125, 282.45404052734375, 1.0], [212.45263671875, 236.43893432617188, 1.0], [111.3887710571289, 202.1978302001953, 1.0], [172.21209716796875, 230.2865753173828, 1.0], [212.2499542236328, 240.67489624023438, 1.0], [222.24232482910156, 235.80064392089844, 1.0], [120.01499938964844, 159.27947998046875, 1.0], [203.77285766601562, 186.3828582763672, 1.0], [211.911376953125, 196.00135803222656, 1.0], [174.9754180908203, 190.2717742919922, 1.0], [133.52769470214844, 128.32594299316406, 1.0], [216.85191345214844, 137.01304626464844, 1.0], [230.86480712890625, 149.12570190429688, 1.0], [205.69654846191406, 157.2245330810547, 1.0], [146.64483642578125, 100.34256744384766, 1.0], [204.0671844482422, 100.70413970947266, 1.0], [214.55337524414062, 117.09349822998047, 1.0], [181.4437255859375, 128.66949462890625, 1.0]], "is_left": 0}