{"hand_pts": [[87.58406066894531, 268.57440185546875, 1.0], [100.6219482421875, 251.6189727783203, 1.0], [81.94219970703125, 234.4659881591797, 1.0], [106.81043243408203, 237.72915649414062, 1.0], [150.95523071289062, 253.350341796875, 1.0], [123.71878814697266, 149.78396606445312, 1.0], [151.85028076171875, 161.1370086669922, 1.0], [169.77447509765625, 187.9679412841797, 1.0], [186.90135192871094, 217.58815002441406, 1.0], [151.21080017089844, 141.0203399658203, 1.0], [194.01797485351562, 122.88839721679688, 1.0], [205.19174194335938, 170.5962371826172, 1.0], [219.58486938476562, 211.56590270996094, 1.0], [176.6507110595703, 142.427734375, 1.0], [239.16111755371094, 143.10614013671875, 1.0], [237.4654541015625, 190.236083984375, 1.0], [202.61502075195312, 208.22239685058594, 1.0], [198.6530303955078, 153.82826232910156, 1.0], [252.88499450683594, 144.81117248535156, 1.0], [273.3099060058594, 171.60113525390625, 1.0], [252.8191375732422, 207.59243774414062, 1.0]], "is_left": 0}