{"hand_pts": [[69.44453430175781, 240.98651123046875, 1.0], [143.60340881347656, 207.7332763671875, 1.0], [190.8675537109375, 167.78953552246094, 1.0], [228.4532470703125, 157.08572387695312, 1.0], [228.404296875, 176.01817321777344, 1.0], [151.41378784179688, 132.93289184570312, 1.0], [204.1947784423828, 110.11309051513672, 1.0], [243.4636993408203, 130.3856658935547, 1.0], [259.03851318359375, 168.0316925048828, 1.0], [122.77030181884766, 154.45535278320312, 1.0], [186.96681213378906, 157.4891815185547, 1.0], [230.52999877929688, 185.4772186279297, 1.0], [259.4522399902344, 218.3436279296875, 1.0], [105.10189819335938, 178.07150268554688, 1.0], [162.64346313476562, 176.42178344726562, 1.0], [192.91224670410156, 205.8781280517578, 1.0], [204.934326171875, 232.17605590820312, 1.0], [87.9495620727539, 206.66555786132812, 1.0], [117.55579376220703, 224.03660583496094, 1.0], [147.92645263671875, 245.97288513183594, 1.0], [176.10472106933594, 266.0272521972656, 1.0]], "is_left": 0}