{"hand_pts": [[171.23886108398438, 224.52029418945312, 1.0], [180.28309631347656, 168.70826721191406, 1.0], [207.03565979003906, 120.54011535644531, 1.0], [203.64767456054688, 89.64281463623047, 1.0], [192.2234344482422, 69.13900756835938, 1.0], [226.98434448242188, 177.79388427734375, 1.0], [227.18446350097656, 168.73086547851562, 1.0], [190.9902801513672, 154.95767211914062, 1.0], [156.05055236816406, 145.08120727539062, 1.0], [211.77276611328125, 214.0140380859375, 1.0], [200.0286865234375, 176.797119140625, 1.0], [176.30372619628906, 146.4921417236328, 1.0], [154.4088897705078, 118.39946746826172, 1.0], [193.92015075683594, 239.43560791015625, 1.0], [182.91038513183594, 218.50453186035156, 1.0], [152.19332885742188, 194.82366943359375, 1.0], [127.79888153076172, 177.47711181640625, 1.0], [173.38636779785156, 261.96246337890625, 1.0], [169.7049560546875, 275.82672119140625, 1.0], [163.7054901123047, 280.5247497558594, 1.0], [149.057861328125, 264.9225158691406, 1.0]], "is_left": 0}