{"hand_pts": [[132.63160705566406, 85.28614044189453, 1.0], [144.9631805419922, 77.20098114013672, 1.0], [149.1505126953125, 68.9312744140625, 1.0], [160.83953857421875, 94.5611801147461, 1.0], [173.95802307128906, 133.6449432373047, 1.0], [130.2355499267578, 164.6285858154297, 1.0], [162.70730590820312, 174.6471405029297, 1.0], [190.53762817382812, 171.85580444335938, 1.0], [219.69509887695312, 166.3824005126953, 1.0], [143.56488037109375, 192.9840850830078, 1.0], [153.08432006835938, 247.84756469726562, 1.0], [185.93133544921875, 236.32464599609375, 1.0], [215.998779296875, 233.6151123046875, 1.0], [158.5077362060547, 208.5129852294922, 1.0], [197.8957061767578, 246.32301330566406, 1.0], [228.46934509277344, 232.95370483398438, 1.0], [255.95904541015625, 210.7268524169922, 1.0], [172.86085510253906, 214.2723388671875, 1.0], [212.23817443847656, 220.22373962402344, 1.0], [221.5222625732422, 188.3940887451172, 1.0], [201.65899658203125, 162.1757049560547, 1.0]], "is_left": 0}