{"hand_pts": [[205.03387451171875, 303.8913269042969, 1.0], [153.56134033203125, 236.5851287841797, 1.0], [93.46419525146484, 191.55520629882812, 1.0], [104.5304946899414, 145.50833129882812, 1.0], [160.1481170654297, 154.4875946044922, 1.0], [111.3338623046875, 211.3870849609375, 1.0], [98.16310119628906, 150.20803833007812, 1.0], [127.44823455810547, 136.88726806640625, 1.0], [154.342529296875, 154.03390502929688, 1.0], [156.39306640625, 232.6065216064453, 1.0], [173.95269775390625, 166.08302307128906, 1.0], [194.56295776367188, 141.79287719726562, 1.0], [206.14988708496094, 140.81491088867188, 1.0], [195.4958038330078, 246.0479278564453, 1.0], [215.51644897460938, 185.73931884765625, 1.0], [232.42579650878906, 153.99598693847656, 1.0], [231.98355102539062, 160.9958038330078, 1.0], [234.680908203125, 260.927978515625, 1.0], [271.1148681640625, 230.4556884765625, 1.0], [285.9477233886719, 209.29066467285156, 1.0], [274.1386413574219, 206.299072265625, 1.0]], "is_left": 0}