{"hand_pts": [[75.15264129638672, 200.6038055419922, 1.0], [128.89340209960938, 233.90380859375, 1.0], [188.9293975830078, 275.15802001953125, 1.0], [205.7735595703125, 267.9156188964844, 1.0], [185.2992706298828, 237.11598205566406, 1.0], [227.6127166748047, 192.35256958007812, 1.0], [258.5644226074219, 209.7467498779297, 1.0], [238.76376342773438, 227.21640014648438, 1.0], [211.7635040283203, 242.90805053710938, 1.0], [205.7628936767578, 156.1426544189453, 1.0], [214.07904052734375, 169.1949920654297, 1.0], [173.78932189941406, 197.59957885742188, 1.0], [131.9694061279297, 224.1561279296875, 1.0], [181.69886779785156, 131.35777282714844, 1.0], [184.2122344970703, 134.16119384765625, 1.0], [154.0306396484375, 157.07296752929688, 1.0], [119.58984375, 183.86483764648438, 1.0], [150.11302185058594, 112.63077545166016, 1.0], [170.37667846679688, 84.07599639892578, 1.0], [161.65431213378906, 107.06649017333984, 1.0], [144.78463745117188, 139.8549041748047, 1.0]], "is_left": 0}