{"hand_pts": [[72.17215728759766, 66.00878143310547, 1.0], [121.44525146484375, 112.25241088867188, 1.0], [154.09829711914062, 162.4021453857422, 1.0], [187.1943817138672, 212.5068817138672, 1.0], [208.76437377929688, 243.7493133544922, 1.0], [199.27818298339844, 102.69538116455078, 1.0], [225.8644561767578, 178.49136352539062, 1.0], [214.02511596679688, 228.5630340576172, 1.0], [174.37449645996094, 232.43968200683594, 1.0], [184.01597595214844, 98.55770111083984, 1.0], [216.53005981445312, 189.50064086914062, 1.0], [217.18629455566406, 247.0147705078125, 1.0], [180.24151611328125, 255.30747985839844, 1.0], [167.43499755859375, 101.77375793457031, 1.0], [206.55947875976562, 165.67103576660156, 1.0], [201.18019104003906, 220.0942840576172, 1.0], [175.8082275390625, 234.56497192382812, 1.0], [144.22164916992188, 105.28137969970703, 1.0], [166.33155822753906, 160.46656799316406, 1.0], [164.44068908691406, 203.3949432373047, 1.0], [145.1347198486328, 218.6507568359375, 1.0]], "is_left": 0}