{"hand_pts": [[320.8093566894531, 102.86505889892578, 1.0], [294.5030212402344, 152.44265747070312, 1.0], [289.90899658203125, 193.82374572753906, 1.0], [264.15606689453125, 218.19851684570312, 1.0], [233.1682586669922, 231.32130432128906, 1.0], [228.47509765625, 190.70840454101562, 1.0], [194.63121032714844, 225.0279083251953, 1.0], [178.8228759765625, 234.41249084472656, 1.0], [163.3938446044922, 242.5181884765625, 1.0], [213.8536834716797, 161.50054931640625, 1.0], [164.96682739257812, 193.0601043701172, 1.0], [139.15223693847656, 210.75413513183594, 1.0], [114.5501937866211, 227.42770385742188, 1.0], [204.52789306640625, 136.565673828125, 1.0], [153.90293884277344, 161.4600372314453, 1.0], [127.76254272460938, 175.45437622070312, 1.0], [102.21603393554688, 188.86524963378906, 1.0], [202.65176391601562, 110.16751098632812, 1.0], [164.3232879638672, 121.28396606445312, 1.0], [143.0320587158203, 130.948974609375, 1.0], [129.4239044189453, 142.34075927734375, 1.0]], "is_left": 0}