{"hand_pts": [[145.13685607910156, 323.22442626953125, 1.0], [148.3836669921875, 262.047607421875, 1.0], [139.224365234375, 211.89370727539062, 1.0], [150.43252563476562, 170.11257934570312, 1.0], [170.82122802734375, 145.96051025390625, 1.0], [130.55972290039062, 208.79611206054688, 1.0], [131.00799560546875, 152.41758728027344, 1.0], [152.82676696777344, 121.79743194580078, 1.0], [178.4477081298828, 96.59786987304688, 1.0], [149.8683319091797, 228.59231567382812, 1.0], [159.53903198242188, 166.69419860839844, 1.0], [183.11251831054688, 130.79603576660156, 1.0], [208.68252563476562, 101.9048843383789, 1.0], [170.00326538085938, 244.8623809814453, 1.0], [217.55752563476562, 198.59136962890625, 1.0], [249.13027954101562, 182.6866455078125, 1.0], [276.0580749511719, 172.92320251464844, 1.0], [189.7164306640625, 265.04241943359375, 1.0], [214.71566772460938, 230.76898193359375, 1.0], [235.20408630371094, 211.59214782714844, 1.0], [252.34268188476562, 196.4235382080078, 1.0]], "is_left": 0}