{"hand_pts": [[52.3377571105957, 95.39112854003906, 1.0], [75.88936614990234, 148.1396484375, 1.0], [80.6896743774414, 197.58416748046875, 1.0], [111.69023132324219, 233.38186645507812, 1.0], [157.17562866210938, 246.16453552246094, 1.0], [123.86031341552734, 182.7793731689453, 1.0], [166.55917358398438, 222.227294921875, 1.0], [198.05429077148438, 240.4119873046875, 1.0], [226.77316284179688, 251.378662109375, 1.0], [140.83351135253906, 155.1226806640625, 1.0], [199.34548950195312, 196.57974243164062, 1.0], [226.3833770751953, 214.21484375, 1.0], [247.16552734375, 227.57505798339844, 1.0], [154.20428466796875, 132.61338806152344, 1.0], [213.04217529296875, 159.43606567382812, 1.0], [244.60699462890625, 175.09988403320312, 1.0], [274.09405517578125, 190.04054260253906, 1.0], [161.65489196777344, 108.7169189453125, 1.0], [207.3473358154297, 121.23667907714844, 1.0], [237.57412719726562, 132.54150390625, 1.0], [266.2813415527344, 146.6802978515625, 1.0]], "is_left": 0}