{"hand_pts": [[318.662109375, 76.5129623413086, 1.0], [251.6644744873047, 86.46179962158203, 1.0], [193.8431396484375, 84.13301849365234, 1.0], [164.57080078125, 123.46815490722656, 1.0], [162.56581115722656, 161.22366333007812, 1.0], [226.75729370117188, 177.99465942382812, 1.0], [172.0701446533203, 216.73681640625, 1.0], [134.50611877441406, 236.36395263671875, 1.0], [96.76676940917969, 248.54608154296875, 1.0], [243.7985382080078, 190.88316345214844, 1.0], [164.43576049804688, 197.84368896484375, 1.0], [130.2908172607422, 161.41822814941406, 1.0], [115.58563995361328, 116.31272888183594, 1.0], [253.87545776367188, 194.16127014160156, 1.0], [213.41476440429688, 259.58062744140625, 1.0], [168.86241149902344, 265.005126953125, 1.0], [147.4467315673828, 226.33335876464844, 1.0], [265.9239807128906, 188.343505859375, 1.0], [218.1914825439453, 186.4202423095703, 1.0], [185.05674743652344, 177.13417053222656, 1.0], [171.79127502441406, 139.07028198242188, 1.0]], "is_left": 0}