{"hand_pts": [[156.70167541503906, 309.0274353027344, 1.0], [121.64128875732422, 260.7417297363281, 1.0], [85.27608489990234, 235.853515625, 1.0], [74.47193145751953, 200.059326171875, 1.0], [82.4725341796875, 165.54513549804688, 1.0], [153.42556762695312, 200.1042022705078, 1.0], [152.00123596191406, 155.84698486328125, 1.0], [153.02467346191406, 135.3070831298828, 1.0], [155.18321228027344, 117.58153533935547, 1.0], [194.05657958984375, 208.4016571044922, 1.0], [191.06649780273438, 160.5235595703125, 1.0], [174.99496459960938, 157.08445739746094, 1.0], [158.1327362060547, 161.64376831054688, 1.0], [222.97328186035156, 216.28744506835938, 1.0], [241.32760620117188, 179.63290405273438, 1.0], [240.01487731933594, 170.1776580810547, 1.0], [233.8176727294922, 166.036865234375, 1.0], [245.8186492919922, 229.22549438476562, 1.0], [267.56097412109375, 206.81443786621094, 1.0], [274.38104248046875, 194.50572204589844, 1.0], [257.8376770019531, 194.46664428710938, 1.0]], "is_left": 0}