{"hand_pts": [[99.79351043701172, 250.37582397460938, 1.0], [177.8195343017578, 258.5223388671875, 1.0], [240.1392059326172, 290.4383239746094, 1.0], [274.3772888183594, 254.26705932617188, 1.0], [251.90045166015625, 200.84042358398438, 1.0], [191.9113311767578, 258.6666259765625, 1.0], [239.08644104003906, 216.7852783203125, 1.0], [245.5568084716797, 194.57955932617188, 1.0], [226.35169982910156, 195.9784393310547, 1.0], [151.27940368652344, 224.8163299560547, 1.0], [197.33204650878906, 164.84228515625, 1.0], [210.71922302246094, 151.7925567626953, 1.0], [199.94461059570312, 173.17465209960938, 1.0], [121.81541442871094, 194.4990997314453, 1.0], [153.92532348632812, 127.62051391601562, 1.0], [165.7436065673828, 118.86038208007812, 1.0], [160.69102478027344, 147.6075897216797, 1.0], [93.09580993652344, 166.8718719482422, 1.0], [104.10819244384766, 114.75094604492188, 1.0], [120.65740966796875, 108.41401672363281, 1.0], [125.40485382080078, 142.1039276123047, 1.0]], "is_left": 0}