{"hand_pts": [[336.2626647949219, 243.9188690185547, 1.0], [275.5325622558594, 211.7331085205078, 1.0], [241.3467559814453, 192.3388214111328, 1.0], [182.0867462158203, 211.41859436035156, 1.0], [160.11241149902344, 240.48126220703125, 1.0], [226.9225616455078, 114.45890045166016, 1.0], [157.0464630126953, 96.34880065917969, 1.0], [121.86183166503906, 130.4070587158203, 1.0], [98.32937622070312, 174.56507873535156, 1.0], [231.43370056152344, 131.379638671875, 1.0], [150.33819580078125, 159.38134765625, 1.0], [163.04110717773438, 211.17886352539062, 1.0], [204.47645568847656, 233.82127380371094, 1.0], [233.1498565673828, 152.51205444335938, 1.0], [157.38668823242188, 154.8087615966797, 1.0], [125.26371765136719, 190.20379638671875, 1.0], [128.497802734375, 230.44422912597656, 1.0], [239.43136596679688, 180.22657775878906, 1.0], [191.68028259277344, 202.81922912597656, 1.0], [192.64535522460938, 234.468017578125, 1.0], [224.4902801513672, 235.3736572265625, 1.0]], "is_left": 0}