{"hand_pts": [[240.33767700195312, 52.30845260620117, 1.0], [226.5071563720703, 89.58891296386719, 1.0], [267.91192626953125, 125.89888763427734, 1.0], [245.9585723876953, 162.35052490234375, 1.0], [192.92239379882812, 172.78900146484375, 1.0], [255.1552276611328, 194.6540069580078, 1.0], [215.5242156982422, 215.37554931640625, 1.0], [176.39743041992188, 177.0863494873047, 1.0], [168.03372192382812, 139.09384155273438, 1.0], [235.88381958007812, 194.43075561523438, 1.0], [213.87132263183594, 263.179931640625, 1.0], [164.80917358398438, 256.7361145019531, 1.0], [136.5266876220703, 213.29222106933594, 1.0], [212.73199462890625, 187.1047821044922, 1.0], [123.99212646484375, 183.84458923339844, 1.0], [104.64329528808594, 138.4848175048828, 1.0], [146.69326782226562, 121.99519348144531, 1.0], [188.52499389648438, 169.83367919921875, 1.0], [162.9850311279297, 211.56350708007812, 1.0], [133.0176544189453, 223.69287109375, 1.0], [105.22168731689453, 207.6597137451172, 1.0]], "is_left": 0}