{"hand_pts": [[159.8261260986328, 218.95745849609375, 1.0], [121.31211853027344, 171.4748077392578, 1.0], [84.41118621826172, 121.18335723876953, 1.0], [96.2872543334961, 80.35250854492188, 1.0], [146.2723388671875, 83.19058990478516, 1.0], [110.31745910644531, 219.08033752441406, 1.0], [120.30529022216797, 175.1732635498047, 1.0], [131.01693725585938, 141.39906311035156, 1.0], [150.4097137451172, 99.78990936279297, 1.0], [159.0622100830078, 244.00038146972656, 1.0], [175.73150634765625, 250.44288635253906, 1.0], [189.52427673339844, 235.11630249023438, 1.0], [203.7055206298828, 212.52987670898438, 1.0], [200.10804748535156, 255.42807006835938, 1.0], [234.28274536132812, 203.18896484375, 1.0], [253.10719299316406, 163.2321014404297, 1.0], [256.9950866699219, 120.13148498535156, 1.0], [238.08450317382812, 261.2698669433594, 1.0], [266.87384033203125, 252.5188751220703, 1.0], [273.28033447265625, 215.1908416748047, 1.0], [264.59368896484375, 175.28457641601562, 1.0]], "is_left": 0}