{"hand_pts": [[45.23624038696289, 269.7421569824219, 1.0], [76.6885986328125, 253.3685760498047, 1.0], [87.19625854492188, 244.12814331054688, 1.0], [124.0503158569336, 228.3001708984375, 1.0], [168.32839965820312, 211.9725341796875, 1.0], [119.4342041015625, 184.4418487548828, 1.0], [161.57041931152344, 154.80296325683594, 1.0], [195.11451721191406, 152.25494384765625, 1.0], [227.07273864746094, 156.59364318847656, 1.0], [135.11891174316406, 184.65248107910156, 1.0], [193.81997680664062, 151.37509155273438, 1.0], [228.82083129882812, 154.69247436523438, 1.0], [256.9128112792969, 165.36585998535156, 1.0], [148.78143310546875, 190.3814697265625, 1.0], [210.4845733642578, 159.5074005126953, 1.0], [242.9541015625, 163.98072814941406, 1.0], [265.89434814453125, 178.08360290527344, 1.0], [156.9049072265625, 202.1977081298828, 1.0], [204.93954467773438, 186.86705017089844, 1.0], [233.67869567871094, 189.56199645996094, 1.0], [250.78738403320312, 202.6439666748047, 1.0]], "is_left": 0}