{"hand_pts": [[147.01588439941406, 29.469036102294922, 1.0], [163.90142822265625, 78.20342254638672, 1.0], [167.8001251220703, 105.28501892089844, 1.0], [188.54800415039062, 158.0653076171875, 1.0], [205.41436767578125, 188.83995056152344, 1.0], [101.32192993164062, 127.48793029785156, 1.0], [116.93035888671875, 188.90028381347656, 1.0], [172.70260620117188, 221.3837890625, 1.0], [228.51187133789062, 240.23800659179688, 1.0], [110.99773406982422, 131.5209503173828, 1.0], [166.01803588867188, 208.5481414794922, 1.0], [222.46070861816406, 242.38363647460938, 1.0], [276.5328063964844, 262.4002685546875, 1.0], [128.2706298828125, 135.93280029296875, 1.0], [159.57192993164062, 207.61766052246094, 1.0], [211.73004150390625, 231.4154510498047, 1.0], [251.23333740234375, 228.17056274414062, 1.0], [148.9591064453125, 134.92025756835938, 1.0], [195.51194763183594, 183.69766235351562, 1.0], [236.66818237304688, 197.0079345703125, 1.0], [251.93756103515625, 181.3157958984375, 1.0]], "is_left": 0}