{"hand_pts": [[122.0806655883789, 184.53050231933594, 1.0], [121.7732925415039, 231.42160034179688, 1.0], [120.19744873046875, 283.7754821777344, 1.0], [157.032470703125, 283.11004638671875, 1.0], [194.87820434570312, 268.0162658691406, 1.0], [107.6549072265625, 175.4788818359375, 1.0], [127.72848510742188, 209.94595336914062, 1.0], [150.67758178710938, 240.40853881835938, 1.0], [180.95298767089844, 273.1435546875, 1.0], [135.00257873535156, 138.25245666503906, 1.0], [161.9303741455078, 130.67282104492188, 1.0], [197.25816345214844, 167.7439422607422, 1.0], [213.95970153808594, 205.8034210205078, 1.0], [161.6910400390625, 115.76512145996094, 1.0], [207.41220092773438, 104.80872344970703, 1.0], [241.28700256347656, 135.2178497314453, 1.0], [263.3761901855469, 174.92054748535156, 1.0], [187.16934204101562, 100.30078887939453, 1.0], [228.14822387695312, 115.74730682373047, 1.0], [249.9020233154297, 148.41575622558594, 1.0], [261.8258361816406, 187.0472412109375, 1.0]], "is_left": 0}