{"hand_pts": [[94.62830352783203, 204.79348754882812, 1.0], [124.61519622802734, 150.4989776611328, 1.0], [140.57798767089844, 103.8765640258789, 1.0], [169.84716796875, 74.0999526977539, 1.0], [210.90966796875, 83.76557922363281, 1.0], [112.21540832519531, 156.1923065185547, 1.0], [158.2312774658203, 143.5999298095703, 1.0], [198.03549194335938, 140.25479125976562, 1.0], [223.76608276367188, 142.21714782714844, 1.0], [120.94629669189453, 203.12815856933594, 1.0], [181.15895080566406, 185.4663848876953, 1.0], [206.39230346679688, 174.57757568359375, 1.0], [189.9673614501953, 175.320068359375, 1.0], [134.07362365722656, 238.31704711914062, 1.0], [188.19677734375, 238.89569091796875, 1.0], [224.30819702148438, 227.38941955566406, 1.0], [253.93276977539062, 214.90716552734375, 1.0], [146.66270446777344, 269.38055419921875, 1.0], [196.82156372070312, 271.8938293457031, 1.0], [219.82302856445312, 261.5942077636719, 1.0], [236.06822204589844, 247.07913208007812, 1.0]], "is_left": 0}