{"hand_pts": [[59.37982177734375, 171.73382568359375, 1.0], [133.42466735839844, 168.68896484375, 1.0], [185.5010986328125, 163.81166076660156, 1.0], [224.06643676757812, 140.3872833251953, 1.0], [231.41201782226562, 118.85344696044922, 1.0], [175.78453063964844, 225.9782257080078, 1.0], [221.87677001953125, 239.09410095214844, 1.0], [241.98434448242188, 211.39271545410156, 1.0], [226.20748901367188, 184.24871826171875, 1.0], [146.22926330566406, 223.88780212402344, 1.0], [207.11912536621094, 212.90142822265625, 1.0], [243.30621337890625, 192.91436767578125, 1.0], [273.2940979003906, 166.72296142578125, 1.0], [124.13631439208984, 215.65077209472656, 1.0], [164.38148498535156, 195.22341918945312, 1.0], [180.8732452392578, 163.59706115722656, 1.0], [171.49977111816406, 147.697021484375, 1.0], [99.98416900634766, 203.07518005371094, 1.0], [114.94029235839844, 193.48724365234375, 1.0], [132.73301696777344, 169.66976928710938, 1.0], [152.46534729003906, 144.2666473388672, 1.0]], "is_left": 0}