{"hand_pts": [[91.37112426757812, 38.29372787475586, 1.0], [155.73692321777344, 86.98713684082031, 1.0], [221.11312866210938, 101.70155334472656, 1.0], [266.6961364746094, 134.59413146972656, 1.0], [261.6780090332031, 160.99070739746094, 1.0], [140.81015014648438, 193.46998596191406, 1.0], [186.23660278320312, 253.12716674804688, 1.0], [229.9144287109375, 254.1842498779297, 1.0], [270.20330810546875, 249.68887329101562, 1.0], [116.16670989990234, 189.4602508544922, 1.0], [191.22314453125, 225.93321228027344, 1.0], [240.2830810546875, 207.6567840576172, 1.0], [274.5570983886719, 171.8016815185547, 1.0], [103.27336120605469, 180.5155792236328, 1.0], [121.53358459472656, 248.13824462890625, 1.0], [166.2130889892578, 234.35794067382812, 1.0], [187.27188110351562, 197.32945251464844, 1.0], [92.64141082763672, 162.21189880371094, 1.0], [124.496337890625, 160.22683715820312, 1.0], [151.15054321289062, 133.7001953125, 1.0], [161.2795867919922, 103.16063690185547, 1.0]], "is_left": 0}