{"hand_pts": [[138.1151123046875, 138.17315673828125, 1.0], [187.67535400390625, 168.9176025390625, 1.0], [239.71353149414062, 187.00137329101562, 1.0], [275.8702392578125, 190.7353515625, 1.0], [304.8966369628906, 191.30477905273438, 1.0], [153.4819793701172, 220.84352111816406, 1.0], [170.84103393554688, 252.47274780273438, 1.0], [186.86473083496094, 267.0859680175781, 1.0], [212.46710205078125, 267.1620178222656, 1.0], [128.85098266601562, 196.92262268066406, 1.0], [178.63059997558594, 200.48660278320312, 1.0], [219.71847534179688, 176.68829345703125, 1.0], [235.80247497558594, 155.27346801757812, 1.0], [115.9800033569336, 173.2382354736328, 1.0], [135.92469787597656, 174.60374450683594, 1.0], [167.68226623535156, 162.5061492919922, 1.0], [202.7601776123047, 148.01596069335938, 1.0], [107.15782928466797, 146.82469177246094, 1.0], [119.54813385009766, 138.6857147216797, 1.0], [151.5331268310547, 126.65164184570312, 1.0], [185.62014770507812, 117.07972717285156, 1.0]], "is_left": 0}