{"hand_pts": [[294.9779968261719, 247.8454132080078, 1.0], [227.47006225585938, 216.66433715820312, 1.0], [165.796142578125, 198.78269958496094, 1.0], [118.1645736694336, 191.9333953857422, 1.0], [130.0833282470703, 203.47683715820312, 1.0], [212.13624572753906, 149.3533935546875, 1.0], [154.6632537841797, 128.6571807861328, 1.0], [116.67308807373047, 127.17950439453125, 1.0], [96.57775115966797, 155.0808563232422, 1.0], [239.80917358398438, 166.1957550048828, 1.0], [174.8857421875, 151.261474609375, 1.0], [132.13131713867188, 158.5592498779297, 1.0], [108.49620819091797, 186.15782165527344, 1.0], [258.19964599609375, 184.68919372558594, 1.0], [221.9366912841797, 175.24305725097656, 1.0], [197.08026123046875, 199.8721160888672, 1.0], [186.70474243164062, 222.21234130859375, 1.0], [276.5311279296875, 207.62576293945312, 1.0], [246.8656005859375, 210.40072631835938, 1.0], [224.443603515625, 227.48875427246094, 1.0], [207.6519317626953, 244.05856323242188, 1.0]], "is_left": 0}