{"hand_pts": [[65.95128631591797, 76.0196304321289, 1.0], [79.18546295166016, 112.77393341064453, 1.0], [62.07344436645508, 142.54273986816406, 1.0], [106.04878234863281, 154.915283203125, 1.0], [160.88870239257812, 148.22035217285156, 1.0], [112.82682037353516, 214.3956298828125, 1.0], [167.87278747558594, 249.9416046142578, 1.0], [190.61326599121094, 217.1392822265625, 1.0], [191.52976989746094, 172.3306427001953, 1.0], [139.8900146484375, 207.13572692871094, 1.0], [210.01829528808594, 246.4885711669922, 1.0], [227.6823272705078, 211.6909942626953, 1.0], [215.8385467529297, 165.20420837402344, 1.0], [162.67608642578125, 194.54647827148438, 1.0], [234.16888427734375, 211.7592315673828, 1.0], [252.46238708496094, 182.6984100341797, 1.0], [233.40834045410156, 141.97622680664062, 1.0], [179.70335388183594, 173.53582763671875, 1.0], [234.70530700683594, 187.0549774169922, 1.0], [256.4110412597656, 172.00177001953125, 1.0], [235.86599731445312, 144.88807678222656, 1.0]], "is_left": 0}