{"hand_pts": [[133.45489501953125, 85.93418884277344, 1.0], [177.61544799804688, 146.87640380859375, 1.0], [209.67051696777344, 200.9298858642578, 1.0], [231.19776916503906, 247.2659454345703, 1.0], [244.6953125, 286.96136474609375, 1.0], [211.208251953125, 152.05274963378906, 1.0], [245.43988037109375, 185.8990478515625, 1.0], [254.51768493652344, 220.2142791748047, 1.0], [257.1702880859375, 255.5552520751953, 1.0], [172.61737060546875, 131.24378967285156, 1.0], [201.8269500732422, 178.95933532714844, 1.0], [215.39739990234375, 218.14727783203125, 1.0], [229.38958740234375, 252.72555541992188, 1.0], [138.84835815429688, 119.18112182617188, 1.0], [147.3693084716797, 153.0589599609375, 1.0], [143.48277282714844, 193.58323669433594, 1.0], [140.18553161621094, 232.0973663330078, 1.0], [104.79458618164062, 107.32101440429688, 1.0], [108.6963882446289, 119.26763916015625, 1.0], [111.94977569580078, 145.04315185546875, 1.0], [116.8061752319336, 182.40383911132812, 1.0]], "is_left": 0}