{"hand_pts": [[300.2640075683594, 116.30665588378906, 1.0], [261.9220275878906, 108.40673065185547, 1.0], [227.03041076660156, 78.82061004638672, 1.0], [185.93670654296875, 83.1425552368164, 1.0], [148.04165649414062, 95.1710205078125, 1.0], [161.1257781982422, 144.85728454589844, 1.0], [124.20660400390625, 172.4828338623047, 1.0], [153.50535583496094, 178.2050018310547, 1.0], [185.46824645996094, 182.38653564453125, 1.0], [166.86285400390625, 176.89202880859375, 1.0], [156.1609649658203, 189.39134216308594, 1.0], [199.86058044433594, 172.03271484375, 1.0], [241.6335906982422, 154.64027404785156, 1.0], [177.8250732421875, 201.37936401367188, 1.0], [144.56480407714844, 248.23435974121094, 1.0], [136.37330627441406, 271.42034912109375, 1.0], [155.6602325439453, 273.2120056152344, 1.0], [197.23910522460938, 220.08987426757812, 1.0], [203.8360595703125, 255.34390258789062, 1.0], [230.11929321289062, 250.33946228027344, 1.0], [248.5175323486328, 219.65411376953125, 1.0]], "is_left": 0}