{"hand_pts": [[170.11557006835938, 341.58734130859375, 1.0], [197.37673950195312, 274.3839416503906, 1.0], [244.28292846679688, 244.7427215576172, 1.0], [241.42921447753906, 201.2989959716797, 1.0], [225.36326599121094, 170.2059326171875, 1.0], [240.68630981445312, 226.60569763183594, 1.0], [258.9613952636719, 181.94808959960938, 1.0], [241.1509246826172, 141.55105590820312, 1.0], [211.83871459960938, 134.9601593017578, 1.0], [211.73684692382812, 235.18450927734375, 1.0], [163.47378540039062, 168.35691833496094, 1.0], [132.7020721435547, 160.6847381591797, 1.0], [114.58069610595703, 176.0595703125, 1.0], [184.428955078125, 239.816162109375, 1.0], [163.118896484375, 166.17979431152344, 1.0], [144.28927612304688, 131.38241577148438, 1.0], [124.8457260131836, 101.89820861816406, 1.0], [155.95925903320312, 248.72645568847656, 1.0], [145.2862091064453, 200.07034301757812, 1.0], [136.60008239746094, 166.4517059326172, 1.0], [124.53501892089844, 133.35069274902344, 1.0]], "is_left": 0}