{"hand_pts": [[17.412248611450195, 103.39466857910156, 1.0], [82.66294860839844, 153.35006713867188, 1.0], [125.48774719238281, 175.58872985839844, 1.0], [173.04052734375, 205.22853088378906, 1.0], [210.12368774414062, 231.034423828125, 1.0], [191.4356231689453, 128.85336303710938, 1.0], [239.28858947753906, 179.28855895996094, 1.0], [238.56134033203125, 223.00379943847656, 1.0], [209.25331115722656, 254.5582733154297, 1.0], [176.72669982910156, 116.70110321044922, 1.0], [249.86741638183594, 154.99952697753906, 1.0], [233.45394897460938, 202.7848358154297, 1.0], [197.9949951171875, 233.01124572753906, 1.0], [159.3602294921875, 114.45133209228516, 1.0], [207.27757263183594, 172.863037109375, 1.0], [192.65687561035156, 215.37197875976562, 1.0], [154.8216552734375, 227.40411376953125, 1.0], [132.5926513671875, 114.38304138183594, 1.0], [165.31883239746094, 150.09051513671875, 1.0], [155.85537719726562, 184.76223754882812, 1.0], [132.8293914794922, 207.83023071289062, 1.0]], "is_left": 0}