{"hand_pts": [[43.25553512573242, 246.37765502929688, 1.0], [89.37721252441406, 175.54458618164062, 1.0], [103.03307342529297, 119.494873046875, 1.0], [128.76144409179688, 92.58106231689453, 1.0], [156.0325164794922, 109.71138763427734, 1.0], [170.60806274414062, 144.66336059570312, 1.0], [215.74459838867188, 129.22837829589844, 1.0], [197.46701049804688, 143.13958740234375, 1.0], [171.90625, 160.00567626953125, 1.0], [177.4973907470703, 189.43157958984375, 1.0], [237.44680786132812, 173.3384246826172, 1.0], [214.5717010498047, 174.96868896484375, 1.0], [178.07533264160156, 179.70716857910156, 1.0], [179.69412231445312, 227.77769470214844, 1.0], [243.15733337402344, 205.51588439941406, 1.0], [235.20965576171875, 198.35272216796875, 1.0], [212.32778930664062, 195.7134246826172, 1.0], [173.0648956298828, 267.66070556640625, 1.0], [207.74583435058594, 280.96197509765625, 1.0], [198.23362731933594, 271.501708984375, 1.0], [168.65895080566406, 254.09359741210938, 1.0]], "is_left": 0}