{"hand_pts": [[255.55636596679688, 170.23886108398438, 1.0], [218.6978759765625, 206.80087280273438, 1.0], [216.18267822265625, 253.57167053222656, 1.0], [214.06265258789062, 286.5137634277344, 1.0], [212.2918701171875, 287.230224609375, 1.0], [133.86422729492188, 170.0756378173828, 1.0], [78.27755737304688, 174.1510467529297, 1.0], [62.603553771972656, 185.35646057128906, 1.0], [76.32261657714844, 201.39239501953125, 1.0], [151.00929260253906, 142.10110473632812, 1.0], [157.1967010498047, 157.82705688476562, 1.0], [181.88267517089844, 181.2103271484375, 1.0], [212.5216064453125, 207.34056091308594, 1.0], [171.23583984375, 125.05046844482422, 1.0], [196.260009765625, 149.27980041503906, 1.0], [224.9110107421875, 172.2511444091797, 1.0], [253.29566955566406, 194.9813690185547, 1.0], [197.56443786621094, 112.9637451171875, 1.0], [222.1923370361328, 133.88482666015625, 1.0], [247.56309509277344, 157.0529327392578, 1.0], [271.9054260253906, 182.41058349609375, 1.0]], "is_left": 0}