{"hand_pts": [[237.5340118408203, 97.3292236328125, 1.0], [261.20758056640625, 127.11453247070312, 1.0], [294.1058654785156, 138.24908447265625, 1.0], [296.056396484375, 166.1292724609375, 1.0], [256.3847351074219, 194.8141632080078, 1.0], [199.42733764648438, 108.0831069946289, 1.0], [206.59884643554688, 158.49395751953125, 1.0], [223.2023162841797, 205.34710693359375, 1.0], [244.68800354003906, 239.73995971679688, 1.0], [166.6595916748047, 115.25723266601562, 1.0], [137.1949462890625, 167.6972198486328, 1.0], [156.2262420654297, 221.07949829101562, 1.0], [190.21876525878906, 255.51954650878906, 1.0], [146.8062286376953, 127.59272003173828, 1.0], [110.33934783935547, 181.91050720214844, 1.0], [132.616455078125, 225.12319946289062, 1.0], [169.2056884765625, 240.58056640625, 1.0], [135.3049774169922, 139.85736083984375, 1.0], [111.11253356933594, 175.33380126953125, 1.0], [116.21414184570312, 211.5677032470703, 1.0], [139.13221740722656, 246.0188446044922, 1.0]], "is_left": 0}