{"hand_pts": [[334.77728271484375, 196.93348693847656, 1.0], [292.61865234375, 231.09585571289062, 1.0], [285.1253356933594, 266.2140808105469, 1.0], [221.3267059326172, 282.83673095703125, 1.0], [174.9695281982422, 268.3072509765625, 1.0], [247.78170776367188, 155.3197479248047, 1.0], [169.6560516357422, 181.0753936767578, 1.0], [153.26353454589844, 222.291015625, 1.0], [176.02980041503906, 246.31777954101562, 1.0], [233.40081787109375, 122.7896957397461, 1.0], [135.64027404785156, 145.59384155273438, 1.0], [129.44151306152344, 199.66929626464844, 1.0], [169.86268615722656, 231.14710998535156, 1.0], [219.73797607421875, 105.5448226928711, 1.0], [125.0521469116211, 120.96582794189453, 1.0], [124.0277099609375, 169.5977783203125, 1.0], [167.1728057861328, 196.93020629882812, 1.0], [212.1402130126953, 97.09291076660156, 1.0], [149.76675415039062, 106.68699645996094, 1.0], [144.8074493408203, 148.6317901611328, 1.0], [184.015625, 174.8885955810547, 1.0]], "is_left": 0}