{"hand_pts": [[72.70134735107422, 236.54937744140625, 1.0], [96.08474731445312, 190.6215057373047, 1.0], [91.9412841796875, 152.2371368408203, 1.0], [100.97052764892578, 126.17604064941406, 1.0], [116.31598663330078, 110.75086975097656, 1.0], [160.78768920898438, 173.2280731201172, 1.0], [179.0980682373047, 144.25717163085938, 1.0], [189.54736328125, 127.21669006347656, 1.0], [196.6766357421875, 113.33320617675781, 1.0], [172.7509765625, 200.6756591796875, 1.0], [218.06285095214844, 169.50338745117188, 1.0], [203.31956481933594, 164.64105224609375, 1.0], [176.27577209472656, 171.17503356933594, 1.0], [179.54576110839844, 221.86492919921875, 1.0], [235.4930877685547, 225.1428680419922, 1.0], [267.15472412109375, 220.85214233398438, 1.0], [291.504638671875, 211.0453338623047, 1.0], [179.1354217529297, 242.76611328125, 1.0], [201.99815368652344, 245.6710662841797, 1.0], [212.23931884765625, 246.16294860839844, 1.0], [194.00851440429688, 238.25900268554688, 1.0]], "is_left": 0}