{"hand_pts": [[218.50753784179688, 213.38912963867188, 1.0], [193.9654998779297, 249.8726043701172, 1.0], [168.5457000732422, 292.09405517578125, 1.0], [166.95254516601562, 297.8041076660156, 1.0], [183.1168212890625, 273.86016845703125, 1.0], [127.17472839355469, 189.30885314941406, 1.0], [119.7601089477539, 191.36778259277344, 1.0], [148.74293518066406, 212.25003051757812, 1.0], [188.026611328125, 236.8285675048828, 1.0], [148.6711883544922, 151.6112823486328, 1.0], [147.28741455078125, 145.43125915527344, 1.0], [180.59500122070312, 177.73851013183594, 1.0], [218.3262939453125, 217.28082275390625, 1.0], [172.67776489257812, 128.0742950439453, 1.0], [179.5644073486328, 114.83568572998047, 1.0], [211.41143798828125, 144.75209045410156, 1.0], [243.72901916503906, 184.66920471191406, 1.0], [200.8231658935547, 112.33027648925781, 1.0], [217.78622436523438, 101.52629852294922, 1.0], [242.31329345703125, 124.87615966796875, 1.0], [263.9308776855469, 165.1621551513672, 1.0]], "is_left": 0}