{"hand_pts": [[80.4319076538086, 224.24656677246094, 1.0], [86.93879699707031, 198.13418579101562, 1.0], [75.35183715820312, 166.801025390625, 1.0], [120.03762817382812, 150.7127227783203, 1.0], [164.5321502685547, 147.54905700683594, 1.0], [157.59547424316406, 226.13002014160156, 1.0], [177.48854064941406, 187.9154510498047, 1.0], [167.53958129882812, 152.78607177734375, 1.0], [148.79278564453125, 124.38475799560547, 1.0], [178.78968811035156, 232.5820770263672, 1.0], [241.55235290527344, 223.92555236816406, 1.0], [256.1234436035156, 191.6331329345703, 1.0], [276.4505615234375, 165.4288330078125, 1.0], [191.35594177246094, 232.29978942871094, 1.0], [236.36314392089844, 201.31593322753906, 1.0], [219.2882537841797, 168.91490173339844, 1.0], [204.23849487304688, 136.45565795898438, 1.0], [195.95663452148438, 229.75146484375, 1.0], [209.05589294433594, 194.92922973632812, 1.0], [186.13943481445312, 172.82765197753906, 1.0], [158.87387084960938, 150.7806396484375, 1.0]], "is_left": 0}