{"hand_pts": [[277.1181945800781, 347.6882629394531, 1.0], [209.99168395996094, 289.4446105957031, 1.0], [164.01087951660156, 251.2557830810547, 1.0], [128.49786376953125, 199.6175537109375, 1.0], [126.70741271972656, 171.10855102539062, 1.0], [242.73117065429688, 179.34500122070312, 1.0], [169.61199951171875, 140.4955596923828, 1.0], [137.05885314941406, 176.9829559326172, 1.0], [117.20338439941406, 217.9451141357422, 1.0], [266.6041259765625, 186.82861328125, 1.0], [206.6822052001953, 118.13231658935547, 1.0], [146.2799835205078, 128.72315979003906, 1.0], [111.22428131103516, 167.91339111328125, 1.0], [276.5118103027344, 197.92897033691406, 1.0], [225.31024169921875, 132.8492431640625, 1.0], [172.888671875, 145.4137420654297, 1.0], [132.2225799560547, 174.14263916015625, 1.0], [282.82781982421875, 218.46873474121094, 1.0], [238.59027099609375, 197.99545288085938, 1.0], [196.0587921142578, 205.6973419189453, 1.0], [167.5587615966797, 233.2404327392578, 1.0]], "is_left": 0}