{"hand_pts": [[60.56476593017578, 258.0941162109375, 1.0], [135.10427856445312, 263.3460998535156, 1.0], [192.70433044433594, 281.1036071777344, 1.0], [238.04232788085938, 278.5174255371094, 1.0], [246.25914001464844, 251.19766235351562, 1.0], [189.44146728515625, 190.98390197753906, 1.0], [237.03662109375, 193.2747039794922, 1.0], [256.7474365234375, 205.40167236328125, 1.0], [247.1982879638672, 230.9250030517578, 1.0], [155.1101837158203, 168.05221557617188, 1.0], [201.57736206054688, 146.7511749267578, 1.0], [203.85556030273438, 176.8258056640625, 1.0], [191.9562225341797, 213.7505645751953, 1.0], [126.53597259521484, 155.25193786621094, 1.0], [176.4208221435547, 111.1292724609375, 1.0], [202.13963317871094, 113.49390411376953, 1.0], [203.89471435546875, 144.6429443359375, 1.0], [94.62408447265625, 150.4814453125, 1.0], [106.60983276367188, 132.2332000732422, 1.0], [115.61619567871094, 133.3247833251953, 1.0], [123.63402557373047, 160.26278686523438, 1.0]], "is_left": 0}