{"hand_pts": [[118.18910217285156, 328.2143859863281, 1.0], [103.7535629272461, 250.36065673828125, 1.0], [73.57091522216797, 222.13360595703125, 1.0], [78.89651489257812, 204.09811401367188, 1.0], [109.09918975830078, 200.54087829589844, 1.0], [161.0579071044922, 130.11920166015625, 1.0], [172.68505859375, 97.76628875732422, 1.0], [166.58824157714844, 126.19769287109375, 1.0], [155.45262145996094, 171.45286560058594, 1.0], [194.35281372070312, 148.2433319091797, 1.0], [220.66708374023438, 115.45030212402344, 1.0], [209.23638916015625, 145.5289306640625, 1.0], [191.9852294921875, 182.6776885986328, 1.0], [218.60086059570312, 171.26165771484375, 1.0], [241.4293670654297, 164.6282196044922, 1.0], [219.74575805664062, 207.81784057617188, 1.0], [191.976318359375, 249.92295837402344, 1.0], [237.67701721191406, 204.7540740966797, 1.0], [257.75384521484375, 209.78329467773438, 1.0], [246.8374786376953, 237.347900390625, 1.0], [217.48451232910156, 258.6907043457031, 1.0]], "is_left": 0}