{"hand_pts": [[172.98751831054688, 305.37493896484375, 1.0], [131.13174438476562, 261.53668212890625, 1.0], [87.01774597167969, 240.83192443847656, 1.0], [82.45568084716797, 198.1581268310547, 1.0], [97.46033477783203, 158.656982421875, 1.0], [158.24607849121094, 195.0219268798828, 1.0], [173.29385375976562, 139.2399444580078, 1.0], [169.7245635986328, 133.7340087890625, 1.0], [161.08180236816406, 160.2382354736328, 1.0], [200.28709411621094, 197.9152069091797, 1.0], [181.5118865966797, 162.88621520996094, 1.0], [160.46676635742188, 194.69149780273438, 1.0], [142.45376586914062, 226.6175537109375, 1.0], [230.6669464111328, 202.43373107910156, 1.0], [232.1931610107422, 152.6131134033203, 1.0], [215.27694702148438, 149.7655487060547, 1.0], [201.2462615966797, 143.87710571289062, 1.0], [255.57383728027344, 213.313720703125, 1.0], [279.296142578125, 187.61024475097656, 1.0], [268.62640380859375, 185.82350158691406, 1.0], [243.07989501953125, 193.71603393554688, 1.0]], "is_left": 0}