{"hand_pts": [[262.23480224609375, 297.3497314453125, 1.0], [267.54534912109375, 231.06629943847656, 1.0], [295.8086853027344, 188.3112030029297, 1.0], [295.616943359375, 144.3564453125, 1.0], [267.6424255371094, 107.59043884277344, 1.0], [223.1588592529297, 202.80174255371094, 1.0], [207.29664611816406, 146.8139190673828, 1.0], [211.55612182617188, 135.16744995117188, 1.0], [223.64637756347656, 146.3478240966797, 1.0], [189.98388671875, 224.86514282226562, 1.0], [146.97860717773438, 167.13507080078125, 1.0], [128.85256958007812, 124.49685668945312, 1.0], [115.68168640136719, 85.85047149658203, 1.0], [164.8602294921875, 240.0115509033203, 1.0], [106.13426208496094, 211.96302795410156, 1.0], [101.1336669921875, 180.3627166748047, 1.0], [132.67869567871094, 184.20620727539062, 1.0], [146.1807861328125, 256.8397521972656, 1.0], [122.53282165527344, 220.08349609375, 1.0], [150.38677978515625, 225.97071838378906, 1.0], [169.6722869873047, 252.590087890625, 1.0]], "is_left": 0}