{"hand_pts": [[81.76134490966797, 151.03929138183594, 1.0], [94.08647155761719, 190.1044464111328, 1.0], [73.92321014404297, 216.15774536132812, 1.0], [80.87567138671875, 237.33692932128906, 1.0], [93.48377990722656, 255.39404296875, 1.0], [119.39400482177734, 177.33816528320312, 1.0], [165.15953063964844, 192.08694458007812, 1.0], [200.0063018798828, 206.86485290527344, 1.0], [227.77569580078125, 224.3707275390625, 1.0], [141.41983032226562, 155.2354278564453, 1.0], [195.72052001953125, 179.50367736816406, 1.0], [227.8135223388672, 205.6698455810547, 1.0], [238.15574645996094, 230.03334045410156, 1.0], [160.7830810546875, 140.845458984375, 1.0], [225.93475341796875, 162.05628967285156, 1.0], [259.9287109375, 182.20352172851562, 1.0], [268.4662170410156, 205.56407165527344, 1.0], [176.03277587890625, 128.5470428466797, 1.0], [223.76687622070312, 124.83531188964844, 1.0], [255.60023498535156, 137.0738983154297, 1.0], [282.20013427734375, 157.28585815429688, 1.0]], "is_left": 0}