{"hand_pts": [[48.89312744140625, 265.9382019042969, 1.0], [78.738037109375, 197.70181274414062, 1.0], [83.3108139038086, 140.95916748046875, 1.0], [113.15924835205078, 101.09474182128906, 1.0], [158.11924743652344, 91.52266693115234, 1.0], [151.55259704589844, 152.85708618164062, 1.0], [201.546142578125, 117.50900268554688, 1.0], [199.7272186279297, 127.78707885742188, 1.0], [178.27835083007812, 151.85508728027344, 1.0], [169.50433349609375, 193.03102111816406, 1.0], [233.580078125, 171.45187377929688, 1.0], [257.35247802734375, 163.52964782714844, 1.0], [262.1751708984375, 161.8394317626953, 1.0], [181.79238891601562, 226.0630340576172, 1.0], [235.4029083251953, 217.5609130859375, 1.0], [206.10751342773438, 226.15692138671875, 1.0], [166.8848114013672, 231.62747192382812, 1.0], [185.50262451171875, 260.3835144042969, 1.0], [210.8995361328125, 257.5769348144531, 1.0], [210.22097778320312, 257.2990417480469, 1.0], [174.35073852539062, 258.5686950683594, 1.0]], "is_left": 0}