{"hand_pts": [[333.7516174316406, 175.83804321289062, 1.0], [261.0798645019531, 207.73321533203125, 1.0], [208.88406372070312, 206.16184997558594, 1.0], [158.19229125976562, 209.31446838378906, 1.0], [148.3036346435547, 213.2087860107422, 1.0], [200.0585479736328, 161.29847717285156, 1.0], [133.04324340820312, 176.07083129882812, 1.0], [111.56307220458984, 213.60548400878906, 1.0], [113.80730438232422, 250.09727478027344, 1.0], [224.1627197265625, 147.45425415039062, 1.0], [164.7589111328125, 206.41830444335938, 1.0], [145.94020080566406, 252.82020568847656, 1.0], [135.2456512451172, 296.3432312011719, 1.0], [243.90342712402344, 143.6756134033203, 1.0], [194.4237060546875, 118.94367980957031, 1.0], [159.68057250976562, 134.8904571533203, 1.0], [126.85139465332031, 150.23146057128906, 1.0], [267.8384704589844, 144.3325653076172, 1.0], [246.83413696289062, 148.57662963867188, 1.0], [229.18177795410156, 163.17514038085938, 1.0], [207.95877075195312, 194.0359344482422, 1.0]], "is_left": 0}