{"hand_pts": [[194.4178009033203, 356.27947998046875, 1.0], [239.5122833251953, 301.4918518066406, 1.0], [280.96337890625, 262.54669189453125, 1.0], [273.9828796386719, 211.56626892089844, 1.0], [252.08494567871094, 169.30209350585938, 1.0], [190.34996032714844, 241.49154663085938, 1.0], [207.33668518066406, 179.88351440429688, 1.0], [224.52796936035156, 142.92999267578125, 1.0], [235.59754943847656, 104.75112915039062, 1.0], [153.14541625976562, 240.78726196289062, 1.0], [155.10665893554688, 169.2432861328125, 1.0], [187.14349365234375, 138.7916259765625, 1.0], [218.97705078125, 112.52848052978516, 1.0], [129.38180541992188, 239.80262756347656, 1.0], [126.6697998046875, 168.41268920898438, 1.0], [141.966064453125, 130.05465698242188, 1.0], [174.7867889404297, 113.42715454101562, 1.0], [111.86780548095703, 244.9342041015625, 1.0], [108.01945495605469, 196.43995666503906, 1.0], [129.04629516601562, 172.1555633544922, 1.0], [163.8958282470703, 169.1548614501953, 1.0]], "is_left": 0}