{"hand_pts": [[282.166015625, 96.6910629272461, 1.0], [224.03118896484375, 156.26708984375, 1.0], [193.69989013671875, 210.15989685058594, 1.0], [132.14698791503906, 208.8501434326172, 1.0], [100.13140869140625, 172.32376098632812, 1.0], [241.8546905517578, 240.95803833007812, 1.0], [178.03915405273438, 272.24615478515625, 1.0], [125.70332336425781, 257.1863098144531, 1.0], [98.25833892822266, 216.659423828125, 1.0], [257.05975341796875, 209.9302215576172, 1.0], [195.45034790039062, 243.344970703125, 1.0], [151.54776000976562, 208.8406982421875, 1.0], [166.55580139160156, 181.61767578125, 1.0], [261.82666015625, 179.4871826171875, 1.0], [180.6175079345703, 162.13302612304688, 1.0], [164.28338623046875, 129.64674377441406, 1.0], [197.32542419433594, 128.9410858154297, 1.0], [264.8876647949219, 143.3061981201172, 1.0], [217.55848693847656, 132.50816345214844, 1.0], [183.34812927246094, 113.48615264892578, 1.0], [172.7733917236328, 101.99030303955078, 1.0]], "is_left": 0}