{"hand_pts": [[24.75249671936035, 160.70281982421875, 1.0], [63.0343017578125, 195.9490509033203, 1.0], [78.96273040771484, 239.9658203125, 1.0], [118.76972961425781, 252.02035522460938, 1.0], [159.97535705566406, 225.4117889404297, 1.0], [143.16822814941406, 234.54336547851562, 1.0], [199.95318603515625, 237.74310302734375, 1.0], [221.36361694335938, 220.39659118652344, 1.0], [240.34742736816406, 201.15431213378906, 1.0], [150.88827514648438, 200.07630920410156, 1.0], [223.10092163085938, 209.4145050048828, 1.0], [241.02056884765625, 194.00914001464844, 1.0], [249.93771362304688, 177.10203552246094, 1.0], [154.2595977783203, 168.8712921142578, 1.0], [224.2440185546875, 169.4559326171875, 1.0], [243.4811248779297, 156.09898376464844, 1.0], [248.14956665039062, 141.4651641845703, 1.0], [149.5134735107422, 136.99838256835938, 1.0], [185.4089813232422, 108.76950073242188, 1.0], [187.1980743408203, 91.68184661865234, 1.0], [165.8475799560547, 88.40901184082031, 1.0]], "is_left": 0}