{"hand_pts": [[103.13587951660156, 332.9485778808594, 1.0], [108.260986328125, 275.3081359863281, 1.0], [117.98536682128906, 244.70895385742188, 1.0], [128.6468048095703, 198.93978881835938, 1.0], [133.72857666015625, 163.16969299316406, 1.0], [186.69976806640625, 230.66461181640625, 1.0], [206.31629943847656, 167.49266052246094, 1.0], [210.79588317871094, 126.48302459716797, 1.0], [192.71009826660156, 96.48375701904297, 1.0], [194.9147186279297, 240.1744842529297, 1.0], [218.0223388671875, 166.1492919921875, 1.0], [204.03208923339844, 124.67448425292969, 1.0], [173.0079803466797, 100.0191421508789, 1.0], [194.71421813964844, 246.31594848632812, 1.0], [216.9246063232422, 183.44566345214844, 1.0], [191.12158203125, 157.43406677246094, 1.0], [165.94049072265625, 132.3909149169922, 1.0], [187.15283203125, 256.4031066894531, 1.0], [208.4873504638672, 214.87828063964844, 1.0], [207.71121215820312, 182.6451416015625, 1.0], [184.63746643066406, 160.0523223876953, 1.0]], "is_left": 0}