{"hand_pts": [[214.11376953125, 298.4105224609375, 1.0], [165.6280059814453, 258.97796630859375, 1.0], [105.19246673583984, 244.32281494140625, 1.0], [72.48072814941406, 234.05596923828125, 1.0], [63.91597366333008, 228.7925567626953, 1.0], [182.292724609375, 179.2858428955078, 1.0], [158.1031036376953, 139.1297607421875, 1.0], [142.14837646484375, 117.92064666748047, 1.0], [127.76244354248047, 99.00082397460938, 1.0], [216.22994995117188, 186.5482635498047, 1.0], [209.5908966064453, 118.72291564941406, 1.0], [184.06507873535156, 125.5705795288086, 1.0], [161.32720947265625, 139.2550048828125, 1.0], [239.32972717285156, 196.75765991210938, 1.0], [249.75555419921875, 164.70147705078125, 1.0], [227.1138458251953, 182.79615783691406, 1.0], [205.1704559326172, 208.24879455566406, 1.0], [258.7532043457031, 213.6181640625, 1.0], [257.9889221191406, 201.64596557617188, 1.0], [234.51339721679688, 219.21441650390625, 1.0], [227.8871612548828, 231.81466674804688, 1.0]], "is_left": 0}