{"hand_pts": [[116.521484375, 50.368988037109375, 1.0], [161.92369079589844, 87.21903228759766, 1.0], [212.5047149658203, 93.58135986328125, 1.0], [254.8552703857422, 116.17366790771484, 1.0], [275.9635009765625, 153.63531494140625, 1.0], [139.46788024902344, 178.4524383544922, 1.0], [196.82752990722656, 191.97918701171875, 1.0], [234.2998046875, 198.83460998535156, 1.0], [266.968017578125, 182.28140258789062, 1.0], [123.59789276123047, 185.29039001464844, 1.0], [184.93438720703125, 212.0030517578125, 1.0], [203.21868896484375, 171.3729705810547, 1.0], [183.66709899902344, 135.69021606445312, 1.0], [117.20455932617188, 186.4478759765625, 1.0], [164.45152282714844, 227.7847900390625, 1.0], [197.8762664794922, 213.24630737304688, 1.0], [228.53857421875, 193.96044921875, 1.0], [113.25151062011719, 178.6791229248047, 1.0], [116.3179931640625, 226.18411254882812, 1.0], [128.79986572265625, 256.2740783691406, 1.0], [156.2021484375, 275.1941833496094, 1.0]], "is_left": 0}