{"hand_pts": [[291.71478271484375, 104.12449645996094, 1.0], [224.8088836669922, 96.6845932006836, 1.0], [168.55303955078125, 77.4952163696289, 1.0], [132.7028045654297, 96.23062896728516, 1.0], [134.37245178222656, 130.93814086914062, 1.0], [170.63180541992188, 162.22589111328125, 1.0], [140.3400421142578, 171.0681610107422, 1.0], [142.34683227539062, 160.78543090820312, 1.0], [149.09219360351562, 149.18087768554688, 1.0], [202.67430114746094, 192.51837158203125, 1.0], [173.3865966796875, 189.90135192871094, 1.0], [176.09848022460938, 163.45437622070312, 1.0], [178.1863250732422, 138.93960571289062, 1.0], [229.5482635498047, 212.4571533203125, 1.0], [188.30184936523438, 258.4556884765625, 1.0], [168.36863708496094, 267.9249572753906, 1.0], [153.30572509765625, 265.8158874511719, 1.0], [259.4010925292969, 224.32159423828125, 1.0], [243.18959045410156, 253.1589813232422, 1.0], [236.4617156982422, 240.30477905273438, 1.0], [243.75880432128906, 207.1765899658203, 1.0]], "is_left": 0}