{"hand_pts": [[287.75439453125, 180.6015167236328, 1.0], [279.9114074707031, 172.55990600585938, 1.0], [289.997314453125, 161.0408172607422, 1.0], [253.80995178222656, 179.82699584960938, 1.0], [213.9549102783203, 202.38150024414062, 1.0], [200.66207885742188, 120.74956512451172, 1.0], [183.79234313964844, 145.19378662109375, 1.0], [209.9432373046875, 180.08216857910156, 1.0], [237.54457092285156, 208.6476287841797, 1.0], [176.8822784423828, 136.22059631347656, 1.0], [161.89166259765625, 181.7025604248047, 1.0], [205.01329040527344, 204.30258178710938, 1.0], [245.69119262695312, 221.7950439453125, 1.0], [162.50689697265625, 154.4097137451172, 1.0], [106.26449584960938, 173.81993103027344, 1.0], [101.12989044189453, 204.77825927734375, 1.0], [132.08026123046875, 231.55072021484375, 1.0], [157.15875244140625, 175.2960205078125, 1.0], [119.37643432617188, 186.86749267578125, 1.0], [118.68605041503906, 208.90008544921875, 1.0], [146.9646759033203, 228.7698516845703, 1.0]], "is_left": 0}