{"hand_pts": [[121.45645141601562, 296.567626953125, 1.0], [138.22940063476562, 233.63784790039062, 1.0], [145.55955505371094, 185.78411865234375, 1.0], [164.26242065429688, 148.8405303955078, 1.0], [185.690185546875, 119.7792739868164, 1.0], [138.33029174804688, 193.35067749023438, 1.0], [145.25436401367188, 149.26454162597656, 1.0], [161.5489044189453, 120.55228424072266, 1.0], [179.57533264160156, 93.4980697631836, 1.0], [152.52650451660156, 224.3003692626953, 1.0], [175.7863006591797, 173.5812225341797, 1.0], [200.0595703125, 140.8230743408203, 1.0], [225.554443359375, 110.97998809814453, 1.0], [167.85110473632812, 249.18983459472656, 1.0], [194.9326934814453, 212.8614044189453, 1.0], [220.8672637939453, 188.5732421875, 1.0], [247.88986206054688, 164.61854553222656, 1.0], [181.46266174316406, 275.9905700683594, 1.0], [204.09930419921875, 257.1030578613281, 1.0], [224.18174743652344, 240.46681213378906, 1.0], [247.61746215820312, 218.6082763671875, 1.0]], "is_left": 0}