{"hand_pts": [[289.13232421875, 84.98242950439453, 1.0], [273.2698669433594, 109.23390197753906, 1.0], [291.83978271484375, 132.2221221923828, 1.0], [278.9824523925781, 162.9949951171875, 1.0], [241.9003448486328, 188.1028289794922, 1.0], [250.69241333007812, 184.20852661132812, 1.0], [214.8756561279297, 222.08705139160156, 1.0], [183.77471923828125, 239.16738891601562, 1.0], [150.4794464111328, 229.07598876953125, 1.0], [225.16278076171875, 183.78131103515625, 1.0], [164.67149353027344, 203.06422424316406, 1.0], [157.02886962890625, 170.69976806640625, 1.0], [161.695068359375, 137.77462768554688, 1.0], [201.729248046875, 178.07144165039062, 1.0], [156.4866943359375, 227.0334014892578, 1.0], [125.83890533447266, 220.4604034423828, 1.0], [95.32747650146484, 215.15403747558594, 1.0], [182.60678100585938, 165.31138610839844, 1.0], [130.18893432617188, 170.0352020263672, 1.0], [98.00582885742188, 163.89845275878906, 1.0], [103.7029037475586, 140.4960174560547, 1.0]], "is_left": 0}