{"hand_pts": [[52.97358322143555, 95.11219024658203, 1.0], [120.36841583251953, 120.9521484375, 1.0], [170.3634033203125, 118.34735107421875, 1.0], [227.1252899169922, 130.2565460205078, 1.0], [226.6060333251953, 141.587646484375, 1.0], [142.20382690429688, 205.15225219726562, 1.0], [217.42893981933594, 211.59658813476562, 1.0], [215.68788146972656, 176.7220458984375, 1.0], [173.24607849121094, 159.47775268554688, 1.0], [129.77536010742188, 205.78768920898438, 1.0], [165.25521850585938, 266.0344543457031, 1.0], [218.12722778320312, 278.8391418457031, 1.0], [267.98944091796875, 275.29022216796875, 1.0], [124.7510757446289, 200.86582946777344, 1.0], [196.46534729003906, 196.95921325683594, 1.0], [191.44471740722656, 162.74667358398438, 1.0], [183.16160583496094, 129.9486083984375, 1.0], [117.74642181396484, 188.47581481933594, 1.0], [164.220947265625, 182.99911499023438, 1.0], [195.52967834472656, 174.08900451660156, 1.0], [190.61416625976562, 147.96746826171875, 1.0]], "is_left": 0}