{"hand_pts": [[291.2130126953125, 280.4988708496094, 1.0], [260.29962158203125, 193.71470642089844, 1.0], [238.95303344726562, 136.66378784179688, 1.0], [241.04782104492188, 93.27715301513672, 1.0], [258.41387939453125, 123.4254150390625, 1.0], [133.48960876464844, 174.95175170898438, 1.0], [142.8410186767578, 118.5625228881836, 1.0], [195.40753173828125, 131.4409637451172, 1.0], [210.7229461669922, 169.52809143066406, 1.0], [123.6243896484375, 212.35342407226562, 1.0], [129.87596130371094, 152.15365600585938, 1.0], [192.06881713867188, 159.20037841796875, 1.0], [204.29498291015625, 190.93533325195312, 1.0], [124.32652282714844, 238.156982421875, 1.0], [131.33670043945312, 192.8875732421875, 1.0], [186.25390625, 197.14744567871094, 1.0], [192.0800018310547, 218.8561248779297, 1.0], [137.2724151611328, 264.05810546875, 1.0], [148.166748046875, 245.28656005859375, 1.0], [192.45970153808594, 239.082763671875, 1.0], [187.99513244628906, 250.88580322265625, 1.0]], "is_left": 0}