{"hand_pts": [[309.5101318359375, 56.4695930480957, 1.0], [231.31509399414062, 116.27075958251953, 1.0], [164.50778198242188, 137.94085693359375, 1.0], [144.74783325195312, 207.74366760253906, 1.0], [184.81607055664062, 233.5086669921875, 1.0], [118.56126403808594, 120.97590637207031, 1.0], [98.12226867675781, 207.94564819335938, 1.0], [146.0672607421875, 227.8897705078125, 1.0], [191.6262664794922, 195.4671630859375, 1.0], [146.27125549316406, 117.8187255859375, 1.0], [132.41348266601562, 221.29598999023438, 1.0], [181.6193084716797, 235.01986694335938, 1.0], [216.1197509765625, 193.0746307373047, 1.0], [173.9667205810547, 121.75759887695312, 1.0], [170.5213623046875, 217.8446807861328, 1.0], [212.52748107910156, 227.14694213867188, 1.0], [229.3959197998047, 182.4485321044922, 1.0], [209.9186248779297, 124.39688873291016, 1.0], [222.64137268066406, 184.9576416015625, 1.0], [250.06185913085938, 197.6102752685547, 1.0], [252.18223571777344, 160.78170776367188, 1.0]], "is_left": 0}