{"hand_pts": [[324.9352111816406, 181.99363708496094, 1.0], [238.97935485839844, 182.966552734375, 1.0], [169.52597045898438, 158.2544708251953, 1.0], [122.69539642333984, 185.02854919433594, 1.0], [144.460693359375, 221.97836303710938, 1.0], [157.4884490966797, 116.44355010986328, 1.0], [108.55512237548828, 160.0896759033203, 1.0], [134.61155700683594, 200.7705078125, 1.0], [180.61167907714844, 202.51622009277344, 1.0], [185.93280029296875, 122.61296081542969, 1.0], [144.787841796875, 181.20803833007812, 1.0], [175.2620849609375, 217.5066680908203, 1.0], [209.0973358154297, 205.49388122558594, 1.0], [209.4638214111328, 135.24911499023438, 1.0], [162.76504516601562, 176.17247009277344, 1.0], [177.32582092285156, 212.92340087890625, 1.0], [204.3057403564453, 205.25926208496094, 1.0], [238.47857666015625, 152.56336975097656, 1.0], [232.61007690429688, 196.68788146972656, 1.0], [247.11093139648438, 219.86044311523438, 1.0], [254.73236083984375, 195.04031372070312, 1.0]], "is_left": 0}