{"hand_pts": [[212.20558166503906, 41.20429992675781, 1.0], [209.54127502441406, 78.03758239746094, 1.0], [237.5183563232422, 93.23619842529297, 1.0], [229.82765197753906, 124.23411560058594, 1.0], [215.9930877685547, 154.43336486816406, 1.0], [253.65826416015625, 169.6724395751953, 1.0], [229.5609588623047, 208.91171264648438, 1.0], [190.59320068359375, 190.02505493164062, 1.0], [154.4633026123047, 168.33544921875, 1.0], [236.74258422851562, 181.01596069335938, 1.0], [229.26832580566406, 252.96913146972656, 1.0], [187.9758758544922, 259.43963623046875, 1.0], [148.8866729736328, 260.6440124511719, 1.0], [215.33297729492188, 185.90904235839844, 1.0], [143.98886108398438, 209.75230407714844, 1.0], [105.24800109863281, 189.37306213378906, 1.0], [74.00949096679688, 161.36431884765625, 1.0], [191.113037109375, 181.19668579101562, 1.0], [150.03329467773438, 216.7462615966797, 1.0], [125.6274185180664, 198.7213897705078, 1.0], [143.59678649902344, 167.00857543945312, 1.0]], "is_left": 0}