{"hand_pts": [[315.1481018066406, 105.15795135498047, 1.0], [284.8029479980469, 147.78587341308594, 1.0], [286.6374206542969, 195.71994018554688, 1.0], [271.1913757324219, 235.8976287841797, 1.0], [231.06040954589844, 252.226806640625, 1.0], [240.433837890625, 188.0928192138672, 1.0], [194.03076171875, 221.45022583007812, 1.0], [157.6903533935547, 231.02882385253906, 1.0], [121.95553588867188, 240.4929962158203, 1.0], [229.5125274658203, 164.94305419921875, 1.0], [165.74365234375, 198.44027709960938, 1.0], [127.4928207397461, 212.8898162841797, 1.0], [90.59102630615234, 227.6686553955078, 1.0], [220.4261474609375, 144.5943145751953, 1.0], [152.8362579345703, 160.17709350585938, 1.0], [118.4917221069336, 164.84188842773438, 1.0], [84.83102416992188, 169.4457244873047, 1.0], [216.78890991210938, 122.06361389160156, 1.0], [169.79000854492188, 125.27951049804688, 1.0], [141.07179260253906, 129.76954650878906, 1.0], [136.9569549560547, 135.72836303710938, 1.0]], "is_left": 0}