{"hand_pts": [[309.9078674316406, 257.1512756347656, 1.0], [237.27523803710938, 268.47552490234375, 1.0], [185.3618927001953, 292.9037780761719, 1.0], [134.50599670410156, 282.7953186035156, 1.0], [90.15916442871094, 268.1535339355469, 1.0], [192.90353393554688, 223.59454345703125, 1.0], [147.6355438232422, 195.47479248046875, 1.0], [122.2724838256836, 181.43482971191406, 1.0], [118.18627166748047, 179.32257080078125, 1.0], [223.9259490966797, 192.54409790039062, 1.0], [157.5755615234375, 165.83778381347656, 1.0], [139.38079833984375, 173.80470275878906, 1.0], [141.83604431152344, 188.40098571777344, 1.0], [247.49522399902344, 170.6977996826172, 1.0], [210.23153686523438, 123.10531616210938, 1.0], [196.025146484375, 128.37245178222656, 1.0], [203.47642517089844, 160.07928466796875, 1.0], [273.0003967285156, 155.59420776367188, 1.0], [250.0400848388672, 119.89168548583984, 1.0], [222.47874450683594, 109.40888214111328, 1.0], [191.77182006835938, 103.25677490234375, 1.0]], "is_left": 0}