{"hand_pts": [[48.87529373168945, 126.2774887084961, 1.0], [127.69829559326172, 162.46096801757812, 1.0], [184.56629943847656, 194.88592529296875, 1.0], [238.25140380859375, 193.48989868164062, 1.0], [244.00132751464844, 168.90957641601562, 1.0], [146.1171112060547, 249.3187713623047, 1.0], [215.00868225097656, 245.74945068359375, 1.0], [234.57212829589844, 201.80673217773438, 1.0], [216.71170043945312, 167.2071075439453, 1.0], [122.9774398803711, 227.2343292236328, 1.0], [200.08106994628906, 226.47682189941406, 1.0], [243.44790649414062, 191.78585815429688, 1.0], [248.96336364746094, 154.86016845703125, 1.0], [109.68464660644531, 202.80799865722656, 1.0], [168.83387756347656, 206.36122131347656, 1.0], [207.5737762451172, 176.91622924804688, 1.0], [215.99191284179688, 149.00477600097656, 1.0], [95.58435821533203, 173.01174926757812, 1.0], [139.26492309570312, 142.55718994140625, 1.0], [149.71824645996094, 117.54342651367188, 1.0], [123.7350845336914, 128.84019470214844, 1.0]], "is_left": 0}