{"hand_pts": [[299.85784912109375, 256.1549987792969, 1.0], [287.86468505859375, 216.0043182373047, 1.0], [291.23773193359375, 195.65823364257812, 1.0], [266.3753662109375, 172.21307373046875, 1.0], [225.55052185058594, 164.0667266845703, 1.0], [209.57211303710938, 207.23326110839844, 1.0], [167.82119750976562, 181.53109741210938, 1.0], [169.7575225830078, 163.24380493164062, 1.0], [173.98416137695312, 147.78887939453125, 1.0], [183.33815002441406, 217.98451232910156, 1.0], [155.78822326660156, 171.3724822998047, 1.0], [186.71450805664062, 161.77203369140625, 1.0], [221.8472442626953, 161.91473388671875, 1.0], [165.8636474609375, 223.9242706298828, 1.0], [112.72579193115234, 185.9790802001953, 1.0], [126.73824310302734, 167.1466827392578, 1.0], [148.9812774658203, 153.5205078125, 1.0], [157.6766357421875, 230.5750732421875, 1.0], [136.10023498535156, 206.76776123046875, 1.0], [148.04180908203125, 193.6123504638672, 1.0], [178.02227783203125, 187.435546875, 1.0]], "is_left": 0}