{"hand_pts": [[38.941104888916016, 149.41217041015625, 1.0], [91.94700622558594, 109.8809585571289, 1.0], [125.20030975341797, 72.06838989257812, 1.0], [165.9738311767578, 102.73880767822266, 1.0], [184.0642852783203, 148.76222229003906, 1.0], [147.94825744628906, 138.26077270507812, 1.0], [203.26522827148438, 134.290771484375, 1.0], [222.2349395751953, 130.36141967773438, 1.0], [236.84078979492188, 127.8177261352539, 1.0], [145.73385620117188, 183.711181640625, 1.0], [203.40902709960938, 209.9583740234375, 1.0], [228.1905517578125, 201.93524169921875, 1.0], [216.9620361328125, 183.08035278320312, 1.0], [144.3361053466797, 217.08555603027344, 1.0], [201.0065460205078, 241.50775146484375, 1.0], [209.99256896972656, 234.89720153808594, 1.0], [184.84010314941406, 210.3607940673828, 1.0], [137.435791015625, 244.43397521972656, 1.0], [178.96397399902344, 266.81951904296875, 1.0], [203.5673828125, 264.2579345703125, 1.0], [199.25045776367188, 239.1057891845703, 1.0]], "is_left": 0}