{"hand_pts": [[201.42071533203125, 312.54071044921875, 1.0], [169.51214599609375, 285.31427001953125, 1.0], [111.68412017822266, 275.3091735839844, 1.0], [111.01174926757812, 237.34718322753906, 1.0], [160.7189483642578, 212.1269073486328, 1.0], [112.35067749023438, 188.8782196044922, 1.0], [117.8648910522461, 151.04441833496094, 1.0], [158.94869995117188, 182.16885375976562, 1.0], [174.4210968017578, 215.91604614257812, 1.0], [143.85629272460938, 174.393310546875, 1.0], [142.73226928710938, 109.9189453125, 1.0], [172.60470581054688, 118.65701293945312, 1.0], [204.25469970703125, 152.70021057128906, 1.0], [175.10313415527344, 168.2469024658203, 1.0], [225.62353515625, 144.03846740722656, 1.0], [255.6962127685547, 181.24237060546875, 1.0], [271.5084228515625, 226.52294921875, 1.0], [208.8787384033203, 172.1643524169922, 1.0], [245.3189239501953, 147.77511596679688, 1.0], [270.28924560546875, 164.42947387695312, 1.0], [266.4786376953125, 205.15773010253906, 1.0]], "is_left": 0}