{"hand_pts": [[324.7857360839844, 224.70669555664062, 1.0], [288.1112976074219, 237.59573364257812, 1.0], [267.9231262207031, 251.70054626464844, 1.0], [237.31570434570312, 261.2900390625, 1.0], [215.1304168701172, 257.4483642578125, 1.0], [219.5809783935547, 199.57423400878906, 1.0], [163.3089599609375, 191.58909606933594, 1.0], [125.09487915039062, 186.56689453125, 1.0], [86.11334228515625, 177.53515625, 1.0], [217.62289428710938, 180.73031616210938, 1.0], [145.83828735351562, 144.1886749267578, 1.0], [110.8193359375, 144.62567138671875, 1.0], [108.3965072631836, 163.644287109375, 1.0], [218.4480743408203, 169.51797485351562, 1.0], [149.1588134765625, 139.5247039794922, 1.0], [111.46630096435547, 132.27947998046875, 1.0], [87.99021911621094, 138.65997314453125, 1.0], [226.19398498535156, 163.36782836914062, 1.0], [211.38023376464844, 166.83412170410156, 1.0], [230.43589782714844, 185.77423095703125, 1.0], [254.50949096679688, 196.96133422851562, 1.0]], "is_left": 0}