{"hand_pts": [[94.42800903320312, 113.89911651611328, 1.0], [92.14891052246094, 172.81101989746094, 1.0], [77.07427978515625, 219.92822265625, 1.0], [96.8589096069336, 243.20785522460938, 1.0], [121.80874633789062, 252.013916015625, 1.0], [163.2555694580078, 184.2539825439453, 1.0], [150.02134704589844, 228.39724731445312, 1.0], [120.25847625732422, 232.7047882080078, 1.0], [95.8172378540039, 216.1255340576172, 1.0], [191.0876007080078, 152.72938537597656, 1.0], [229.64813232421875, 184.39503479003906, 1.0], [225.40724182128906, 206.800048828125, 1.0], [184.66058349609375, 213.80987548828125, 1.0], [209.16653442382812, 128.9927520751953, 1.0], [250.62277221679688, 160.68446350097656, 1.0], [239.616943359375, 183.04373168945312, 1.0], [216.7349395751953, 202.8053741455078, 1.0], [218.83087158203125, 105.32025146484375, 1.0], [260.9896240234375, 111.99285888671875, 1.0], [272.6441650390625, 128.03724670410156, 1.0], [237.14385986328125, 149.59678649902344, 1.0]], "is_left": 0}