{"hand_pts": [[314.08673095703125, 139.1012420654297, 1.0], [285.53985595703125, 182.90890502929688, 1.0], [287.9080505371094, 223.31858825683594, 1.0], [273.9112854003906, 265.2735595703125, 1.0], [250.36195373535156, 304.9371643066406, 1.0], [224.84339904785156, 139.97789001464844, 1.0], [175.34268188476562, 163.2559814453125, 1.0], [164.6253204345703, 199.1854248046875, 1.0], [170.60044860839844, 223.06378173828125, 1.0], [205.4466094970703, 118.51971435546875, 1.0], [159.67434692382812, 183.90858459472656, 1.0], [170.16110229492188, 221.96604919433594, 1.0], [201.15908813476562, 238.55528259277344, 1.0], [190.75149536132812, 109.15338897705078, 1.0], [128.2026824951172, 151.00245666503906, 1.0], [107.00811767578125, 186.89337158203125, 1.0], [133.0740203857422, 209.22230529785156, 1.0], [183.64915466308594, 104.5474624633789, 1.0], [138.4862060546875, 108.68672180175781, 1.0], [127.04659271240234, 140.8188934326172, 1.0], [118.4780502319336, 175.34378051757812, 1.0]], "is_left": 0}