{"hand_pts": [[303.7922668457031, 299.0119934082031, 1.0], [232.30409240722656, 276.9029235839844, 1.0], [177.14508056640625, 268.6265563964844, 1.0], [125.08545684814453, 244.5430450439453, 1.0], [105.06167602539062, 216.63307189941406, 1.0], [191.7263946533203, 192.90330505371094, 1.0], [143.8834686279297, 139.27655029296875, 1.0], [114.81795501708984, 118.31430053710938, 1.0], [93.74169158935547, 110.7532730102539, 1.0], [223.2787628173828, 182.6103057861328, 1.0], [162.57684326171875, 140.82037353515625, 1.0], [147.07167053222656, 162.59109497070312, 1.0], [138.64492797851562, 188.65313720703125, 1.0], [246.60867309570312, 179.4386749267578, 1.0], [203.17083740234375, 156.71571350097656, 1.0], [201.83445739746094, 187.3399658203125, 1.0], [220.2694091796875, 220.78201293945312, 1.0], [271.25775146484375, 184.78953552246094, 1.0], [246.09829711914062, 154.6055450439453, 1.0], [231.7449951171875, 172.62979125976562, 1.0], [231.24801635742188, 203.66778564453125, 1.0]], "is_left": 0}