{"hand_pts": [[200.1125946044922, 310.7587585449219, 1.0], [200.46961975097656, 280.688232421875, 1.0], [181.3155975341797, 277.7461242675781, 1.0], [180.43394470214844, 225.20542907714844, 1.0], [183.14329528808594, 176.6559600830078, 1.0], [129.0635528564453, 209.20211791992188, 1.0], [168.7608184814453, 194.02496337890625, 1.0], [202.06231689453125, 220.33026123046875, 1.0], [201.2925262451172, 242.12100219726562, 1.0], [131.62106323242188, 191.05543518066406, 1.0], [187.27255249023438, 160.1803741455078, 1.0], [230.45135498046875, 158.1400146484375, 1.0], [272.0589294433594, 181.36936950683594, 1.0], [142.05819702148438, 178.2694091796875, 1.0], [189.70944213867188, 132.45584106445312, 1.0], [222.54251098632812, 165.14120483398438, 1.0], [221.1037139892578, 205.1148223876953, 1.0], [158.5793914794922, 173.47691345214844, 1.0], [144.21107482910156, 121.98193359375, 1.0], [155.41412353515625, 94.25729370117188, 1.0], [184.66268920898438, 111.76123046875, 1.0]], "is_left": 0}