{"hand_pts": [[64.4077377319336, 275.642578125, 1.0], [133.60769653320312, 273.38946533203125, 1.0], [195.89181518554688, 284.499267578125, 1.0], [238.3650665283203, 261.787841796875, 1.0], [271.8667297363281, 235.50439453125, 1.0], [154.86636352539062, 204.1611785888672, 1.0], [191.72564697265625, 170.77122497558594, 1.0], [228.14443969726562, 158.4919891357422, 1.0], [262.26568603515625, 145.73072814941406, 1.0], [129.11917114257812, 184.069580078125, 1.0], [198.02757263183594, 160.53591918945312, 1.0], [235.2609100341797, 178.31272888183594, 1.0], [258.27777099609375, 206.95773315429688, 1.0], [111.39360046386719, 172.65109252929688, 1.0], [167.66506958007812, 137.16001892089844, 1.0], [204.31011962890625, 127.98248291015625, 1.0], [227.56869506835938, 156.2010040283203, 1.0], [92.57962036132812, 168.86654663085938, 1.0], [110.96044921875, 131.70445251464844, 1.0], [140.156494140625, 151.41961669921875, 1.0], [134.02767944335938, 182.6564483642578, 1.0]], "is_left": 0}