{"hand_pts": [[342.8350830078125, 279.95062255859375, 1.0], [276.0994567871094, 267.3706359863281, 1.0], [232.7980194091797, 279.7680358886719, 1.0], [188.04190063476562, 264.5091857910156, 1.0], [171.39718627929688, 213.06715393066406, 1.0], [183.54693603515625, 263.4582214355469, 1.0], [120.5096206665039, 219.51901245117188, 1.0], [110.75438690185547, 178.69166564941406, 1.0], [143.8444061279297, 163.6616973876953, 1.0], [199.2919158935547, 239.31446838378906, 1.0], [132.99168395996094, 180.6576690673828, 1.0], [129.47279357910156, 146.0451202392578, 1.0], [157.1619873046875, 133.6989288330078, 1.0], [215.53369140625, 215.81690979003906, 1.0], [171.1023712158203, 139.9634246826172, 1.0], [190.3485107421875, 119.65788269042969, 1.0], [222.846435546875, 131.00367736816406, 1.0], [239.63880920410156, 195.0916748046875, 1.0], [213.7400360107422, 141.40838623046875, 1.0], [206.31005859375, 106.98605346679688, 1.0], [214.73773193359375, 91.17626953125, 1.0]], "is_left": 0}