{"hand_pts": [[214.0222930908203, 58.87407302856445, 1.0], [226.3023681640625, 131.04779052734375, 1.0], [247.34573364257812, 185.98648071289062, 1.0], [197.96580505371094, 217.6349334716797, 1.0], [144.6978302001953, 226.8358917236328, 1.0], [270.85833740234375, 173.88392639160156, 1.0], [214.01480102539062, 222.19570922851562, 1.0], [169.482666015625, 227.3010711669922, 1.0], [156.939453125, 196.09043884277344, 1.0], [245.14273071289062, 148.68020629882812, 1.0], [233.0098876953125, 206.852783203125, 1.0], [200.69972229003906, 248.39002990722656, 1.0], [161.999267578125, 277.2904357910156, 1.0], [217.86985778808594, 129.6917266845703, 1.0], [161.259521484375, 190.8907928466797, 1.0], [122.65804290771484, 214.88645935058594, 1.0], [104.05046844482422, 209.19253540039062, 1.0], [188.7073974609375, 107.73786926269531, 1.0], [130.35504150390625, 128.82484436035156, 1.0], [128.257568359375, 119.5931167602539, 1.0], [153.3282012939453, 103.88290405273438, 1.0]], "is_left": 0}