{"hand_pts": [[22.89954376220703, 252.6996307373047, 1.0], [79.46134948730469, 243.4857177734375, 1.0], [121.34516906738281, 257.36187744140625, 1.0], [166.84217834472656, 254.57225036621094, 1.0], [202.26705932617188, 221.71170043945312, 1.0], [170.44044494628906, 243.25357055664062, 1.0], [205.42227172851562, 198.3712158203125, 1.0], [189.85096740722656, 171.17869567871094, 1.0], [151.06427001953125, 168.17813110351562, 1.0], [158.21615600585938, 223.43617248535156, 1.0], [224.41583251953125, 184.53749084472656, 1.0], [255.0703887939453, 153.04208374023438, 1.0], [263.8804626464844, 123.25284576416016, 1.0], [144.7888946533203, 204.31298828125, 1.0], [207.51181030273438, 168.79910278320312, 1.0], [238.25367736816406, 143.86257934570312, 1.0], [245.82522583007812, 120.05404663085938, 1.0], [123.9738998413086, 187.3829803466797, 1.0], [158.4437713623047, 153.9807891845703, 1.0], [161.83738708496094, 136.1312255859375, 1.0], [159.99581909179688, 123.4782485961914, 1.0]], "is_left": 0}