{"hand_pts": [[307.1209716796875, 119.30609893798828, 1.0], [292.3827819824219, 147.61924743652344, 1.0], [298.7264404296875, 191.87857055664062, 1.0], [265.27880859375, 221.7129364013672, 1.0], [223.02972412109375, 238.7559356689453, 1.0], [207.5705108642578, 233.71835327148438, 1.0], [160.0605010986328, 237.35569763183594, 1.0], [171.22848510742188, 195.1223907470703, 1.0], [186.1157684326172, 152.2332000732422, 1.0], [180.9420623779297, 220.97731018066406, 1.0], [118.90959930419922, 266.94879150390625, 1.0], [129.4679718017578, 229.63243103027344, 1.0], [158.72671508789062, 185.56883239746094, 1.0], [163.65370178222656, 203.14691162109375, 1.0], [146.6795654296875, 164.97250366210938, 1.0], [183.1781768798828, 124.81548309326172, 1.0], [222.77511596679688, 87.09098815917969, 1.0], [155.74951171875, 178.55023193359375, 1.0], [123.3479995727539, 150.3790283203125, 1.0], [142.552490234375, 116.5964584350586, 1.0], [178.23707580566406, 88.28134155273438, 1.0]], "is_left": 0}