{"hand_pts": [[186.28074645996094, 293.8861999511719, 1.0], [149.1738739013672, 243.79977416992188, 1.0], [96.4176025390625, 224.4651641845703, 1.0], [87.75016021728516, 188.1781768798828, 1.0], [126.65997314453125, 164.15792846679688, 1.0], [147.9059295654297, 234.57740783691406, 1.0], [138.6313934326172, 164.58517456054688, 1.0], [137.1724853515625, 119.38902282714844, 1.0], [137.68154907226562, 76.60096740722656, 1.0], [184.53038024902344, 239.71824645996094, 1.0], [196.62742614746094, 193.462646484375, 1.0], [200.1912841796875, 141.2274627685547, 1.0], [194.9939727783203, 106.08247375488281, 1.0], [213.63064575195312, 239.07484436035156, 1.0], [227.93238830566406, 158.35110473632812, 1.0], [219.63790893554688, 157.1743621826172, 1.0], [208.22120666503906, 201.00689697265625, 1.0], [240.14434814453125, 239.77381896972656, 1.0], [265.74212646484375, 219.6797332763672, 1.0], [269.5809326171875, 184.3057861328125, 1.0], [247.39198303222656, 162.29615783691406, 1.0]], "is_left": 0}