{"hand_pts": [[246.8655242919922, 233.4451446533203, 1.0], [197.96438598632812, 254.724609375, 1.0], [132.49851989746094, 274.016357421875, 1.0], [101.9862060546875, 287.9130554199219, 1.0], [109.00077056884766, 292.90509033203125, 1.0], [151.45648193359375, 178.05845642089844, 1.0], [140.2593231201172, 191.53358459472656, 1.0], [152.71353149414062, 221.5299530029297, 1.0], [166.47328186035156, 249.94088745117188, 1.0], [191.06326293945312, 159.269287109375, 1.0], [185.12937927246094, 170.8352508544922, 1.0], [185.75607299804688, 190.75238037109375, 1.0], [185.8382568359375, 207.79684448242188, 1.0], [226.2424774169922, 152.91929626464844, 1.0], [207.6245880126953, 116.88143157958984, 1.0], [200.9042205810547, 110.36527252197266, 1.0], [195.00120544433594, 106.84227752685547, 1.0], [262.5329895019531, 154.19711303710938, 1.0], [250.1325225830078, 127.6221694946289, 1.0], [243.1552734375, 133.23106384277344, 1.0], [235.1443328857422, 149.78762817382812, 1.0]], "is_left": 0}