{"hand_pts": [[5.718212604522705, 291.25494384765625, 1.0], [73.68311309814453, 269.01983642578125, 1.0], [106.10356903076172, 273.2352294921875, 1.0], [162.71673583984375, 263.4032287597656, 1.0], [189.86093139648438, 248.4467010498047, 1.0], [142.22315979003906, 168.80104064941406, 1.0], [221.8809051513672, 135.63722229003906, 1.0], [227.4453125, 167.19400024414062, 1.0], [189.5625762939453, 204.11514282226562, 1.0], [139.16482543945312, 156.54220581054688, 1.0], [230.84242248535156, 135.6986083984375, 1.0], [233.86611938476562, 176.7773895263672, 1.0], [191.07400512695312, 223.2357177734375, 1.0], [137.59893798828125, 153.3677978515625, 1.0], [229.9334259033203, 117.01750946044922, 1.0], [243.47996520996094, 147.81752014160156, 1.0], [209.9629669189453, 193.259033203125, 1.0], [128.6894073486328, 160.8004608154297, 1.0], [184.1709747314453, 136.20382690429688, 1.0], [203.1520538330078, 155.89598083496094, 1.0], [181.60679626464844, 193.00009155273438, 1.0]], "is_left": 0}