{"hand_pts": [[262.99365234375, 68.17322540283203, 1.0], [253.6637725830078, 78.6068115234375, 1.0], [273.8408203125, 66.0704574584961, 1.0], [233.49069213867188, 95.88985443115234, 1.0], [186.271728515625, 129.48863220214844, 1.0], [253.61508178710938, 155.95790100097656, 1.0], [203.38417053222656, 185.67344665527344, 1.0], [174.17352294921875, 178.71730041503906, 1.0], [169.10549926757812, 154.2217254638672, 1.0], [229.6490936279297, 183.22068786621094, 1.0], [187.5083770751953, 240.37942504882812, 1.0], [158.38198852539062, 231.1634979248047, 1.0], [165.525146484375, 195.1586456298828, 1.0], [206.71951293945312, 201.0364990234375, 1.0], [157.9803009033203, 249.2998046875, 1.0], [145.9613800048828, 224.421630859375, 1.0], [154.9188232421875, 189.41943359375, 1.0], [186.09669494628906, 210.0683135986328, 1.0], [140.07012939453125, 239.43077087402344, 1.0], [116.60652160644531, 235.25381469726562, 1.0], [111.94156646728516, 209.7491912841797, 1.0]], "is_left": 0}