{"hand_pts": [[280.69146728515625, 295.8302917480469, 1.0], [225.7091522216797, 287.9576110839844, 1.0], [193.60260009765625, 292.2544860839844, 1.0], [166.2392120361328, 253.92616271972656, 1.0], [163.11131286621094, 207.8728485107422, 1.0], [217.6496124267578, 216.86410522460938, 1.0], [158.67691040039062, 198.6011962890625, 1.0], [135.62962341308594, 209.48448181152344, 1.0], [136.61129760742188, 233.42189025878906, 1.0], [233.9698028564453, 193.6873016357422, 1.0], [171.59474182128906, 152.0179901123047, 1.0], [147.3330078125, 177.6988067626953, 1.0], [163.09959411621094, 211.33743286132812, 1.0], [242.36798095703125, 179.32322692871094, 1.0], [195.73402404785156, 120.26232147216797, 1.0], [158.58050537109375, 122.20967864990234, 1.0], [134.10707092285156, 144.3087158203125, 1.0], [250.8892059326172, 173.6096649169922, 1.0], [227.2622528076172, 130.7014923095703, 1.0], [201.358642578125, 106.59142303466797, 1.0], [166.33062744140625, 96.2287368774414, 1.0]], "is_left": 0}