{"hand_pts": [[294.5861511230469, 222.21438598632812, 1.0], [293.8882751464844, 209.5009002685547, 1.0], [303.8499755859375, 194.06332397460938, 1.0], [282.3708190917969, 182.02149963378906, 1.0], [246.52297973632812, 174.4566650390625, 1.0], [210.26881408691406, 156.0592041015625, 1.0], [173.1489715576172, 148.01126098632812, 1.0], [170.00221252441406, 162.54454040527344, 1.0], [183.74668884277344, 187.22079467773438, 1.0], [182.1837158203125, 163.1578826904297, 1.0], [127.7609634399414, 146.451171875, 1.0], [153.30201721191406, 173.37164306640625, 1.0], [184.52838134765625, 200.63751220703125, 1.0], [165.56736755371094, 173.87396240234375, 1.0], [132.70355224609375, 185.81280517578125, 1.0], [165.4846649169922, 212.15684509277344, 1.0], [207.1918487548828, 234.67955017089844, 1.0], [159.31451416015625, 188.79823303222656, 1.0], [120.29064178466797, 190.7744598388672, 1.0], [114.45307159423828, 202.09861755371094, 1.0], [136.04638671875, 219.53807067871094, 1.0]], "is_left": 0}