{"hand_pts": [[67.94876861572266, 294.5682678222656, 1.0], [136.86119079589844, 291.3448486328125, 1.0], [184.2083282470703, 286.998779296875, 1.0], [209.75906372070312, 249.7451171875, 1.0], [213.70457458496094, 209.1076202392578, 1.0], [203.50079345703125, 248.19691467285156, 1.0], [249.72386169433594, 217.74844360351562, 1.0], [257.36492919921875, 195.8070068359375, 1.0], [243.69290161132812, 182.1358184814453, 1.0], [167.98019409179688, 216.36495971679688, 1.0], [207.4268341064453, 171.39866638183594, 1.0], [202.79910278320312, 165.14564514160156, 1.0], [191.33238220214844, 167.1870880126953, 1.0], [136.65982055664062, 191.1908416748047, 1.0], [178.490966796875, 144.78451538085938, 1.0], [186.7987518310547, 128.04539489746094, 1.0], [180.66482543945312, 130.80360412597656, 1.0], [101.46415710449219, 172.4772491455078, 1.0], [118.96055603027344, 132.29942321777344, 1.0], [128.2438507080078, 116.97819519042969, 1.0], [138.08026123046875, 106.53057861328125, 1.0]], "is_left": 0}