{"hand_pts": [[341.04632568359375, 137.98269653320312, 1.0], [294.27410888671875, 193.07777404785156, 1.0], [269.8621826171875, 237.77256774902344, 1.0], [229.21145629882812, 251.1756591796875, 1.0], [192.8444366455078, 252.84657287597656, 1.0], [203.9539794921875, 194.72950744628906, 1.0], [171.76797485351562, 228.10842895507812, 1.0], [191.38084411621094, 235.9870147705078, 1.0], [220.87112426757812, 233.695068359375, 1.0], [204.77899169921875, 159.78408813476562, 1.0], [141.23109436035156, 181.2407989501953, 1.0], [107.99064636230469, 197.7135467529297, 1.0], [109.76090240478516, 216.39889526367188, 1.0], [209.54124450683594, 134.34765625, 1.0], [146.50247192382812, 126.08394622802734, 1.0], [140.5170440673828, 144.92385864257812, 1.0], [135.6177215576172, 163.15774536132812, 1.0], [222.6590118408203, 110.880859375, 1.0], [181.48500061035156, 116.87495422363281, 1.0], [177.3446044921875, 134.9439697265625, 1.0], [177.73211669921875, 155.33799743652344, 1.0]], "is_left": 0}