{"hand_pts": [[139.32675170898438, 22.97248077392578, 1.0], [137.59365844726562, 84.59272766113281, 1.0], [107.53575897216797, 115.44824981689453, 1.0], [148.47964477539062, 156.89306640625, 1.0], [203.1310577392578, 163.94076538085938, 1.0], [91.079833984375, 196.5548095703125, 1.0], [140.79237365722656, 245.27178955078125, 1.0], [183.28475952148438, 218.6547088623047, 1.0], [193.80496215820312, 171.43914794921875, 1.0], [114.96192169189453, 194.862548828125, 1.0], [183.3336181640625, 251.22372436523438, 1.0], [220.0198974609375, 215.5366973876953, 1.0], [211.3755645751953, 164.19232177734375, 1.0], [141.4744110107422, 189.2010955810547, 1.0], [213.80807495117188, 239.27130126953125, 1.0], [242.70738220214844, 205.91668701171875, 1.0], [223.2000732421875, 162.7305145263672, 1.0], [169.61053466796875, 173.220703125, 1.0], [226.922119140625, 197.27783203125, 1.0], [249.98565673828125, 174.7034149169922, 1.0], [223.96311950683594, 143.17457580566406, 1.0]], "is_left": 0}