{"hand_pts": [[281.91595458984375, 54.76884460449219, 1.0], [224.2465362548828, 103.02400207519531, 1.0], [171.11671447753906, 130.59210205078125, 1.0], [149.9093475341797, 186.86328125, 1.0], [152.71060180664062, 236.2169647216797, 1.0], [149.06101989746094, 114.40318298339844, 1.0], [112.21916961669922, 177.37457275390625, 1.0], [123.58470916748047, 223.8140411376953, 1.0], [147.80224609375, 261.3463439941406, 1.0], [179.53256225585938, 114.45891571044922, 1.0], [139.37669372558594, 176.9481658935547, 1.0], [152.56898498535156, 225.78048706054688, 1.0], [170.33070373535156, 265.1821594238281, 1.0], [208.0448760986328, 119.27144622802734, 1.0], [179.41644287109375, 190.76502990722656, 1.0], [196.4413604736328, 225.81216430664062, 1.0], [218.21383666992188, 245.84632873535156, 1.0], [240.91928100585938, 122.14248657226562, 1.0], [253.47621154785156, 176.47811889648438, 1.0], [269.4250793457031, 204.24851989746094, 1.0], [274.0064697265625, 190.38742065429688, 1.0]], "is_left": 0}