{"hand_pts": [[311.4202575683594, 196.45562744140625, 1.0], [242.258056640625, 237.28366088867188, 1.0], [206.44483947753906, 290.8519592285156, 1.0], [147.50335693359375, 273.3775329589844, 1.0], [145.29763793945312, 220.5748291015625, 1.0], [209.4726104736328, 250.3319549560547, 1.0], [134.44203186035156, 232.29212951660156, 1.0], [130.135009765625, 215.27755737304688, 1.0], [167.6858673095703, 212.13934326171875, 1.0], [222.56497192382812, 205.86851501464844, 1.0], [143.35464477539062, 164.80349731445312, 1.0], [165.91445922851562, 167.76596069335938, 1.0], [211.74693298339844, 190.2861328125, 1.0], [229.37843322753906, 168.72959899902344, 1.0], [154.5395965576172, 121.57195281982422, 1.0], [159.94622802734375, 125.40291595458984, 1.0], [197.80557250976562, 153.31292724609375, 1.0], [239.18307495117188, 133.8428955078125, 1.0], [194.82217407226562, 94.80860900878906, 1.0], [190.8211212158203, 100.64875793457031, 1.0], [219.1868896484375, 131.5051727294922, 1.0]], "is_left": 0}