{"hand_pts": [[192.3809814453125, 214.21726989746094, 1.0], [135.44187927246094, 184.124267578125, 1.0], [76.95233154296875, 173.07254028320312, 1.0], [86.35820770263672, 188.1060333251953, 1.0], [132.5901641845703, 206.8522491455078, 1.0], [157.3928985595703, 124.2663803100586, 1.0], [133.12930297851562, 128.42686462402344, 1.0], [117.41169738769531, 148.80889892578125, 1.0], [105.96961975097656, 176.81776428222656, 1.0], [202.33978271484375, 148.1697540283203, 1.0], [195.81573486328125, 169.96810913085938, 1.0], [183.600341796875, 192.7589111328125, 1.0], [170.0586395263672, 216.0076141357422, 1.0], [233.49444580078125, 172.119873046875, 1.0], [248.91038513183594, 175.83929443359375, 1.0], [242.4469757080078, 190.84979248046875, 1.0], [217.52719116210938, 209.34657287597656, 1.0], [259.480712890625, 198.8512725830078, 1.0], [266.981689453125, 211.74827575683594, 1.0], [261.3788146972656, 225.57662963867188, 1.0], [240.564453125, 240.99111938476562, 1.0]], "is_left": 0}