{"hand_pts": [[48.30668258666992, 171.36228942871094, 1.0], [77.85857391357422, 200.13555908203125, 1.0], [88.67576599121094, 221.84555053710938, 1.0], [133.31930541992188, 223.23419189453125, 1.0], [155.47903442382812, 206.0745391845703, 1.0], [136.0626220703125, 152.2144012451172, 1.0], [165.14996337890625, 196.9557647705078, 1.0], [154.00997924804688, 225.31533813476562, 1.0], [146.3281707763672, 254.81466674804688, 1.0], [151.8897247314453, 141.41896057128906, 1.0], [209.39346313476562, 139.74378967285156, 1.0], [242.17942810058594, 162.0026397705078, 1.0], [265.6945495605469, 193.37188720703125, 1.0], [163.84519958496094, 140.21861267089844, 1.0], [225.9815216064453, 153.13812255859375, 1.0], [228.7559814453125, 190.7391815185547, 1.0], [199.9638671875, 207.40086364746094, 1.0], [168.95223999023438, 143.44171142578125, 1.0], [213.3404998779297, 158.04946899414062, 1.0], [241.85861206054688, 174.50613403320312, 1.0], [261.46343994140625, 203.16744995117188, 1.0]], "is_left": 0}