{"hand_pts": [[259.5770568847656, 244.97593688964844, 1.0], [265.29541015625, 181.62432861328125, 1.0], [297.7656555175781, 139.7969512939453, 1.0], [268.0981750488281, 101.79854583740234, 1.0], [218.27655029296875, 105.27190399169922, 1.0], [242.6320343017578, 213.4036407470703, 1.0], [206.08299255371094, 165.50140380859375, 1.0], [193.60293579101562, 136.41322326660156, 1.0], [202.03619384765625, 138.8318634033203, 1.0], [207.9337158203125, 244.29510498046875, 1.0], [156.85592651367188, 188.023193359375, 1.0], [158.7506866455078, 154.6019744873047, 1.0], [186.4897918701172, 158.03411865234375, 1.0], [179.17535400390625, 261.49755859375, 1.0], [122.14521789550781, 219.05926513671875, 1.0], [123.33281707763672, 186.29978942871094, 1.0], [152.70103454589844, 182.2275390625, 1.0], [155.2670135498047, 274.5749816894531, 1.0], [110.4403305053711, 250.10023498535156, 1.0], [112.74795532226562, 220.23130798339844, 1.0], [147.32391357421875, 214.98712158203125, 1.0]], "is_left": 0}