{"hand_pts": [[298.4766845703125, 222.29200744628906, 1.0], [237.35595703125, 247.3112335205078, 1.0], [199.80838012695312, 285.76300048828125, 1.0], [168.70944213867188, 293.2307434082031, 1.0], [157.81201171875, 269.26361083984375, 1.0], [173.99481201171875, 191.558837890625, 1.0], [139.73297119140625, 198.31646728515625, 1.0], [145.44998168945312, 219.47427368164062, 1.0], [154.72018432617188, 239.8883819580078, 1.0], [198.78292846679688, 162.2076873779297, 1.0], [151.8891143798828, 156.67221069335938, 1.0], [142.56756591796875, 179.1824951171875, 1.0], [150.22061157226562, 211.45901489257812, 1.0], [220.65274047851562, 144.47024536132812, 1.0], [179.19056701660156, 100.5841293334961, 1.0], [156.10195922851562, 92.25788116455078, 1.0], [134.2790069580078, 86.98334503173828, 1.0], [246.6685028076172, 133.6269989013672, 1.0], [236.52566528320312, 134.04248046875, 1.0], [243.80438232421875, 162.89263916015625, 1.0], [255.06800842285156, 183.91775512695312, 1.0]], "is_left": 0}