{"hand_pts": [[272.23291015625, 277.8082580566406, 1.0], [272.82891845703125, 222.7766571044922, 1.0], [297.0462951660156, 183.4793701171875, 1.0], [272.74371337890625, 146.0470428466797, 1.0], [215.78594970703125, 144.76443481445312, 1.0], [266.35894775390625, 187.03683471679688, 1.0], [224.474853515625, 143.54893493652344, 1.0], [193.29769897460938, 135.3416290283203, 1.0], [185.00669860839844, 152.45213317871094, 1.0], [232.79161071777344, 207.85252380371094, 1.0], [164.26040649414062, 167.4568328857422, 1.0], [129.06228637695312, 154.5296173095703, 1.0], [136.6783447265625, 163.835205078125, 1.0], [202.4344024658203, 224.0864715576172, 1.0], [127.88232421875, 188.1798095703125, 1.0], [113.60159301757812, 188.00253295898438, 1.0], [141.7293243408203, 203.98208618164062, 1.0], [175.39744567871094, 242.6819610595703, 1.0], [121.75257110595703, 221.20986938476562, 1.0], [103.17366027832031, 211.68017578125, 1.0], [122.86505126953125, 216.03103637695312, 1.0]], "is_left": 0}