{"hand_pts": [[311.8679504394531, 247.08152770996094, 1.0], [287.1543273925781, 208.44615173339844, 1.0], [288.7398376464844, 177.76976013183594, 1.0], [239.7638397216797, 151.54615783691406, 1.0], [195.52557373046875, 147.94717407226562, 1.0], [209.52328491210938, 224.4571533203125, 1.0], [171.68487548828125, 175.88937377929688, 1.0], [186.04351806640625, 150.8383026123047, 1.0], [208.96591186523438, 137.9755401611328, 1.0], [189.60787963867188, 234.88014221191406, 1.0], [121.24200439453125, 186.15316772460938, 1.0], [138.9449920654297, 153.37388610839844, 1.0], [178.1049346923828, 140.1197052001953, 1.0], [176.41029357910156, 237.91671752929688, 1.0], [110.94883728027344, 194.1099853515625, 1.0], [133.24717712402344, 167.08042907714844, 1.0], [175.80650329589844, 182.67025756835938, 1.0], [172.13954162597656, 239.4352264404297, 1.0], [141.79806518554688, 201.08091735839844, 1.0], [172.34510803222656, 187.19000244140625, 1.0], [205.7289581298828, 208.80398559570312, 1.0]], "is_left": 0}