{"hand_pts": [[297.8340148925781, 254.2033233642578, 1.0], [223.57412719726562, 233.3327178955078, 1.0], [163.00628662109375, 234.99200439453125, 1.0], [126.90272521972656, 205.19056701660156, 1.0], [105.2904052734375, 172.54737854003906, 1.0], [169.36624145507812, 233.00439453125, 1.0], [125.06022644042969, 195.06138610839844, 1.0], [128.6616668701172, 166.274658203125, 1.0], [143.75840759277344, 145.55572509765625, 1.0], [206.12490844726562, 222.76319885253906, 1.0], [155.13934326171875, 197.83999633789062, 1.0], [123.81893920898438, 168.3939666748047, 1.0], [103.52730560302734, 136.47386169433594, 1.0], [236.89125061035156, 210.6207275390625, 1.0], [209.10935974121094, 176.9633331298828, 1.0], [190.47206115722656, 145.29254150390625, 1.0], [185.75279235839844, 131.72402954101562, 1.0], [270.6455993652344, 199.80931091308594, 1.0], [277.3028564453125, 157.46388244628906, 1.0], [281.0245361328125, 161.81997680664062, 1.0], [279.2144775390625, 184.57244873046875, 1.0]], "is_left": 0}