{"hand_pts": [[286.9744567871094, 203.05215454101562, 1.0], [245.7370147705078, 148.2427520751953, 1.0], [220.325439453125, 91.4490966796875, 1.0], [186.32730102539062, 77.18598937988281, 1.0], [171.22567749023438, 109.68743896484375, 1.0], [155.43560791015625, 163.05906677246094, 1.0], [133.0432586669922, 144.338623046875, 1.0], [167.48171997070312, 137.28311157226562, 1.0], [209.3785858154297, 139.8508758544922, 1.0], [159.08419799804688, 206.86181640625, 1.0], [141.20973205566406, 186.4912109375, 1.0], [176.84469604492188, 166.68968200683594, 1.0], [221.7010955810547, 155.36215209960938, 1.0], [166.9362335205078, 238.73501586914062, 1.0], [146.26080322265625, 243.89739990234375, 1.0], [183.5408935546875, 226.2924041748047, 1.0], [218.864990234375, 208.66622924804688, 1.0], [182.868408203125, 266.5212097167969, 1.0], [180.93115234375, 278.5896911621094, 1.0], [209.92079162597656, 258.79962158203125, 1.0], [222.65696716308594, 240.55601501464844, 1.0]], "is_left": 0}