{"hand_pts": [[129.3563995361328, 271.25726318359375, 1.0], [106.66842651367188, 229.18113708496094, 1.0], [70.59716033935547, 200.7624969482422, 1.0], [64.2188491821289, 168.86585998535156, 1.0], [93.85025787353516, 149.18043518066406, 1.0], [161.82676696777344, 210.2965087890625, 1.0], [184.029541015625, 176.3203125, 1.0], [183.14329528808594, 155.38389587402344, 1.0], [177.8451690673828, 140.10581970214844, 1.0], [198.21218872070312, 219.62948608398438, 1.0], [223.05995178222656, 178.2240447998047, 1.0], [205.63082885742188, 158.9703369140625, 1.0], [178.058349609375, 164.16102600097656, 1.0], [222.4102325439453, 224.77513122558594, 1.0], [228.8603973388672, 182.03546142578125, 1.0], [205.5402069091797, 172.93942260742188, 1.0], [179.92071533203125, 183.72174072265625, 1.0], [238.8623809814453, 231.3760223388672, 1.0], [261.10260009765625, 207.08639526367188, 1.0], [256.93603515625, 188.5853271484375, 1.0], [238.89019775390625, 173.2494659423828, 1.0]], "is_left": 0}