{"hand_pts": [[174.8253631591797, 369.3150634765625, 1.0], [158.66847229003906, 297.8426818847656, 1.0], [167.78854370117188, 256.4275817871094, 1.0], [154.16114807128906, 201.81178283691406, 1.0], [134.1923370361328, 157.3143768310547, 1.0], [226.7779998779297, 214.74354553222656, 1.0], [224.5964813232422, 146.42056274414062, 1.0], [184.41253662109375, 119.97081756591797, 1.0], [139.2268524169922, 132.08956909179688, 1.0], [225.20486450195312, 228.30612182617188, 1.0], [265.0528869628906, 159.05511474609375, 1.0], [219.7669677734375, 130.03514099121094, 1.0], [169.302734375, 123.50408172607422, 1.0], [214.6782684326172, 240.47940063476562, 1.0], [202.83963012695312, 165.5396270751953, 1.0], [156.72254943847656, 169.23374938964844, 1.0], [110.88331604003906, 170.1042938232422, 1.0], [199.12234497070312, 259.5738525390625, 1.0], [190.60086059570312, 212.19020080566406, 1.0], [173.20924377441406, 180.3347625732422, 1.0], [136.5679931640625, 168.74700927734375, 1.0]], "is_left": 0}