{"hand_pts": [[113.58125305175781, 50.01744079589844, 1.0], [108.91353607177734, 118.44657897949219, 1.0], [113.01670837402344, 144.60446166992188, 1.0], [138.95655822753906, 180.28579711914062, 1.0], [158.5486297607422, 187.5122528076172, 1.0], [181.49826049804688, 153.92535400390625, 1.0], [177.11705017089844, 216.83363342285156, 1.0], [155.8659210205078, 249.38221740722656, 1.0], [127.6330795288086, 267.62451171875, 1.0], [202.14767456054688, 134.81259155273438, 1.0], [214.19668579101562, 206.6085968017578, 1.0], [174.4547119140625, 216.8994903564453, 1.0], [134.36155700683594, 210.595458984375, 1.0], [213.38442993164062, 121.15715026855469, 1.0], [260.4540710449219, 172.24281311035156, 1.0], [247.73780822753906, 211.4730682373047, 1.0], [238.04299926757812, 253.3227996826172, 1.0], [216.70416259765625, 103.95130920410156, 1.0], [216.8705596923828, 146.1311798095703, 1.0], [196.8342742919922, 170.92669677734375, 1.0], [162.8406219482422, 184.85543823242188, 1.0]], "is_left": 0}