{"hand_pts": [[227.2877655029297, 284.0314025878906, 1.0], [261.46282958984375, 246.53445434570312, 1.0], [293.97198486328125, 237.41314697265625, 1.0], [297.2598876953125, 210.6643829345703, 1.0], [284.0491027832031, 180.14633178710938, 1.0], [208.73851013183594, 244.47366333007812, 1.0], [211.2999267578125, 205.95729064941406, 1.0], [223.63087463378906, 168.39511108398438, 1.0], [235.7646942138672, 132.32347106933594, 1.0], [169.29440307617188, 239.5735626220703, 1.0], [159.0646209716797, 189.13787841796875, 1.0], [179.37095642089844, 148.403076171875, 1.0], [206.6765594482422, 121.99407958984375, 1.0], [142.7196502685547, 230.6147918701172, 1.0], [112.73539733886719, 189.20025634765625, 1.0], [115.31649780273438, 151.6979522705078, 1.0], [131.8788299560547, 116.12266540527344, 1.0], [123.27757263183594, 222.96328735351562, 1.0], [104.87212371826172, 183.42308044433594, 1.0], [108.28620910644531, 150.8031768798828, 1.0], [126.54745483398438, 120.09564208984375, 1.0]], "is_left": 0}