{"hand_pts": [[28.377925872802734, 179.937744140625, 1.0], [94.17403411865234, 211.2642822265625, 1.0], [123.41877746582031, 258.2208557128906, 1.0], [159.2935028076172, 285.7878723144531, 1.0], [182.78050231933594, 285.1351013183594, 1.0], [167.24920654296875, 162.59945678710938, 1.0], [210.9034423828125, 205.919677734375, 1.0], [207.75303649902344, 241.26467895507812, 1.0], [209.94094848632812, 275.05572509765625, 1.0], [151.9907684326172, 141.47262573242188, 1.0], [223.41818237304688, 118.56526184082031, 1.0], [268.88128662109375, 127.63325500488281, 1.0], [272.66033935546875, 165.7283172607422, 1.0], [138.0719451904297, 131.12216186523438, 1.0], [206.8816375732422, 113.7803955078125, 1.0], [214.74278259277344, 150.4622039794922, 1.0], [227.03366088867188, 184.76473999023438, 1.0], [117.897705078125, 126.13016510009766, 1.0], [151.039306640625, 142.40017700195312, 1.0], [163.72152709960938, 168.6009521484375, 1.0], [164.77044677734375, 202.34939575195312, 1.0]], "is_left": 0}