{"hand_pts": [[120.26824951171875, 120.2214584350586, 1.0], [157.61508178710938, 103.12141418457031, 1.0], [169.48377990722656, 69.51203155517578, 1.0], [207.8616485595703, 90.0490493774414, 1.0], [233.49514770507812, 126.05667877197266, 1.0], [136.81655883789062, 148.59356689453125, 1.0], [139.1366729736328, 171.5164031982422, 1.0], [175.59275817871094, 180.79568481445312, 1.0], [208.64466857910156, 193.05435180664062, 1.0], [130.4903564453125, 183.62847900390625, 1.0], [177.51609802246094, 207.9605255126953, 1.0], [219.98268127441406, 202.65945434570312, 1.0], [259.75579833984375, 199.33714294433594, 1.0], [131.6771697998047, 208.52931213378906, 1.0], [194.1608428955078, 227.90138244628906, 1.0], [222.5046844482422, 213.94102478027344, 1.0], [223.0828399658203, 186.28981018066406, 1.0], [134.4082794189453, 226.50955200195312, 1.0], [156.88568115234375, 259.9349060058594, 1.0], [186.0115203857422, 249.02938842773438, 1.0], [194.47222900390625, 218.3077850341797, 1.0]], "is_left": 0}