{"hand_pts": [[291.3378601074219, 71.8470458984375, 1.0], [280.152099609375, 137.6475830078125, 1.0], [293.6318054199219, 186.87840270996094, 1.0], [269.12261962890625, 215.4932403564453, 1.0], [236.93368530273438, 205.2218475341797, 1.0], [192.5592498779297, 204.6260223388672, 1.0], [163.8791046142578, 241.64930725097656, 1.0], [177.60252380371094, 232.6558837890625, 1.0], [204.58236694335938, 205.28689575195312, 1.0], [168.51385498046875, 181.1708984375, 1.0], [136.9624481201172, 213.75775146484375, 1.0], [163.5114288330078, 203.5712890625, 1.0], [203.36415100097656, 180.7513885498047, 1.0], [154.59764099121094, 160.49594116210938, 1.0], [114.87934112548828, 189.6671142578125, 1.0], [141.31063842773438, 180.7353973388672, 1.0], [179.97154235839844, 162.79815673828125, 1.0], [150.26670837402344, 135.1951904296875, 1.0], [126.80652618408203, 144.51512145996094, 1.0], [148.28480529785156, 140.86624145507812, 1.0], [184.00845336914062, 132.33575439453125, 1.0]], "is_left": 0}