{"hand_pts": [[192.57998657226562, 217.60057067871094, 1.0], [170.2561798095703, 154.0190887451172, 1.0], [172.6227264404297, 95.77933502197266, 1.0], [175.617431640625, 87.65965270996094, 1.0], [176.5097198486328, 130.8208770751953, 1.0], [223.37466430664062, 139.069091796875, 1.0], [214.3229217529297, 135.188720703125, 1.0], [195.9204559326172, 137.18695068359375, 1.0], [182.65731811523438, 139.26417541503906, 1.0], [231.05592346191406, 189.72171020507812, 1.0], [187.72454833984375, 163.89834594726562, 1.0], [146.10089111328125, 155.2321014404297, 1.0], [120.40363311767578, 156.75205993652344, 1.0], [229.70143127441406, 229.7632293701172, 1.0], [172.21568298339844, 225.6891632080078, 1.0], [151.8583221435547, 224.16119384765625, 1.0], [177.1351318359375, 222.61160278320312, 1.0], [223.74850463867188, 267.5818786621094, 1.0], [198.59226989746094, 282.0459899902344, 1.0], [172.15435791015625, 286.9883728027344, 1.0], [154.07591247558594, 271.41937255859375, 1.0]], "is_left": 0}