{"hand_pts": [[166.22789001464844, 99.33097076416016, 1.0], [205.31813049316406, 158.60882568359375, 1.0], [245.4664764404297, 203.82179260253906, 1.0], [252.8798065185547, 223.64450073242188, 1.0], [230.30474853515625, 211.25091552734375, 1.0], [159.9844207763672, 222.7237548828125, 1.0], [154.5096893310547, 262.8214111328125, 1.0], [154.64453125, 285.0418701171875, 1.0], [182.048583984375, 282.4677734375, 1.0], [141.003173828125, 189.5604705810547, 1.0], [171.44618225097656, 200.5977783203125, 1.0], [208.70079040527344, 195.43496704101562, 1.0], [252.35646057128906, 180.27981567382812, 1.0], [133.1879119873047, 159.43887329101562, 1.0], [179.0187530517578, 139.05685424804688, 1.0], [213.62525939941406, 114.84530639648438, 1.0], [246.48130798339844, 91.70201110839844, 1.0], [130.02963256835938, 125.75868225097656, 1.0], [114.69068145751953, 130.01004028320312, 1.0], [148.46900939941406, 137.6960906982422, 1.0], [183.2605743408203, 144.34144592285156, 1.0]], "is_left": 0}