{"hand_pts": [[278.6903076171875, 85.64720916748047, 1.0], [269.1510314941406, 155.64268493652344, 1.0], [273.09429931640625, 212.04412841796875, 1.0], [246.33596801757812, 232.481689453125, 1.0], [220.20315551757812, 246.45086669921875, 1.0], [171.46099853515625, 187.1597900390625, 1.0], [145.60113525390625, 236.2949981689453, 1.0], [150.44439697265625, 263.670654296875, 1.0], [159.2361602783203, 287.3977966308594, 1.0], [167.10865783691406, 151.50523376464844, 1.0], [148.9158935546875, 189.41343688964844, 1.0], [162.9264678955078, 212.54019165039062, 1.0], [199.7818145751953, 228.86509704589844, 1.0], [172.29083251953125, 124.02496337890625, 1.0], [139.07835388183594, 149.01339721679688, 1.0], [144.73593139648438, 167.09815979003906, 1.0], [181.844970703125, 182.97048950195312, 1.0], [185.9755401611328, 95.81014251708984, 1.0], [172.71287536621094, 105.26524353027344, 1.0], [195.84120178222656, 121.56415557861328, 1.0], [225.5291290283203, 140.48524475097656, 1.0]], "is_left": 0}