{"hand_pts": [[194.8751678466797, 72.15763092041016, 1.0], [182.10618591308594, 66.53315734863281, 1.0], [176.84530639648438, 60.2382926940918, 1.0], [171.95053100585938, 68.06707000732422, 1.0], [167.7972412109375, 86.98369598388672, 1.0], [232.81117248535156, 137.1576690673828, 1.0], [261.5672607421875, 168.17250061035156, 1.0], [256.2697448730469, 190.0308074951172, 1.0], [250.76828002929688, 211.79119873046875, 1.0], [221.25416564941406, 171.9458465576172, 1.0], [204.71705627441406, 208.83262634277344, 1.0], [167.27699279785156, 212.6606903076172, 1.0], [139.1395263671875, 222.20132446289062, 1.0], [203.4701690673828, 195.64675903320312, 1.0], [185.10214233398438, 235.31130981445312, 1.0], [148.33192443847656, 235.56954956054688, 1.0], [109.66290283203125, 225.5738983154297, 1.0], [182.67849731445312, 210.45326232910156, 1.0], [156.98924255371094, 243.28436279296875, 1.0], [127.41793823242188, 250.7206573486328, 1.0], [95.94056701660156, 253.5203094482422, 1.0]], "is_left": 0}