{"hand_pts": [[290.80718994140625, 96.76461791992188, 1.0], [296.7409362792969, 136.78770446777344, 1.0], [303.5511779785156, 168.1802520751953, 1.0], [295.67657470703125, 192.35113525390625, 1.0], [283.21209716796875, 212.66452026367188, 1.0], [224.93685913085938, 183.13624572753906, 1.0], [198.9735870361328, 222.56967163085938, 1.0], [182.8941192626953, 244.62705993652344, 1.0], [165.66685485839844, 267.08746337890625, 1.0], [200.47706604003906, 157.63804626464844, 1.0], [160.9384002685547, 199.0547637939453, 1.0], [141.55711364746094, 222.29623413085938, 1.0], [121.22176361083984, 245.03684997558594, 1.0], [186.47421264648438, 134.17677307128906, 1.0], [143.664306640625, 168.21002197265625, 1.0], [125.98705291748047, 184.68292236328125, 1.0], [107.7953109741211, 200.9209747314453, 1.0], [180.4995574951172, 108.39262390136719, 1.0], [147.9672393798828, 123.2793197631836, 1.0], [128.53318786621094, 133.16795349121094, 1.0], [110.02444458007812, 144.7614288330078, 1.0]], "is_left": 0}