{"hand_pts": [[337.3798828125, 211.1077880859375, 1.0], [270.88043212890625, 240.11817932128906, 1.0], [213.73532104492188, 271.4826965332031, 1.0], [166.60528564453125, 241.848876953125, 1.0], [193.3926544189453, 201.50511169433594, 1.0], [228.68673706054688, 244.23660278320312, 1.0], [157.56663513183594, 223.45790100097656, 1.0], [136.3470001220703, 204.64486694335938, 1.0], [130.6354217529297, 187.7877655029297, 1.0], [241.39190673828125, 208.81134033203125, 1.0], [177.76161193847656, 182.4487762451172, 1.0], [130.96926879882812, 169.330322265625, 1.0], [113.23531341552734, 169.95513916015625, 1.0], [249.2283172607422, 179.4896697998047, 1.0], [171.21620178222656, 159.78765869140625, 1.0], [138.72225952148438, 154.3246307373047, 1.0], [149.143310546875, 162.88247680664062, 1.0], [260.8111877441406, 152.5840301513672, 1.0], [219.57992553710938, 117.13280487060547, 1.0], [185.98492431640625, 107.5892562866211, 1.0], [160.25177001953125, 113.72467803955078, 1.0]], "is_left": 0}