{"hand_pts": [[239.26657104492188, 65.08361053466797, 1.0], [239.27694702148438, 76.24019622802734, 1.0], [234.80215454101562, 75.7486801147461, 1.0], [227.9339599609375, 93.85171508789062, 1.0], [219.28524780273438, 128.61264038085938, 1.0], [162.9551544189453, 125.72212219238281, 1.0], [149.92227172851562, 162.89576721191406, 1.0], [153.1942901611328, 189.2733154296875, 1.0], [158.2693328857422, 215.91712951660156, 1.0], [167.85797119140625, 149.84561157226562, 1.0], [145.09153747558594, 195.9349822998047, 1.0], [158.3203125, 222.28738403320312, 1.0], [175.72923278808594, 245.8317108154297, 1.0], [180.08444213867188, 167.6580810546875, 1.0], [171.4715118408203, 219.29449462890625, 1.0], [186.91513061523438, 244.9702606201172, 1.0], [204.4186248779297, 269.0587463378906, 1.0], [197.7708740234375, 178.42417907714844, 1.0], [187.5887451171875, 216.9324493408203, 1.0], [197.9023895263672, 239.27664184570312, 1.0], [219.7202911376953, 252.1615447998047, 1.0]], "is_left": 0}