{"hand_pts": [[78.79191589355469, 222.29244995117188, 1.0], [92.26298522949219, 176.01480102539062, 1.0], [89.4450454711914, 144.73355102539062, 1.0], [107.92398071289062, 121.99446105957031, 1.0], [140.74949645996094, 110.22965240478516, 1.0], [142.3014373779297, 199.4758758544922, 1.0], [180.2987823486328, 161.72427368164062, 1.0], [181.12034606933594, 136.45030212402344, 1.0], [164.5707550048828, 133.15504455566406, 1.0], [163.39402770996094, 224.7482452392578, 1.0], [210.83529663085938, 193.28970336914062, 1.0], [213.72206115722656, 156.304443359375, 1.0], [192.49986267089844, 141.6798553466797, 1.0], [178.79660034179688, 238.9808349609375, 1.0], [234.68826293945312, 246.6923065185547, 1.0], [265.7730712890625, 229.92886352539062, 1.0], [288.7852478027344, 203.70919799804688, 1.0], [187.41619873046875, 249.52752685546875, 1.0], [223.07391357421875, 228.90052795410156, 1.0], [218.41217041015625, 202.84803771972656, 1.0], [192.35076904296875, 189.3662872314453, 1.0]], "is_left": 0}