{"hand_pts": [[74.76322937011719, 145.45407104492188, 1.0], [103.96685791015625, 196.71788024902344, 1.0], [98.7879638671875, 245.05816650390625, 1.0], [150.13143920898438, 269.37628173828125, 1.0], [204.28070068359375, 262.2225036621094, 1.0], [98.3307113647461, 157.50062561035156, 1.0], [156.22178649902344, 196.79605102539062, 1.0], [197.42601013183594, 228.66587829589844, 1.0], [224.93055725097656, 250.90737915039062, 1.0], [114.74091339111328, 127.8419418334961, 1.0], [188.0550994873047, 164.68307495117188, 1.0], [222.94004821777344, 204.48178100585938, 1.0], [225.74966430664062, 227.66981506347656, 1.0], [133.96051025390625, 110.82823944091797, 1.0], [205.5568389892578, 129.62179565429688, 1.0], [244.8251495361328, 165.7739715576172, 1.0], [255.2340545654297, 197.18710327148438, 1.0], [151.77435302734375, 98.5353012084961, 1.0], [211.67605590820312, 113.93561553955078, 1.0], [237.5037078857422, 146.4111785888672, 1.0], [226.0321502685547, 171.4482421875, 1.0]], "is_left": 0}