{"hand_pts": [[282.2154541015625, 289.98968505859375, 1.0], [224.84127807617188, 224.615478515625, 1.0], [177.5839385986328, 174.5698699951172, 1.0], [155.61436462402344, 160.89939880371094, 1.0], [148.240966796875, 162.23985290527344, 1.0], [227.74652099609375, 162.73126220703125, 1.0], [202.06552124023438, 115.58748626708984, 1.0], [157.2291259765625, 107.65740203857422, 1.0], [112.3501968383789, 117.25199127197266, 1.0], [234.37167358398438, 200.1595916748047, 1.0], [219.4424591064453, 149.78451538085938, 1.0], [165.20396423339844, 145.3622589111328, 1.0], [130.4137725830078, 161.7175750732422, 1.0], [233.1702880859375, 232.8429718017578, 1.0], [203.70091247558594, 197.21205139160156, 1.0], [157.42738342285156, 197.55296325683594, 1.0], [160.26524353027344, 213.77346801757812, 1.0], [232.2740020751953, 268.34539794921875, 1.0], [208.6704559326172, 251.10226440429688, 1.0], [183.48963928222656, 238.84344482421875, 1.0], [144.87428283691406, 225.7796173095703, 1.0]], "is_left": 0}