{"hand_pts": [[114.52706909179688, 230.1831817626953, 1.0], [149.6319580078125, 180.25804138183594, 1.0], [154.91941833496094, 125.20790100097656, 1.0], [177.8350372314453, 84.1685791015625, 1.0], [220.3711395263672, 66.4879150390625, 1.0], [135.51023864746094, 167.38040161132812, 1.0], [130.45382690429688, 144.16571044921875, 1.0], [167.08934020996094, 138.66226196289062, 1.0], [202.61402893066406, 134.68453979492188, 1.0], [138.12734985351562, 205.89646911621094, 1.0], [144.75344848632812, 176.2638702392578, 1.0], [177.91981506347656, 156.80181884765625, 1.0], [223.0705108642578, 143.87832641601562, 1.0], [146.53912353515625, 236.1754608154297, 1.0], [184.27005004882812, 234.2149658203125, 1.0], [226.88575744628906, 227.869140625, 1.0], [269.14971923828125, 220.90052795410156, 1.0], [155.1184539794922, 264.78369140625, 1.0], [207.81407165527344, 265.8190612792969, 1.0], [244.9016876220703, 266.06787109375, 1.0], [275.3825378417969, 257.15850830078125, 1.0]], "is_left": 0}