{"hand_pts": [[306.69793701171875, 297.9786682128906, 1.0], [248.36204528808594, 262.9269714355469, 1.0], [202.4341583251953, 251.05545043945312, 1.0], [145.14700317382812, 232.07586669921875, 1.0], [110.23963928222656, 218.03611755371094, 1.0], [249.11192321777344, 166.81121826171875, 1.0], [179.33421325683594, 139.95590209960938, 1.0], [135.18797302246094, 159.40341186523438, 1.0], [109.34674072265625, 194.43646240234375, 1.0], [260.30377197265625, 168.85704040527344, 1.0], [194.94871520996094, 115.31070709228516, 1.0], [142.55450439453125, 133.65057373046875, 1.0], [112.10989379882812, 171.2681427001953, 1.0], [263.1706237792969, 176.5880584716797, 1.0], [189.64895629882812, 150.66896057128906, 1.0], [153.98129272460938, 181.49359130859375, 1.0], [152.22361755371094, 219.88392639160156, 1.0], [266.1059265136719, 192.6825408935547, 1.0], [222.39239501953125, 174.32618713378906, 1.0], [184.25881958007812, 187.0360565185547, 1.0], [168.21881103515625, 215.04547119140625, 1.0]], "is_left": 0}