{"hand_pts": [[280.79534912109375, 72.30653381347656, 1.0], [210.41390991210938, 90.68268585205078, 1.0], [152.80062866210938, 97.77072143554688, 1.0], [108.73298645019531, 122.86473083496094, 1.0], [86.40226745605469, 162.2747802734375, 1.0], [199.14627075195312, 164.16567993164062, 1.0], [158.7239227294922, 208.62266540527344, 1.0], [137.54364013671875, 206.34536743164062, 1.0], [124.5296859741211, 197.77871704101562, 1.0], [230.08460998535156, 183.4063720703125, 1.0], [170.02459716796875, 199.95664978027344, 1.0], [139.04974365234375, 190.6273956298828, 1.0], [145.00704956054688, 152.21070861816406, 1.0], [251.49375915527344, 195.5875701904297, 1.0], [219.6655731201172, 257.42852783203125, 1.0], [189.0169677734375, 267.3984680175781, 1.0], [180.21546936035156, 233.1530303955078, 1.0], [272.7608337402344, 199.623779296875, 1.0], [244.9812774658203, 209.68006896972656, 1.0], [242.76727294921875, 178.14830017089844, 1.0], [240.3798370361328, 143.96218872070312, 1.0]], "is_left": 0}