{"hand_pts": [[27.34280776977539, 97.09337615966797, 1.0], [89.05049896240234, 118.6513900756836, 1.0], [137.01089477539062, 112.61612701416016, 1.0], [178.97164916992188, 150.8931427001953, 1.0], [186.60989379882812, 194.98048400878906, 1.0], [203.08102416992188, 110.2835693359375, 1.0], [258.9199523925781, 156.54705810546875, 1.0], [242.9402313232422, 196.8844757080078, 1.0], [201.27833557128906, 223.27684020996094, 1.0], [189.825927734375, 122.78136444091797, 1.0], [242.53155517578125, 189.6697540283203, 1.0], [215.94906616210938, 227.30380249023438, 1.0], [170.24708557128906, 241.65609741210938, 1.0], [172.93600463867188, 137.96595764160156, 1.0], [220.24417114257812, 204.5425262451172, 1.0], [193.0354766845703, 235.01150512695312, 1.0], [150.04405212402344, 232.9676513671875, 1.0], [146.2857666015625, 152.22802734375, 1.0], [164.34375, 203.5116424560547, 1.0], [149.6031951904297, 231.76498413085938, 1.0], [120.88019561767578, 228.07691955566406, 1.0]], "is_left": 0}