{"hand_pts": [[254.24740600585938, 193.47293090820312, 1.0], [191.90216064453125, 217.6514892578125, 1.0], [138.63890075683594, 236.41448974609375, 1.0], [94.1150131225586, 245.70541381835938, 1.0], [57.74422836303711, 246.67166137695312, 1.0], [192.22283935546875, 229.05445861816406, 1.0], [174.9329833984375, 232.0794219970703, 1.0], [143.33853149414062, 215.78346252441406, 1.0], [113.51972961425781, 193.84048461914062, 1.0], [218.3760528564453, 196.6498565673828, 1.0], [203.46800231933594, 179.1765899658203, 1.0], [161.0153045654297, 163.8010711669922, 1.0], [153.6161346435547, 170.02597045898438, 1.0], [234.53330993652344, 168.56982421875, 1.0], [222.92393493652344, 175.58941650390625, 1.0], [194.79286193847656, 172.5642547607422, 1.0], [166.9700164794922, 169.49447631835938, 1.0], [249.51702880859375, 142.0308837890625, 1.0], [250.1967315673828, 119.09681701660156, 1.0], [247.06741333007812, 102.54268646240234, 1.0], [242.09413146972656, 86.21035766601562, 1.0]], "is_left": 0}