{"hand_pts": [[205.7067108154297, 235.3334503173828, 1.0], [154.18942260742188, 258.1557312011719, 1.0], [95.78388977050781, 276.28369140625, 1.0], [95.18746185302734, 265.6777038574219, 1.0], [102.79570007324219, 252.3394775390625, 1.0], [122.87042236328125, 180.2338104248047, 1.0], [115.87445831298828, 219.60806274414062, 1.0], [119.11043548583984, 252.40011596679688, 1.0], [131.77484130859375, 290.8958740234375, 1.0], [176.28277587890625, 156.50430297851562, 1.0], [189.04100036621094, 158.20404052734375, 1.0], [199.27146911621094, 170.32611083984375, 1.0], [215.42974853515625, 209.4989013671875, 1.0], [223.10064697265625, 145.76014709472656, 1.0], [222.60874938964844, 112.6771011352539, 1.0], [232.5943603515625, 128.06112670898438, 1.0], [241.723388671875, 139.76173400878906, 1.0], [269.3124694824219, 143.12103271484375, 1.0], [268.325927734375, 112.3077621459961, 1.0], [268.9072265625, 119.59004211425781, 1.0], [267.4508972167969, 140.9428253173828, 1.0]], "is_left": 0}