{"hand_pts": [[99.67440795898438, 201.49949645996094, 1.0], [163.1949005126953, 168.3194122314453, 1.0], [200.8169403076172, 126.60940551757812, 1.0], [212.55401611328125, 105.56293487548828, 1.0], [187.9402618408203, 126.43013000488281, 1.0], [218.27281188964844, 211.7940216064453, 1.0], [267.0370178222656, 214.4056396484375, 1.0], [280.2991943359375, 193.3709259033203, 1.0], [293.0035705566406, 174.64585876464844, 1.0], [181.4439239501953, 229.46726989746094, 1.0], [215.66259765625, 228.27862548828125, 1.0], [208.29806518554688, 187.7599639892578, 1.0], [190.55284118652344, 160.6003875732422, 1.0], [149.62330627441406, 236.95584106445312, 1.0], [163.4862060546875, 203.40103149414062, 1.0], [162.51876831054688, 171.25039672851562, 1.0], [151.96849060058594, 138.63197326660156, 1.0], [115.35490417480469, 239.92404174804688, 1.0], [108.74969482421875, 204.5581512451172, 1.0], [99.5694808959961, 177.62632751464844, 1.0], [98.6798324584961, 183.5883026123047, 1.0]], "is_left": 0}