{"hand_pts": [[29.347896575927734, 243.64317321777344, 1.0], [93.10271453857422, 235.92994689941406, 1.0], [129.0560302734375, 218.86463928222656, 1.0], [168.70945739746094, 198.73892211914062, 1.0], [201.6259002685547, 181.11013793945312, 1.0], [143.0896759033203, 169.29310607910156, 1.0], [196.73214721679688, 151.38265991210938, 1.0], [231.45286560058594, 142.4078826904297, 1.0], [265.5031433105469, 141.12722778320312, 1.0], [131.3708953857422, 170.96319580078125, 1.0], [199.5426788330078, 164.41664123535156, 1.0], [230.40921020507812, 188.6515655517578, 1.0], [251.460693359375, 216.605712890625, 1.0], [122.7357177734375, 179.151123046875, 1.0], [185.44680786132812, 173.34471130371094, 1.0], [220.1268310546875, 184.6631622314453, 1.0], [244.42172241210938, 208.10447692871094, 1.0], [109.35993957519531, 193.31320190429688, 1.0], [149.46054077148438, 191.17881774902344, 1.0], [178.3639373779297, 199.59974670410156, 1.0], [204.94696044921875, 216.66537475585938, 1.0]], "is_left": 0}