{"hand_pts": [[165.5506591796875, 54.13077163696289, 1.0], [211.4424591064453, 132.65882873535156, 1.0], [251.31515502929688, 198.8910675048828, 1.0], [259.1542663574219, 239.87429809570312, 1.0], [226.3693389892578, 220.23179626464844, 1.0], [167.6585693359375, 189.06802368164062, 1.0], [154.91966247558594, 232.35525512695312, 1.0], [179.63800048828125, 249.375244140625, 1.0], [207.78273010253906, 257.231201171875, 1.0], [143.30831909179688, 157.28643798828125, 1.0], [185.0747528076172, 199.5224609375, 1.0], [228.68862915039062, 201.92120361328125, 1.0], [246.22764587402344, 181.91412353515625, 1.0], [131.21507263183594, 131.2172393798828, 1.0], [134.96678161621094, 164.94430541992188, 1.0], [175.64830017089844, 176.2222900390625, 1.0], [214.7267303466797, 180.08033752441406, 1.0], [123.982177734375, 101.68521881103516, 1.0], [118.13692474365234, 125.24125671386719, 1.0], [151.2670135498047, 147.73463439941406, 1.0], [187.64454650878906, 170.89324951171875, 1.0]], "is_left": 0}