{"hand_pts": [[234.30197143554688, 36.08414840698242, 1.0], [258.7693176269531, 100.08300018310547, 1.0], [287.2818298339844, 151.9389190673828, 1.0], [275.46759033203125, 201.1448974609375, 1.0], [243.8731689453125, 227.61843872070312, 1.0], [204.33108520507812, 184.6898956298828, 1.0], [189.99195861816406, 246.76893615722656, 1.0], [199.7523956298828, 237.86338806152344, 1.0], [210.8052520751953, 202.79893493652344, 1.0], [171.14779663085938, 164.85208129882812, 1.0], [178.0000762939453, 219.05747985839844, 1.0], [204.6748504638672, 217.53985595703125, 1.0], [231.4228515625, 210.36582946777344, 1.0], [149.6414031982422, 145.4696807861328, 1.0], [118.64078521728516, 178.4859619140625, 1.0], [138.52243041992188, 169.92068481445312, 1.0], [171.96636962890625, 148.60643005371094, 1.0], [135.26185607910156, 119.58568572998047, 1.0], [102.2403335571289, 152.39273071289062, 1.0], [94.78414916992188, 175.80172729492188, 1.0], [124.02238464355469, 177.31163024902344, 1.0]], "is_left": 0}