{"hand_pts": [[17.811368942260742, 244.15704345703125, 1.0], [64.1360092163086, 192.90550231933594, 1.0], [76.62962341308594, 146.21128845214844, 1.0], [124.64656829833984, 132.4410858154297, 1.0], [167.78790283203125, 154.7850341796875, 1.0], [127.1176528930664, 141.0255126953125, 1.0], [190.82843017578125, 120.70099639892578, 1.0], [217.4730682373047, 131.2852783203125, 1.0], [218.52410888671875, 154.80848693847656, 1.0], [138.05699157714844, 174.8740997314453, 1.0], [218.38230895996094, 158.1715545654297, 1.0], [241.94979858398438, 166.3584442138672, 1.0], [233.20599365234375, 181.53981018066406, 1.0], [147.1831512451172, 205.44488525390625, 1.0], [226.35316467285156, 204.38185119628906, 1.0], [241.35012817382812, 215.21287536621094, 1.0], [222.65684509277344, 224.99127197265625, 1.0], [148.78103637695312, 238.49948120117188, 1.0], [201.905029296875, 247.6447296142578, 1.0], [213.8108367919922, 253.13197326660156, 1.0], [196.73895263671875, 252.59934997558594, 1.0]], "is_left": 0}