{"hand_pts": [[292.9556579589844, 173.55027770996094, 1.0], [295.8275146484375, 182.82699584960938, 1.0], [310.94281005859375, 187.71006774902344, 1.0], [296.5697021484375, 193.55125427246094, 1.0], [265.5578918457031, 198.9321746826172, 1.0], [227.37901306152344, 149.77403259277344, 1.0], [195.49148559570312, 155.21730041503906, 1.0], [184.8092041015625, 177.21441650390625, 1.0], [175.70945739746094, 200.44239807128906, 1.0], [196.58062744140625, 152.70164489746094, 1.0], [151.98118591308594, 159.0299835205078, 1.0], [143.92755126953125, 182.08770751953125, 1.0], [142.41038513183594, 206.87521362304688, 1.0], [176.23947143554688, 159.90145874023438, 1.0], [127.82776641845703, 179.84327697753906, 1.0], [119.14385223388672, 203.43150329589844, 1.0], [127.88139343261719, 229.252197265625, 1.0], [164.496826171875, 169.22561645507812, 1.0], [127.94276428222656, 184.52383422851562, 1.0], [127.0331039428711, 204.8865966796875, 1.0], [143.50584411621094, 225.5926971435547, 1.0]], "is_left": 0}