{"hand_pts": [[170.31919860839844, 271.6955871582031, 1.0], [209.03024291992188, 268.1562194824219, 1.0], [258.23126220703125, 289.456787109375, 1.0], [257.17901611328125, 279.5673828125, 1.0], [218.90780639648438, 252.16038513183594, 1.0], [237.18446350097656, 177.88577270507812, 1.0], [234.98355102539062, 162.09561157226562, 1.0], [215.1151123046875, 186.7423095703125, 1.0], [193.4684600830078, 218.57940673828125, 1.0], [202.1902618408203, 155.17831420898438, 1.0], [189.87344360351562, 138.9637908935547, 1.0], [177.7801971435547, 182.7655792236328, 1.0], [176.9356689453125, 222.96058654785156, 1.0], [171.80592346191406, 143.542236328125, 1.0], [154.14865112304688, 106.84724426269531, 1.0], [146.21934509277344, 145.34193420410156, 1.0], [151.7051544189453, 186.80520629882812, 1.0], [141.44793701171875, 141.75506591796875, 1.0], [116.1430435180664, 116.09485626220703, 1.0], [108.45336151123047, 134.9862518310547, 1.0], [116.89837646484375, 174.7035675048828, 1.0]], "is_left": 0}