{"hand_pts": [[68.67420196533203, 116.3427505493164, 1.0], [126.94007873535156, 184.095703125, 1.0], [156.93536376953125, 246.35276794433594, 1.0], [210.77915954589844, 271.4083557128906, 1.0], [257.0923767089844, 258.3537292480469, 1.0], [116.39334869384766, 237.63818359375, 1.0], [190.55194091796875, 253.5570068359375, 1.0], [215.78219604492188, 227.49708557128906, 1.0], [191.5776824951172, 202.69082641601562, 1.0], [109.92381286621094, 194.55343627929688, 1.0], [185.02032470703125, 218.45635986328125, 1.0], [231.6033172607422, 207.25927734375, 1.0], [223.95260620117188, 189.65892028808594, 1.0], [112.18717193603516, 157.6566619873047, 1.0], [202.68702697753906, 142.51083374023438, 1.0], [208.28614807128906, 127.68537902832031, 1.0], [180.94569396972656, 123.53276824951172, 1.0], [114.74122619628906, 118.8264389038086, 1.0], [160.40977478027344, 105.03575897216797, 1.0], [202.5225067138672, 99.72708129882812, 1.0], [230.27481079101562, 103.34938049316406, 1.0]], "is_left": 0}