{"hand_pts": [[78.8323745727539, 236.7979736328125, 1.0], [138.2843475341797, 206.66946411132812, 1.0], [198.10873413085938, 183.95843505859375, 1.0], [236.92251586914062, 158.81182861328125, 1.0], [252.6700439453125, 138.29335021972656, 1.0], [180.89794921875, 224.2552490234375, 1.0], [228.7952880859375, 207.61270141601562, 1.0], [251.5060577392578, 180.88864135742188, 1.0], [268.0205383300781, 151.01478576660156, 1.0], [149.3902587890625, 226.59713745117188, 1.0], [196.32369995117188, 204.58694458007812, 1.0], [220.79966735839844, 170.8367919921875, 1.0], [240.6673126220703, 135.74801635742188, 1.0], [123.59685516357422, 223.18272399902344, 1.0], [158.0767059326172, 198.747802734375, 1.0], [175.3033447265625, 166.61590576171875, 1.0], [189.1377716064453, 132.3365478515625, 1.0], [96.15885925292969, 218.7489776611328, 1.0], [109.29667663574219, 196.6038055419922, 1.0], [121.57221221923828, 170.4423828125, 1.0], [136.1053466796875, 140.36172485351562, 1.0]], "is_left": 0}