{"hand_pts": [[254.96652221679688, 196.07232666015625, 1.0], [179.32867431640625, 187.8625946044922, 1.0], [123.01349639892578, 181.1836700439453, 1.0], [101.59339904785156, 172.27877807617188, 1.0], [101.96562194824219, 164.44110107421875, 1.0], [163.97183227539062, 216.9783172607422, 1.0], [136.7074737548828, 230.93504333496094, 1.0], [118.7004623413086, 232.15553283691406, 1.0], [102.18177795410156, 229.3916015625, 1.0], [213.86834716796875, 206.6882781982422, 1.0], [176.56704711914062, 207.0902862548828, 1.0], [147.26905822753906, 186.1927947998047, 1.0], [121.59890747070312, 159.04702758789062, 1.0], [252.39743041992188, 192.7781219482422, 1.0], [236.40711975097656, 190.36021423339844, 1.0], [216.17015075683594, 169.52096557617188, 1.0], [193.51573181152344, 142.47628784179688, 1.0], [289.4819641113281, 177.3549041748047, 1.0], [288.6411437988281, 158.84519958496094, 1.0], [274.84326171875, 136.6348876953125, 1.0], [251.27073669433594, 114.12345886230469, 1.0]], "is_left": 0}