{"hand_pts": [[78.19563293457031, 285.87017822265625, 1.0], [87.23974609375, 227.98667907714844, 1.0], [71.77024841308594, 175.7729949951172, 1.0], [116.22161865234375, 160.88082885742188, 1.0], [162.4989013671875, 176.8880615234375, 1.0], [158.9788818359375, 170.74423217773438, 1.0], [180.99029541015625, 140.81680297851562, 1.0], [173.93870544433594, 147.20004272460938, 1.0], [167.46490478515625, 154.9679412841797, 1.0], [182.4988555908203, 195.84715270996094, 1.0], [238.79534912109375, 142.29588317871094, 1.0], [266.2611083984375, 112.10796356201172, 1.0], [257.0428466796875, 108.73918151855469, 1.0], [197.35595703125, 217.93983459472656, 1.0], [234.2974090576172, 180.0404510498047, 1.0], [201.80056762695312, 196.21414184570312, 1.0], [170.2537384033203, 211.95484924316406, 1.0], [203.92416381835938, 243.5853729248047, 1.0], [208.9123992919922, 241.9735565185547, 1.0], [201.64393615722656, 244.7690887451172, 1.0], [165.94720458984375, 254.9618377685547, 1.0]], "is_left": 0}