{"hand_pts": [[64.70641326904297, 191.70538330078125, 1.0], [118.35215759277344, 144.20384216308594, 1.0], [147.03057861328125, 82.46196746826172, 1.0], [207.36460876464844, 101.06290435791016, 1.0], [259.64239501953125, 129.8107452392578, 1.0], [109.93907928466797, 132.24232482910156, 1.0], [174.78900146484375, 131.8466033935547, 1.0], [220.5767059326172, 134.87596130371094, 1.0], [261.92047119140625, 151.00491333007812, 1.0], [103.34945678710938, 178.2960968017578, 1.0], [157.9110107421875, 186.09800720214844, 1.0], [204.66136169433594, 190.47222900390625, 1.0], [255.57052612304688, 194.4009552001953, 1.0], [105.06094360351562, 215.68324279785156, 1.0], [196.260009765625, 223.90623474121094, 1.0], [248.4892578125, 226.1336212158203, 1.0], [253.01824951171875, 218.76858520507812, 1.0], [106.97561645507812, 250.52505493164062, 1.0], [166.92156982421875, 274.3960876464844, 1.0], [195.4583282470703, 268.3578796386719, 1.0], [216.01412963867188, 255.47955322265625, 1.0]], "is_left": 0}