{"hand_pts": [[33.615684509277344, 127.87154388427734, 1.0], [61.871150970458984, 140.4737548828125, 1.0], [71.249755859375, 155.31134033203125, 1.0], [101.86860656738281, 169.16233825683594, 1.0], [141.0314178466797, 181.14712524414062, 1.0], [126.62259674072266, 207.02474975585938, 1.0], [169.5192413330078, 242.48654174804688, 1.0], [200.94442749023438, 259.6160583496094, 1.0], [234.81939697265625, 265.50982666015625, 1.0], [144.64547729492188, 196.87522888183594, 1.0], [210.10003662109375, 201.7154541015625, 1.0], [236.80267333984375, 181.0504913330078, 1.0], [245.2294158935547, 150.93939208984375, 1.0], [157.68936157226562, 182.4798126220703, 1.0], [222.7646942138672, 178.3014373779297, 1.0], [240.13681030273438, 153.4493408203125, 1.0], [247.47531127929688, 125.65216827392578, 1.0], [163.0789794921875, 163.61428833007812, 1.0], [209.06915283203125, 173.95941162109375, 1.0], [233.68106079101562, 165.38067626953125, 1.0], [243.3264617919922, 149.86758422851562, 1.0]], "is_left": 0}