{"hand_pts": [[105.00117492675781, 294.0747375488281, 1.0], [119.77114868164062, 217.9508514404297, 1.0], [132.7361602783203, 155.88356018066406, 1.0], [152.78060913085938, 116.42982482910156, 1.0], [174.66458129882812, 108.58348846435547, 1.0], [204.7377471923828, 199.01815795898438, 1.0], [246.14248657226562, 162.00799560546875, 1.0], [262.206298828125, 135.47964477539062, 1.0], [277.17535400390625, 111.38322448730469, 1.0], [197.7930450439453, 234.38307189941406, 1.0], [199.53399658203125, 175.38717651367188, 1.0], [177.6586456298828, 137.75930786132812, 1.0], [148.41986083984375, 105.60724639892578, 1.0], [184.2418670654297, 259.28021240234375, 1.0], [186.73646545410156, 209.3670654296875, 1.0], [161.58790588378906, 178.34336853027344, 1.0], [127.58726501464844, 153.72103881835938, 1.0], [164.17945861816406, 283.8740234375, 1.0], [184.86622619628906, 276.2432861328125, 1.0], [172.40736389160156, 246.9434814453125, 1.0], [158.39776611328125, 214.5943603515625, 1.0]], "is_left": 0}