{"hand_pts": [[228.2194061279297, 303.49920654296875, 1.0], [163.45309448242188, 255.8675079345703, 1.0], [124.05641174316406, 203.66514587402344, 1.0], [91.78694915771484, 155.57591247558594, 1.0], [86.15879821777344, 128.18228149414062, 1.0], [193.24725341796875, 165.41409301757812, 1.0], [166.46957397460938, 132.3797149658203, 1.0], [141.93914794921875, 127.43805694580078, 1.0], [116.31558227539062, 134.40283203125, 1.0], [230.8004150390625, 185.60292053222656, 1.0], [194.4136505126953, 143.3603973388672, 1.0], [157.55616760253906, 135.98544311523438, 1.0], [126.11908721923828, 168.92385864257812, 1.0], [253.81776428222656, 207.42823791503906, 1.0], [252.34226989746094, 170.029052734375, 1.0], [239.55886840820312, 157.04696655273438, 1.0], [202.48350524902344, 175.02943420410156, 1.0], [272.13214111328125, 235.35525512695312, 1.0], [247.42173767089844, 259.1667785644531, 1.0], [223.81422424316406, 284.9805908203125, 1.0], [200.827880859375, 308.35711669921875, 1.0]], "is_left": 0}