{"hand_pts": [[48.51939010620117, 305.1766662597656, 1.0], [88.36795806884766, 238.2174835205078, 1.0], [97.51556396484375, 178.7460174560547, 1.0], [139.36370849609375, 139.8572540283203, 1.0], [184.89442443847656, 123.47122192382812, 1.0], [112.93505859375, 164.2783660888672, 1.0], [166.4266815185547, 115.24335479736328, 1.0], [205.06460571289062, 117.45516204833984, 1.0], [231.19430541992188, 137.6798553466797, 1.0], [122.95308685302734, 196.0481719970703, 1.0], [192.71218872070312, 145.49766540527344, 1.0], [230.61752319335938, 146.63192749023438, 1.0], [247.2274932861328, 163.67349243164062, 1.0], [134.54034423828125, 224.96014404296875, 1.0], [208.06932067871094, 193.4414825439453, 1.0], [242.95167541503906, 196.443359375, 1.0], [251.1521759033203, 210.40145874023438, 1.0], [142.28839111328125, 258.58843994140625, 1.0], [197.1075897216797, 253.4454803466797, 1.0], [225.61846923828125, 256.4651184082031, 1.0], [238.4013671875, 261.24395751953125, 1.0]], "is_left": 0}