{"hand_pts": [[277.0650939941406, 206.8979034423828, 1.0], [212.19720458984375, 237.80169677734375, 1.0], [152.7237091064453, 249.54795837402344, 1.0], [105.23403930664062, 251.74427795410156, 1.0], [80.77161407470703, 245.4845428466797, 1.0], [144.065673828125, 175.175048828125, 1.0], [123.1993408203125, 211.81253051757812, 1.0], [154.95713806152344, 235.37828063964844, 1.0], [188.7813262939453, 246.2392120361328, 1.0], [177.07623291015625, 144.0380401611328, 1.0], [185.89199829101562, 176.04673767089844, 1.0], [213.1634063720703, 212.06539916992188, 1.0], [237.53091430664062, 240.34527587890625, 1.0], [206.98284912109375, 125.96893310546875, 1.0], [181.87945556640625, 114.32380676269531, 1.0], [184.21914672851562, 139.52066040039062, 1.0], [191.2068634033203, 170.8976287841797, 1.0], [240.96580505371094, 115.27249145507812, 1.0], [241.8842315673828, 96.95708465576172, 1.0], [242.1181182861328, 129.01296997070312, 1.0], [240.45498657226562, 164.65835571289062, 1.0]], "is_left": 0}