{"hand_pts": [[183.97637939453125, 55.796810150146484, 1.0], [219.3675537109375, 98.47792053222656, 1.0], [265.06707763671875, 125.95317077636719, 1.0], [283.5856018066406, 156.4462432861328, 1.0], [296.57904052734375, 184.18032836914062, 1.0], [220.745849609375, 162.57333374023438, 1.0], [216.9616241455078, 210.26564025878906, 1.0], [212.3326416015625, 238.16990661621094, 1.0], [203.62901306152344, 250.4460906982422, 1.0], [186.0305938720703, 157.27053833007812, 1.0], [177.86106872558594, 213.1572723388672, 1.0], [177.98175048828125, 213.0821075439453, 1.0], [182.98556518554688, 189.97103881835938, 1.0], [158.18649291992188, 150.64236450195312, 1.0], [148.14207458496094, 206.8824920654297, 1.0], [148.66831970214844, 222.81552124023438, 1.0], [155.76219177246094, 215.0360565185547, 1.0], [132.58226013183594, 138.16006469726562, 1.0], [108.15543365478516, 163.74815368652344, 1.0], [93.4227523803711, 179.4678497314453, 1.0], [81.58525085449219, 195.19737243652344, 1.0]], "is_left": 0}