{"hand_pts": [[42.78730392456055, 237.80543518066406, 1.0], [72.3075942993164, 197.9798126220703, 1.0], [90.94212341308594, 163.38360595703125, 1.0], [116.28260040283203, 133.1449432373047, 1.0], [148.41526794433594, 108.52220916748047, 1.0], [151.82948303222656, 210.822265625, 1.0], [205.982177734375, 205.2904052734375, 1.0], [238.3199920654297, 191.32460021972656, 1.0], [271.614990234375, 186.0478057861328, 1.0], [155.9018096923828, 222.317138671875, 1.0], [207.77413940429688, 185.1153106689453, 1.0], [224.71231079101562, 151.38621520996094, 1.0], [230.30545043945312, 117.03854370117188, 1.0], [155.02005004882812, 226.3688507080078, 1.0], [213.50904846191406, 212.9658203125, 1.0], [242.753173828125, 196.60475158691406, 1.0], [264.4354248046875, 173.0440673828125, 1.0], [146.82107543945312, 229.06301879882812, 1.0], [179.8048095703125, 206.7952423095703, 1.0], [183.5140838623047, 180.11000061035156, 1.0], [169.39669799804688, 155.28549194335938, 1.0]], "is_left": 0}