{"hand_pts": [[211.4943389892578, 176.66041564941406, 1.0], [219.2643280029297, 226.4197235107422, 1.0], [250.88134765625, 255.68089294433594, 1.0], [259.8603820800781, 282.4002380371094, 1.0], [237.1177978515625, 295.64404296875, 1.0], [226.8204803466797, 175.46231079101562, 1.0], [210.36285400390625, 190.7584228515625, 1.0], [185.30743408203125, 230.24058532714844, 1.0], [161.9809112548828, 265.7305603027344, 1.0], [201.35264587402344, 145.0449981689453, 1.0], [183.15164184570312, 152.41021728515625, 1.0], [168.0084686279297, 168.7335662841797, 1.0], [150.0687713623047, 195.0320587158203, 1.0], [178.66824340820312, 129.3711700439453, 1.0], [172.4668426513672, 113.96582794189453, 1.0], [153.27667236328125, 158.5989532470703, 1.0], [144.40817260742188, 197.9626007080078, 1.0], [158.03622436523438, 120.0550537109375, 1.0], [141.71653747558594, 100.42422485351562, 1.0], [127.45071411132812, 126.51262664794922, 1.0], [127.05439758300781, 168.18885803222656, 1.0]], "is_left": 0}