{"hand_pts": [[151.44085693359375, 184.70460510253906, 1.0], [118.00630187988281, 215.7825469970703, 1.0], [76.87059020996094, 245.44488525390625, 1.0], [91.15851593017578, 260.6393737792969, 1.0], [137.31495666503906, 255.11538696289062, 1.0], [119.55116271972656, 153.52093505859375, 1.0], [129.07150268554688, 168.39309692382812, 1.0], [145.86802673339844, 204.01483154296875, 1.0], [163.07615661621094, 240.10891723632812, 1.0], [164.2379608154297, 131.48150634765625, 1.0], [187.16558837890625, 140.95303344726562, 1.0], [197.92678833007812, 186.75730895996094, 1.0], [199.30209350585938, 230.19215393066406, 1.0], [201.22311401367188, 121.72612762451172, 1.0], [236.0997772216797, 139.9613800048828, 1.0], [244.78785705566406, 182.07760620117188, 1.0], [235.85516357421875, 217.923583984375, 1.0], [234.8746337890625, 118.51443481445312, 1.0], [267.3145446777344, 125.98330688476562, 1.0], [272.86981201171875, 159.8572540283203, 1.0], [256.34100341796875, 194.23060607910156, 1.0]], "is_left": 0}