{"hand_pts": [[52.49338150024414, 190.52984619140625, 1.0], [77.65678405761719, 232.25924682617188, 1.0], [83.92388916015625, 269.7795104980469, 1.0], [114.73927307128906, 288.4103088378906, 1.0], [155.32327270507812, 290.3475036621094, 1.0], [119.16578674316406, 166.35983276367188, 1.0], [157.16876220703125, 171.61512756347656, 1.0], [187.37493896484375, 194.3333282470703, 1.0], [216.89041137695312, 222.8549041748047, 1.0], [139.7299346923828, 143.2324676513672, 1.0], [189.68994140625, 139.3653564453125, 1.0], [222.294677734375, 168.50257873535156, 1.0], [250.58705139160156, 202.2073516845703, 1.0], [157.4024658203125, 134.1023406982422, 1.0], [212.75930786132812, 132.8674774169922, 1.0], [241.5849151611328, 168.24945068359375, 1.0], [261.3335266113281, 212.32762145996094, 1.0], [169.46743774414062, 131.69573974609375, 1.0], [214.72402954101562, 128.8256072998047, 1.0], [243.5879669189453, 149.0816192626953, 1.0], [266.1697998046875, 182.8395538330078, 1.0]], "is_left": 0}