{"hand_pts": [[60.8819580078125, 175.6742401123047, 1.0], [105.97502899169922, 212.84226989746094, 1.0], [134.36753845214844, 260.4352111816406, 1.0], [165.77560424804688, 296.21148681640625, 1.0], [195.72357177734375, 281.5694580078125, 1.0], [174.11488342285156, 157.42124938964844, 1.0], [216.36903381347656, 186.59266662597656, 1.0], [211.69342041015625, 224.9685821533203, 1.0], [192.68621826171875, 256.3301696777344, 1.0], [168.36978149414062, 134.075439453125, 1.0], [202.93673706054688, 180.6266326904297, 1.0], [173.5387420654297, 216.8426513671875, 1.0], [139.6451416015625, 223.10983276367188, 1.0], [161.42173767089844, 122.36469268798828, 1.0], [216.54290771484375, 107.2574462890625, 1.0], [246.4052276611328, 117.45928192138672, 1.0], [270.5185852050781, 141.41966247558594, 1.0], [148.20037841796875, 116.26164245605469, 1.0], [176.45330810546875, 109.94596862792969, 1.0], [185.3577117919922, 139.36380004882812, 1.0], [171.90133666992188, 173.87222290039062, 1.0]], "is_left": 0}