{"hand_pts": [[266.10052490234375, 108.69051361083984, 1.0], [186.1029815673828, 141.98692321777344, 1.0], [122.2870864868164, 156.90945434570312, 1.0], [95.72190856933594, 188.595947265625, 1.0], [116.17363739013672, 210.8722381591797, 1.0], [153.2448272705078, 138.00509643554688, 1.0], [119.61385345458984, 177.37864685058594, 1.0], [117.86942291259766, 205.29959106445312, 1.0], [131.10906982421875, 220.10745239257812, 1.0], [200.25057983398438, 136.06895446777344, 1.0], [170.3765106201172, 183.0482635498047, 1.0], [162.49278259277344, 213.4121551513672, 1.0], [165.2437744140625, 225.08001708984375, 1.0], [237.9208221435547, 138.71913146972656, 1.0], [219.7444305419922, 185.8523712158203, 1.0], [214.59178161621094, 210.8321990966797, 1.0], [214.71047973632812, 215.4664764404297, 1.0], [276.2225036621094, 141.25872802734375, 1.0], [275.4668884277344, 173.8778076171875, 1.0], [267.1046447753906, 196.04266357421875, 1.0], [256.80133056640625, 197.9893341064453, 1.0]], "is_left": 0}