{"hand_pts": [[31.90701675415039, 250.32330322265625, 1.0], [61.20033645629883, 184.68881225585938, 1.0], [60.768524169921875, 122.96700286865234, 1.0], [99.19530487060547, 83.12937927246094, 1.0], [152.2852020263672, 78.72855377197266, 1.0], [133.8100128173828, 173.51974487304688, 1.0], [201.30538940429688, 145.247802734375, 1.0], [221.36036682128906, 135.31277465820312, 1.0], [243.71714782714844, 126.16808319091797, 1.0], [154.58856201171875, 215.4530792236328, 1.0], [234.32156372070312, 189.47747802734375, 1.0], [232.26783752441406, 174.5103759765625, 1.0], [216.88047790527344, 163.29605102539062, 1.0], [169.3561248779297, 246.59815979003906, 1.0], [231.28118896484375, 213.27381896972656, 1.0], [234.64720153808594, 195.2866973876953, 1.0], [223.17745971679688, 180.51593017578125, 1.0], [175.45541381835938, 275.85760498046875, 1.0], [223.52342224121094, 274.228759765625, 1.0], [213.50975036621094, 260.01483154296875, 1.0], [186.4761199951172, 242.8689727783203, 1.0]], "is_left": 0}