{"hand_pts": [[40.631103515625, 52.43477249145508, 1.0], [92.9404067993164, 81.06651306152344, 1.0], [127.50995635986328, 100.2985610961914, 1.0], [169.93939208984375, 126.4049301147461, 1.0], [211.67416381835938, 153.68115234375, 1.0], [128.34909057617188, 165.1556854248047, 1.0], [166.91705322265625, 211.9314727783203, 1.0], [203.75436401367188, 233.11502075195312, 1.0], [239.24696350097656, 254.50079345703125, 1.0], [129.42562866210938, 159.4087371826172, 1.0], [178.36961364746094, 214.8670196533203, 1.0], [221.9950408935547, 235.698486328125, 1.0], [264.69451904296875, 252.07882690429688, 1.0], [133.3060302734375, 149.06494140625, 1.0], [182.6327362060547, 199.2589111328125, 1.0], [222.2925262451172, 216.17892456054688, 1.0], [262.3101806640625, 229.49435424804688, 1.0], [133.048828125, 131.85877990722656, 1.0], [171.20709228515625, 160.14564514160156, 1.0], [204.18690490722656, 172.8520965576172, 1.0], [240.232421875, 181.02537536621094, 1.0]], "is_left": 0}