{"hand_pts": [[287.3394470214844, 304.106689453125, 1.0], [252.58798217773438, 228.85096740722656, 1.0], [237.25575256347656, 189.9693145751953, 1.0], [214.5921173095703, 138.7671356201172, 1.0], [204.4107208251953, 120.19388580322266, 1.0], [155.50889587402344, 226.07090759277344, 1.0], [150.14422607421875, 155.32574462890625, 1.0], [183.85525512695312, 142.24119567871094, 1.0], [215.82357788085938, 164.32003784179688, 1.0], [150.6357879638672, 245.4037322998047, 1.0], [128.49302673339844, 167.35122680664062, 1.0], [165.8533935546875, 141.68270874023438, 1.0], [198.26324462890625, 167.4519500732422, 1.0], [152.78001403808594, 254.5934295654297, 1.0], [147.41563415527344, 178.96646118164062, 1.0], [181.86143493652344, 157.64633178710938, 1.0], [217.7305145263672, 165.98519897460938, 1.0], [164.5408172607422, 263.96697998046875, 1.0], [155.58493041992188, 220.5862579345703, 1.0], [183.8900909423828, 202.72726440429688, 1.0], [209.021728515625, 211.24867248535156, 1.0]], "is_left": 0}