{"hand_pts": [[273.61383056640625, 300.3276062011719, 1.0], [265.40484619140625, 226.6400146484375, 1.0], [259.7034912109375, 166.8938446044922, 1.0], [215.0771942138672, 122.59394836425781, 1.0], [164.34072875976562, 92.36356353759766, 1.0], [257.0184020996094, 196.52584838867188, 1.0], [217.98770141601562, 134.57403564453125, 1.0], [186.2697296142578, 114.36690521240234, 1.0], [156.5430908203125, 101.4028549194336, 1.0], [229.32791137695312, 228.64306640625, 1.0], [175.2140350341797, 161.99366760253906, 1.0], [149.1117401123047, 141.12139892578125, 1.0], [138.8280029296875, 137.55508422851562, 1.0], [203.70164489746094, 252.29112243652344, 1.0], [140.67112731933594, 191.5463409423828, 1.0], [139.3746337890625, 191.9449462890625, 1.0], [139.95457458496094, 193.87423706054688, 1.0], [181.37594604492188, 277.08477783203125, 1.0], [130.58685302734375, 246.83934020996094, 1.0], [143.7339630126953, 248.42349243164062, 1.0], [183.627685546875, 266.865478515625, 1.0]], "is_left": 0}