{"hand_pts": [[115.71708679199219, 50.1324462890625, 1.0], [171.61935424804688, 77.6606674194336, 1.0], [231.48609924316406, 73.99046325683594, 1.0], [236.18531799316406, 125.85980224609375, 1.0], [205.48240661621094, 180.782470703125, 1.0], [244.34548950195312, 103.28550720214844, 1.0], [267.02252197265625, 162.20407104492188, 1.0], [245.87490844726562, 202.7799835205078, 1.0], [211.72137451171875, 231.01255798339844, 1.0], [204.1887969970703, 123.28370666503906, 1.0], [221.50494384765625, 197.79946899414062, 1.0], [201.44125366210938, 232.31640625, 1.0], [173.86941528320312, 244.71315002441406, 1.0], [166.8943328857422, 142.0955352783203, 1.0], [168.2906494140625, 220.24473571777344, 1.0], [146.1761474609375, 247.32144165039062, 1.0], [126.73633575439453, 241.5715789794922, 1.0], [126.66400146484375, 155.99179077148438, 1.0], [111.4246826171875, 213.40420532226562, 1.0], [96.68184661865234, 244.3724822998047, 1.0], [86.16477966308594, 254.016357421875, 1.0]], "is_left": 0}