{"hand_pts": [[109.89478302001953, 215.7735137939453, 1.0], [179.24209594726562, 202.46620178222656, 1.0], [237.8587646484375, 234.87258911132812, 1.0], [278.9754333496094, 244.73207092285156, 1.0], [256.74383544921875, 216.97561645507812, 1.0], [202.09469604492188, 242.8203887939453, 1.0], [226.7694091796875, 192.73580932617188, 1.0], [217.28038024902344, 160.80198669433594, 1.0], [197.55966186523438, 157.81439208984375, 1.0], [163.1983184814453, 235.94398498535156, 1.0], [189.47085571289062, 164.892822265625, 1.0], [191.17759704589844, 130.0977325439453, 1.0], [186.24269104003906, 113.64015197753906, 1.0], [133.3455810546875, 223.65538024902344, 1.0], [156.0636444091797, 160.01406860351562, 1.0], [159.36814880371094, 130.73838806152344, 1.0], [157.6638946533203, 121.0270767211914, 1.0], [103.57491302490234, 208.85218811035156, 1.0], [120.4737548828125, 202.26113891601562, 1.0], [142.5526580810547, 175.19374084472656, 1.0], [156.74501037597656, 153.44027709960938, 1.0]], "is_left": 0}