{"hand_pts": [[64.81877136230469, 276.27093505859375, 1.0], [136.61410522460938, 255.211181640625, 1.0], [201.24057006835938, 237.38916015625, 1.0], [254.82974243164062, 211.03045654296875, 1.0], [261.5826416015625, 194.5293731689453, 1.0], [173.8783416748047, 171.9598846435547, 1.0], [232.98255920410156, 140.4695281982422, 1.0], [243.70265197753906, 165.4927978515625, 1.0], [236.53128051757812, 200.23167419433594, 1.0], [141.59010314941406, 168.255859375, 1.0], [206.08740234375, 132.5157012939453, 1.0], [234.18408203125, 154.37034606933594, 1.0], [234.2796173095703, 196.66537475585938, 1.0], [117.32335662841797, 170.99017333984375, 1.0], [169.0105743408203, 147.12606811523438, 1.0], [177.4904327392578, 182.78909301757812, 1.0], [165.1928253173828, 220.58053588867188, 1.0], [91.4664306640625, 181.6648406982422, 1.0], [112.94486999511719, 169.59022521972656, 1.0], [129.66946411132812, 190.86570739746094, 1.0], [132.05877685546875, 221.0919952392578, 1.0]], "is_left": 0}