{"hand_pts": [[349.73126220703125, 190.69448852539062, 1.0], [303.1734924316406, 153.45547485351562, 1.0], [276.4838562011719, 119.6442642211914, 1.0], [224.7747344970703, 129.7166290283203, 1.0], [230.18267822265625, 159.5849609375, 1.0], [230.05335998535156, 187.08885192871094, 1.0], [169.73509216308594, 169.2096405029297, 1.0], [151.87088012695312, 147.68626403808594, 1.0], [159.94097900390625, 130.4341278076172, 1.0], [217.68955993652344, 210.98031616210938, 1.0], [160.336181640625, 215.540283203125, 1.0], [143.9262237548828, 187.24549865722656, 1.0], [136.93324279785156, 161.14918518066406, 1.0], [208.48907470703125, 224.96189880371094, 1.0], [147.38656616210938, 194.70960998535156, 1.0], [170.02557373046875, 174.0949249267578, 1.0], [193.53172302246094, 154.37850952148438, 1.0], [207.28785705566406, 234.88604736328125, 1.0], [163.6741943359375, 245.37803649902344, 1.0], [131.90884399414062, 248.03550720214844, 1.0], [115.68465423583984, 224.50103759765625, 1.0]], "is_left": 0}