{"hand_pts": [[229.01954650878906, 333.6752624511719, 1.0], [216.55027770996094, 260.3529357910156, 1.0], [204.2873992919922, 219.22398376464844, 1.0], [198.23410034179688, 177.4292755126953, 1.0], [203.7255401611328, 142.72682189941406, 1.0], [158.0790252685547, 221.16542053222656, 1.0], [142.2053680419922, 167.16458129882812, 1.0], [150.25816345214844, 130.7172088623047, 1.0], [174.373291015625, 108.84104919433594, 1.0], [160.586181640625, 235.1430206298828, 1.0], [156.92820739746094, 157.78269958496094, 1.0], [190.19515991210938, 152.09327697753906, 1.0], [212.10467529296875, 179.06053161621094, 1.0], [168.88119506835938, 244.67947387695312, 1.0], [155.7996368408203, 179.33079528808594, 1.0], [175.20465087890625, 142.66616821289062, 1.0], [196.03799438476562, 112.20307922363281, 1.0], [183.0657196044922, 258.5409851074219, 1.0], [202.44192504882812, 221.84913635253906, 1.0], [219.02073669433594, 196.44081115722656, 1.0], [240.78134155273438, 169.4053955078125, 1.0]], "is_left": 0}