{"hand_pts": [[174.20162963867188, 297.0893249511719, 1.0], [135.03656005859375, 288.3913879394531, 1.0], [92.02014923095703, 301.6441955566406, 1.0], [77.6068115234375, 257.90911865234375, 1.0], [95.9236831665039, 204.9331817626953, 1.0], [197.70230102539062, 259.81494140625, 1.0], [189.56649780273438, 205.70172119140625, 1.0], [158.6563262939453, 176.361572265625, 1.0], [127.39969635009766, 163.151123046875, 1.0], [234.1009063720703, 230.86737060546875, 1.0], [212.61143493652344, 157.99581909179688, 1.0], [167.0406494140625, 140.4525604248047, 1.0], [125.14835357666016, 151.13345336914062, 1.0], [255.5237274169922, 206.3417205810547, 1.0], [252.43309020996094, 132.086669921875, 1.0], [212.27220153808594, 113.93402099609375, 1.0], [170.72555541992188, 129.56814575195312, 1.0], [268.7947998046875, 187.37905883789062, 1.0], [264.3619384765625, 134.5540313720703, 1.0], [233.07662963867188, 116.54914093017578, 1.0], [194.14891052246094, 138.41787719726562, 1.0]], "is_left": 0}