{"hand_pts": [[40.702632904052734, 109.87744140625, 1.0], [63.18811798095703, 108.93658447265625, 1.0], [67.03704833984375, 90.25344848632812, 1.0], [91.58011627197266, 107.09207916259766, 1.0], [122.72425079345703, 141.90350341796875, 1.0], [168.75439453125, 119.57564544677734, 1.0], [213.09971618652344, 135.76852416992188, 1.0], [222.2512664794922, 158.641845703125, 1.0], [218.15061950683594, 184.564453125, 1.0], [179.88148498535156, 149.68203735351562, 1.0], [226.36776733398438, 187.47982788085938, 1.0], [224.7322235107422, 212.45684814453125, 1.0], [207.3664093017578, 231.91871643066406, 1.0], [181.46922302246094, 176.1322784423828, 1.0], [231.89723205566406, 216.17086791992188, 1.0], [229.81581115722656, 239.4958038330078, 1.0], [214.5510711669922, 257.1069641113281, 1.0], [172.80728149414062, 199.0430450439453, 1.0], [203.6393585205078, 235.73126220703125, 1.0], [202.108154296875, 255.64552307128906, 1.0], [183.7421875, 264.52783203125, 1.0]], "is_left": 0}