{"hand_pts": [[204.80856323242188, 25.873973846435547, 1.0], [230.0005645751953, 88.29811096191406, 1.0], [253.4376220703125, 132.33872985839844, 1.0], [244.35011291503906, 183.63162231445312, 1.0], [219.26051330566406, 217.21200561523438, 1.0], [222.2772216796875, 135.81124877929688, 1.0], [217.08509826660156, 205.15525817871094, 1.0], [211.3936309814453, 231.8177490234375, 1.0], [206.15957641601562, 239.0312957763672, 1.0], [191.1914520263672, 124.06639099121094, 1.0], [185.59510803222656, 188.2158660888672, 1.0], [185.00033569335938, 232.62086486816406, 1.0], [187.7599639892578, 247.44232177734375, 1.0], [167.15731811523438, 116.56431579589844, 1.0], [150.07693481445312, 191.0799102783203, 1.0], [146.93064880371094, 224.69361877441406, 1.0], [144.47964477539062, 256.1152038574219, 1.0], [146.68984985351562, 104.84098052978516, 1.0], [129.97312927246094, 149.5264892578125, 1.0], [123.63735961914062, 177.61758422851562, 1.0], [122.94374084472656, 202.76461791992188, 1.0]], "is_left": 0}