{"hand_pts": [[119.2633056640625, 338.9375, 1.0], [127.11116790771484, 298.6583557128906, 1.0], [136.06080627441406, 292.384521484375, 1.0], [138.6547088623047, 235.86190795898438, 1.0], [135.08517456054688, 181.73297119140625, 1.0], [235.27655029296875, 241.88998413085938, 1.0], [238.10906982421875, 168.08779907226562, 1.0], [189.69271850585938, 150.4082489013672, 1.0], [143.55300903320312, 170.6849365234375, 1.0], [242.33010864257812, 226.23458862304688, 1.0], [246.7322235107422, 135.26904296875, 1.0], [190.6077423095703, 120.81468963623047, 1.0], [140.6061248779297, 153.70578002929688, 1.0], [238.26473999023438, 212.9241180419922, 1.0], [223.11749267578125, 126.87757110595703, 1.0], [169.25897216796875, 131.47540283203125, 1.0], [139.2598419189453, 175.81906127929688, 1.0], [224.4114532470703, 206.77413940429688, 1.0], [208.825927734375, 150.6896514892578, 1.0], [166.56040954589844, 148.65066528320312, 1.0], [140.12196350097656, 185.12176513671875, 1.0]], "is_left": 0}