{"hand_pts": [[267.6859130859375, 154.48033142089844, 1.0], [237.88453674316406, 198.8109130859375, 1.0], [263.8506164550781, 229.75466918945312, 1.0], [265.95867919921875, 252.76930236816406, 1.0], [251.7285614013672, 266.8727722167969, 1.0], [248.4569549560547, 191.5230255126953, 1.0], [193.71762084960938, 229.6340789794922, 1.0], [164.10877990722656, 242.41525268554688, 1.0], [147.08731079101562, 244.9052734375, 1.0], [241.23524475097656, 160.523193359375, 1.0], [174.22166442871094, 168.57412719726562, 1.0], [121.93505859375, 181.58958435058594, 1.0], [88.83306884765625, 199.50161743164062, 1.0], [229.58575439453125, 138.59893798828125, 1.0], [154.97265625, 142.16122436523438, 1.0], [107.00914001464844, 150.86643981933594, 1.0], [68.46936798095703, 165.74209594726562, 1.0], [218.39613342285156, 119.3849868774414, 1.0], [164.00845336914062, 119.0438003540039, 1.0], [147.88705444335938, 131.9990997314453, 1.0], [176.76092529296875, 142.49603271484375, 1.0]], "is_left": 0}