{"hand_pts": [[316.5531311035156, 264.1509094238281, 1.0], [256.8796691894531, 265.3972473144531, 1.0], [204.4566650390625, 275.4592590332031, 1.0], [158.13233947753906, 266.7616271972656, 1.0], [122.49922180175781, 243.6922607421875, 1.0], [213.0164337158203, 225.55657958984375, 1.0], [160.46865844726562, 205.77236938476562, 1.0], [124.94144439697266, 190.61338806152344, 1.0], [91.46910095214844, 174.94102478027344, 1.0], [234.61264038085938, 202.73765563964844, 1.0], [175.74929809570312, 170.7158203125, 1.0], [136.16380310058594, 156.02813720703125, 1.0], [98.80146026611328, 141.80880737304688, 1.0], [251.3856964111328, 186.43765258789062, 1.0], [202.77528381347656, 148.80088806152344, 1.0], [169.32327270507812, 131.90904235839844, 1.0], [136.6549530029297, 116.25367736816406, 1.0], [270.8995056152344, 175.81259155273438, 1.0], [240.91725158691406, 145.12393188476562, 1.0], [216.75498962402344, 128.381591796875, 1.0], [189.4572296142578, 115.50284576416016, 1.0]], "is_left": 0}