{"hand_pts": [[248.3583526611328, 259.9011535644531, 1.0], [261.6957092285156, 213.7742156982422, 1.0], [293.6551208496094, 179.44798278808594, 1.0], [290.2705993652344, 173.5025177001953, 1.0], [269.974853515625, 185.4698486328125, 1.0], [210.33375549316406, 164.88812255859375, 1.0], [182.2738037109375, 132.9104766845703, 1.0], [188.59625244140625, 141.70944213867188, 1.0], [190.34439086914062, 146.89028930664062, 1.0], [182.80569458007812, 186.97789001464844, 1.0], [138.09710693359375, 154.78768920898438, 1.0], [146.5877685546875, 151.59498596191406, 1.0], [167.28102111816406, 157.35986328125, 1.0], [164.69677734375, 206.47134399414062, 1.0], [156.36004638671875, 204.85704040527344, 1.0], [182.75914001464844, 220.90174865722656, 1.0], [192.09423828125, 221.62327575683594, 1.0], [153.13917541503906, 228.8342742919922, 1.0], [119.62332153320312, 216.86190795898438, 1.0], [101.11415100097656, 206.9762420654297, 1.0], [92.44486236572266, 194.37408447265625, 1.0]], "is_left": 0}