{"hand_pts": [[308.1961364746094, 112.91458892822266, 1.0], [275.43890380859375, 185.15887451171875, 1.0], [276.35791015625, 250.8155517578125, 1.0], [214.55873107910156, 256.7320861816406, 1.0], [177.421875, 206.48562622070312, 1.0], [242.99600219726562, 255.92845153808594, 1.0], [167.59201049804688, 253.6195526123047, 1.0], [181.7673797607422, 214.68789672851562, 1.0], [228.5144500732422, 198.6273956298828, 1.0], [221.940673828125, 215.26364135742188, 1.0], [122.85684204101562, 205.53443908691406, 1.0], [139.59999084472656, 173.4571075439453, 1.0], [198.09848022460938, 167.80648803710938, 1.0], [201.8174285888672, 178.89224243164062, 1.0], [103.9458236694336, 158.92723083496094, 1.0], [127.38668060302734, 136.0179901123047, 1.0], [181.92808532714844, 149.5199737548828, 1.0], [187.01370239257812, 138.53961181640625, 1.0], [122.08440399169922, 115.30252075195312, 1.0], [139.8792266845703, 105.50386047363281, 1.0], [187.58499145507812, 123.45244598388672, 1.0]], "is_left": 0}