{"hand_pts": [[305.80902099609375, 269.06951904296875, 1.0], [293.7696838378906, 207.4984130859375, 1.0], [305.50140380859375, 163.14569091796875, 1.0], [299.21929931640625, 124.66455841064453, 1.0], [279.6590881347656, 93.3874282836914, 1.0], [231.0030059814453, 185.81814575195312, 1.0], [196.6165008544922, 149.05516052246094, 1.0], [184.52981567382812, 134.89993286132812, 1.0], [176.76974487304688, 126.83102416992188, 1.0], [205.6810760498047, 216.5662384033203, 1.0], [157.38699340820312, 190.09420776367188, 1.0], [130.74574279785156, 165.50282287597656, 1.0], [120.49578094482422, 145.08030700683594, 1.0], [187.5452423095703, 239.5845489501953, 1.0], [139.39566040039062, 212.16976928710938, 1.0], [116.4377670288086, 189.9176483154297, 1.0], [120.85861206054688, 175.09701538085938, 1.0], [176.9257354736328, 262.9054870605469, 1.0], [141.56527709960938, 250.2158966064453, 1.0], [121.61389923095703, 240.1558837890625, 1.0], [108.82308959960938, 226.76754760742188, 1.0]], "is_left": 0}