{"hand_pts": [[128.1492156982422, 285.5915222167969, 1.0], [186.33197021484375, 260.2373352050781, 1.0], [239.79136657714844, 234.95826721191406, 1.0], [279.50616455078125, 211.31361389160156, 1.0], [313.9222106933594, 189.04481506347656, 1.0], [179.85311889648438, 198.39732360839844, 1.0], [199.59056091308594, 148.45745849609375, 1.0], [217.489501953125, 120.95719146728516, 1.0], [226.9996795654297, 89.1186752319336, 1.0], [153.03125, 214.30514526367188, 1.0], [167.86819458007812, 155.87477111816406, 1.0], [189.5683135986328, 126.30223846435547, 1.0], [204.83895874023438, 94.87711334228516, 1.0], [136.5368194580078, 232.3288116455078, 1.0], [149.5430145263672, 187.3694610595703, 1.0], [168.33668518066406, 167.78314208984375, 1.0], [183.03176879882812, 146.23309326171875, 1.0], [121.92987823486328, 254.5855712890625, 1.0], [128.43609619140625, 231.09307861328125, 1.0], [137.94505310058594, 216.6624755859375, 1.0], [150.84219360351562, 200.6461181640625, 1.0]], "is_left": 0}