{"hand_pts": [[291.23663330078125, 328.50335693359375, 1.0], [284.2221984863281, 261.0088195800781, 1.0], [287.23089599609375, 217.45318603515625, 1.0], [269.2133483886719, 170.93399047851562, 1.0], [242.49305725097656, 138.4175567626953, 1.0], [192.8513946533203, 223.50738525390625, 1.0], [162.73573303222656, 168.04891967773438, 1.0], [166.65469360351562, 132.64892578125, 1.0], [181.29408264160156, 105.19403839111328, 1.0], [176.6004180908203, 240.88174438476562, 1.0], [136.95559692382812, 176.1979217529297, 1.0], [149.0548553466797, 137.08621215820312, 1.0], [175.95516967773438, 110.17809295654297, 1.0], [170.56568908691406, 252.60003662109375, 1.0], [131.75076293945312, 193.42539978027344, 1.0], [144.98123168945312, 160.3498077392578, 1.0], [175.34852600097656, 140.46475219726562, 1.0], [173.83824157714844, 267.3507385253906, 1.0], [151.80442810058594, 229.9739227294922, 1.0], [160.05628967285156, 202.00732421875, 1.0], [188.06427001953125, 183.3813018798828, 1.0]], "is_left": 0}