{"hand_pts": [[259.8116149902344, 91.40692901611328, 1.0], [211.1951141357422, 93.84945678710938, 1.0], [205.38302612304688, 66.34285736083984, 1.0], [165.53785705566406, 111.48844909667969, 1.0], [132.60568237304688, 160.41592407226562, 1.0], [248.34068298339844, 151.7891082763672, 1.0], [208.58155822753906, 175.7716827392578, 1.0], [158.3274688720703, 181.56468200683594, 1.0], [126.31452178955078, 178.44053649902344, 1.0], [259.1498718261719, 184.60816955566406, 1.0], [176.06326293945312, 230.63534545898438, 1.0], [152.77455139160156, 199.69070434570312, 1.0], [133.44180297851562, 169.26712036132812, 1.0], [259.1222229003906, 208.91517639160156, 1.0], [172.65167236328125, 234.90895080566406, 1.0], [162.8569793701172, 202.59634399414062, 1.0], [181.51028442382812, 169.03207397460938, 1.0], [255.98875427246094, 225.48960876464844, 1.0], [198.48348999023438, 253.99815368652344, 1.0], [162.26739501953125, 242.3773651123047, 1.0], [132.64590454101562, 218.43035888671875, 1.0]], "is_left": 0}