{"hand_pts": [[120.28092956542969, 299.44281005859375, 1.0], [155.67140197753906, 222.8946533203125, 1.0], [177.52606201171875, 163.2174530029297, 1.0], [181.94198608398438, 115.1343994140625, 1.0], [169.93975830078125, 109.42744445800781, 1.0], [237.7127685546875, 213.78369140625, 1.0], [258.8050842285156, 154.48182678222656, 1.0], [223.2488250732422, 128.08425903320312, 1.0], [185.45042419433594, 109.58912658691406, 1.0], [218.19664001464844, 244.718017578125, 1.0], [220.09695434570312, 172.60610961914062, 1.0], [181.03672790527344, 146.30296325683594, 1.0], [150.22726440429688, 155.8968048095703, 1.0], [196.1869354248047, 264.3526611328125, 1.0], [207.6110076904297, 206.6128692626953, 1.0], [184.55194091796875, 168.1710662841797, 1.0], [153.98313903808594, 156.37237548828125, 1.0], [168.6758575439453, 283.3199768066406, 1.0], [152.95449829101562, 250.42127990722656, 1.0], [128.3389892578125, 226.7769012451172, 1.0], [118.35824584960938, 226.9737548828125, 1.0]], "is_left": 0}