{"hand_pts": [[152.2248992919922, 235.6978302001953, 1.0], [154.74147033691406, 258.3714294433594, 1.0], [179.76918029785156, 288.72943115234375, 1.0], [180.67811584472656, 267.9400634765625, 1.0], [170.8223419189453, 235.4748077392578, 1.0], [222.26145935058594, 229.0279541015625, 1.0], [203.80093383789062, 223.55340576171875, 1.0], [180.62738037109375, 220.9025421142578, 1.0], [145.72720336914062, 221.70118713378906, 1.0], [218.87506103515625, 191.90785217285156, 1.0], [209.46495056152344, 179.55943298339844, 1.0], [172.40049743652344, 186.21885681152344, 1.0], [136.38719177246094, 198.31727600097656, 1.0], [208.9386444091797, 163.90023803710938, 1.0], [194.1275177001953, 130.79888916015625, 1.0], [167.69361877441406, 121.8756103515625, 1.0], [139.72789001464844, 140.45530700683594, 1.0], [193.6646270751953, 141.39739990234375, 1.0], [203.79347229003906, 107.45506286621094, 1.0], [200.69239807128906, 89.2207260131836, 1.0], [180.5789337158203, 99.54006958007812, 1.0]], "is_left": 0}