{"hand_pts": [[143.07981872558594, 21.31390953063965, 1.0], [130.27503967285156, 78.88153076171875, 1.0], [110.30508422851562, 120.67323303222656, 1.0], [116.70527648925781, 176.3289794921875, 1.0], [131.33255004882812, 224.9773406982422, 1.0], [207.355224609375, 129.63107299804688, 1.0], [193.05088806152344, 199.55873107910156, 1.0], [167.5428924560547, 239.44712829589844, 1.0], [129.83673095703125, 262.6625671386719, 1.0], [222.93795776367188, 126.90040588378906, 1.0], [199.01785278320312, 211.02072143554688, 1.0], [145.94754028320312, 217.58572387695312, 1.0], [114.109375, 182.41485595703125, 1.0], [227.342529296875, 126.00728607177734, 1.0], [266.6986083984375, 194.9888916015625, 1.0], [229.79757690429688, 227.24900817871094, 1.0], [187.4320068359375, 248.4703826904297, 1.0], [224.06529235839844, 119.87761688232422, 1.0], [242.1535186767578, 171.4250030517578, 1.0], [215.9320831298828, 201.92037963867188, 1.0], [179.3886260986328, 222.7350311279297, 1.0]], "is_left": 0}