{"hand_pts": [[180.89556884765625, 302.2995910644531, 1.0], [133.00033569335938, 262.2622985839844, 1.0], [84.96027374267578, 237.79652404785156, 1.0], [66.08479309082031, 213.67257690429688, 1.0], [64.23833465576172, 193.1728973388672, 1.0], [167.90806579589844, 186.0955352783203, 1.0], [168.7538299560547, 136.60498046875, 1.0], [159.6045379638672, 124.92903900146484, 1.0], [150.3463897705078, 119.4313735961914, 1.0], [207.55410766601562, 200.1356658935547, 1.0], [194.875244140625, 157.61407470703125, 1.0], [167.44090270996094, 160.33953857421875, 1.0], [141.0259552001953, 165.87367248535156, 1.0], [234.31333923339844, 216.4510498046875, 1.0], [245.18502807617188, 170.51681518554688, 1.0], [236.21408081054688, 156.58734130859375, 1.0], [223.5497589111328, 146.97613525390625, 1.0], [255.52288818359375, 238.7051239013672, 1.0], [264.0058898925781, 214.15078735351562, 1.0], [258.7639465332031, 203.2069091796875, 1.0], [234.9445343017578, 203.751953125, 1.0]], "is_left": 0}