{"hand_pts": [[247.76942443847656, 333.8290710449219, 1.0], [184.9984130859375, 276.30926513671875, 1.0], [129.7104949951172, 235.90170288085938, 1.0], [93.15855407714844, 195.3165740966797, 1.0], [91.16353607177734, 176.52471923828125, 1.0], [210.76556396484375, 175.52923583984375, 1.0], [169.44276428222656, 121.52716827392578, 1.0], [131.88238525390625, 126.15619659423828, 1.0], [103.41509246826172, 154.54061889648438, 1.0], [245.23155212402344, 190.28799438476562, 1.0], [205.10885620117188, 129.50555419921875, 1.0], [158.47825622558594, 138.0655059814453, 1.0], [120.6961669921875, 170.3152313232422, 1.0], [266.04034423828125, 207.2438201904297, 1.0], [233.1417999267578, 157.97760009765625, 1.0], [192.58517456054688, 170.59246826171875, 1.0], [159.36416625976562, 202.58335876464844, 1.0], [282.66998291015625, 232.17408752441406, 1.0], [263.7610168457031, 208.80284118652344, 1.0], [229.54736328125, 215.73338317871094, 1.0], [196.5785369873047, 238.73077392578125, 1.0]], "is_left": 0}