{"hand_pts": [[279.8680114746094, 165.96067810058594, 1.0], [260.5027770996094, 128.54031372070312, 1.0], [239.0140838623047, 89.67481994628906, 1.0], [217.4915313720703, 70.31786346435547, 1.0], [196.861328125, 62.80015563964844, 1.0], [190.99119567871094, 152.8541717529297, 1.0], [160.78721618652344, 145.7033233642578, 1.0], [151.06275939941406, 141.1712188720703, 1.0], [134.81117248535156, 138.48162841796875, 1.0], [200.26324462890625, 192.01551818847656, 1.0], [156.55972290039062, 196.4445037841797, 1.0], [140.37332153320312, 193.2143096923828, 1.0], [121.00303649902344, 191.8915557861328, 1.0], [213.9574737548828, 220.86021423339844, 1.0], [178.9120635986328, 236.3510284423828, 1.0], [168.5328369140625, 239.09950256347656, 1.0], [155.25936889648438, 244.0135498046875, 1.0], [233.33274841308594, 244.80838012695312, 1.0], [212.6576690673828, 260.44488525390625, 1.0], [204.6089324951172, 264.37066650390625, 1.0], [197.8785858154297, 263.8250427246094, 1.0]], "is_left": 0}