{"hand_pts": [[93.60636138916016, 265.5072021484375, 1.0], [148.29849243164062, 273.1808166503906, 1.0], [206.87088012695312, 289.3778991699219, 1.0], [234.43460083007812, 274.65423583984375, 1.0], [246.85565185546875, 254.1774444580078, 1.0], [210.82337951660156, 206.5880889892578, 1.0], [254.86114501953125, 196.0425567626953, 1.0], [239.4563446044922, 211.53616333007812, 1.0], [217.62188720703125, 227.52197265625, 1.0], [182.65048217773438, 175.71359252929688, 1.0], [234.41958618164062, 140.64064025878906, 1.0], [211.45266723632812, 170.99673461914062, 1.0], [196.13400268554688, 194.53964233398438, 1.0], [156.88539123535156, 155.3680419921875, 1.0], [172.0155487060547, 98.6578369140625, 1.0], [158.52784729003906, 120.0401382446289, 1.0], [144.65554809570312, 144.3232421875, 1.0], [127.27405548095703, 143.2941436767578, 1.0], [114.28567504882812, 123.66920471191406, 1.0], [99.70740509033203, 132.5834503173828, 1.0], [91.19558715820312, 171.82656860351562, 1.0]], "is_left": 0}