{"hand_pts": [[312.3712463378906, 202.28440856933594, 1.0], [248.64437866210938, 235.99676513671875, 1.0], [209.9899139404297, 284.604248046875, 1.0], [161.79574584960938, 287.5039978027344, 1.0], [152.89739990234375, 249.76055908203125, 1.0], [177.45201110839844, 209.72579956054688, 1.0], [136.80271911621094, 213.04161071777344, 1.0], [158.94876098632812, 217.7343292236328, 1.0], [200.02099609375, 218.99136352539062, 1.0], [186.993408203125, 170.88275146484375, 1.0], [135.79275512695312, 162.14364624023438, 1.0], [168.7279815673828, 181.08876037597656, 1.0], [206.2242431640625, 194.8986053466797, 1.0], [195.42625427246094, 142.37454223632812, 1.0], [158.61717224121094, 124.04177856445312, 1.0], [193.5843963623047, 145.4930419921875, 1.0], [222.28787231445312, 164.60964965820312, 1.0], [210.24005126953125, 119.08732604980469, 1.0], [178.00704956054688, 92.71128845214844, 1.0], [182.98243713378906, 112.3272705078125, 1.0], [207.1731414794922, 138.35585021972656, 1.0]], "is_left": 0}