{"hand_pts": [[27.593841552734375, 105.77230834960938, 1.0], [104.72970581054688, 110.67300415039062, 1.0], [151.4387969970703, 99.36091613769531, 1.0], [196.7698974609375, 110.8386459350586, 1.0], [225.02505493164062, 128.4718780517578, 1.0], [164.035888671875, 159.746337890625, 1.0], [224.2421112060547, 178.74795532226562, 1.0], [230.32545471191406, 173.17388916015625, 1.0], [198.50144958496094, 159.8130340576172, 1.0], [144.02450561523438, 177.0638885498047, 1.0], [192.67678833007812, 217.96102905273438, 1.0], [226.6957550048828, 223.15380859375, 1.0], [259.74737548828125, 231.36865234375, 1.0], [128.57354736328125, 188.19168090820312, 1.0], [181.71759033203125, 221.92843627929688, 1.0], [204.65447998046875, 217.73416137695312, 1.0], [228.481689453125, 215.3111572265625, 1.0], [108.49246978759766, 193.5872039794922, 1.0], [137.12515258789062, 220.59658813476562, 1.0], [160.4715118408203, 223.8484344482422, 1.0], [173.243408203125, 209.8457489013672, 1.0]], "is_left": 0}