{"hand_pts": [[78.89360809326172, 97.92002868652344, 1.0], [98.5651626586914, 127.58848571777344, 1.0], [102.08233642578125, 131.53187561035156, 1.0], [106.5523681640625, 184.25340270996094, 1.0], [106.67143249511719, 209.11572265625, 1.0], [220.436767578125, 127.47503662109375, 1.0], [223.13047790527344, 193.7252960205078, 1.0], [169.88766479492188, 202.2839813232422, 1.0], [143.5148468017578, 170.6011199951172, 1.0], [241.1135711669922, 136.5291290283203, 1.0], [237.9241943359375, 219.96084594726562, 1.0], [170.8193817138672, 219.4155731201172, 1.0], [143.1649932861328, 176.62403869628906, 1.0], [249.2390899658203, 148.78260803222656, 1.0], [260.4418029785156, 229.10609436035156, 1.0], [199.27662658691406, 226.661376953125, 1.0], [178.448974609375, 184.7568359375, 1.0], [244.5435791015625, 159.72267150878906, 1.0], [241.22137451171875, 212.7540740966797, 1.0], [190.7179412841797, 213.788818359375, 1.0], [179.6972198486328, 176.3732147216797, 1.0]], "is_left": 0}