{"hand_pts": [[286.13067626953125, 53.439186096191406, 1.0], [278.89385986328125, 121.43888854980469, 1.0], [282.2701416015625, 177.01710510253906, 1.0], [252.7386016845703, 221.7139892578125, 1.0], [213.73606872558594, 251.84730529785156, 1.0], [249.74343872070312, 163.83631896972656, 1.0], [215.78497314453125, 216.8404083251953, 1.0], [185.5244140625, 247.94810485839844, 1.0], [155.74069213867188, 273.1407165527344, 1.0], [223.22000122070312, 136.11863708496094, 1.0], [172.9108123779297, 197.16152954101562, 1.0], [146.8881072998047, 227.33462524414062, 1.0], [131.2912139892578, 245.6673126220703, 1.0], [201.17291259765625, 114.65306854248047, 1.0], [151.8524169921875, 166.76708984375, 1.0], [127.89529418945312, 195.02438354492188, 1.0], [109.22293090820312, 218.74891662597656, 1.0], [184.2777862548828, 90.87532043457031, 1.0], [142.51974487304688, 117.68146514892578, 1.0], [120.17694091796875, 142.95726013183594, 1.0], [112.35685729980469, 165.13681030273438, 1.0]], "is_left": 0}