{"hand_pts": [[31.65998077392578, 232.0634002685547, 1.0], [93.56550598144531, 189.53636169433594, 1.0], [126.5111083984375, 151.89381408691406, 1.0], [175.6699676513672, 138.56805419921875, 1.0], [221.41587829589844, 141.464111328125, 1.0], [134.11712646484375, 148.41818237304688, 1.0], [195.21624755859375, 137.935546875, 1.0], [227.9276580810547, 150.4025115966797, 1.0], [258.0663757324219, 163.36834716796875, 1.0], [128.28353881835938, 176.34613037109375, 1.0], [189.5272216796875, 148.7823486328125, 1.0], [236.90142822265625, 142.73843383789062, 1.0], [242.6785888671875, 155.9064483642578, 1.0], [126.19976806640625, 201.38734436035156, 1.0], [195.7208251953125, 203.9114227294922, 1.0], [226.92955017089844, 212.13162231445312, 1.0], [235.3485107421875, 218.81629943847656, 1.0], [119.90967559814453, 228.28956604003906, 1.0], [158.2406005859375, 250.6694793701172, 1.0], [180.5312042236328, 266.3169250488281, 1.0], [173.71177673339844, 268.75927734375, 1.0]], "is_left": 0}