{"hand_pts": [[301.2987060546875, 191.430908203125, 1.0], [215.2144775390625, 192.24342346191406, 1.0], [142.6253204345703, 182.48336791992188, 1.0], [107.87875366210938, 208.76361083984375, 1.0], [134.31419372558594, 236.98291015625, 1.0], [149.79811096191406, 103.8538589477539, 1.0], [106.01712799072266, 141.81509399414062, 1.0], [123.52360534667969, 194.93336486816406, 1.0], [160.01673889160156, 226.32049560546875, 1.0], [191.67678833007812, 107.23765563964844, 1.0], [149.3664093017578, 153.46231079101562, 1.0], [162.54762268066406, 209.51052856445312, 1.0], [189.07862854003906, 234.78067016601562, 1.0], [225.0884246826172, 119.49422454833984, 1.0], [195.22830200195312, 162.6910400390625, 1.0], [203.13316345214844, 212.0553436279297, 1.0], [220.3758544921875, 229.99771118164062, 1.0], [260.8104553222656, 138.2079315185547, 1.0], [254.54942321777344, 175.1090087890625, 1.0], [256.3979797363281, 213.87753295898438, 1.0], [260.54193115234375, 220.24835205078125, 1.0]], "is_left": 0}