{"hand_pts": [[331.3951721191406, 138.18922424316406, 1.0], [301.0098571777344, 200.73081970214844, 1.0], [297.3821716308594, 255.79220581054688, 1.0], [248.6722869873047, 262.2994689941406, 1.0], [219.49087524414062, 219.4373016357422, 1.0], [217.6011505126953, 224.01475524902344, 1.0], [153.3859405517578, 237.61312866210938, 1.0], [150.14259338378906, 231.604736328125, 1.0], [177.8712158203125, 217.8901824951172, 1.0], [198.3833770751953, 180.2061767578125, 1.0], [127.64788818359375, 200.18984985351562, 1.0], [129.3856201171875, 206.13836669921875, 1.0], [157.0630645751953, 206.63157653808594, 1.0], [186.0115509033203, 145.21449279785156, 1.0], [124.56938934326172, 159.5818328857422, 1.0], [157.9336395263672, 160.20794677734375, 1.0], [200.05665588378906, 156.00869750976562, 1.0], [183.22943115234375, 111.05889129638672, 1.0], [145.9190216064453, 96.37091064453125, 1.0], [149.68551635742188, 95.16654968261719, 1.0], [187.89572143554688, 108.36903381347656, 1.0]], "is_left": 0}