{"hand_pts": [[55.91260528564453, 185.8396759033203, 1.0], [102.01061248779297, 141.9996795654297, 1.0], [124.27814483642578, 96.5435791015625, 1.0], [152.15579223632812, 62.7553825378418, 1.0], [180.3789520263672, 67.10709381103516, 1.0], [164.7505340576172, 189.1514434814453, 1.0], [201.41322326660156, 148.48069763183594, 1.0], [183.8982696533203, 124.77239990234375, 1.0], [166.82740783691406, 104.63684844970703, 1.0], [161.466796875, 222.46356201171875, 1.0], [222.15194702148438, 242.47845458984375, 1.0], [259.73974609375, 242.24609375, 1.0], [282.53387451171875, 216.10153198242188, 1.0], [157.41465759277344, 241.78369140625, 1.0], [213.9922637939453, 258.3525695800781, 1.0], [215.41207885742188, 220.65489196777344, 1.0], [212.25271606445312, 184.85604858398438, 1.0], [147.47344970703125, 254.52745056152344, 1.0], [181.96832275390625, 246.43020629882812, 1.0], [175.40548706054688, 214.3315887451172, 1.0], [149.8992462158203, 206.04478454589844, 1.0]], "is_left": 0}