{"hand_pts": [[72.79059600830078, 127.61853790283203, 1.0], [89.79051971435547, 190.61517333984375, 1.0], [92.3066635131836, 249.44862365722656, 1.0], [114.33146667480469, 291.90338134765625, 1.0], [160.52719116210938, 280.5691223144531, 1.0], [123.2689437866211, 183.3306884765625, 1.0], [148.46969604492188, 203.46783447265625, 1.0], [171.53955078125, 220.25436401367188, 1.0], [200.2852783203125, 239.90390014648438, 1.0], [145.77197265625, 148.5952911376953, 1.0], [215.84255981445312, 176.8990936279297, 1.0], [225.53550720214844, 201.74244689941406, 1.0], [204.59120178222656, 213.6436309814453, 1.0], [165.02066040039062, 125.10970306396484, 1.0], [219.703857421875, 121.70311737060547, 1.0], [247.164794921875, 150.36190795898438, 1.0], [271.3926696777344, 179.47528076171875, 1.0], [179.19638061523438, 104.0105972290039, 1.0], [213.71530151367188, 108.37489318847656, 1.0], [238.02877807617188, 128.66976928710938, 1.0], [247.6337432861328, 161.3113250732422, 1.0]], "is_left": 0}