{"hand_pts": [[256.0510559082031, 257.72344970703125, 1.0], [184.36480712890625, 257.0638732910156, 1.0], [127.4588851928711, 266.400146484375, 1.0], [106.51264953613281, 260.452880859375, 1.0], [97.09333801269531, 251.4244842529297, 1.0], [158.381103515625, 178.65997314453125, 1.0], [121.12987518310547, 161.26670837402344, 1.0], [108.54352569580078, 177.3842315673828, 1.0], [98.01568603515625, 192.74647521972656, 1.0], [208.92776489257812, 176.04002380371094, 1.0], [174.3390655517578, 132.1242218017578, 1.0], [151.53990173339844, 129.11734008789062, 1.0], [130.79022216796875, 131.92376708984375, 1.0], [248.9414520263672, 181.94874572753906, 1.0], [233.73086547851562, 139.49961853027344, 1.0], [219.75527954101562, 146.29725646972656, 1.0], [205.85118103027344, 156.55662536621094, 1.0], [287.7113952636719, 194.56199645996094, 1.0], [286.0774230957031, 182.47067260742188, 1.0], [275.20928955078125, 196.72744750976562, 1.0], [260.09881591796875, 215.99530029296875, 1.0]], "is_left": 0}