{"hand_pts": [[229.2051239013672, 231.44168090820312, 1.0], [188.9492950439453, 168.27688598632812, 1.0], [142.23638916015625, 118.47332000732422, 1.0], [156.946533203125, 80.86450958251953, 1.0], [201.92440795898438, 101.4034652709961, 1.0], [111.32357788085938, 190.9962615966797, 1.0], [127.45499420166016, 141.6414337158203, 1.0], [168.82733154296875, 131.55636596679688, 1.0], [181.37576293945312, 153.9934844970703, 1.0], [134.44102478027344, 228.5639190673828, 1.0], [165.99057006835938, 178.97039794921875, 1.0], [204.82525634765625, 158.74285888671875, 1.0], [201.8064422607422, 174.5906219482422, 1.0], [159.044189453125, 252.72276306152344, 1.0], [195.3255157470703, 218.45355224609375, 1.0], [225.17807006835938, 199.70782470703125, 1.0], [211.80557250976562, 209.85494995117188, 1.0], [188.93016052246094, 272.79962158203125, 1.0], [221.96189880371094, 258.8753967285156, 1.0], [244.94613647460938, 233.30401611328125, 1.0], [224.99635314941406, 236.426025390625, 1.0]], "is_left": 0}