{"hand_pts": [[249.89915466308594, 264.5952453613281, 1.0], [266.0542297363281, 218.59304809570312, 1.0], [294.5559997558594, 189.21627807617188, 1.0], [288.58416748046875, 158.73753356933594, 1.0], [266.8197021484375, 136.1673583984375, 1.0], [226.2203369140625, 200.76536560058594, 1.0], [214.66265869140625, 167.57394409179688, 1.0], [224.32553100585938, 172.28073120117188, 1.0], [235.97061157226562, 194.65664672851562, 1.0], [192.12669372558594, 214.45819091796875, 1.0], [158.3196258544922, 177.56198120117188, 1.0], [152.72669982910156, 151.37632751464844, 1.0], [156.1582489013672, 130.72142028808594, 1.0], [166.5721435546875, 223.48475646972656, 1.0], [126.40164184570312, 201.3694610595703, 1.0], [106.7876205444336, 181.5179443359375, 1.0], [94.00945281982422, 158.26065063476562, 1.0], [146.7979736328125, 233.87301635742188, 1.0], [119.22149658203125, 214.32386779785156, 1.0], [121.48979187011719, 194.2844696044922, 1.0], [134.17955017089844, 177.1153564453125, 1.0]], "is_left": 0}