{"hand_pts": [[126.89985656738281, 16.691465377807617, 1.0], [146.95672607421875, 86.040283203125, 1.0], [135.6619873046875, 127.6697769165039, 1.0], [186.4932403564453, 172.13514709472656, 1.0], [240.1644744873047, 181.33018493652344, 1.0], [83.9804916381836, 202.17108154296875, 1.0], [149.37350463867188, 253.5807342529297, 1.0], [204.57725524902344, 226.4317626953125, 1.0], [226.7259063720703, 176.91583251953125, 1.0], [93.28832244873047, 194.22869873046875, 1.0], [180.61685180664062, 245.36544799804688, 1.0], [224.7873077392578, 200.8076934814453, 1.0], [207.61952209472656, 150.08799743652344, 1.0], [110.69984436035156, 183.55296325683594, 1.0], [190.05221557617188, 235.11795043945312, 1.0], [240.10928344726562, 208.6046600341797, 1.0], [240.78846740722656, 163.0000457763672, 1.0], [131.85772705078125, 162.86013793945312, 1.0], [191.0334930419922, 185.96676635742188, 1.0], [229.1327667236328, 165.70004272460938, 1.0], [210.74729919433594, 136.54067993164062, 1.0]], "is_left": 0}