{"hand_pts": [[146.51271057128906, 288.3667907714844, 1.0], [113.23380279541016, 253.99813842773438, 1.0], [73.58554077148438, 215.08258056640625, 1.0], [74.44768524169922, 203.4925079345703, 1.0], [109.54071044921875, 229.361572265625, 1.0], [148.27517700195312, 172.79519653320312, 1.0], [152.7018585205078, 123.1396713256836, 1.0], [155.31259155273438, 135.435791015625, 1.0], [156.23260498046875, 167.65423583984375, 1.0], [188.0548095703125, 184.1865234375, 1.0], [203.07095336914062, 136.0792999267578, 1.0], [190.94200134277344, 155.81976318359375, 1.0], [177.0809783935547, 180.47207641601562, 1.0], [216.55055236816406, 199.13345336914062, 1.0], [249.99169921875, 154.9502410888672, 1.0], [251.63796997070312, 151.4879913330078, 1.0], [247.65335083007812, 154.17547607421875, 1.0], [239.16651916503906, 220.27603149414062, 1.0], [264.1789245605469, 209.77609252929688, 1.0], [243.4178009033203, 225.8716583251953, 1.0], [214.55308532714844, 243.2177734375, 1.0]], "is_left": 0}