{"hand_pts": [[215.74603271484375, 53.15516662597656, 1.0], [189.86843872070312, 81.43510437011719, 1.0], [151.3057861328125, 83.65763854980469, 1.0], [149.6483154296875, 130.29054260253906, 1.0], [176.51791381835938, 178.7145538330078, 1.0], [107.02994537353516, 156.90902709960938, 1.0], [138.77220153808594, 201.2454071044922, 1.0], [186.52650451660156, 176.7809295654297, 1.0], [209.94479370117188, 139.3336639404297, 1.0], [125.82965087890625, 176.0313262939453, 1.0], [150.20262145996094, 247.45071411132812, 1.0], [201.5766143798828, 234.59434509277344, 1.0], [221.37974548339844, 185.2058563232422, 1.0], [148.46995544433594, 189.0790252685547, 1.0], [171.9393768310547, 262.83294677734375, 1.0], [212.9427032470703, 236.8141326904297, 1.0], [232.08290100097656, 191.8733673095703, 1.0], [176.6508026123047, 193.54530334472656, 1.0], [222.9842987060547, 226.01158142089844, 1.0], [255.79014587402344, 202.94992065429688, 1.0], [255.95384216308594, 161.58578491210938, 1.0]], "is_left": 0}