{"hand_pts": [[356.0997314453125, 132.07510375976562, 1.0], [311.8508605957031, 172.482421875, 1.0], [294.7527770996094, 212.33770751953125, 1.0], [248.12139892578125, 232.3495330810547, 1.0], [201.09083557128906, 227.98695373535156, 1.0], [227.72341918945312, 189.13328552246094, 1.0], [169.66506958007812, 212.83001708984375, 1.0], [143.34957885742188, 222.50921630859375, 1.0], [125.69353485107422, 227.8418731689453, 1.0], [218.25140380859375, 166.85467529296875, 1.0], [148.84884643554688, 186.40586853027344, 1.0], [138.91307067871094, 194.9395294189453, 1.0], [150.55845642089844, 198.8627166748047, 1.0], [213.58792114257812, 149.48049926757812, 1.0], [143.44546508789062, 162.58726501464844, 1.0], [129.1372528076172, 170.68759155273438, 1.0], [139.22103881835938, 176.72166442871094, 1.0], [217.33334350585938, 132.02406311035156, 1.0], [169.9551239013672, 137.58526611328125, 1.0], [153.10549926757812, 145.40469360351562, 1.0], [153.64710998535156, 155.52003479003906, 1.0]], "is_left": 0}