{"hand_pts": [[222.35667419433594, 289.7745361328125, 1.0], [197.78904724121094, 212.84791564941406, 1.0], [193.50733947753906, 153.85633850097656, 1.0], [189.0437774658203, 109.59664154052734, 1.0], [185.43319702148438, 93.80673217773438, 1.0], [115.30115509033203, 183.59739685058594, 1.0], [127.52274322509766, 129.68582153320312, 1.0], [166.19039916992188, 117.26848602294922, 1.0], [205.57797241210938, 111.0851821899414, 1.0], [129.9019012451172, 221.95364379882812, 1.0], [169.3380889892578, 175.61264038085938, 1.0], [214.5167999267578, 168.49880981445312, 1.0], [255.9765167236328, 158.15573120117188, 1.0], [149.17884826660156, 250.5483856201172, 1.0], [159.1235809326172, 199.8677520751953, 1.0], [197.2847137451172, 191.45570373535156, 1.0], [225.54598999023438, 199.2532958984375, 1.0], [174.6201629638672, 279.5943603515625, 1.0], [187.0494842529297, 265.21270751953125, 1.0], [213.74720764160156, 248.4295654296875, 1.0], [228.32980346679688, 240.8545379638672, 1.0]], "is_left": 0}