{"hand_pts": [[100.39118194580078, 248.1422576904297, 1.0], [127.28400421142578, 185.12660217285156, 1.0], [137.5195770263672, 131.97738647460938, 1.0], [156.47659301757812, 93.30091094970703, 1.0], [184.091552734375, 83.8105697631836, 1.0], [147.12440490722656, 184.67108154296875, 1.0], [180.34739685058594, 142.74790954589844, 1.0], [199.40652465820312, 122.27311706542969, 1.0], [215.77734375, 106.31036376953125, 1.0], [152.8411102294922, 223.69281005859375, 1.0], [193.9432830810547, 169.5760040283203, 1.0], [196.2464599609375, 150.51226806640625, 1.0], [201.8172607421875, 131.30142211914062, 1.0], [159.36160278320312, 252.2191162109375, 1.0], [191.60523986816406, 240.02374267578125, 1.0], [216.16107177734375, 221.04307556152344, 1.0], [239.7339324951172, 193.82408142089844, 1.0], [162.9852294921875, 278.59942626953125, 1.0], [190.3931884765625, 281.77886962890625, 1.0], [212.7056427001953, 262.7746887207031, 1.0], [211.66702270507812, 233.51397705078125, 1.0]], "is_left": 0}