{"hand_pts": [[44.56105422973633, 106.08760070800781, 1.0], [124.3117904663086, 117.52645874023438, 1.0], [174.99655151367188, 104.98295593261719, 1.0], [224.43576049804688, 115.9107894897461, 1.0], [247.80453491210938, 150.9185333251953, 1.0], [176.1781463623047, 127.95004272460938, 1.0], [230.68177795410156, 163.45668029785156, 1.0], [254.8511199951172, 187.67100524902344, 1.0], [252.50794982910156, 202.61134338378906, 1.0], [146.8800048828125, 148.16265869140625, 1.0], [200.28085327148438, 199.9920654296875, 1.0], [227.25778198242188, 231.46798706054688, 1.0], [223.75852966308594, 234.23204040527344, 1.0], [124.17543029785156, 167.11367797851562, 1.0], [181.18052673339844, 211.14453125, 1.0], [184.96337890625, 219.8079833984375, 1.0], [162.06317138671875, 202.1762237548828, 1.0], [98.10917663574219, 183.09324645996094, 1.0], [123.7601318359375, 219.1200408935547, 1.0], [133.848876953125, 233.99984741210938, 1.0], [136.02183532714844, 235.50189208984375, 1.0]], "is_left": 0}