{"hand_pts": [[351.9452209472656, 132.0911102294922, 1.0], [292.89434814453125, 184.7788543701172, 1.0], [265.65087890625, 224.46690368652344, 1.0], [208.3463897705078, 227.30657958984375, 1.0], [163.75430297851562, 207.49700927734375, 1.0], [225.87692260742188, 248.61712646484375, 1.0], [153.69432067871094, 258.6804504394531, 1.0], [116.73678588867188, 242.45126342773438, 1.0], [122.46546173095703, 211.86758422851562, 1.0], [220.4461669921875, 212.5574951171875, 1.0], [147.7705535888672, 201.72352600097656, 1.0], [175.97299194335938, 176.91748046875, 1.0], [224.90646362304688, 171.1381072998047, 1.0], [215.38685607910156, 178.83778381347656, 1.0], [136.62356567382812, 171.57424926757812, 1.0], [140.58932495117188, 150.8550262451172, 1.0], [174.91050720214844, 138.313232421875, 1.0], [217.71310424804688, 141.867919921875, 1.0], [167.5579833984375, 122.57377624511719, 1.0], [163.3418731689453, 108.35736846923828, 1.0], [192.1226806640625, 107.44296264648438, 1.0]], "is_left": 0}