{"hand_pts": [[260.2107238769531, 321.0968322753906, 1.0], [203.5863037109375, 276.44537353515625, 1.0], [153.58934020996094, 241.99356079101562, 1.0], [123.90625, 205.5753631591797, 1.0], [109.38582611083984, 175.80889892578125, 1.0], [211.9294891357422, 189.56268310546875, 1.0], [179.51889038085938, 136.06886291503906, 1.0], [151.00437927246094, 111.91754150390625, 1.0], [123.58257293701172, 90.44425964355469, 1.0], [235.08705139160156, 204.4355010986328, 1.0], [199.1602020263672, 146.4398956298828, 1.0], [156.8212890625, 141.015869140625, 1.0], [116.55245971679688, 152.2891845703125, 1.0], [248.2435760498047, 221.6280059814453, 1.0], [219.20228576660156, 167.46487426757812, 1.0], [181.3467559814453, 165.2421112060547, 1.0], [144.31817626953125, 177.5001678466797, 1.0], [259.6399230957031, 245.38421630859375, 1.0], [240.76670837402344, 221.77481079101562, 1.0], [211.88198852539062, 218.31153869628906, 1.0], [177.26705932617188, 223.12484741210938, 1.0]], "is_left": 0}