{"hand_pts": [[339.64044189453125, 161.7020263671875, 1.0], [306.2184143066406, 190.39244079589844, 1.0], [295.57452392578125, 220.81527709960938, 1.0], [255.14627075195312, 225.4293975830078, 1.0], [210.44610595703125, 214.7317657470703, 1.0], [216.06118774414062, 235.65475463867188, 1.0], [159.64199829101562, 253.6209259033203, 1.0], [144.32171630859375, 234.43765258789062, 1.0], [139.15988159179688, 209.3627471923828, 1.0], [202.228271484375, 208.12442016601562, 1.0], [147.7094268798828, 200.6534881591797, 1.0], [156.12451171875, 178.487548828125, 1.0], [178.3101043701172, 157.06820678710938, 1.0], [195.16310119628906, 181.28399658203125, 1.0], [134.10342407226562, 169.2028350830078, 1.0], [126.96879577636719, 150.7392578125, 1.0], [140.19358825683594, 132.59152221679688, 1.0], [197.68045043945312, 152.4552764892578, 1.0], [162.9320068359375, 130.18246459960938, 1.0], [166.42422485351562, 113.97369384765625, 1.0], [191.55516052246094, 106.14627838134766, 1.0]], "is_left": 0}