{"hand_pts": [[312.9070739746094, 240.97413635253906, 1.0], [276.4903869628906, 206.15296936035156, 1.0], [250.85824584960938, 184.81935119628906, 1.0], [213.15298461914062, 166.1831512451172, 1.0], [187.39276123046875, 166.74134826660156, 1.0], [191.35508728027344, 209.052490234375, 1.0], [173.02371215820312, 168.99220275878906, 1.0], [187.01133728027344, 147.33717346191406, 1.0], [218.33111572265625, 141.358642578125, 1.0], [190.0648193359375, 218.54469299316406, 1.0], [145.5620574951172, 176.076904296875, 1.0], [150.74432373046875, 146.43768310546875, 1.0], [145.96885681152344, 117.54830169677734, 1.0], [193.63665771484375, 222.53501892089844, 1.0], [126.55252838134766, 213.57557678222656, 1.0], [89.7103042602539, 200.04661560058594, 1.0], [83.06695556640625, 172.9936981201172, 1.0], [205.62710571289062, 226.14175415039062, 1.0], [205.86312866210938, 199.8252716064453, 1.0], [234.02931213378906, 195.1930694580078, 1.0], [249.7592010498047, 209.18026733398438, 1.0]], "is_left": 0}