{"hand_pts": [[82.03106689453125, 69.85366821289062, 1.0], [110.19050598144531, 146.33665466308594, 1.0], [142.92327880859375, 197.99996948242188, 1.0], [169.60264587402344, 232.22128295898438, 1.0], [173.93116760253906, 231.18716430664062, 1.0], [209.62551879882812, 168.22119140625, 1.0], [259.2408447265625, 218.6070556640625, 1.0], [248.55874633789062, 252.6233673095703, 1.0], [211.00543212890625, 263.8516845703125, 1.0], [207.9414520263672, 135.81402587890625, 1.0], [210.27069091796875, 193.43341064453125, 1.0], [165.20726013183594, 217.0145721435547, 1.0], [115.74528503417969, 221.24432373046875, 1.0], [198.8085479736328, 112.44727325439453, 1.0], [233.9282989501953, 163.9723358154297, 1.0], [211.81243896484375, 198.8871612548828, 1.0], [173.46209716796875, 223.38206481933594, 1.0], [180.3669891357422, 88.06061553955078, 1.0], [171.71324157714844, 115.64995574951172, 1.0], [137.92233276367188, 135.00912475585938, 1.0], [101.2330093383789, 150.2275390625, 1.0]], "is_left": 0}