{"hand_pts": [[54.17845916748047, 260.47430419921875, 1.0], [121.16090393066406, 269.8168029785156, 1.0], [174.72320556640625, 277.5860290527344, 1.0], [217.26356506347656, 254.44032287597656, 1.0], [251.6841583251953, 225.58587646484375, 1.0], [143.20242309570312, 208.15110778808594, 1.0], [216.17108154296875, 215.67202758789062, 1.0], [258.03546142578125, 229.4931182861328, 1.0], [264.88238525390625, 253.6177215576172, 1.0], [126.29875183105469, 180.81912231445312, 1.0], [157.69223022460938, 128.0651092529297, 1.0], [210.0150146484375, 129.6061553955078, 1.0], [259.4979248046875, 132.87240600585938, 1.0], [116.59269714355469, 163.2034912109375, 1.0], [184.64370727539062, 138.0078582763672, 1.0], [185.23046875, 172.85415649414062, 1.0], [181.29930114746094, 208.1135711669922, 1.0], [105.09315490722656, 152.91860961914062, 1.0], [136.75054931640625, 115.18611145019531, 1.0], [174.3301239013672, 120.46359252929688, 1.0], [214.96917724609375, 128.62635803222656, 1.0]], "is_left": 0}