{"hand_pts": [[300.8395690917969, 118.73291778564453, 1.0], [232.5413055419922, 129.23220825195312, 1.0], [178.218994140625, 132.72445678710938, 1.0], [130.91746520996094, 139.87249755859375, 1.0], [91.03761291503906, 150.0835418701172, 1.0], [202.20538330078125, 201.90133666992188, 1.0], [149.44119262695312, 217.99957275390625, 1.0], [123.58647155761719, 200.65777587890625, 1.0], [103.2848129272461, 179.78781127929688, 1.0], [229.31121826171875, 204.4724578857422, 1.0], [179.41087341308594, 191.34078979492188, 1.0], [159.02305603027344, 160.32586669921875, 1.0], [144.069091796875, 127.93154907226562, 1.0], [249.26889038085938, 200.18313598632812, 1.0], [224.08847045898438, 237.06619262695312, 1.0], [197.4662628173828, 238.89646911621094, 1.0], [175.13287353515625, 211.954345703125, 1.0], [270.9079284667969, 189.18209838867188, 1.0], [241.26327514648438, 196.77261352539062, 1.0], [216.74380493164062, 183.7963409423828, 1.0], [197.5576171875, 158.98468017578125, 1.0]], "is_left": 0}