{"hand_pts": [[85.06989288330078, 70.81121063232422, 1.0], [164.9309539794922, 101.46170806884766, 1.0], [214.72300720214844, 122.38520050048828, 1.0], [259.4715881347656, 148.49905395507812, 1.0], [260.4483642578125, 165.8249969482422, 1.0], [188.42816162109375, 181.1610107421875, 1.0], [229.23733520507812, 215.1841278076172, 1.0], [252.8720703125, 227.09226989746094, 1.0], [272.11871337890625, 232.791259765625, 1.0], [148.47047424316406, 184.2937469482422, 1.0], [202.375732421875, 189.54017639160156, 1.0], [226.96658325195312, 174.5124053955078, 1.0], [218.37005615234375, 142.17982482910156, 1.0], [118.73383331298828, 182.09434509277344, 1.0], [124.29586791992188, 231.9743194580078, 1.0], [148.6886749267578, 232.54762268066406, 1.0], [162.3123779296875, 207.0507049560547, 1.0], [89.00513458251953, 172.4334716796875, 1.0], [105.81529235839844, 192.9812469482422, 1.0], [125.38301086425781, 185.93731689453125, 1.0], [131.4625244140625, 162.0911407470703, 1.0]], "is_left": 0}