{"hand_pts": [[234.21182250976562, 315.74639892578125, 1.0], [242.02037048339844, 288.908935546875, 1.0], [274.1203308105469, 284.45062255859375, 1.0], [243.601318359375, 254.15541076660156, 1.0], [188.45286560058594, 226.36685180664062, 1.0], [270.78826904296875, 181.94659423828125, 1.0], [236.74984741210938, 139.5188446044922, 1.0], [194.9071044921875, 158.69517517089844, 1.0], [165.29632568359375, 198.3961944580078, 1.0], [242.0061798095703, 168.7410430908203, 1.0], [185.86685180664062, 121.42573547363281, 1.0], [147.24050903320312, 152.62274169921875, 1.0], [134.73062133789062, 204.7215118408203, 1.0], [213.63038635253906, 164.60089111328125, 1.0], [153.91177368164062, 116.59786224365234, 1.0], [124.12345886230469, 150.4189910888672, 1.0], [126.7282485961914, 199.7067413330078, 1.0], [185.47470092773438, 171.15907287597656, 1.0], [133.17391967773438, 147.33595275878906, 1.0], [107.37557220458984, 169.9974822998047, 1.0], [118.30145263671875, 211.68748474121094, 1.0]], "is_left": 0}