{"hand_pts": [[21.635868072509766, 244.5179443359375, 1.0], [93.98470306396484, 262.2637634277344, 1.0], [138.19656372070312, 296.76837158203125, 1.0], [186.46817016601562, 283.37908935546875, 1.0], [208.39547729492188, 247.4198760986328, 1.0], [163.23187255859375, 213.33042907714844, 1.0], [225.7609100341797, 202.5806884765625, 1.0], [240.360107421875, 205.9046630859375, 1.0], [234.9600830078125, 212.52210998535156, 1.0], [147.42251586914062, 179.11509704589844, 1.0], [216.66458129882812, 154.30410766601562, 1.0], [232.61285400390625, 164.77767944335938, 1.0], [216.17965698242188, 189.55467224121094, 1.0], [134.4514923095703, 155.01263427734375, 1.0], [195.1890106201172, 124.07990264892578, 1.0], [204.1694793701172, 136.0754852294922, 1.0], [186.79632568359375, 163.96363830566406, 1.0], [115.61974334716797, 137.67959594726562, 1.0], [150.12069702148438, 108.29682922363281, 1.0], [165.52850341796875, 113.93919372558594, 1.0], [163.68576049804688, 141.71176147460938, 1.0]], "is_left": 0}