{"hand_pts": [[95.00515747070312, 86.3563461303711, 1.0], [157.22816467285156, 96.72734069824219, 1.0], [210.78958129882812, 83.46200561523438, 1.0], [253.6432647705078, 84.95767974853516, 1.0], [286.946533203125, 97.81047058105469, 1.0], [184.906494140625, 136.93777465820312, 1.0], [233.3904266357422, 169.14186096191406, 1.0], [230.8704376220703, 177.13380432128906, 1.0], [223.39447021484375, 182.6256561279297, 1.0], [150.87423706054688, 158.75074768066406, 1.0], [181.97894287109375, 210.16554260253906, 1.0], [206.216552734375, 233.1313018798828, 1.0], [216.50257873535156, 230.2243194580078, 1.0], [125.2960205078125, 175.35580444335938, 1.0], [156.20712280273438, 224.4275665283203, 1.0], [180.36024475097656, 246.12828063964844, 1.0], [202.34388732910156, 259.6161193847656, 1.0], [99.89295959472656, 186.00167846679688, 1.0], [111.8005599975586, 224.55685424804688, 1.0], [121.72296142578125, 251.37921142578125, 1.0], [146.25100708007812, 261.9581298828125, 1.0]], "is_left": 0}