{"hand_pts": [[71.61908721923828, 138.0819091796875, 1.0], [88.90119934082031, 187.8683319091797, 1.0], [83.6336898803711, 229.06671142578125, 1.0], [101.53775787353516, 258.3252868652344, 1.0], [124.3593978881836, 281.0030822753906, 1.0], [135.89710998535156, 190.91102600097656, 1.0], [179.24147033691406, 206.06622314453125, 1.0], [205.24566650390625, 218.23316955566406, 1.0], [207.44107055664062, 224.0958709716797, 1.0], [154.23876953125, 162.43902587890625, 1.0], [199.95223999023438, 184.8929901123047, 1.0], [213.80850219726562, 205.96885681152344, 1.0], [205.17494201660156, 216.18185424804688, 1.0], [168.41940307617188, 141.7564239501953, 1.0], [223.5734100341797, 138.62591552734375, 1.0], [255.2230682373047, 145.64178466796875, 1.0], [287.11163330078125, 150.14877319335938, 1.0], [176.79005432128906, 122.11614227294922, 1.0], [209.01148986816406, 127.79823303222656, 1.0], [229.15023803710938, 133.00328063964844, 1.0], [213.35260009765625, 145.3991241455078, 1.0]], "is_left": 0}