{"hand_pts": [[112.64308166503906, 352.84625244140625, 1.0], [174.07757568359375, 297.5124206542969, 1.0], [228.67100524902344, 284.21539306640625, 1.0], [241.0506591796875, 219.6503143310547, 1.0], [209.77786254882812, 167.26939392089844, 1.0], [227.87490844726562, 243.20260620117188, 1.0], [250.74517822265625, 174.04873657226562, 1.0], [236.0186767578125, 149.6677703857422, 1.0], [208.3021240234375, 166.37014770507812, 1.0], [194.9881134033203, 232.40261840820312, 1.0], [205.7658233642578, 146.83705139160156, 1.0], [191.83815002441406, 130.82894897460938, 1.0], [175.7655792236328, 167.52932739257812, 1.0], [167.31422424316406, 221.87771606445312, 1.0], [166.62139892578125, 139.6851806640625, 1.0], [153.8900909423828, 132.64071655273438, 1.0], [150.5900421142578, 172.23374938964844, 1.0], [137.57298278808594, 217.22244262695312, 1.0], [124.95828247070312, 163.22915649414062, 1.0], [114.49884796142578, 145.4950408935547, 1.0], [111.09040832519531, 161.03793334960938, 1.0]], "is_left": 0}