{"hand_pts": [[278.17706298828125, 234.52113342285156, 1.0], [241.36917114257812, 261.3827819824219, 1.0], [203.51564025878906, 292.4925842285156, 1.0], [172.60647583007812, 279.00042724609375, 1.0], [155.05552673339844, 243.43711853027344, 1.0], [156.34976196289062, 209.1420135498047, 1.0], [142.25762939453125, 222.21096801757812, 1.0], [142.1461181640625, 232.4690704345703, 1.0], [168.8629150390625, 247.9405517578125, 1.0], [175.32432556152344, 169.8358917236328, 1.0], [163.6985626220703, 165.58448791503906, 1.0], [198.6593017578125, 190.85610961914062, 1.0], [237.9236297607422, 219.33473205566406, 1.0], [197.4242401123047, 142.7225341796875, 1.0], [141.05694580078125, 104.07781982421875, 1.0], [142.0612335205078, 105.49471282958984, 1.0], [157.48541259765625, 118.65575408935547, 1.0], [225.6333465576172, 123.03379821777344, 1.0], [215.49778747558594, 97.1176986694336, 1.0], [234.24440002441406, 117.95050811767578, 1.0], [253.85919189453125, 151.61502075195312, 1.0]], "is_left": 0}