{"hand_pts": [[165.4308624267578, 316.2879333496094, 1.0], [129.8975372314453, 261.18603515625, 1.0], [93.72913360595703, 224.95436096191406, 1.0], [73.19316101074219, 188.74783325195312, 1.0], [104.14878845214844, 162.87583923339844, 1.0], [167.8733367919922, 184.7578125, 1.0], [162.14309692382812, 131.4707794189453, 1.0], [148.11216735839844, 154.34031677246094, 1.0], [135.376708984375, 169.66729736328125, 1.0], [204.4696502685547, 200.35467529296875, 1.0], [207.99501037597656, 161.41175842285156, 1.0], [181.8013153076172, 185.07839965820312, 1.0], [155.6687469482422, 217.2081298828125, 1.0], [229.40017700195312, 215.96812438964844, 1.0], [222.90626525878906, 168.29515075683594, 1.0], [204.47372436523438, 160.68077087402344, 1.0], [190.42706298828125, 148.10223388671875, 1.0], [248.4038543701172, 237.55731201171875, 1.0], [271.8072509765625, 196.08973693847656, 1.0], [281.2431640625, 166.60304260253906, 1.0], [254.87899780273438, 164.45608520507812, 1.0]], "is_left": 0}