{"hand_pts": [[43.60292434692383, 238.18084716796875, 1.0], [80.07547760009766, 198.66807556152344, 1.0], [82.45796203613281, 162.81797790527344, 1.0], [117.62530517578125, 140.2893829345703, 1.0], [160.3490447998047, 141.75558471679688, 1.0], [128.7447509765625, 178.472412109375, 1.0], [168.84825134277344, 153.04014587402344, 1.0], [200.11398315429688, 145.26866149902344, 1.0], [214.64833068847656, 149.10279846191406, 1.0], [140.16131591796875, 199.90589904785156, 1.0], [206.3563690185547, 178.63792419433594, 1.0], [236.01321411132812, 168.18263244628906, 1.0], [258.5703430175781, 159.783935546875, 1.0], [149.82797241210938, 216.7646942138672, 1.0], [210.7085723876953, 198.9149627685547, 1.0], [244.0074462890625, 187.3976287841797, 1.0], [270.9245300292969, 176.60952758789062, 1.0], [153.58616638183594, 234.03338623046875, 1.0], [194.5303192138672, 236.1955108642578, 1.0], [213.72259521484375, 236.252197265625, 1.0], [226.5755615234375, 234.28128051757812, 1.0]], "is_left": 0}