{"hand_pts": [[352.33892822265625, 162.092041015625, 1.0], [300.4273986816406, 161.76353454589844, 1.0], [266.1358337402344, 133.8087158203125, 1.0], [209.97760009765625, 138.9424285888672, 1.0], [169.38607788085938, 167.05758666992188, 1.0], [201.66827392578125, 124.35301971435547, 1.0], [147.96400451660156, 150.6168975830078, 1.0], [158.9239501953125, 187.9662628173828, 1.0], [183.3773956298828, 223.25430297851562, 1.0], [202.94981384277344, 139.14614868164062, 1.0], [122.29303741455078, 163.03956604003906, 1.0], [129.88343811035156, 201.3205108642578, 1.0], [158.5915069580078, 232.3485565185547, 1.0], [208.07627868652344, 156.5641326904297, 1.0], [145.9060821533203, 198.66546630859375, 1.0], [163.06402587890625, 231.00845336914062, 1.0], [198.0258331298828, 251.57379150390625, 1.0], [222.322265625, 175.6177520751953, 1.0], [176.87802124023438, 202.90420532226562, 1.0], [167.4749298095703, 229.37478637695312, 1.0], [192.19815063476562, 240.72520446777344, 1.0]], "is_left": 0}