{"hand_pts": [[140.28878784179688, 331.0245361328125, 1.0], [199.76661682128906, 288.5622863769531, 1.0], [234.51376342773438, 264.7406005859375, 1.0], [266.475830078125, 224.47352600097656, 1.0], [261.7033996582031, 207.23326110839844, 1.0], [173.8284149169922, 212.84201049804688, 1.0], [191.90560913085938, 153.97413635253906, 1.0], [215.00318908691406, 122.59269714355469, 1.0], [233.84054565429688, 89.38689422607422, 1.0], [137.89532470703125, 211.26451110839844, 1.0], [157.15325927734375, 140.6351776123047, 1.0], [195.1409912109375, 119.04886627197266, 1.0], [229.3445281982422, 139.91021728515625, 1.0], [114.681884765625, 212.6514129638672, 1.0], [155.6146240234375, 154.84510803222656, 1.0], [193.07960510253906, 164.7957305908203, 1.0], [203.30764770507812, 202.25595092773438, 1.0], [95.46138000488281, 221.49490356445312, 1.0], [116.00408172607422, 189.91650390625, 1.0], [143.03955078125, 181.71142578125, 1.0], [174.42868041992188, 202.59722900390625, 1.0]], "is_left": 0}