{"hand_pts": [[210.4425811767578, 334.0201721191406, 1.0], [163.9657440185547, 289.55096435546875, 1.0], [115.1913070678711, 266.7410583496094, 1.0], [83.24451446533203, 237.63967895507812, 1.0], [64.05561828613281, 206.34666442871094, 1.0], [157.22889709472656, 217.03616333007812, 1.0], [146.79092407226562, 164.234130859375, 1.0], [148.2843475341797, 149.14981079101562, 1.0], [155.87733459472656, 157.13352966308594, 1.0], [196.2871551513672, 219.4585418701172, 1.0], [189.38784790039062, 155.19566345214844, 1.0], [183.12884521484375, 118.10401153564453, 1.0], [175.7349853515625, 93.19412994384766, 1.0], [226.7648162841797, 223.8917236328125, 1.0], [216.9925537109375, 164.62777709960938, 1.0], [208.32655334472656, 131.2149658203125, 1.0], [197.71519470214844, 115.73509979248047, 1.0], [254.88284301757812, 235.04345703125, 1.0], [266.85504150390625, 202.95132446289062, 1.0], [270.75994873046875, 185.5502166748047, 1.0], [271.8724060058594, 168.3506622314453, 1.0]], "is_left": 0}