{"hand_pts": [[98.12321472167969, 78.45696258544922, 1.0], [139.6820068359375, 87.16869354248047, 1.0], [165.42124938964844, 78.88727569580078, 1.0], [198.38414001464844, 90.45767211914062, 1.0], [210.82916259765625, 106.14812469482422, 1.0], [150.0419464111328, 192.71241760253906, 1.0], [193.03182983398438, 203.7911834716797, 1.0], [212.9014434814453, 166.95632934570312, 1.0], [215.6226806640625, 128.79013061523438, 1.0], [141.71551513671875, 206.174560546875, 1.0], [190.626220703125, 238.16664123535156, 1.0], [224.4201202392578, 238.5256805419922, 1.0], [237.4859619140625, 191.91664123535156, 1.0], [138.68435668945312, 207.89649963378906, 1.0], [184.46319580078125, 228.82858276367188, 1.0], [203.67718505859375, 191.4520263671875, 1.0], [190.90415954589844, 157.75149536132812, 1.0], [134.79090881347656, 199.13998413085938, 1.0], [152.643798828125, 238.1979522705078, 1.0], [167.91287231445312, 262.3055419921875, 1.0], [192.04891967773438, 245.4682159423828, 1.0]], "is_left": 0}