{"hand_pts": [[196.53619384765625, 186.22857666015625, 1.0], [186.87095642089844, 150.83981323242188, 1.0], [155.4205780029297, 114.84583282470703, 1.0], [142.87579345703125, 106.87834930419922, 1.0], [145.67864990234375, 118.82069396972656, 1.0], [118.77760314941406, 164.51805114746094, 1.0], [173.64395141601562, 143.59414672851562, 1.0], [221.50186157226562, 136.00970458984375, 1.0], [264.007080078125, 131.51222229003906, 1.0], [138.4154815673828, 194.37384033203125, 1.0], [130.15451049804688, 209.2931365966797, 1.0], [171.11631774902344, 199.8701629638672, 1.0], [218.5294189453125, 183.65176391601562, 1.0], [162.28085327148438, 215.37498474121094, 1.0], [135.2747039794922, 239.23886108398438, 1.0], [161.78094482421875, 231.91290283203125, 1.0], [185.5082550048828, 226.34898376464844, 1.0], [189.8603515625, 232.80307006835938, 1.0], [240.4463348388672, 234.35354614257812, 1.0], [280.6741027832031, 225.95458984375, 1.0], [315.38018798828125, 210.3280792236328, 1.0]], "is_left": 0}