{"hand_pts": [[52.27116394042969, 199.87478637695312, 1.0], [89.78546905517578, 177.38934326171875, 1.0], [105.45604705810547, 174.74057006835938, 1.0], [144.412109375, 184.47418212890625, 1.0], [171.0445556640625, 194.62142944335938, 1.0], [155.47994995117188, 140.00613403320312, 1.0], [185.7003173828125, 159.85972595214844, 1.0], [191.3172607421875, 179.32211303710938, 1.0], [201.15235900878906, 196.91647338867188, 1.0], [161.90789794921875, 159.8410186767578, 1.0], [220.86146545410156, 136.84286499023438, 1.0], [259.234130859375, 125.03907012939453, 1.0], [284.0340270996094, 132.42100524902344, 1.0], [165.3714599609375, 179.58367919921875, 1.0], [199.4507293701172, 208.96669006347656, 1.0], [175.84402465820312, 223.8667449951172, 1.0], [144.7216339111328, 215.6571807861328, 1.0], [161.76385498046875, 201.30152893066406, 1.0], [197.8937530517578, 216.65660095214844, 1.0], [214.81605529785156, 230.49606323242188, 1.0], [216.09963989257812, 241.54629516601562, 1.0]], "is_left": 0}