{"hand_pts": [[330.8349304199219, 206.09942626953125, 1.0], [295.8728332519531, 172.14077758789062, 1.0], [281.4273986816406, 140.5846710205078, 1.0], [243.55679321289062, 136.523193359375, 1.0], [205.33560180664062, 147.17828369140625, 1.0], [214.80484008789062, 153.65426635742188, 1.0], [160.5987548828125, 143.48670959472656, 1.0], [130.8154754638672, 143.00758361816406, 1.0], [105.26725769042969, 145.4974365234375, 1.0], [208.39419555664062, 182.3667449951172, 1.0], [151.8192596435547, 174.51071166992188, 1.0], [153.53713989257812, 176.8812255859375, 1.0], [170.3850555419922, 180.8782958984375, 1.0], [206.71871948242188, 206.39227294921875, 1.0], [142.9539031982422, 208.7391815185547, 1.0], [131.26304626464844, 210.92095947265625, 1.0], [143.08334350585938, 210.86917114257812, 1.0], [213.1721649169922, 229.97454833984375, 1.0], [186.569580078125, 239.75689697265625, 1.0], [181.70106506347656, 244.33811950683594, 1.0], [195.85313415527344, 243.03269958496094, 1.0]], "is_left": 0}