{"hand_pts": [[235.38246154785156, 343.044921875, 1.0], [214.81704711914062, 302.2147216796875, 1.0], [191.24807739257812, 284.5091247558594, 1.0], [179.861572265625, 244.66554260253906, 1.0], [181.9360809326172, 196.53419494628906, 1.0], [148.29489135742188, 237.655517578125, 1.0], [146.75283813476562, 179.29827880859375, 1.0], [174.1713409423828, 158.45303344726562, 1.0], [208.03445434570312, 148.3776397705078, 1.0], [162.59689331054688, 229.7418975830078, 1.0], [165.3194122314453, 156.06874084472656, 1.0], [198.52838134765625, 141.5674285888672, 1.0], [233.2669219970703, 139.26953125, 1.0], [180.5568389892578, 224.3780517578125, 1.0], [163.8560028076172, 150.173095703125, 1.0], [177.94384765625, 118.67376708984375, 1.0], [205.4396514892578, 109.84854125976562, 1.0], [203.34051513671875, 226.06494140625, 1.0], [192.9031524658203, 174.82781982421875, 1.0], [195.93997192382812, 140.1961212158203, 1.0], [202.79800415039062, 108.0696029663086, 1.0]], "is_left": 0}