{"hand_pts": [[88.76409149169922, 261.43072509765625, 1.0], [93.77184295654297, 261.62127685546875, 1.0], [74.5688705444336, 268.3861083984375, 1.0], [88.44336700439453, 229.70062255859375, 1.0], [113.44772338867188, 184.44602966308594, 1.0], [197.9711456298828, 258.62347412109375, 1.0], [219.303466796875, 216.5122528076172, 1.0], [198.93536376953125, 182.44810485839844, 1.0], [159.33421325683594, 155.2674560546875, 1.0], [213.26617431640625, 232.92144775390625, 1.0], [253.9393768310547, 178.96099853515625, 1.0], [226.75433349609375, 143.99073791503906, 1.0], [198.0587158203125, 111.0483169555664, 1.0], [217.1954345703125, 210.17782592773438, 1.0], [222.02479553222656, 159.2792205810547, 1.0], [182.16375732421875, 137.56446838378906, 1.0], [130.612060546875, 140.78515625, 1.0], [211.2357177734375, 190.3617706298828, 1.0], [236.7317352294922, 151.25596618652344, 1.0], [221.27931213378906, 127.10797882080078, 1.0], [179.34510803222656, 129.43222045898438, 1.0]], "is_left": 0}