{"hand_pts": [[70.95256805419922, 223.1045684814453, 1.0], [127.43273162841797, 168.109619140625, 1.0], [144.16192626953125, 98.4347152709961, 1.0], [220.65328979492188, 102.27220916748047, 1.0], [246.22251892089844, 159.68557739257812, 1.0], [108.18255615234375, 124.07003784179688, 1.0], [206.59906005859375, 125.74002838134766, 1.0], [229.74476623535156, 153.2188262939453, 1.0], [189.14776611328125, 168.6094970703125, 1.0], [104.22542572021484, 161.85508728027344, 1.0], [221.52310180664062, 177.29281616210938, 1.0], [240.1406707763672, 193.73939514160156, 1.0], [188.98358154296875, 189.99826049804688, 1.0], [109.88590240478516, 194.36305236816406, 1.0], [219.16270446777344, 222.09188842773438, 1.0], [230.33103942871094, 231.79478454589844, 1.0], [178.63748168945312, 216.88546752929688, 1.0], [116.36003112792969, 228.09768676757812, 1.0], [186.96571350097656, 260.1282653808594, 1.0], [203.35330200195312, 261.3983154296875, 1.0], [159.24539184570312, 237.5103302001953, 1.0]], "is_left": 0}