{"hand_pts": [[72.59645080566406, 266.2388610839844, 1.0], [91.76030731201172, 217.67404174804688, 1.0], [89.58209991455078, 187.3321075439453, 1.0], [99.75718688964844, 153.09739685058594, 1.0], [123.2990493774414, 131.85107421875, 1.0], [171.3784637451172, 206.1145477294922, 1.0], [197.92269897460938, 164.9003143310547, 1.0], [193.7022705078125, 142.2300262451172, 1.0], [191.19493103027344, 120.45240020751953, 1.0], [188.2157745361328, 222.44032287597656, 1.0], [208.29656982421875, 177.00718688964844, 1.0], [180.86904907226562, 166.00559997558594, 1.0], [144.7604217529297, 170.0348358154297, 1.0], [197.41146850585938, 232.4496307373047, 1.0], [217.31602478027344, 189.05841064453125, 1.0], [212.33145141601562, 167.35337829589844, 1.0], [178.3130645751953, 170.38751220703125, 1.0], [198.09605407714844, 242.77078247070312, 1.0], [238.6779022216797, 229.56460571289062, 1.0], [260.4407653808594, 213.5736541748047, 1.0], [283.1438903808594, 196.2764434814453, 1.0]], "is_left": 0}