{"hand_pts": [[239.04200744628906, 173.06039428710938, 1.0], [205.0692596435547, 127.78388214111328, 1.0], [170.26084899902344, 84.74320220947266, 1.0], [160.49234008789062, 77.04153442382812, 1.0], [182.95208740234375, 109.8239517211914, 1.0], [121.33662414550781, 171.0076141357422, 1.0], [130.2903289794922, 158.20860290527344, 1.0], [171.25477600097656, 140.8943634033203, 1.0], [206.0284881591797, 131.25973510742188, 1.0], [141.02113342285156, 214.67970275878906, 1.0], [151.2446746826172, 202.120849609375, 1.0], [192.79507446289062, 171.80926513671875, 1.0], [219.89755249023438, 151.904296875, 1.0], [163.8025360107422, 244.44744873046875, 1.0], [157.28106689453125, 262.6347961425781, 1.0], [188.7805938720703, 237.43646240234375, 1.0], [216.46656799316406, 206.492431640625, 1.0], [192.49032592773438, 267.4368896484375, 1.0], [215.11785888671875, 270.9416198730469, 1.0], [241.13743591308594, 244.25270080566406, 1.0], [249.09263610839844, 217.72467041015625, 1.0]], "is_left": 0}