{"hand_pts": [[200.04046630859375, 18.356464385986328, 1.0], [221.28936767578125, 77.34925842285156, 1.0], [264.6878356933594, 112.90353393554688, 1.0], [272.1397705078125, 160.10577392578125, 1.0], [243.63243103027344, 201.0111541748047, 1.0], [244.81365966796875, 136.9497528076172, 1.0], [247.2139434814453, 197.05162048339844, 1.0], [224.8420867919922, 232.73745727539062, 1.0], [196.45260620117188, 260.3414611816406, 1.0], [208.77462768554688, 130.50306701660156, 1.0], [195.23388671875, 203.9591064453125, 1.0], [173.97552490234375, 241.25689697265625, 1.0], [152.6186065673828, 260.73211669921875, 1.0], [176.0076904296875, 125.55614471435547, 1.0], [144.9525909423828, 194.1376495361328, 1.0], [122.23358154296875, 217.1591796875, 1.0], [104.0793685913086, 230.14178466796875, 1.0], [144.4653778076172, 115.02198791503906, 1.0], [119.24221801757812, 158.79241943359375, 1.0], [101.76017761230469, 188.6832733154297, 1.0], [89.96637725830078, 212.63204956054688, 1.0]], "is_left": 0}