{"hand_pts": [[200.6298065185547, 33.90157699584961, 1.0], [233.79396057128906, 91.02696990966797, 1.0], [282.6420593261719, 133.6367645263672, 1.0], [251.55160522460938, 181.48841857910156, 1.0], [219.67807006835938, 223.39517211914062, 1.0], [164.7618865966797, 148.8360595703125, 1.0], [175.00479125976562, 218.3736572265625, 1.0], [200.9612274169922, 255.28819274902344, 1.0], [231.23321533203125, 277.91815185546875, 1.0], [130.5858612060547, 146.19876098632812, 1.0], [151.1431427001953, 225.57449340820312, 1.0], [196.5846710205078, 203.06381225585938, 1.0], [237.70326232910156, 180.7190704345703, 1.0], [111.10397338867188, 144.7758331298828, 1.0], [154.8176727294922, 210.18673706054688, 1.0], [198.0414276123047, 194.90191650390625, 1.0], [233.28074645996094, 166.7939910888672, 1.0], [100.11605834960938, 137.55203247070312, 1.0], [107.6613540649414, 180.0265655517578, 1.0], [144.26483154296875, 182.69937133789062, 1.0], [177.22486877441406, 155.7356414794922, 1.0]], "is_left": 0}