{"hand_pts": [[95.27116394042969, 298.4751892089844, 1.0], [113.59830474853516, 263.9485778808594, 1.0], [96.63290405273438, 245.99998474121094, 1.0], [147.6685791015625, 233.16531372070312, 1.0], [198.14190673828125, 236.99920654296875, 1.0], [103.35781860351562, 127.73368072509766, 1.0], [165.97650146484375, 113.4898910522461, 1.0], [202.3423309326172, 160.25592041015625, 1.0], [204.4669189453125, 210.59375, 1.0], [124.70947265625, 122.89430236816406, 1.0], [210.0256805419922, 131.50111389160156, 1.0], [224.5013885498047, 195.1677703857422, 1.0], [186.74978637695312, 224.8963623046875, 1.0], [147.81272888183594, 129.0381622314453, 1.0], [235.53343200683594, 135.2444610595703, 1.0], [237.65957641601562, 191.22549438476562, 1.0], [192.82257080078125, 205.5236053466797, 1.0], [169.4551239013672, 147.86178588867188, 1.0], [231.11598205566406, 154.73464965820312, 1.0], [237.5454559326172, 198.3515167236328, 1.0], [202.1586151123047, 221.23239135742188, 1.0]], "is_left": 0}