{"hand_pts": [[230.09274291992188, 339.9435119628906, 1.0], [230.7262725830078, 280.9236755371094, 1.0], [254.96385192871094, 238.0091552734375, 1.0], [245.70742797851562, 190.55491638183594, 1.0], [223.62716674804688, 156.9190673828125, 1.0], [255.9183807373047, 203.40985107421875, 1.0], [228.68539428710938, 150.26991271972656, 1.0], [202.8284912109375, 121.59432983398438, 1.0], [178.6971893310547, 92.84791564941406, 1.0], [230.6890106201172, 217.8793182373047, 1.0], [199.63621520996094, 154.08245849609375, 1.0], [166.52999877929688, 132.66229248046875, 1.0], [136.05447387695312, 110.66563415527344, 1.0], [205.26651000976562, 231.76992797851562, 1.0], [153.99769592285156, 182.6418914794922, 1.0], [119.88722229003906, 184.10035705566406, 1.0], [96.08381652832031, 196.9670867919922, 1.0], [180.3199462890625, 251.7351531982422, 1.0], [141.86752319335938, 221.67127990722656, 1.0], [112.25446319580078, 204.82684326171875, 1.0], [81.76182556152344, 190.88632202148438, 1.0]], "is_left": 0}