{"hand_pts": [[320.6181640625, 292.87396240234375, 1.0], [251.4164581298828, 235.94839477539062, 1.0], [200.9381103515625, 210.257568359375, 1.0], [162.36282348632812, 163.9999237060547, 1.0], [149.41184997558594, 123.43093872070312, 1.0], [167.86602783203125, 247.4062042236328, 1.0], [118.73670196533203, 196.6385955810547, 1.0], [123.39380645751953, 150.74020385742188, 1.0], [143.9566192626953, 116.4374008178711, 1.0], [195.41461181640625, 258.016845703125, 1.0], [141.8065185546875, 199.8863525390625, 1.0], [147.01966857910156, 148.88845825195312, 1.0], [160.25125122070312, 107.80790710449219, 1.0], [221.0941925048828, 259.27935791015625, 1.0], [181.4685821533203, 200.78823852539062, 1.0], [189.72804260253906, 158.11642456054688, 1.0], [207.88807678222656, 133.44273376464844, 1.0], [252.81295776367188, 259.7589416503906, 1.0], [235.06761169433594, 217.707275390625, 1.0], [234.54620361328125, 179.2609100341797, 1.0], [242.8590087890625, 157.09092712402344, 1.0]], "is_left": 0}