{"hand_pts": [[337.0206298828125, 211.44772338867188, 1.0], [271.470947265625, 168.9951934814453, 1.0], [227.37586975097656, 136.48147583007812, 1.0], [185.92263793945312, 124.28472900390625, 1.0], [149.76890563964844, 118.79855346679688, 1.0], [201.57281494140625, 223.66334533691406, 1.0], [153.95896911621094, 184.2222442626953, 1.0], [138.15753173828125, 142.989990234375, 1.0], [134.63084411621094, 100.16586303710938, 1.0], [219.30311584472656, 243.87359619140625, 1.0], [157.202880859375, 204.1904754638672, 1.0], [128.74832153320312, 161.4005584716797, 1.0], [102.007568359375, 122.71681213378906, 1.0], [236.43008422851562, 251.22877502441406, 1.0], [170.93650817871094, 249.91387939453125, 1.0], [146.29586791992188, 207.80068969726562, 1.0], [125.77910614013672, 164.67845153808594, 1.0], [260.4638977050781, 252.72872924804688, 1.0], [234.0863037109375, 235.49671936035156, 1.0], [227.75094604492188, 190.9869842529297, 1.0], [242.32073974609375, 175.49795532226562, 1.0]], "is_left": 0}