{"hand_pts": [[247.59031677246094, 163.36929321289062, 1.0], [181.30230712890625, 147.08653259277344, 1.0], [122.03844451904297, 128.77122497558594, 1.0], [100.94197845458984, 120.39785766601562, 1.0], [100.67281341552734, 118.2820053100586, 1.0], [147.02285766601562, 204.5356903076172, 1.0], [114.96533966064453, 204.74293518066406, 1.0], [105.77722930908203, 187.43194580078125, 1.0], [101.35986328125, 166.8765869140625, 1.0], [198.42190551757812, 213.9734344482422, 1.0], [168.64346313476562, 219.97763061523438, 1.0], [157.558349609375, 194.05201721191406, 1.0], [151.8953857421875, 159.38369750976562, 1.0], [241.58177185058594, 214.34495544433594, 1.0], [222.03001403808594, 225.98585510253906, 1.0], [215.77793884277344, 198.72509765625, 1.0], [210.86593627929688, 166.2957305908203, 1.0], [284.6557312011719, 209.21153259277344, 1.0], [291.8380432128906, 206.2129669189453, 1.0], [293.0369567871094, 189.20945739746094, 1.0], [285.8013916015625, 157.36851501464844, 1.0]], "is_left": 0}