{"hand_pts": [[157.46470642089844, 71.9141616821289, 1.0], [172.2401123046875, 134.87220764160156, 1.0], [171.63409423828125, 178.08657836914062, 1.0], [149.37014770507812, 219.0399169921875, 1.0], [119.90435791015625, 243.42428588867188, 1.0], [235.31272888183594, 164.10093688964844, 1.0], [279.8062438964844, 196.11341857910156, 1.0], [288.1079406738281, 226.8407745361328, 1.0], [256.19879150390625, 248.17813110351562, 1.0], [219.47718811035156, 144.22918701171875, 1.0], [182.48092651367188, 204.4738006591797, 1.0], [150.19857788085938, 225.87098693847656, 1.0], [134.9963836669922, 204.69879150390625, 1.0], [199.7391357421875, 130.56907653808594, 1.0], [222.57276916503906, 155.20372009277344, 1.0], [214.76022338867188, 185.8314666748047, 1.0], [189.06900024414062, 208.67713928222656, 1.0], [175.65309143066406, 114.87279510498047, 1.0], [136.44183349609375, 141.02340698242188, 1.0], [105.84707641601562, 157.45721435546875, 1.0], [79.69666290283203, 166.22128295898438, 1.0]], "is_left": 0}