{"hand_pts": [[325.7396240234375, 187.60830688476562, 1.0], [305.9864501953125, 220.45408630371094, 1.0], [297.87091064453125, 262.23187255859375, 1.0], [266.0, 264.66461181640625, 1.0], [230.70767211914062, 243.905029296875, 1.0], [205.21420288085938, 236.01390075683594, 1.0], [158.17262268066406, 241.5924072265625, 1.0], [145.05233764648438, 232.4084014892578, 1.0], [132.99813842773438, 222.07421875, 1.0], [190.97378540039062, 196.84732055664062, 1.0], [138.606689453125, 190.7085723876953, 1.0], [157.9714813232422, 178.04055786132812, 1.0], [196.35609436035156, 168.4367218017578, 1.0], [186.46340942382812, 163.04165649414062, 1.0], [131.30311584472656, 143.6481475830078, 1.0], [146.42135620117188, 131.40869140625, 1.0], [179.1529083251953, 125.75763702392578, 1.0], [192.22860717773438, 130.75448608398438, 1.0], [151.48097229003906, 110.34937286376953, 1.0], [144.8472442626953, 99.8740234375, 1.0], [167.79920959472656, 101.86300659179688, 1.0]], "is_left": 0}