{"hand_pts": [[67.80362701416016, 321.4892883300781, 1.0], [127.38255310058594, 288.27471923828125, 1.0], [191.68792724609375, 300.4439392089844, 1.0], [220.6279754638672, 251.3489532470703, 1.0], [235.84030151367188, 201.8877716064453, 1.0], [196.8190155029297, 247.3612823486328, 1.0], [250.52183532714844, 198.58529663085938, 1.0], [252.11245727539062, 161.19326782226562, 1.0], [227.24717712402344, 141.1328125, 1.0], [167.32659912109375, 231.6949920654297, 1.0], [224.26632690429688, 186.62921142578125, 1.0], [248.8511505126953, 140.26698303222656, 1.0], [262.78033447265625, 98.4782943725586, 1.0], [140.3496856689453, 217.5422821044922, 1.0], [175.9215850830078, 145.52587890625, 1.0], [174.77159118652344, 118.37592315673828, 1.0], [153.41943359375, 129.6107635498047, 1.0], [109.13490295410156, 208.9082794189453, 1.0], [104.00212097167969, 154.72885131835938, 1.0], [96.81672668457031, 122.1083984375, 1.0], [85.23773193359375, 127.38714599609375, 1.0]], "is_left": 0}