{"hand_pts": [[135.4928741455078, 319.586669921875, 1.0], [189.9022979736328, 259.5166931152344, 1.0], [232.2852783203125, 214.4163360595703, 1.0], [254.37181091308594, 169.8505859375, 1.0], [245.49105834960938, 156.20376586914062, 1.0], [141.46087646484375, 194.3503875732422, 1.0], [196.43272399902344, 141.43582153320312, 1.0], [245.5761260986328, 123.6336669921875, 1.0], [281.5018615722656, 138.54287719726562, 1.0], [112.33909606933594, 210.48495483398438, 1.0], [158.92311096191406, 150.00328063964844, 1.0], [213.57669067382812, 152.7465057373047, 1.0], [261.0970764160156, 164.8576202392578, 1.0], [97.43122100830078, 224.56617736816406, 1.0], [133.3705596923828, 170.68760681152344, 1.0], [180.4164581298828, 176.80384826660156, 1.0], [194.27056884765625, 204.83262634277344, 1.0], [88.08381652832031, 243.98391723632812, 1.0], [108.70745086669922, 216.19866943359375, 1.0], [143.6598358154297, 202.21151733398438, 1.0], [184.2059326171875, 208.28370666503906, 1.0]], "is_left": 0}