{"hand_pts": [[44.18806076049805, 159.03384399414062, 1.0], [84.08768463134766, 131.65658569335938, 1.0], [108.7290267944336, 95.29663848876953, 1.0], [151.32785034179688, 84.78453826904297, 1.0], [196.21975708007812, 95.59814453125, 1.0], [122.73561096191406, 175.3359375, 1.0], [174.2723388671875, 176.51553344726562, 1.0], [215.1576690673828, 166.77821350097656, 1.0], [254.12998962402344, 154.92572021484375, 1.0], [125.98755645751953, 202.25491333007812, 1.0], [191.29466247558594, 213.0, 1.0], [235.8772430419922, 197.25743103027344, 1.0], [273.744140625, 175.5656280517578, 1.0], [130.0796356201172, 218.01222229003906, 1.0], [194.11318969726562, 235.34710693359375, 1.0], [232.5298309326172, 221.58653259277344, 1.0], [262.5142517089844, 198.7820281982422, 1.0], [129.5726318359375, 227.567626953125, 1.0], [174.41986083984375, 241.29196166992188, 1.0], [206.04615783691406, 233.5382080078125, 1.0], [230.46246337890625, 211.16506958007812, 1.0]], "is_left": 0}