{"hand_pts": [[359.3682556152344, 207.99679565429688, 1.0], [291.5498046875, 236.40914916992188, 1.0], [254.08804321289062, 266.1464538574219, 1.0], [201.8045196533203, 276.2843017578125, 1.0], [165.8502197265625, 266.1387634277344, 1.0], [225.5030059814453, 165.7365264892578, 1.0], [160.32980346679688, 166.45986938476562, 1.0], [129.49728393554688, 191.5712432861328, 1.0], [116.58082580566406, 221.72438049316406, 1.0], [234.37173461914062, 140.27638244628906, 1.0], [157.12335205078125, 146.09255981445312, 1.0], [131.09915161132812, 184.03009033203125, 1.0], [129.50802612304688, 225.73336791992188, 1.0], [241.04554748535156, 128.19137573242188, 1.0], [170.9735107421875, 129.04637145996094, 1.0], [148.16415405273438, 161.50424194335938, 1.0], [149.06298828125, 200.8938751220703, 1.0], [253.7103271484375, 123.82672119140625, 1.0], [209.35348510742188, 121.76903533935547, 1.0], [187.56529235839844, 147.3227996826172, 1.0], [183.5728302001953, 184.03585815429688, 1.0]], "is_left": 0}