{"hand_pts": [[114.47425079345703, 119.3008804321289, 1.0], [109.68738555908203, 119.73790740966797, 1.0], [86.95722961425781, 105.47114562988281, 1.0], [142.4103546142578, 111.11746978759766, 1.0], [205.99203491210938, 126.20466613769531, 1.0], [80.06098175048828, 200.46934509277344, 1.0], [130.5984649658203, 213.62095642089844, 1.0], [181.1727752685547, 191.20150756835938, 1.0], [218.15309143066406, 158.53822326660156, 1.0], [112.93864440917969, 219.61532592773438, 1.0], [184.87356567382812, 240.895751953125, 1.0], [226.57447814941406, 201.1124267578125, 1.0], [210.64134216308594, 165.26992797851562, 1.0], [145.6201934814453, 228.71670532226562, 1.0], [237.4170379638672, 223.72476196289062, 1.0], [259.829833984375, 183.48545837402344, 1.0], [229.7091522216797, 155.7237548828125, 1.0], [177.78814697265625, 229.26376342773438, 1.0], [244.42709350585938, 229.5439910888672, 1.0], [257.915283203125, 195.84674072265625, 1.0], [213.8940887451172, 181.06112670898438, 1.0]], "is_left": 0}