{"hand_pts": [[295.78594970703125, 67.60137176513672, 1.0], [224.37432861328125, 86.94953918457031, 1.0], [157.26756286621094, 78.58191680908203, 1.0], [114.3812026977539, 104.59654998779297, 1.0], [111.2170181274414, 143.31199645996094, 1.0], [184.46426391601562, 131.62652587890625, 1.0], [153.6549530029297, 174.0203857421875, 1.0], [135.82171630859375, 209.34503173828125, 1.0], [137.4393768310547, 223.8229522705078, 1.0], [221.7549285888672, 150.44459533691406, 1.0], [164.75209045410156, 189.3439178466797, 1.0], [149.97100830078125, 206.2498779296875, 1.0], [128.8188934326172, 227.89341735839844, 1.0], [250.9617462158203, 165.36766052246094, 1.0], [208.54959106445312, 216.03431701660156, 1.0], [181.91455078125, 246.51654052734375, 1.0], [164.22616577148438, 258.0048828125, 1.0], [281.3271789550781, 174.51495361328125, 1.0], [261.8841552734375, 216.90000915527344, 1.0], [245.063720703125, 231.84759521484375, 1.0], [225.16580200195312, 246.7397003173828, 1.0]], "is_left": 0}