{"hand_pts": [[295.0831298828125, 264.6252136230469, 1.0], [274.7359313964844, 197.469970703125, 1.0], [258.3440856933594, 136.2740478515625, 1.0], [209.90225219726562, 129.56573486328125, 1.0], [172.10113525390625, 150.9268798828125, 1.0], [191.9115753173828, 159.18795776367188, 1.0], [158.2493133544922, 110.81598663330078, 1.0], [175.979736328125, 109.6246566772461, 1.0], [197.5657958984375, 114.6788558959961, 1.0], [182.1466827392578, 199.94552612304688, 1.0], [180.22213745117188, 182.41111755371094, 1.0], [202.8550567626953, 180.31900024414062, 1.0], [247.93392944335938, 194.82244873046875, 1.0], [179.27772521972656, 232.43380737304688, 1.0], [111.24916076660156, 200.71620178222656, 1.0], [95.6540298461914, 180.68154907226562, 1.0], [81.51306915283203, 160.58763122558594, 1.0], [184.76016235351562, 265.46990966796875, 1.0], [178.22500610351562, 262.7369689941406, 1.0], [202.87181091308594, 261.7982482910156, 1.0], [233.5333251953125, 259.3263244628906, 1.0]], "is_left": 0}