{"hand_pts": [[51.312744140625, 294.42828369140625, 1.0], [79.0654296875, 231.93634033203125, 1.0], [98.71277618408203, 182.88735961914062, 1.0], [139.0466766357422, 144.71060180664062, 1.0], [182.33412170410156, 157.72286987304688, 1.0], [189.10128784179688, 239.1344757080078, 1.0], [214.30702209472656, 170.78250122070312, 1.0], [199.08445739746094, 125.4610366821289, 1.0], [156.2433319091797, 116.21253204345703, 1.0], [200.03025817871094, 258.43878173828125, 1.0], [215.619873046875, 173.05947875976562, 1.0], [174.03952026367188, 132.7207794189453, 1.0], [127.85781860351562, 103.596435546875, 1.0], [201.81744384765625, 267.4765319824219, 1.0], [244.0293731689453, 202.81788635253906, 1.0], [249.6181182861328, 158.48275756835938, 1.0], [214.37074279785156, 123.54178619384766, 1.0], [192.97540283203125, 275.3555908203125, 1.0], [215.79566955566406, 233.52377319335938, 1.0], [189.7156524658203, 200.9514617919922, 1.0], [149.62271118164062, 197.51710510253906, 1.0]], "is_left": 0}