{"hand_pts": [[32.07408905029297, 272.48931884765625, 1.0], [117.71846771240234, 246.35121154785156, 1.0], [171.7968292236328, 221.51333618164062, 1.0], [231.55526733398438, 209.50096130371094, 1.0], [232.12741088867188, 219.8176727294922, 1.0], [152.70726013183594, 134.0554656982422, 1.0], [232.17990112304688, 137.97476196289062, 1.0], [235.19033813476562, 189.45289611816406, 1.0], [195.03065490722656, 221.8072052001953, 1.0], [128.5887908935547, 134.1214141845703, 1.0], [217.16818237304688, 138.8455047607422, 1.0], [233.27642822265625, 195.74635314941406, 1.0], [210.04405212402344, 240.8881378173828, 1.0], [113.36151885986328, 143.11422729492188, 1.0], [190.62762451171875, 129.94491577148438, 1.0], [213.8592987060547, 177.3591766357422, 1.0], [188.48692321777344, 209.1904754638672, 1.0], [95.54389190673828, 162.2938995361328, 1.0], [139.1069793701172, 158.2224884033203, 1.0], [169.75811767578125, 189.8107147216797, 1.0], [163.4468994140625, 218.20103454589844, 1.0]], "is_left": 0}