{"hand_pts": [[65.73844146728516, 63.21358108520508, 1.0], [128.1968231201172, 109.25993347167969, 1.0], [194.2707061767578, 109.65252685546875, 1.0], [254.3670654296875, 124.60875701904297, 1.0], [274.6492919921875, 160.711669921875, 1.0], [257.7843017578125, 135.22140502929688, 1.0], [257.7900695800781, 191.3412628173828, 1.0], [202.4091339111328, 192.7637939453125, 1.0], [163.46315002441406, 167.85427856445312, 1.0], [233.7555694580078, 140.0580596923828, 1.0], [228.06373596191406, 214.8177947998047, 1.0], [184.5189666748047, 245.44610595703125, 1.0], [132.58468627929688, 247.7511749267578, 1.0], [204.68087768554688, 147.44435119628906, 1.0], [180.5587921142578, 218.49163818359375, 1.0], [139.29844665527344, 246.12515258789062, 1.0], [92.70672607421875, 260.4416809082031, 1.0], [165.01547241210938, 151.36463928222656, 1.0], [151.67459106445312, 200.35586547851562, 1.0], [119.38630676269531, 198.49740600585938, 1.0], [93.00814056396484, 183.8067169189453, 1.0]], "is_left": 0}