{"hand_pts": [[30.456289291381836, 186.1479949951172, 1.0], [89.88310241699219, 152.8945770263672, 1.0], [127.81902313232422, 113.29627990722656, 1.0], [171.89736938476562, 93.18970489501953, 1.0], [214.28846740722656, 91.20123291015625, 1.0], [153.86712646484375, 164.22259521484375, 1.0], [204.58876037597656, 143.18275451660156, 1.0], [199.5367889404297, 137.72915649414062, 1.0], [192.50674438476562, 134.2943115234375, 1.0], [144.2301025390625, 195.2093505859375, 1.0], [210.0755615234375, 207.5214385986328, 1.0], [250.4044189453125, 208.7466583251953, 1.0], [275.83746337890625, 201.86532592773438, 1.0], [136.1025390625, 218.02647399902344, 1.0], [195.94168090820312, 225.61740112304688, 1.0], [210.59548950195312, 214.32664489746094, 1.0], [209.19708251953125, 201.88209533691406, 1.0], [122.32434844970703, 237.4932403564453, 1.0], [158.40379333496094, 253.66416931152344, 1.0], [178.81427001953125, 250.52774047851562, 1.0], [197.09938049316406, 241.65650939941406, 1.0]], "is_left": 0}