{"hand_pts": [[55.82914733886719, 305.4657897949219, 1.0], [70.68174743652344, 237.4679718017578, 1.0], [61.37309646606445, 180.49607849121094, 1.0], [85.97187805175781, 133.41525268554688, 1.0], [127.27677154541016, 117.61553192138672, 1.0], [154.87098693847656, 208.31686401367188, 1.0], [193.80007934570312, 150.4784393310547, 1.0], [188.43121337890625, 126.660400390625, 1.0], [171.2046356201172, 118.61053466796875, 1.0], [175.01121520996094, 234.4866180419922, 1.0], [238.3848114013672, 177.54483032226562, 1.0], [237.3701934814453, 141.8241424560547, 1.0], [221.22657775878906, 116.70178985595703, 1.0], [186.20626831054688, 252.91897583007812, 1.0], [248.59349060058594, 204.8589630126953, 1.0], [241.8622589111328, 176.45516967773438, 1.0], [212.7411651611328, 161.8727569580078, 1.0], [188.09507751464844, 272.6252746582031, 1.0], [224.13404846191406, 246.9822235107422, 1.0], [226.739013671875, 224.0440673828125, 1.0], [196.64718627929688, 209.05104064941406, 1.0]], "is_left": 0}