{"hand_pts": [[277.083984375, 322.59503173828125, 1.0], [272.7228088378906, 241.2613525390625, 1.0], [283.67144775390625, 192.6076202392578, 1.0], [272.6170959472656, 131.313232421875, 1.0], [255.97340393066406, 129.59739685058594, 1.0], [167.6521453857422, 210.91368103027344, 1.0], [160.22413635253906, 132.37969970703125, 1.0], [200.2777557373047, 126.47836303710938, 1.0], [232.23257446289062, 164.1309356689453, 1.0], [140.27210998535156, 232.50355529785156, 1.0], [124.92391967773438, 143.72027587890625, 1.0], [179.9574737548828, 138.84535217285156, 1.0], [220.1647491455078, 178.46449279785156, 1.0], [125.77924346923828, 245.5694122314453, 1.0], [106.7561264038086, 168.33309936523438, 1.0], [157.74984741210938, 165.87428283691406, 1.0], [191.96139526367188, 201.0096893310547, 1.0], [122.74346160888672, 260.9803466796875, 1.0], [112.5842056274414, 218.0264892578125, 1.0], [154.6373748779297, 208.02503967285156, 1.0], [183.86764526367188, 232.24142456054688, 1.0]], "is_left": 0}