{"hand_pts": [[72.44682312011719, 270.90771484375, 1.0], [71.97493743896484, 258.5628967285156, 1.0], [56.26380157470703, 249.94036865234375, 1.0], [88.37714385986328, 232.23992919921875, 1.0], [132.0216827392578, 215.1522979736328, 1.0], [128.41236877441406, 178.47174072265625, 1.0], [162.26510620117188, 151.0808868408203, 1.0], [178.02105712890625, 161.9832000732422, 1.0], [185.52554321289062, 188.69471740722656, 1.0], [158.4709930419922, 177.8969268798828, 1.0], [212.77163696289062, 132.95616149902344, 1.0], [231.78013610839844, 138.1343231201172, 1.0], [245.17098999023438, 149.00668334960938, 1.0], [180.05780029296875, 184.90670776367188, 1.0], [232.4753875732422, 153.41888427734375, 1.0], [241.968505859375, 168.99574279785156, 1.0], [228.37094116210938, 203.5727081298828, 1.0], [194.13528442382812, 199.2624969482422, 1.0], [237.67982482910156, 184.5448760986328, 1.0], [254.91810607910156, 189.98751831054688, 1.0], [253.57888793945312, 209.5874786376953, 1.0]], "is_left": 0}