{"hand_pts": [[306.9613037109375, 52.296905517578125, 1.0], [296.4944152832031, 117.23426055908203, 1.0], [304.6462707519531, 169.2836456298828, 1.0], [290.4291076660156, 215.433837890625, 1.0], [252.62281799316406, 245.68922424316406, 1.0], [218.1627197265625, 166.79757690429688, 1.0], [187.52235412597656, 220.28025817871094, 1.0], [182.1478271484375, 240.17864990234375, 1.0], [176.7494659423828, 257.5744323730469, 1.0], [193.9027557373047, 142.4832000732422, 1.0], [147.11270141601562, 198.255126953125, 1.0], [146.49630737304688, 221.08395385742188, 1.0], [151.8661346435547, 238.1873321533203, 1.0], [178.8520050048828, 122.95478057861328, 1.0], [123.30585479736328, 169.9647674560547, 1.0], [121.50022888183594, 190.38255310058594, 1.0], [123.80848693847656, 208.0772247314453, 1.0], [172.78823852539062, 100.300048828125, 1.0], [138.707763671875, 126.5400390625, 1.0], [143.48338317871094, 141.04042053222656, 1.0], [157.6571807861328, 153.97442626953125, 1.0]], "is_left": 0}