{"hand_pts": [[332.9629821777344, 161.27394104003906, 1.0], [280.6351623535156, 175.09628295898438, 1.0], [241.0426483154297, 183.59286499023438, 1.0], [201.0105438232422, 197.0272979736328, 1.0], [167.53549194335938, 211.08486938476562, 1.0], [207.48619079589844, 150.40765380859375, 1.0], [152.1842498779297, 151.84117126464844, 1.0], [123.43597412109375, 167.3822479248047, 1.0], [98.50439453125, 185.40328979492188, 1.0], [222.62472534179688, 156.75022888183594, 1.0], [160.01495361328125, 162.99388122558594, 1.0], [130.42160034179688, 183.80833435058594, 1.0], [106.68035125732422, 206.7347869873047, 1.0], [237.5413360595703, 166.82078552246094, 1.0], [182.7379608154297, 177.11143493652344, 1.0], [160.45594787597656, 199.04656982421875, 1.0], [144.08274841308594, 223.64279174804688, 1.0], [257.99200439453125, 177.95550537109375, 1.0], [227.35670471191406, 192.6193389892578, 1.0], [209.7145233154297, 210.9265594482422, 1.0], [195.85516357421875, 232.83950805664062, 1.0]], "is_left": 0}