{"hand_pts": [[209.15403747558594, 187.01124572753906, 1.0], [154.8346710205078, 208.64376831054688, 1.0], [94.65985107421875, 230.11587524414062, 1.0], [83.35617065429688, 243.8303680419922, 1.0], [107.86546325683594, 246.82473754882812, 1.0], [140.57969665527344, 147.20355224609375, 1.0], [125.15520477294922, 161.08338928222656, 1.0], [129.6769561767578, 197.15521240234375, 1.0], [140.96241760253906, 236.8815460205078, 1.0], [187.6471405029297, 135.99319458007812, 1.0], [177.3200225830078, 140.99473571777344, 1.0], [174.61404418945312, 182.6246337890625, 1.0], [173.33412170410156, 228.0612030029297, 1.0], [225.65118408203125, 134.95164489746094, 1.0], [230.20489501953125, 143.38133239746094, 1.0], [230.3904571533203, 180.16453552246094, 1.0], [227.46817016601562, 222.7152099609375, 1.0], [261.632568359375, 139.56654357910156, 1.0], [279.83465576171875, 149.2534942626953, 1.0], [280.2004089355469, 180.02320861816406, 1.0], [268.7958679199219, 217.8179473876953, 1.0]], "is_left": 0}