{"hand_pts": [[39.58320617675781, 154.8468780517578, 1.0], [88.01405334472656, 130.24966430664062, 1.0], [114.73333740234375, 97.8871078491211, 1.0], [163.23570251464844, 100.52734375, 1.0], [203.63470458984375, 126.43138122558594, 1.0], [124.65570831298828, 162.02862548828125, 1.0], [171.9438018798828, 163.0616912841797, 1.0], [213.00840759277344, 159.89125061035156, 1.0], [251.62289428710938, 157.14881896972656, 1.0], [124.64285278320312, 191.06944274902344, 1.0], [186.8593292236328, 206.449951171875, 1.0], [233.30307006835938, 203.8505401611328, 1.0], [275.686767578125, 198.3483123779297, 1.0], [126.7649154663086, 211.05845642089844, 1.0], [197.60903930664062, 220.77499389648438, 1.0], [233.9141082763672, 211.22325134277344, 1.0], [266.13409423828125, 199.70877075195312, 1.0], [124.82196044921875, 226.0712890625, 1.0], [172.3546600341797, 240.721435546875, 1.0], [205.8188018798828, 238.42294311523438, 1.0], [230.3314666748047, 222.64109802246094, 1.0]], "is_left": 0}