{"hand_pts": [[35.64411544799805, 260.222900390625, 1.0], [82.27835083007812, 189.57022094726562, 1.0], [88.92656707763672, 116.7979507446289, 1.0], [151.92747497558594, 93.82125854492188, 1.0], [177.9810333251953, 143.509765625, 1.0], [143.77528381347656, 154.3140411376953, 1.0], [221.60440063476562, 123.56660461425781, 1.0], [212.95843505859375, 139.56076049804688, 1.0], [164.97756958007812, 164.96926879882812, 1.0], [157.02943420410156, 191.73251342773438, 1.0], [254.29367065429688, 166.9346923828125, 1.0], [229.02850341796875, 173.5994110107422, 1.0], [170.64732360839844, 185.15476989746094, 1.0], [168.406005859375, 220.9820556640625, 1.0], [254.907958984375, 204.6080322265625, 1.0], [234.4704132080078, 208.33609008789062, 1.0], [181.36495971679688, 214.90452575683594, 1.0], [172.365966796875, 251.10540771484375, 1.0], [226.0144805908203, 253.99098205566406, 1.0], [203.51885986328125, 250.06246948242188, 1.0], [156.45803833007812, 244.49856567382812, 1.0]], "is_left": 0}