{"hand_pts": [[239.89309692382812, 337.8620300292969, 1.0], [206.68313598632812, 291.3001708984375, 1.0], [162.50457763671875, 290.4386901855469, 1.0], [116.33052825927734, 264.0448913574219, 1.0], [95.97956848144531, 231.03421020507812, 1.0], [237.2692108154297, 202.9622802734375, 1.0], [207.11834716796875, 142.75392150878906, 1.0], [168.9109649658203, 125.88748931884766, 1.0], [143.84767150878906, 150.64674377441406, 1.0], [242.8561248779297, 200.69985961914062, 1.0], [235.0260772705078, 124.10520935058594, 1.0], [191.4080352783203, 107.92859649658203, 1.0], [155.72821044921875, 125.56051635742188, 1.0], [240.54342651367188, 202.04998779296875, 1.0], [189.2574462890625, 150.531982421875, 1.0], [152.53610229492188, 160.265380859375, 1.0], [150.06712341308594, 197.48497009277344, 1.0], [235.8954315185547, 211.84786987304688, 1.0], [218.31509399414062, 166.05262756347656, 1.0], [188.00172424316406, 165.70281982421875, 1.0], [179.54751586914062, 195.3183135986328, 1.0]], "is_left": 0}