{"hand_pts": [[71.2168960571289, 276.437744140625, 1.0], [114.98695373535156, 216.99386596679688, 1.0], [134.4546661376953, 178.31922912597656, 1.0], [185.56332397460938, 181.2509002685547, 1.0], [192.6153564453125, 214.54884338378906, 1.0], [122.05696868896484, 137.4677734375, 1.0], [144.7469024658203, 81.96258544921875, 1.0], [186.21751403808594, 80.33490753173828, 1.0], [217.24221801757812, 104.75550842285156, 1.0], [123.01522827148438, 166.46395874023438, 1.0], [196.0248565673828, 166.15724182128906, 1.0], [213.05018615722656, 193.59616088867188, 1.0], [213.75367736816406, 222.9973602294922, 1.0], [128.68080139160156, 194.49212646484375, 1.0], [201.61085510253906, 191.3809051513672, 1.0], [239.71945190429688, 204.91290283203125, 1.0], [277.59771728515625, 216.50946044921875, 1.0], [132.7654266357422, 227.91738891601562, 1.0], [178.77671813964844, 227.07562255859375, 1.0], [207.3926544189453, 237.4968719482422, 1.0], [232.22293090820312, 248.25404357910156, 1.0]], "is_left": 0}