{"hand_pts": [[194.6318359375, 201.93434143066406, 1.0], [239.07977294921875, 196.1696014404297, 1.0], [284.5229187011719, 181.96116638183594, 1.0], [298.1186828613281, 164.09437561035156, 1.0], [279.86444091796875, 148.26150512695312, 1.0], [211.89599609375, 230.39987182617188, 1.0], [206.383056640625, 216.70993041992188, 1.0], [216.55096435546875, 180.1354522705078, 1.0], [225.72467041015625, 153.19290161132812, 1.0], [173.59954833984375, 219.44100952148438, 1.0], [163.67434692382812, 212.58680725097656, 1.0], [176.91909790039062, 182.97775268554688, 1.0], [196.17355346679688, 150.0253448486328, 1.0], [146.54042053222656, 204.8428497314453, 1.0], [133.290283203125, 209.83734130859375, 1.0], [140.90101623535156, 192.84835815429688, 1.0], [166.3440704345703, 165.58657836914062, 1.0], [124.11870574951172, 188.36415100097656, 1.0], [100.83453369140625, 174.25714111328125, 1.0], [97.09892272949219, 156.185546875, 1.0], [110.31057739257812, 132.99964904785156, 1.0]], "is_left": 0}