{"hand_pts": [[123.14723205566406, 312.61785888671875, 1.0], [174.3917999267578, 251.36895751953125, 1.0], [207.86428833007812, 198.07293701171875, 1.0], [241.90667724609375, 148.59950256347656, 1.0], [256.1573181152344, 131.29164123535156, 1.0], [145.74717712402344, 187.61534118652344, 1.0], [194.7191925048828, 140.16412353515625, 1.0], [226.8816375732422, 156.26358032226562, 1.0], [213.4307861328125, 192.99607849121094, 1.0], [123.19895935058594, 209.6252899169922, 1.0], [164.97642517089844, 146.458984375, 1.0], [214.43106079101562, 117.16419982910156, 1.0], [265.7048034667969, 93.04627227783203, 1.0], [112.25566101074219, 228.47865295410156, 1.0], [154.70350646972656, 173.0267791748047, 1.0], [192.81414794921875, 181.94337463378906, 1.0], [188.11260986328125, 211.28207397460938, 1.0], [104.84596252441406, 251.88783264160156, 1.0], [128.88294982910156, 233.96713256835938, 1.0], [164.95562744140625, 226.80137634277344, 1.0], [202.34156799316406, 226.3130645751953, 1.0]], "is_left": 0}