{"hand_pts": [[276.7279052734375, 55.9287223815918, 1.0], [207.2506561279297, 77.07453155517578, 1.0], [146.42385864257812, 74.92033386230469, 1.0], [108.53824615478516, 96.80960083007812, 1.0], [100.71865844726562, 125.48512268066406, 1.0], [202.0171356201172, 178.80140686035156, 1.0], [152.59410095214844, 208.81240844726562, 1.0], [122.11018371582031, 198.63328552246094, 1.0], [104.15624237060547, 171.2705078125, 1.0], [236.3195037841797, 189.6710205078125, 1.0], [195.60731506347656, 243.51913452148438, 1.0], [158.91171264648438, 234.68087768554688, 1.0], [127.1730728149414, 209.49363708496094, 1.0], [259.7987976074219, 191.46038818359375, 1.0], [227.6046142578125, 249.1356964111328, 1.0], [194.49803161621094, 248.2258758544922, 1.0], [165.02804565429688, 220.31118774414062, 1.0], [282.0561218261719, 183.31707763671875, 1.0], [259.1964111328125, 203.38189697265625, 1.0], [233.35549926757812, 186.1800079345703, 1.0], [214.76243591308594, 149.22398376464844, 1.0]], "is_left": 0}