{"hand_pts": [[170.3838653564453, 254.45571899414062, 1.0], [135.39813232421875, 202.71600341796875, 1.0], [103.87435913085938, 145.7826385498047, 1.0], [84.76065063476562, 140.35162353515625, 1.0], [86.18397521972656, 170.39694213867188, 1.0], [195.9176025390625, 137.18234252929688, 1.0], [159.20333862304688, 129.35142517089844, 1.0], [134.17678833007812, 162.34664916992188, 1.0], [128.7681121826172, 192.24441528320312, 1.0], [227.38449096679688, 168.4145050048828, 1.0], [202.0502471923828, 180.24400329589844, 1.0], [166.9730682373047, 202.59051513671875, 1.0], [131.54666137695312, 225.54058837890625, 1.0], [245.38211059570312, 197.6282501220703, 1.0], [251.62249755859375, 177.58265686035156, 1.0], [213.61114501953125, 196.84228515625, 1.0], [196.12576293945312, 210.44223022460938, 1.0], [256.1698913574219, 230.37962341308594, 1.0], [277.16162109375, 213.14166259765625, 1.0], [261.6085205078125, 207.28521728515625, 1.0], [229.02969360351562, 206.67337036132812, 1.0]], "is_left": 0}