{"hand_pts": [[246.85845947265625, 54.92163848876953, 1.0], [188.94012451171875, 74.19232940673828, 1.0], [156.2116241455078, 66.1875991821289, 1.0], [123.2845687866211, 96.61161804199219, 1.0], [117.41864013671875, 136.95816040039062, 1.0], [194.32870483398438, 127.8851547241211, 1.0], [182.067626953125, 173.58702087402344, 1.0], [168.8761749267578, 205.09962463378906, 1.0], [154.04193115234375, 235.8997802734375, 1.0], [216.9605712890625, 149.49807739257812, 1.0], [218.16110229492188, 200.21263122558594, 1.0], [181.4124755859375, 218.75393676757812, 1.0], [157.19424438476562, 207.38412475585938, 1.0], [230.3410186767578, 166.0582733154297, 1.0], [216.18849182128906, 227.86695861816406, 1.0], [184.30877685546875, 243.52032470703125, 1.0], [154.62965393066406, 263.25048828125, 1.0], [242.52886962890625, 176.02301025390625, 1.0], [225.47402954101562, 219.3528594970703, 1.0], [197.79159545898438, 230.34019470214844, 1.0], [168.29412841796875, 232.62100219726562, 1.0]], "is_left": 0}