{"hand_pts": [[301.1989440917969, 234.36294555664062, 1.0], [282.8595275878906, 182.9893341064453, 1.0], [280.0263977050781, 128.53456115722656, 1.0], [247.64846801757812, 103.74790954589844, 1.0], [207.15228271484375, 126.88986206054688, 1.0], [192.11746215820312, 145.0110321044922, 1.0], [167.45130920410156, 127.49525451660156, 1.0], [179.822998046875, 135.55772399902344, 1.0], [209.77574157714844, 156.53907775878906, 1.0], [176.2596893310547, 181.42874145507812, 1.0], [142.37550354003906, 169.8030548095703, 1.0], [185.5323944091797, 183.16819763183594, 1.0], [232.36929321289062, 196.58209228515625, 1.0], [169.0712432861328, 212.4014129638672, 1.0], [101.53985595703125, 200.00135803222656, 1.0], [114.7686996459961, 202.6027069091797, 1.0], [156.13717651367188, 207.60389709472656, 1.0], [171.35659790039062, 244.1920166015625, 1.0], [144.29946899414062, 262.86273193359375, 1.0], [158.5879364013672, 269.7403564453125, 1.0], [194.27603149414062, 264.5150146484375, 1.0]], "is_left": 0}