{"hand_pts": [[333.2730712890625, 138.37339782714844, 1.0], [290.09429931640625, 201.3777618408203, 1.0], [278.36407470703125, 251.89532470703125, 1.0], [229.7242889404297, 243.46778869628906, 1.0], [195.33023071289062, 211.0270538330078, 1.0], [198.62344360351562, 234.4415740966797, 1.0], [133.5067138671875, 252.016845703125, 1.0], [130.2503662109375, 242.99581909179688, 1.0], [154.79847717285156, 226.95889282226562, 1.0], [186.80575561523438, 192.06065368652344, 1.0], [146.78070068359375, 188.26699829101562, 1.0], [167.85353088378906, 179.4290313720703, 1.0], [213.8163604736328, 174.73046875, 1.0], [180.52793884277344, 157.3760528564453, 1.0], [116.50249481201172, 153.57626342773438, 1.0], [148.7120819091797, 152.09361267089844, 1.0], [186.061767578125, 157.03701782226562, 1.0], [183.9019775390625, 122.56700134277344, 1.0], [160.4066162109375, 111.50534057617188, 1.0], [181.90621948242188, 111.1030502319336, 1.0], [218.27313232421875, 120.11267852783203, 1.0]], "is_left": 0}