{"hand_pts": [[289.98358154296875, 165.62718200683594, 1.0], [239.47596740722656, 211.67385864257812, 1.0], [204.24720764160156, 266.283935546875, 1.0], [187.8893585205078, 284.5329284667969, 1.0], [182.34751892089844, 284.28717041015625, 1.0], [166.53443908691406, 173.11253356933594, 1.0], [126.76073455810547, 202.46676635742188, 1.0], [113.55237579345703, 227.10916137695312, 1.0], [98.02239227294922, 247.15313720703125, 1.0], [194.3848114013672, 143.1074676513672, 1.0], [140.42852783203125, 144.72354125976562, 1.0], [140.2135009765625, 178.2928924560547, 1.0], [142.98043823242188, 210.8546600341797, 1.0], [221.8346405029297, 125.19486236572266, 1.0], [196.80123901367188, 146.3162384033203, 1.0], [208.17974853515625, 181.89486694335938, 1.0], [224.4330596923828, 218.60780334472656, 1.0], [253.9656982421875, 112.1605453491211, 1.0], [229.17689514160156, 98.75720977783203, 1.0], [219.53704833984375, 116.37210083007812, 1.0], [214.57626342773438, 146.97885131835938, 1.0]], "is_left": 0}