{"hand_pts": [[218.0258331298828, 23.532455444335938, 1.0], [233.03952026367188, 106.18364715576172, 1.0], [266.2726135253906, 159.91258239746094, 1.0], [231.19058227539062, 209.64010620117188, 1.0], [188.7989959716797, 191.96212768554688, 1.0], [265.6064453125, 182.4077911376953, 1.0], [232.8255157470703, 254.48037719726562, 1.0], [196.34857177734375, 253.7185516357422, 1.0], [171.8433380126953, 226.9401092529297, 1.0], [235.1661834716797, 163.91256713867188, 1.0], [188.55856323242188, 246.23887634277344, 1.0], [164.1604461669922, 232.02175903320312, 1.0], [174.8607177734375, 187.04196166992188, 1.0], [205.44161987304688, 148.9725341796875, 1.0], [143.33685302734375, 212.32928466796875, 1.0], [131.76268005371094, 189.48989868164062, 1.0], [157.73680114746094, 151.1348114013672, 1.0], [175.444580078125, 127.57456970214844, 1.0], [119.5218276977539, 146.69277954101562, 1.0], [99.77339935302734, 137.82044982910156, 1.0], [128.91970825195312, 115.84690856933594, 1.0]], "is_left": 0}