{"hand_pts": [[60.05387496948242, 220.99697875976562, 1.0], [114.6110610961914, 160.54994201660156, 1.0], [144.71051025390625, 103.80999755859375, 1.0], [162.12945556640625, 80.5089111328125, 1.0], [157.7410430908203, 98.31558227539062, 1.0], [218.99057006835938, 180.50238037109375, 1.0], [256.5067138671875, 151.69778442382812, 1.0], [235.5707550048828, 132.61141967773438, 1.0], [192.05296325683594, 131.04246520996094, 1.0], [207.87205505371094, 221.95611572265625, 1.0], [245.93312072753906, 203.7979736328125, 1.0], [207.0076446533203, 178.67401123046875, 1.0], [165.47793579101562, 167.2122039794922, 1.0], [193.40194702148438, 250.00779724121094, 1.0], [215.344970703125, 229.43231201171875, 1.0], [185.4129180908203, 205.7382049560547, 1.0], [150.83782958984375, 194.963623046875, 1.0], [170.3037872314453, 273.58685302734375, 1.0], [173.6438751220703, 265.5174560546875, 1.0], [146.98789978027344, 242.82290649414062, 1.0], [129.8837432861328, 233.8402862548828, 1.0]], "is_left": 0}