{"hand_pts": [[188.58387756347656, 250.65834045410156, 1.0], [204.84608459472656, 276.62200927734375, 1.0], [258.9395751953125, 288.9742126464844, 1.0], [275.727294921875, 284.4256896972656, 1.0], [230.15171813964844, 263.01519775390625, 1.0], [247.0950469970703, 195.872314453125, 1.0], [236.15496826171875, 176.864501953125, 1.0], [200.5069580078125, 192.5120086669922, 1.0], [162.85391235351562, 210.58087158203125, 1.0], [216.5063018798828, 162.08543395996094, 1.0], [221.9695281982422, 128.04788208007812, 1.0], [187.44741821289062, 161.4202117919922, 1.0], [156.131103515625, 203.97557067871094, 1.0], [185.9781036376953, 143.04156494140625, 1.0], [156.38287353515625, 113.48495483398438, 1.0], [123.4095458984375, 137.73255920410156, 1.0], [116.23601531982422, 179.9258270263672, 1.0], [154.47996520996094, 133.4591827392578, 1.0], [126.81669616699219, 120.26819610595703, 1.0], [104.99673461914062, 149.225341796875, 1.0], [88.48058319091797, 187.67889404296875, 1.0]], "is_left": 0}