{"hand_pts": [[77.03845977783203, 97.77883911132812, 1.0], [145.4328155517578, 129.54782104492188, 1.0], [188.56906127929688, 149.53370666503906, 1.0], [240.45645141601562, 163.89479064941406, 1.0], [250.18478393554688, 160.4163818359375, 1.0], [133.423583984375, 205.33177185058594, 1.0], [196.6365509033203, 228.15908813476562, 1.0], [232.30209350585938, 206.61944580078125, 1.0], [246.65408325195312, 177.84962463378906, 1.0], [111.3514175415039, 199.5240936279297, 1.0], [167.95724487304688, 233.33204650878906, 1.0], [220.55747985839844, 225.42001342773438, 1.0], [260.0896911621094, 203.14723205566406, 1.0], [101.12800598144531, 190.3759765625, 1.0], [162.15538024902344, 206.0634765625, 1.0], [194.87355041503906, 182.7366180419922, 1.0], [197.63087463378906, 158.05911254882812, 1.0], [92.62380981445312, 175.03451538085938, 1.0], [137.6395263671875, 174.1854248046875, 1.0], [167.73146057128906, 157.1190643310547, 1.0], [170.14251708984375, 138.47415161132812, 1.0]], "is_left": 0}