{"hand_pts": [[307.8390808105469, 111.26337432861328, 1.0], [302.7965087890625, 167.72756958007812, 1.0], [312.9154357910156, 212.2459259033203, 1.0], [297.5437316894531, 240.50128173828125, 1.0], [265.9858703613281, 249.38876342773438, 1.0], [219.47463989257812, 190.6646728515625, 1.0], [180.92642211914062, 225.17469787597656, 1.0], [167.65835571289062, 243.54811096191406, 1.0], [161.8607940673828, 256.4251403808594, 1.0], [194.593505859375, 157.1754608154297, 1.0], [134.5082550048828, 186.15699768066406, 1.0], [126.26321411132812, 206.0019073486328, 1.0], [131.95135498046875, 221.91387939453125, 1.0], [180.4564666748047, 130.8784942626953, 1.0], [126.42870330810547, 153.8702392578125, 1.0], [129.94216918945312, 169.12762451171875, 1.0], [151.55796813964844, 180.89244079589844, 1.0], [176.0521240234375, 104.62635040283203, 1.0], [144.40748596191406, 112.83560943603516, 1.0], [145.1819610595703, 124.16337585449219, 1.0], [163.15399169921875, 138.40536499023438, 1.0]], "is_left": 0}