{"hand_pts": [[123.82067108154297, 46.23771286010742, 1.0], [163.9442901611328, 76.44758605957031, 1.0], [176.8938446044922, 92.72196197509766, 1.0], [204.3643035888672, 122.06847381591797, 1.0], [231.38233947753906, 150.5745391845703, 1.0], [152.13629150390625, 160.92230224609375, 1.0], [161.7718963623047, 213.82176208496094, 1.0], [170.0572967529297, 247.0491180419922, 1.0], [193.98971557617188, 268.29107666015625, 1.0], [144.24627685546875, 165.63096618652344, 1.0], [164.7552490234375, 225.22012329101562, 1.0], [202.9637908935547, 222.10560607910156, 1.0], [230.43984985351562, 198.87994384765625, 1.0], [143.28956604003906, 164.74012756347656, 1.0], [195.03976440429688, 190.0623016357422, 1.0], [227.9850616455078, 192.0812530517578, 1.0], [259.52545166015625, 196.12319946289062, 1.0], [143.21966552734375, 155.87002563476562, 1.0], [149.2618865966797, 192.15774536132812, 1.0], [173.78431701660156, 205.21450805664062, 1.0], [199.90516662597656, 199.83331298828125, 1.0]], "is_left": 0}