{"hand_pts": [[98.67247009277344, 199.2893829345703, 1.0], [160.7294921875, 209.97036743164062, 1.0], [222.89205932617188, 207.57937622070312, 1.0], [257.30621337890625, 211.76438903808594, 1.0], [286.50494384765625, 215.8919219970703, 1.0], [184.61892700195312, 151.6500244140625, 1.0], [232.1199493408203, 193.42347717285156, 1.0], [255.59352111816406, 227.71275329589844, 1.0], [275.3892822265625, 261.7943420410156, 1.0], [150.4068145751953, 145.77369689941406, 1.0], [168.16961669921875, 131.46229553222656, 1.0], [187.7505645751953, 160.79888916015625, 1.0], [200.11175537109375, 202.77468872070312, 1.0], [124.01777648925781, 148.11476135253906, 1.0], [156.52658081054688, 158.73741149902344, 1.0], [168.59762573242188, 199.2233123779297, 1.0], [167.91030883789062, 226.8340301513672, 1.0], [97.39530181884766, 155.79031372070312, 1.0], [112.45491790771484, 156.5092010498047, 1.0], [126.4293441772461, 164.2086181640625, 1.0], [149.6107940673828, 195.47486877441406, 1.0]], "is_left": 0}