{"hand_pts": [[353.78936767578125, 186.2937469482422, 1.0], [287.73028564453125, 224.64242553710938, 1.0], [260.8409118652344, 264.7252197265625, 1.0], [194.78228759765625, 265.7484130859375, 1.0], [178.63450622558594, 232.78604125976562, 1.0], [226.8101348876953, 190.90133666992188, 1.0], [154.23431396484375, 213.06268310546875, 1.0], [146.5461883544922, 229.56964111328125, 1.0], [175.7353515625, 236.4467315673828, 1.0], [228.25343322753906, 157.21319580078125, 1.0], [130.89242553710938, 154.27362060546875, 1.0], [121.050048828125, 182.2631378173828, 1.0], [155.767333984375, 204.2154998779297, 1.0], [227.91773986816406, 135.04762268066406, 1.0], [142.80039978027344, 148.10833740234375, 1.0], [164.0032958984375, 171.87049865722656, 1.0], [212.86117553710938, 179.150390625, 1.0], [233.88540649414062, 118.26913452148438, 1.0], [177.99346923828125, 104.78691864013672, 1.0], [149.3424835205078, 120.0948486328125, 1.0], [148.9398651123047, 150.98013305664062, 1.0]], "is_left": 0}