{"hand_pts": [[120.32174682617188, 35.68130874633789, 1.0], [108.4197006225586, 82.88200378417969, 1.0], [88.12864685058594, 120.32061767578125, 1.0], [88.95927429199219, 159.13246154785156, 1.0], [104.38055419921875, 194.6201171875, 1.0], [150.57925415039062, 155.3498077392578, 1.0], [162.3828887939453, 210.16836547851562, 1.0], [169.71470642089844, 240.9203643798828, 1.0], [177.58953857421875, 269.5474853515625, 1.0], [176.27801513671875, 143.03964233398438, 1.0], [200.36611938476562, 206.92510986328125, 1.0], [207.87803649902344, 240.11968994140625, 1.0], [213.5026397705078, 269.80084228515625, 1.0], [193.9830780029297, 129.94444274902344, 1.0], [225.2631072998047, 186.66468811035156, 1.0], [234.29722595214844, 212.76963806152344, 1.0], [239.7923583984375, 235.39683532714844, 1.0], [206.0223388671875, 110.82152557373047, 1.0], [232.45936584472656, 143.88232421875, 1.0], [244.39584350585938, 165.04043579101562, 1.0], [249.50987243652344, 184.98997497558594, 1.0]], "is_left": 0}