{"hand_pts": [[129.52427673339844, 247.92446899414062, 1.0], [133.99668884277344, 183.08412170410156, 1.0], [135.4525909423828, 132.1283721923828, 1.0], [152.5242919921875, 99.09785461425781, 1.0], [176.29725646972656, 79.2926025390625, 1.0], [114.02410125732422, 176.11712646484375, 1.0], [110.8350830078125, 146.2736053466797, 1.0], [130.8282470703125, 124.40933227539062, 1.0], [151.1183624267578, 104.24284362792969, 1.0], [149.06509399414062, 217.7749481201172, 1.0], [160.3116912841797, 188.85987854003906, 1.0], [187.04751586914062, 162.36717224121094, 1.0], [212.84841918945312, 137.20689392089844, 1.0], [183.1985626220703, 247.5131072998047, 1.0], [206.86903381347656, 230.9368896484375, 1.0], [240.3053436279297, 210.58255004882812, 1.0], [274.8733215332031, 189.2941436767578, 1.0], [214.72525024414062, 274.4993591308594, 1.0], [241.37643432617188, 269.3898010253906, 1.0], [267.1689453125, 258.6005859375, 1.0], [296.7488708496094, 239.5042724609375, 1.0]], "is_left": 0}