{"hand_pts": [[158.61007690429688, 228.66329956054688, 1.0], [216.05154418945312, 226.60345458984375, 1.0], [271.5568542480469, 231.46119689941406, 1.0], [280.49609375, 227.8754425048828, 1.0], [254.73239135742188, 220.14990234375, 1.0], [223.66163635253906, 173.53639221191406, 1.0], [244.17471313476562, 159.71437072753906, 1.0], [245.2163543701172, 174.22671508789062, 1.0], [239.85226440429688, 194.0884246826172, 1.0], [175.78610229492188, 167.3515167236328, 1.0], [184.65377807617188, 156.31854248046875, 1.0], [191.95901489257812, 179.71495056152344, 1.0], [197.7344970703125, 208.13551330566406, 1.0], [137.49945068359375, 167.1931610107422, 1.0], [135.94281005859375, 148.3697967529297, 1.0], [143.47923278808594, 167.3063507080078, 1.0], [153.79898071289062, 192.9779510498047, 1.0], [101.34954071044922, 172.25721740722656, 1.0], [82.8803939819336, 163.18295288085938, 1.0], [85.42147064208984, 173.46978759765625, 1.0], [105.91915893554688, 195.14024353027344, 1.0]], "is_left": 0}