{"hand_pts": [[126.42851257324219, 293.25042724609375, 1.0], [118.12118530273438, 225.75303649902344, 1.0], [92.55659484863281, 167.36984252929688, 1.0], [114.06900024414062, 125.58297729492188, 1.0], [153.52957153320312, 107.1343994140625, 1.0], [127.8709716796875, 205.58299255371094, 1.0], [144.0755157470703, 144.97840881347656, 1.0], [163.79612731933594, 112.01448822021484, 1.0], [183.55152893066406, 94.35749053955078, 1.0], [159.55255126953125, 235.0828399658203, 1.0], [185.40158081054688, 192.46282958984375, 1.0], [205.6070556640625, 157.05104064941406, 1.0], [226.77511596679688, 118.99085235595703, 1.0], [186.3687744140625, 255.6307373046875, 1.0], [206.97972106933594, 227.80703735351562, 1.0], [227.4395751953125, 191.46742248535156, 1.0], [244.97976684570312, 155.3534393310547, 1.0], [209.38333129882812, 276.36578369140625, 1.0], [240.32769775390625, 252.01824951171875, 1.0], [254.28305053710938, 221.38235473632812, 1.0], [263.9139709472656, 188.57630920410156, 1.0]], "is_left": 0}