{"hand_pts": [[280.3684387207031, 206.5839080810547, 1.0], [277.7673034667969, 220.69970703125, 1.0], [302.0736389160156, 216.58706665039062, 1.0], [284.49951171875, 223.16156005859375, 1.0], [241.07188415527344, 234.28724670410156, 1.0], [237.22567749023438, 159.77883911132812, 1.0], [216.247802734375, 156.86537170410156, 1.0], [199.03256225585938, 166.9436492919922, 1.0], [184.1182098388672, 196.6912384033203, 1.0], [208.07655334472656, 150.2041015625, 1.0], [161.14305114746094, 174.20684814453125, 1.0], [143.138671875, 205.9494171142578, 1.0], [133.1232452392578, 240.65106201171875, 1.0], [185.41732788085938, 149.79763793945312, 1.0], [129.70840454101562, 138.08206176757812, 1.0], [111.20793151855469, 163.82763671875, 1.0], [115.7557601928711, 198.53053283691406, 1.0], [169.11521911621094, 155.15521240234375, 1.0], [129.28150939941406, 157.026123046875, 1.0], [123.20381164550781, 182.5345916748047, 1.0], [149.4620819091797, 204.80140686035156, 1.0]], "is_left": 0}