{"hand_pts": [[160.90377807617188, 54.447086334228516, 1.0], [183.4953155517578, 115.89444732666016, 1.0], [196.89280700683594, 168.18374633789062, 1.0], [190.4817352294922, 214.6356201171875, 1.0], [176.33372497558594, 240.15455627441406, 1.0], [229.49362182617188, 137.1297607421875, 1.0], [246.20721435546875, 198.2015380859375, 1.0], [224.65966796875, 235.27218627929688, 1.0], [195.19874572753906, 255.25624084472656, 1.0], [209.4990997314453, 115.8004379272461, 1.0], [208.46324157714844, 193.6403350830078, 1.0], [190.78378295898438, 242.63970947265625, 1.0], [165.35887145996094, 262.368408203125, 1.0], [188.93438720703125, 102.07997131347656, 1.0], [181.97552490234375, 171.074462890625, 1.0], [164.27099609375, 213.76788330078125, 1.0], [143.0504913330078, 247.81285095214844, 1.0], [165.7503204345703, 87.21031951904297, 1.0], [148.60826110839844, 129.26980590820312, 1.0], [131.49844360351562, 161.24339294433594, 1.0], [114.87610626220703, 186.839111328125, 1.0]], "is_left": 0}