{"hand_pts": [[240.67520141601562, 136.99319458007812, 1.0], [256.22222900390625, 150.65341186523438, 1.0], [295.2226257324219, 163.2429656982422, 1.0], [266.12274169921875, 167.2723846435547, 1.0], [215.4183807373047, 163.62451171875, 1.0], [252.39266967773438, 205.078369140625, 1.0], [228.13705444335938, 216.67538452148438, 1.0], [205.71902465820312, 197.12425231933594, 1.0], [193.95384216308594, 172.97984313964844, 1.0], [217.2390899658203, 205.4149169921875, 1.0], [168.53208923339844, 219.85348510742188, 1.0], [151.69305419921875, 196.10699462890625, 1.0], [164.02162170410156, 171.2470245361328, 1.0], [186.01837158203125, 201.19924926757812, 1.0], [138.23680114746094, 205.35455322265625, 1.0], [126.90277862548828, 182.817626953125, 1.0], [148.44337463378906, 164.35569763183594, 1.0], [157.00125122070312, 191.75205993652344, 1.0], [107.46878051757812, 184.63836669921875, 1.0], [98.06598663330078, 165.0011749267578, 1.0], [118.2651138305664, 146.3806610107422, 1.0]], "is_left": 0}