{"hand_pts": [[30.617155075073242, 249.49734497070312, 1.0], [85.5547103881836, 240.91783142089844, 1.0], [98.47249603271484, 208.4210205078125, 1.0], [124.14170837402344, 178.9176483154297, 1.0], [155.45462036132812, 152.2899932861328, 1.0], [149.76795959472656, 160.5021514892578, 1.0], [208.09872436523438, 127.2026138305664, 1.0], [243.25128173828125, 145.5399627685547, 1.0], [277.1399841308594, 162.84043884277344, 1.0], [150.3733673095703, 162.89498901367188, 1.0], [207.9775848388672, 202.3636016845703, 1.0], [176.40545654296875, 239.4813232421875, 1.0], [150.5288848876953, 276.1387939453125, 1.0], [150.79788208007812, 172.8932647705078, 1.0], [223.51185607910156, 151.8955841064453, 1.0], [253.9597625732422, 175.5121612548828, 1.0], [241.72900390625, 212.64187622070312, 1.0], [144.56053161621094, 189.76649475097656, 1.0], [187.96658325195312, 168.52322387695312, 1.0], [219.22142028808594, 178.57228088378906, 1.0], [220.38095092773438, 204.98228454589844, 1.0]], "is_left": 0}