{"hand_pts": [[280.0635681152344, 145.79107666015625, 1.0], [284.47760009765625, 160.3107147216797, 1.0], [306.9486999511719, 199.2566375732422, 1.0], [272.043212890625, 213.50439453125, 1.0], [226.44078063964844, 207.08197021484375, 1.0], [225.20382690429688, 215.96820068359375, 1.0], [211.3788299560547, 180.8991241455078, 1.0], [208.40040588378906, 151.84710693359375, 1.0], [224.95936584472656, 122.67913818359375, 1.0], [193.1788787841797, 202.5286407470703, 1.0], [158.8999481201172, 244.2793731689453, 1.0], [163.8655548095703, 211.96865844726562, 1.0], [181.51467895507812, 177.6804962158203, 1.0], [170.55917358398438, 185.74855041503906, 1.0], [121.2724380493164, 214.15733337402344, 1.0], [116.36714172363281, 196.9665069580078, 1.0], [135.5576629638672, 169.86801147460938, 1.0], [155.67823791503906, 165.06983947753906, 1.0], [113.48760986328125, 159.10226440429688, 1.0], [110.8681411743164, 141.66075134277344, 1.0], [124.61537170410156, 123.15470123291016, 1.0]], "is_left": 0}