{"hand_pts": [[186.8751983642578, 263.8514404296875, 1.0], [141.21449279785156, 233.5509490966797, 1.0], [97.6828842163086, 220.9308624267578, 1.0], [80.6024169921875, 186.55880737304688, 1.0], [100.2056884765625, 161.30026245117188, 1.0], [198.1212158203125, 236.44581604003906, 1.0], [175.93301391601562, 192.87847900390625, 1.0], [144.79092407226562, 163.16526794433594, 1.0], [122.38818359375, 152.26365661621094, 1.0], [234.08265686035156, 234.85641479492188, 1.0], [218.4967803955078, 184.08700561523438, 1.0], [177.05323791503906, 153.86068725585938, 1.0], [143.58477783203125, 147.48089599609375, 1.0], [254.7978515625, 229.28759765625, 1.0], [249.8468475341797, 180.84161376953125, 1.0], [215.1125946044922, 153.0500030517578, 1.0], [180.89845275878906, 147.0198516845703, 1.0], [268.0998840332031, 224.36865234375, 1.0], [265.3703308105469, 190.00125122070312, 1.0], [236.10459899902344, 168.0682373046875, 1.0], [204.57481384277344, 167.67984008789062, 1.0]], "is_left": 0}