{"hand_pts": [[61.8658447265625, 147.1475830078125, 1.0], [128.27264404296875, 155.87034606933594, 1.0], [186.25486755371094, 148.9736328125, 1.0], [236.43553161621094, 151.9193878173828, 1.0], [279.2401428222656, 159.0992889404297, 1.0], [174.07089233398438, 127.7942123413086, 1.0], [226.8990020751953, 140.16720581054688, 1.0], [226.38584899902344, 177.6700897216797, 1.0], [196.04087829589844, 184.55323791503906, 1.0], [147.28125, 139.772705078125, 1.0], [208.2752227783203, 182.26947021484375, 1.0], [238.85751342773438, 216.33340454101562, 1.0], [248.98797607421875, 247.7709197998047, 1.0], [126.00109100341797, 155.01568603515625, 1.0], [179.1105499267578, 201.1454315185547, 1.0], [192.27621459960938, 233.04446411132812, 1.0], [172.63096618652344, 232.50677490234375, 1.0], [101.93534851074219, 171.35787963867188, 1.0], [122.36112976074219, 204.24752807617188, 1.0], [135.60128784179688, 228.00042724609375, 1.0], [136.52952575683594, 228.7515106201172, 1.0]], "is_left": 0}