{"hand_pts": [[88.80329132080078, 172.2205352783203, 1.0], [93.60323333740234, 160.1123809814453, 1.0], [69.26290130615234, 161.1490936279297, 1.0], [111.34687805175781, 137.83099365234375, 1.0], [157.1298828125, 122.8536605834961, 1.0], [127.0528793334961, 236.0808868408203, 1.0], [177.22486877441406, 201.4779510498047, 1.0], [183.78233337402344, 158.06028747558594, 1.0], [162.66940307617188, 141.8330535888672, 1.0], [157.71900939941406, 246.61868286132812, 1.0], [225.73973083496094, 215.71255493164062, 1.0], [225.3358917236328, 164.11720275878906, 1.0], [190.51661682128906, 141.3314666748047, 1.0], [182.57798767089844, 246.62132263183594, 1.0], [257.0272521972656, 222.7372589111328, 1.0], [250.86880493164062, 178.25732421875, 1.0], [211.16737365722656, 162.41796875, 1.0], [201.2474822998047, 239.5187530517578, 1.0], [247.42852783203125, 208.16102600097656, 1.0], [232.83895874023438, 175.36265563964844, 1.0], [192.33309936523438, 181.99598693847656, 1.0]], "is_left": 0}