{"hand_pts": [[205.35128784179688, 196.43618774414062, 1.0], [155.06675720214844, 185.80186462402344, 1.0], [108.42498016357422, 168.49180603027344, 1.0], [87.52804565429688, 174.63848876953125, 1.0], [96.2355728149414, 194.12037658691406, 1.0], [204.03453063964844, 128.0747528076172, 1.0], [180.49383544921875, 133.4673614501953, 1.0], [151.06141662597656, 162.75399780273438, 1.0], [125.4303207397461, 195.84381103515625, 1.0], [237.2978515625, 142.22679138183594, 1.0], [213.83868408203125, 155.5760498046875, 1.0], [173.62196350097656, 187.68585205078125, 1.0], [137.66090393066406, 217.1024627685547, 1.0], [256.3790283203125, 160.3964385986328, 1.0], [241.09632873535156, 178.76797485351562, 1.0], [204.7051239013672, 207.9976806640625, 1.0], [170.46214294433594, 231.19932556152344, 1.0], [269.3907470703125, 182.36648559570312, 1.0], [261.32171630859375, 203.4730987548828, 1.0], [230.86463928222656, 226.14230346679688, 1.0], [196.03187561035156, 240.54945373535156, 1.0]], "is_left": 0}