{"hand_pts": [[134.74842834472656, 214.35047912597656, 1.0], [112.7852783203125, 177.90042114257812, 1.0], [80.67633056640625, 135.7593536376953, 1.0], [81.48162841796875, 155.6947479248047, 1.0], [107.58759307861328, 200.11468505859375, 1.0], [186.80482482910156, 104.4548568725586, 1.0], [179.33445739746094, 127.4166259765625, 1.0], [152.6883544921875, 166.48480224609375, 1.0], [139.13275146484375, 182.19390869140625, 1.0], [222.76248168945312, 131.1278076171875, 1.0], [226.87710571289062, 161.60977172851562, 1.0], [186.66249084472656, 197.36972045898438, 1.0], [161.70724487304688, 199.5337677001953, 1.0], [245.0436248779297, 159.10577392578125, 1.0], [250.99935913085938, 202.07357788085938, 1.0], [213.41714477539062, 229.58251953125, 1.0], [192.17337036132812, 218.16517639160156, 1.0], [258.2801818847656, 191.52743530273438, 1.0], [265.0312194824219, 228.65623474121094, 1.0], [230.67901611328125, 247.8319549560547, 1.0], [210.7319793701172, 228.5126953125, 1.0]], "is_left": 0}