{"hand_pts": [[38.50040817260742, 194.8477020263672, 1.0], [91.80571746826172, 161.1142120361328, 1.0], [131.28004455566406, 136.0473175048828, 1.0], [166.50450134277344, 105.83990478515625, 1.0], [171.1765899658203, 92.052734375, 1.0], [174.88845825195312, 209.71923828125, 1.0], [233.35748291015625, 207.64678955078125, 1.0], [261.3586730957031, 191.9510955810547, 1.0], [278.74755859375, 169.37786865234375, 1.0], [162.50230407714844, 228.3159637451172, 1.0], [229.24996948242188, 228.79507446289062, 1.0], [234.49281311035156, 188.33407592773438, 1.0], [231.1868438720703, 147.8606719970703, 1.0], [148.9146270751953, 235.99989318847656, 1.0], [186.00274658203125, 210.34768676757812, 1.0], [184.73341369628906, 175.11660766601562, 1.0], [166.47219848632812, 137.7732696533203, 1.0], [128.59124755859375, 238.65306091308594, 1.0], [151.93362426757812, 223.71353149414062, 1.0], [159.72763061523438, 200.13844299316406, 1.0], [152.1546173095703, 164.74566650390625, 1.0]], "is_left": 0}