{"hand_pts": [[93.50128936767578, 128.9320831298828, 1.0], [135.2275390625, 107.86128997802734, 1.0], [152.98318481445312, 75.36236572265625, 1.0], [196.3524627685547, 89.18184661865234, 1.0], [231.67828369140625, 125.14697265625, 1.0], [114.76099395751953, 164.2372283935547, 1.0], [183.47720336914062, 167.47154235839844, 1.0], [232.69119262695312, 164.3867645263672, 1.0], [269.5085144042969, 149.98455810546875, 1.0], [112.80009460449219, 200.71804809570312, 1.0], [125.7280502319336, 234.00607299804688, 1.0], [180.31317138671875, 220.19778442382812, 1.0], [231.8518524169922, 207.65284729003906, 1.0], [118.49224853515625, 225.34144592285156, 1.0], [197.47337341308594, 230.4224395751953, 1.0], [244.75924682617188, 214.96783447265625, 1.0], [280.67059326171875, 189.36131286621094, 1.0], [125.17462921142578, 242.10877990722656, 1.0], [181.32655334472656, 249.29356384277344, 1.0], [186.32119750976562, 219.7276153564453, 1.0], [169.51449584960938, 189.18771362304688, 1.0]], "is_left": 0}