{"hand_pts": [[101.46688842773438, 134.2940673828125, 1.0], [121.25580596923828, 198.48561096191406, 1.0], [113.65912628173828, 258.3113098144531, 1.0], [117.16563415527344, 290.7929992675781, 1.0], [132.26138305664062, 268.3653869628906, 1.0], [210.0081024169922, 207.8506317138672, 1.0], [258.20330810546875, 224.31629943847656, 1.0], [257.45709228515625, 233.3192901611328, 1.0], [219.4630889892578, 230.40634155273438, 1.0], [214.56092834472656, 164.09837341308594, 1.0], [199.16200256347656, 184.84510803222656, 1.0], [159.83975219726562, 195.2305908203125, 1.0], [115.18350982666016, 198.71849060058594, 1.0], [211.64505004882812, 130.79090881347656, 1.0], [231.19451904296875, 148.3407440185547, 1.0], [191.92759704589844, 160.3324737548828, 1.0], [154.09909057617188, 165.1568145751953, 1.0], [200.35385131835938, 99.31526947021484, 1.0], [210.3262481689453, 89.27607727050781, 1.0], [189.9930419921875, 99.8266372680664, 1.0], [158.70477294921875, 121.92945861816406, 1.0]], "is_left": 0}