{"hand_pts": [[275.43621826171875, 90.28656005859375, 1.0], [206.688232421875, 102.61384582519531, 1.0], [151.65110778808594, 108.84906005859375, 1.0], [113.0048828125, 125.84293365478516, 1.0], [92.01277160644531, 147.7258758544922, 1.0], [185.53778076171875, 168.74632263183594, 1.0], [141.7939910888672, 195.93435668945312, 1.0], [113.23141479492188, 205.9457550048828, 1.0], [87.04029083251953, 212.43893432617188, 1.0], [224.45477294921875, 174.0590057373047, 1.0], [184.048095703125, 208.86416625976562, 1.0], [153.8722381591797, 217.6458740234375, 1.0], [124.90211486816406, 219.89898681640625, 1.0], [253.4739227294922, 173.52474975585938, 1.0], [230.41392517089844, 213.95106506347656, 1.0], [207.08375549316406, 219.0808868408203, 1.0], [183.18919372558594, 219.01039123535156, 1.0], [281.9112548828125, 166.7100067138672, 1.0], [270.3381652832031, 185.66708374023438, 1.0], [255.66326904296875, 190.39205932617188, 1.0], [234.53411865234375, 186.17367553710938, 1.0]], "is_left": 0}