{"hand_pts": [[328.4163513183594, 218.2688446044922, 1.0], [281.8772277832031, 167.4299774169922, 1.0], [267.2462158203125, 116.57395935058594, 1.0], [235.4940185546875, 83.35372161865234, 1.0], [195.4035186767578, 69.04997253417969, 1.0], [230.9451904296875, 174.01661682128906, 1.0], [176.55506896972656, 151.4419708251953, 1.0], [158.78909301757812, 142.01861572265625, 1.0], [165.28253173828125, 143.52023315429688, 1.0], [227.19583129882812, 209.6712188720703, 1.0], [159.3143768310547, 192.7382354736328, 1.0], [136.51402282714844, 174.3336181640625, 1.0], [130.1019287109375, 157.6244354248047, 1.0], [223.39317321777344, 235.4352569580078, 1.0], [167.64894104003906, 233.16415405273438, 1.0], [131.48757934570312, 222.22882080078125, 1.0], [99.1470947265625, 206.4547576904297, 1.0], [225.0703125, 258.4786071777344, 1.0], [183.32449340820312, 271.2215881347656, 1.0], [162.4925994873047, 255.1793670654297, 1.0], [151.4838104248047, 231.45736694335938, 1.0]], "is_left": 0}