{"hand_pts": [[88.00749969482422, 169.99998474121094, 1.0], [115.53841400146484, 129.6399383544922, 1.0], [117.19075775146484, 90.96272277832031, 1.0], [138.93894958496094, 65.4932632446289, 1.0], [174.96102905273438, 65.54502868652344, 1.0], [138.67225646972656, 155.86264038085938, 1.0], [178.35610961914062, 148.84657287597656, 1.0], [207.34934997558594, 141.7666778564453, 1.0], [231.603515625, 134.68614196777344, 1.0], [147.92921447753906, 194.82437133789062, 1.0], [180.30966186523438, 200.68109130859375, 1.0], [209.59844970703125, 195.31216430664062, 1.0], [238.5474395751953, 186.3967742919922, 1.0], [157.32008361816406, 222.30072021484375, 1.0], [186.4844512939453, 249.04556274414062, 1.0], [214.98757934570312, 240.9233856201172, 1.0], [221.27902221679688, 218.783447265625, 1.0], [163.2655029296875, 244.5079803466797, 1.0], [194.51644897460938, 263.2682189941406, 1.0], [219.43955993652344, 266.5581970214844, 1.0], [245.15687561035156, 264.13616943359375, 1.0]], "is_left": 0}