{"hand_pts": [[149.85093688964844, 344.1518859863281, 1.0], [154.819580078125, 291.2152099609375, 1.0], [148.00662231445312, 267.48358154296875, 1.0], [137.2716064453125, 232.49244689941406, 1.0], [123.14112854003906, 187.3133087158203, 1.0], [238.7593994140625, 229.54397583007812, 1.0], [208.5526885986328, 171.24057006835938, 1.0], [164.59657287597656, 179.87928771972656, 1.0], [122.03668212890625, 184.3013458251953, 1.0], [237.11961364746094, 227.29287719726562, 1.0], [218.69363403320312, 148.76956176757812, 1.0], [192.56063842773438, 106.92498779296875, 1.0], [146.86709594726562, 108.98388671875, 1.0], [227.3992919921875, 225.1083221435547, 1.0], [199.80532836914062, 154.3686065673828, 1.0], [157.51112365722656, 143.51905822753906, 1.0], [120.23583221435547, 160.4116973876953, 1.0], [210.88290405273438, 229.3392791748047, 1.0], [233.9539337158203, 183.26918029785156, 1.0], [225.80442810058594, 150.33969116210938, 1.0], [199.05474853515625, 132.58631896972656, 1.0]], "is_left": 0}