{"hand_pts": [[328.7318420410156, 180.59336853027344, 1.0], [296.45074462890625, 203.76890563964844, 1.0], [278.880615234375, 206.68211364746094, 1.0], [230.1654510498047, 205.2138671875, 1.0], [186.68772888183594, 203.09890747070312, 1.0], [225.5630645751953, 166.90443420410156, 1.0], [170.16790771484375, 158.61074829101562, 1.0], [135.2578582763672, 172.2865753173828, 1.0], [108.65235900878906, 196.99168395996094, 1.0], [218.2071533203125, 160.60501098632812, 1.0], [150.48715209960938, 171.48178100585938, 1.0], [164.7217254638672, 211.7701873779297, 1.0], [191.2163543701172, 242.16424560546875, 1.0], [214.97506713867188, 161.7012176513672, 1.0], [148.44873046875, 156.67982482910156, 1.0], [119.9642105102539, 179.87603759765625, 1.0], [96.60942077636719, 206.5879364013672, 1.0], [219.00070190429688, 165.95394897460938, 1.0], [174.2351837158203, 155.65829467773438, 1.0], [171.17562866210938, 183.7169189453125, 1.0], [187.44100952148438, 210.92369079589844, 1.0]], "is_left": 0}