{"hand_pts": [[328.8872985839844, 231.07009887695312, 1.0], [271.0423583984375, 164.36329650878906, 1.0], [240.66131591796875, 97.53327178955078, 1.0], [178.35089111328125, 88.33185577392578, 1.0], [137.87681579589844, 129.53335571289062, 1.0], [253.8168182373047, 123.55245208740234, 1.0], [179.85984802246094, 109.94644927978516, 1.0], [139.95704650878906, 127.60205078125, 1.0], [130.29827880859375, 154.3758087158203, 1.0], [256.1326904296875, 173.02584838867188, 1.0], [169.5997772216797, 167.637451171875, 1.0], [128.54058837890625, 179.13189697265625, 1.0], [121.1922607421875, 191.0187530517578, 1.0], [253.11251831054688, 214.0967559814453, 1.0], [171.7560272216797, 222.49862670898438, 1.0], [138.26028442382812, 232.9227752685547, 1.0], [143.2349853515625, 235.7513427734375, 1.0], [252.40223693847656, 255.06857299804688, 1.0], [196.15614318847656, 275.41094970703125, 1.0], [167.24061584472656, 281.87030029296875, 1.0], [173.36289978027344, 273.0733947753906, 1.0]], "is_left": 0}