{"hand_pts": [[264.3614501953125, 239.82313537597656, 1.0], [226.54359436035156, 270.854248046875, 1.0], [192.33929443359375, 301.6711120605469, 1.0], [207.5796356201172, 313.1194152832031, 1.0], [247.11167907714844, 301.3655090332031, 1.0], [154.698486328125, 214.05068969726562, 1.0], [126.52247619628906, 186.88706970214844, 1.0], [128.6385498046875, 180.18133544921875, 1.0], [150.7865753173828, 186.41761779785156, 1.0], [188.57533264160156, 182.82083129882812, 1.0], [131.69338989257812, 154.45816040039062, 1.0], [104.30158996582031, 144.28334045410156, 1.0], [94.86566162109375, 147.07748413085938, 1.0], [222.4801483154297, 164.5008087158203, 1.0], [181.71910095214844, 128.69776916503906, 1.0], [170.1997528076172, 120.57308197021484, 1.0], [157.1901397705078, 110.42150115966797, 1.0], [259.5783386230469, 153.31492614746094, 1.0], [251.4275665283203, 126.00601196289062, 1.0], [260.5237121582031, 145.22813415527344, 1.0], [269.4587097167969, 174.18148803710938, 1.0]], "is_left": 0}