{"hand_pts": [[20.871265411376953, 163.48190307617188, 1.0], [93.62031555175781, 193.37892150878906, 1.0], [143.9769744873047, 216.02806091308594, 1.0], [188.73626708984375, 211.5235137939453, 1.0], [218.909423828125, 200.6407928466797, 1.0], [168.27073669433594, 172.825927734375, 1.0], [208.1490936279297, 205.65130615234375, 1.0], [189.32777404785156, 219.75770568847656, 1.0], [167.42965698242188, 231.61599731445312, 1.0], [158.04188537597656, 156.14588928222656, 1.0], [233.45008850097656, 169.93820190429688, 1.0], [272.3349609375, 186.98031616210938, 1.0], [265.6784362792969, 206.2567138671875, 1.0], [148.65750122070312, 146.20814514160156, 1.0], [218.0409698486328, 160.06871032714844, 1.0], [210.76123046875, 179.49755859375, 1.0], [198.99075317382812, 197.53814697265625, 1.0], [132.23097229003906, 138.59283447265625, 1.0], [159.9810791015625, 152.007568359375, 1.0], [144.4322052001953, 166.60147094726562, 1.0], [118.66036987304688, 165.384033203125, 1.0]], "is_left": 0}