{"hand_pts": [[61.90705108642578, 324.44049072265625, 1.0], [101.15120697021484, 269.6994323730469, 1.0], [106.7898941040039, 227.77838134765625, 1.0], [122.0844955444336, 173.21063232421875, 1.0], [137.67807006835938, 127.54285430908203, 1.0], [208.46853637695312, 247.12213134765625, 1.0], [228.5406036376953, 179.5269012451172, 1.0], [223.611328125, 135.87452697753906, 1.0], [195.70187377929688, 104.02875518798828, 1.0], [200.49913024902344, 251.59811401367188, 1.0], [243.99215698242188, 177.42445373535156, 1.0], [229.1705780029297, 131.3717041015625, 1.0], [181.23768615722656, 131.94496154785156, 1.0], [186.86891174316406, 251.16793823242188, 1.0], [220.1100616455078, 185.2005615234375, 1.0], [192.6924591064453, 152.2231903076172, 1.0], [166.80165100097656, 119.51624298095703, 1.0], [164.43093872070312, 253.32015991210938, 1.0], [200.12953186035156, 213.41517639160156, 1.0], [186.63340759277344, 184.169677734375, 1.0], [153.06297302246094, 190.63722229003906, 1.0]], "is_left": 0}