{"hand_pts": [[65.78501892089844, 158.50828552246094, 1.0], [125.21208953857422, 169.8101806640625, 1.0], [177.14210510253906, 172.23902893066406, 1.0], [212.0518035888672, 182.6156768798828, 1.0], [231.17147827148438, 194.32215881347656, 1.0], [165.72491455078125, 149.88465881347656, 1.0], [215.9689483642578, 158.9456787109375, 1.0], [247.5144805908203, 171.46156311035156, 1.0], [277.9949645996094, 177.19664001464844, 1.0], [140.02847290039062, 159.0087432861328, 1.0], [193.24227905273438, 171.0714111328125, 1.0], [222.7848663330078, 198.50067138671875, 1.0], [248.67547607421875, 225.55813598632812, 1.0], [119.62808227539062, 171.00454711914062, 1.0], [163.18417358398438, 180.0901641845703, 1.0], [191.4274444580078, 195.58717346191406, 1.0], [219.34669494628906, 213.06930541992188, 1.0], [97.02031707763672, 183.56292724609375, 1.0], [120.97300720214844, 195.1501007080078, 1.0], [143.05380249023438, 212.5947723388672, 1.0], [164.5570068359375, 232.89869689941406, 1.0]], "is_left": 0}