{"hand_pts": [[350.0495300292969, 205.98826599121094, 1.0], [291.44482421875, 195.161376953125, 1.0], [263.996337890625, 196.5124053955078, 1.0], [216.8921356201172, 213.38021850585938, 1.0], [174.93910217285156, 232.29493713378906, 1.0], [226.9261474609375, 149.07911682128906, 1.0], [173.11196899414062, 124.79851531982422, 1.0], [131.08462524414062, 133.1158447265625, 1.0], [115.50666046142578, 159.09326171875, 1.0], [231.46255493164062, 160.23880004882812, 1.0], [164.91709899902344, 181.78274536132812, 1.0], [129.63897705078125, 199.27664184570312, 1.0], [104.43119049072266, 219.41488647460938, 1.0], [234.8599090576172, 173.79579162597656, 1.0], [165.21849060058594, 175.32704162597656, 1.0], [123.80050659179688, 184.7400665283203, 1.0], [115.84152221679688, 204.83355712890625, 1.0], [244.36717224121094, 190.22174072265625, 1.0], [208.322509765625, 190.4586639404297, 1.0], [185.7776336669922, 200.46726989746094, 1.0], [211.04579162597656, 199.94505310058594, 1.0]], "is_left": 0}