{"hand_pts": [[74.64330291748047, 275.5558166503906, 1.0], [75.15335083007812, 201.80154418945312, 1.0], [69.5128402709961, 132.73182678222656, 1.0], [121.2906723022461, 107.93827819824219, 1.0], [157.98577880859375, 152.4329376220703, 1.0], [128.5012664794922, 210.33570861816406, 1.0], [161.69993591308594, 156.0709228515625, 1.0], [177.3303985595703, 113.31334686279297, 1.0], [171.2544708251953, 107.95870971679688, 1.0], [164.77337646484375, 243.6685333251953, 1.0], [206.80543518066406, 164.4222869873047, 1.0], [182.84274291992188, 143.7472686767578, 1.0], [145.07237243652344, 171.97402954101562, 1.0], [192.1361541748047, 263.77789306640625, 1.0], [250.86419677734375, 214.7598876953125, 1.0], [248.4398651123047, 173.836669921875, 1.0], [221.65985107421875, 157.86607360839844, 1.0], [211.4146270751953, 281.40972900390625, 1.0], [254.11289978027344, 275.2805480957031, 1.0], [255.0565185546875, 234.9739227294922, 1.0], [249.78062438964844, 193.0773162841797, 1.0]], "is_left": 0}