{"hand_pts": [[296.0435791015625, 80.30362701416016, 1.0], [268.8418273925781, 109.3078384399414, 1.0], [274.65472412109375, 125.35802459716797, 1.0], [214.8636932373047, 138.49005126953125, 1.0], [161.09945678710938, 137.2371063232422, 1.0], [277.0887756347656, 227.39205932617188, 1.0], [202.2662811279297, 238.58523559570312, 1.0], [163.1619110107422, 192.1577606201172, 1.0], [164.41900634765625, 144.5568389892578, 1.0], [259.0570983886719, 233.181396484375, 1.0], [162.482177734375, 246.31959533691406, 1.0], [129.25958251953125, 188.9822998046875, 1.0], [149.60165405273438, 139.07984924316406, 1.0], [238.024658203125, 229.25994873046875, 1.0], [141.60902404785156, 241.3934783935547, 1.0], [116.31790924072266, 189.15109252929688, 1.0], [145.8929901123047, 149.33091735839844, 1.0], [218.3190155029297, 214.20179748535156, 1.0], [148.40419006347656, 212.78114318847656, 1.0], [125.23291015625, 172.40731811523438, 1.0], [156.36322021484375, 142.57351684570312, 1.0]], "is_left": 0}