{"hand_pts": [[287.1755065917969, 272.1391296386719, 1.0], [273.3622131347656, 252.8064727783203, 1.0], [285.4413146972656, 244.31573486328125, 1.0], [266.1504821777344, 198.39547729492188, 1.0], [241.367431640625, 166.6095428466797, 1.0], [175.6371307373047, 263.1884460449219, 1.0], [128.40969848632812, 237.20870971679688, 1.0], [129.4693145751953, 197.34893798828125, 1.0], [162.53981018066406, 170.5957794189453, 1.0], [160.53546142578125, 248.15325927734375, 1.0], [156.2242889404297, 170.88539123535156, 1.0], [173.21168518066406, 124.12638854980469, 1.0], [195.47604370117188, 82.46221160888672, 1.0], [155.48272705078125, 230.67630004882812, 1.0], [161.3092041015625, 156.90618896484375, 1.0], [196.06459045410156, 126.90103149414062, 1.0], [238.80450439453125, 124.4075927734375, 1.0], [160.2748260498047, 213.94068908691406, 1.0], [124.26409912109375, 183.0699920654297, 1.0], [141.16050720214844, 157.39785766601562, 1.0], [178.5460968017578, 163.0086212158203, 1.0]], "is_left": 0}