{"hand_pts": [[278.972900390625, 51.794857025146484, 1.0], [209.5569610595703, 79.10934448242188, 1.0], [148.2576446533203, 58.70836639404297, 1.0], [124.67110443115234, 80.24687194824219, 1.0], [156.01812744140625, 110.39503479003906, 1.0], [201.57891845703125, 170.11228942871094, 1.0], [159.3098602294922, 217.3007354736328, 1.0], [129.1060791015625, 234.17391967773438, 1.0], [101.21063995361328, 240.58042907714844, 1.0], [232.8835906982422, 178.78335571289062, 1.0], [187.7062530517578, 245.79917907714844, 1.0], [144.66531372070312, 242.29107666015625, 1.0], [137.13134765625, 202.51351928710938, 1.0], [254.08560180664062, 180.3500213623047, 1.0], [211.74241638183594, 237.85934448242188, 1.0], [177.17726135253906, 252.40399169921875, 1.0], [143.96617126464844, 234.3309326171875, 1.0], [274.6530456542969, 172.8990020751953, 1.0], [244.7806396484375, 203.03720092773438, 1.0], [220.1985321044922, 177.781494140625, 1.0], [223.06930541992188, 142.89144897460938, 1.0]], "is_left": 0}