{"hand_pts": [[70.98331451416016, 77.4733657836914, 1.0], [91.17887115478516, 144.4311065673828, 1.0], [92.52877807617188, 208.78367614746094, 1.0], [114.06694793701172, 249.7027130126953, 1.0], [140.4802703857422, 252.43569946289062, 1.0], [185.15884399414062, 159.4102783203125, 1.0], [217.02682495117188, 215.55589294433594, 1.0], [207.32139587402344, 249.79129028320312, 1.0], [180.69766235351562, 270.83154296875, 1.0], [190.94277954101562, 130.15914916992188, 1.0], [246.712890625, 176.61611938476562, 1.0], [245.8820343017578, 217.0566864013672, 1.0], [222.9139404296875, 251.6981964111328, 1.0], [188.6624755859375, 109.93975830078125, 1.0], [226.42617797851562, 154.35617065429688, 1.0], [203.59088134765625, 185.51260375976562, 1.0], [163.40884399414062, 204.40464782714844, 1.0], [177.4915008544922, 89.70108032226562, 1.0], [196.30294799804688, 111.42481231689453, 1.0], [186.7747344970703, 137.05116271972656, 1.0], [160.31996154785156, 165.6497802734375, 1.0]], "is_left": 0}