{"hand_pts": [[269.2799072265625, 109.84002685546875, 1.0], [233.4609375, 87.14154815673828, 1.0], [208.80343627929688, 57.52863311767578, 1.0], [172.94143676757812, 61.714847564697266, 1.0], [141.11541748046875, 95.52146911621094, 1.0], [249.73133850097656, 145.5860595703125, 1.0], [214.11300659179688, 163.64891052246094, 1.0], [175.32054138183594, 168.71905517578125, 1.0], [131.89178466796875, 169.6723175048828, 1.0], [246.1111297607422, 182.05836486816406, 1.0], [208.96803283691406, 215.4977264404297, 1.0], [164.99354553222656, 219.58921813964844, 1.0], [120.74235534667969, 219.07778930664062, 1.0], [236.56932067871094, 206.7187042236328, 1.0], [197.6871795654297, 246.91995239257812, 1.0], [151.13265991210938, 241.1320343017578, 1.0], [106.71857452392578, 225.30589294433594, 1.0], [226.6400604248047, 223.82086181640625, 1.0], [189.11767578125, 251.3054962158203, 1.0], [150.7553253173828, 246.8522186279297, 1.0], [112.3486328125, 230.3966827392578, 1.0]], "is_left": 0}