{"hand_pts": [[118.27955627441406, 332.8615417480469, 1.0], [99.50250244140625, 269.4631042480469, 1.0], [70.69994354248047, 224.6787109375, 1.0], [76.93400573730469, 180.32884216308594, 1.0], [109.0352783203125, 149.19969177246094, 1.0], [132.52828979492188, 214.03211975097656, 1.0], [145.99220275878906, 158.44459533691406, 1.0], [156.15318298339844, 128.79345703125, 1.0], [165.48411560058594, 111.17801666259766, 1.0], [171.325927734375, 230.9443817138672, 1.0], [195.27944946289062, 167.39614868164062, 1.0], [202.841796875, 132.7596893310547, 1.0], [202.81044006347656, 112.45295715332031, 1.0], [201.06002807617188, 244.55528259277344, 1.0], [241.4385223388672, 189.6129150390625, 1.0], [250.76168823242188, 165.3113250732422, 1.0], [250.12191772460938, 149.7859649658203, 1.0], [224.73101806640625, 262.61578369140625, 1.0], [256.9303894042969, 228.15625, 1.0], [264.961669921875, 205.35302734375, 1.0], [251.03787231445312, 194.9476318359375, 1.0]], "is_left": 0}