{"hand_pts": [[27.863874435424805, 153.0271453857422, 1.0], [64.02322387695312, 197.80123901367188, 1.0], [85.33065032958984, 244.2249755859375, 1.0], [123.5855941772461, 268.0609436035156, 1.0], [165.16175842285156, 271.535888671875, 1.0], [142.07583618164062, 182.91197204589844, 1.0], [197.19789123535156, 202.16934204101562, 1.0], [224.94998168945312, 220.6326904296875, 1.0], [247.21719360351562, 238.90711975097656, 1.0], [145.7563934326172, 153.4547119140625, 1.0], [214.8913116455078, 169.33102416992188, 1.0], [241.64535522460938, 194.1603546142578, 1.0], [257.6981201171875, 221.11114501953125, 1.0], [145.29910278320312, 133.2933807373047, 1.0], [212.89407348632812, 140.0285186767578, 1.0], [235.24850463867188, 160.5640106201172, 1.0], [244.72105407714844, 186.0249786376953, 1.0], [137.01699829101562, 115.97898864746094, 1.0], [180.3497772216797, 115.96223449707031, 1.0], [199.91702270507812, 130.28201293945312, 1.0], [205.35760498046875, 155.94322204589844, 1.0]], "is_left": 0}