{"hand_pts": [[21.826021194458008, 263.8418884277344, 1.0], [88.07735443115234, 271.0711975097656, 1.0], [135.88502502441406, 300.9828796386719, 1.0], [183.0207977294922, 272.08392333984375, 1.0], [205.62818908691406, 219.15728759765625, 1.0], [184.12872314453125, 257.33807373046875, 1.0], [241.8527069091797, 222.7082061767578, 1.0], [234.97622680664062, 197.4080810546875, 1.0], [201.01333618164062, 183.32090759277344, 1.0], [167.72125244140625, 222.9698486328125, 1.0], [231.49383544921875, 170.8919219970703, 1.0], [229.91342163085938, 148.2742156982422, 1.0], [208.21591186523438, 139.36776733398438, 1.0], [150.7572784423828, 193.84385681152344, 1.0], [206.47325134277344, 134.16273498535156, 1.0], [200.78639221191406, 114.77871704101562, 1.0], [173.18443298339844, 119.3482437133789, 1.0], [126.00859832763672, 168.90611267089844, 1.0], [159.21572875976562, 121.45128631591797, 1.0], [163.10418701171875, 105.07730102539062, 1.0], [146.42799377441406, 119.46698760986328, 1.0]], "is_left": 0}