{"hand_pts": [[39.54256057739258, 207.86386108398438, 1.0], [98.84294891357422, 163.18545532226562, 1.0], [140.72706604003906, 124.78656005859375, 1.0], [184.9140167236328, 109.89269256591797, 1.0], [224.8414764404297, 104.09326934814453, 1.0], [147.87425231933594, 165.5050048828125, 1.0], [193.55081176757812, 153.20413208007812, 1.0], [231.1815185546875, 145.29452514648438, 1.0], [266.6269226074219, 139.23880004882812, 1.0], [133.51565551757812, 201.60400390625, 1.0], [197.84298706054688, 190.01792907714844, 1.0], [234.85354614257812, 179.6239471435547, 1.0], [269.74542236328125, 169.779296875, 1.0], [123.28746032714844, 227.77835083007812, 1.0], [185.50790405273438, 213.21762084960938, 1.0], [200.14157104492188, 199.75796508789062, 1.0], [206.67579650878906, 187.38905334472656, 1.0], [109.33467102050781, 250.5479278564453, 1.0], [140.68589782714844, 254.94248962402344, 1.0], [165.70706176757812, 255.84979248046875, 1.0], [195.9365692138672, 252.24118041992188, 1.0]], "is_left": 0}