{"hand_pts": [[105.58397674560547, 103.31395721435547, 1.0], [102.89508819580078, 173.89041137695312, 1.0], [82.35665130615234, 240.71966552734375, 1.0], [79.99169921875, 267.1169128417969, 1.0], [95.58695983886719, 237.87103271484375, 1.0], [198.57000732421875, 225.8529052734375, 1.0], [208.17446899414062, 258.66973876953125, 1.0], [176.28836059570312, 241.493408203125, 1.0], [148.82806396484375, 211.2350616455078, 1.0], [224.787841796875, 185.6860809326172, 1.0], [245.2279815673828, 201.40162658691406, 1.0], [203.34646606445312, 191.97019958496094, 1.0], [161.06764221191406, 179.3585662841797, 1.0], [238.3269500732422, 151.905517578125, 1.0], [259.12506103515625, 159.6787109375, 1.0], [222.4330596923828, 153.4107208251953, 1.0], [180.18528747558594, 147.4649658203125, 1.0], [241.4379425048828, 115.87982177734375, 1.0], [246.1970977783203, 106.23688507080078, 1.0], [210.62576293945312, 104.04379272460938, 1.0], [174.1649932861328, 109.78362274169922, 1.0]], "is_left": 0}