{"hand_pts": [[74.42596435546875, 306.5320129394531, 1.0], [124.80560302734375, 290.7221374511719, 1.0], [175.2105255126953, 298.5635986328125, 1.0], [213.36729431152344, 262.4935302734375, 1.0], [214.34024047851562, 213.36148071289062, 1.0], [200.91085815429688, 239.07952880859375, 1.0], [244.85340881347656, 203.93875122070312, 1.0], [261.63592529296875, 181.09695434570312, 1.0], [267.9482116699219, 160.110595703125, 1.0], [178.90179443359375, 216.43634033203125, 1.0], [211.38507080078125, 157.32656860351562, 1.0], [200.9470977783203, 143.4011993408203, 1.0], [178.8820037841797, 145.5169219970703, 1.0], [156.95465087890625, 199.18931579589844, 1.0], [190.13992309570312, 136.71487426757812, 1.0], [171.881591796875, 136.24517822265625, 1.0], [144.9747314453125, 159.14414978027344, 1.0], [129.7060089111328, 188.6699981689453, 1.0], [130.0186767578125, 141.70285034179688, 1.0], [124.5241928100586, 116.18614196777344, 1.0], [117.07118225097656, 95.99365997314453, 1.0]], "is_left": 0}