{"hand_pts": [[301.16168212890625, 133.38702392578125, 1.0], [296.31146240234375, 180.2362060546875, 1.0], [302.0819091796875, 223.20559692382812, 1.0], [277.9463195800781, 240.72268676757812, 1.0], [243.86834716796875, 239.50796508789062, 1.0], [222.634521484375, 220.31399536132812, 1.0], [187.63548278808594, 231.2958984375, 1.0], [175.57119750976562, 225.93006896972656, 1.0], [174.641357421875, 211.5022430419922, 1.0], [197.17507934570312, 183.65530395507812, 1.0], [137.17776489257812, 196.7071075439453, 1.0], [143.75985717773438, 186.4353790283203, 1.0], [166.07345581054688, 175.084716796875, 1.0], [181.10423278808594, 151.154052734375, 1.0], [130.6561737060547, 175.11956787109375, 1.0], [111.11597442626953, 183.09768676757812, 1.0], [115.35232543945312, 181.07489013671875, 1.0], [173.64759826660156, 117.49967193603516, 1.0], [137.0327606201172, 109.4756088256836, 1.0], [153.55970764160156, 107.97370910644531, 1.0], [186.231689453125, 112.9515609741211, 1.0]], "is_left": 0}