{"hand_pts": [[108.44935607910156, 248.8522186279297, 1.0], [92.89057159423828, 205.66160583496094, 1.0], [67.21138763427734, 165.37747192382812, 1.0], [75.09439849853516, 149.2393798828125, 1.0], [108.21907806396484, 163.56488037109375, 1.0], [171.459716796875, 131.17803955078125, 1.0], [195.83631896972656, 109.18844604492188, 1.0], [183.11679077148438, 134.98992919921875, 1.0], [158.2120819091797, 171.474853515625, 1.0], [205.53663635253906, 159.13626098632812, 1.0], [238.98980712890625, 135.55014038085938, 1.0], [211.546142578125, 162.09323120117188, 1.0], [175.6834259033203, 192.7989044189453, 1.0], [226.39248657226562, 187.5644073486328, 1.0], [247.9595947265625, 192.7317352294922, 1.0], [223.27198791503906, 217.84205627441406, 1.0], [184.62930297851562, 238.97653198242188, 1.0], [237.8673095703125, 220.53871154785156, 1.0], [252.1681365966797, 238.936767578125, 1.0], [224.7688751220703, 258.6737976074219, 1.0], [192.9051055908203, 258.0752868652344, 1.0]], "is_left": 0}