{"hand_pts": [[153.9750213623047, 288.33453369140625, 1.0], [125.6008529663086, 253.67025756835938, 1.0], [107.38201141357422, 214.14564514160156, 1.0], [97.0702896118164, 187.5607147216797, 1.0], [97.70993041992188, 181.384033203125, 1.0], [196.8199920654297, 173.6387939453125, 1.0], [180.2387237548828, 145.85272216796875, 1.0], [139.3129119873047, 164.04698181152344, 1.0], [108.78424835205078, 172.31932067871094, 1.0], [212.42807006835938, 194.6667938232422, 1.0], [252.24095153808594, 125.88621520996094, 1.0], [242.32154846191406, 105.5366439819336, 1.0], [234.10137939453125, 86.17082214355469, 1.0], [214.97056579589844, 217.94839477539062, 1.0], [239.1889190673828, 174.44174194335938, 1.0], [202.02236938476562, 184.45834350585938, 1.0], [153.13645935058594, 209.8379669189453, 1.0], [210.6223907470703, 246.0425262451172, 1.0], [210.28567504882812, 234.55691528320312, 1.0], [200.3670196533203, 231.46142578125, 1.0], [189.04470825195312, 227.3580322265625, 1.0]], "is_left": 0}