{"hand_pts": [[349.1716003417969, 115.77735137939453, 1.0], [270.22650146484375, 124.89775848388672, 1.0], [223.39720153808594, 125.55587768554688, 1.0], [170.9693145751953, 129.09524536132812, 1.0], [144.0977020263672, 133.54562377929688, 1.0], [212.74078369140625, 207.9563751220703, 1.0], [147.93675231933594, 218.71490478515625, 1.0], [126.05876159667969, 195.55587768554688, 1.0], [121.42729187011719, 165.79624938964844, 1.0], [231.72994995117188, 215.3424835205078, 1.0], [157.63929748535156, 229.05636596679688, 1.0], [141.16595458984375, 194.96914672851562, 1.0], [156.0757293701172, 158.10995483398438, 1.0], [245.82559204101562, 214.24557495117188, 1.0], [178.7963409423828, 223.7018585205078, 1.0], [159.18922424316406, 196.11288452148438, 1.0], [163.92263793945312, 161.620849609375, 1.0], [264.7711486816406, 205.2513885498047, 1.0], [224.06654357910156, 214.7563934326172, 1.0], [204.3589324951172, 193.3679656982422, 1.0], [198.19863891601562, 164.8004150390625, 1.0]], "is_left": 0}