{"hand_pts": [[38.30016326904297, 221.65087890625, 1.0], [99.8391342163086, 234.7448272705078, 1.0], [137.2823944091797, 248.23858642578125, 1.0], [179.25759887695312, 239.04579162597656, 1.0], [202.6507568359375, 201.85354614257812, 1.0], [156.0181427001953, 234.9237518310547, 1.0], [208.76214599609375, 236.33692932128906, 1.0], [243.32138061523438, 234.9397430419922, 1.0], [278.2746887207031, 225.7462158203125, 1.0], [141.56117248535156, 205.2329559326172, 1.0], [205.57479858398438, 174.63247680664062, 1.0], [243.78387451171875, 154.8321533203125, 1.0], [276.9772644042969, 135.7711944580078, 1.0], [130.06382751464844, 179.60836791992188, 1.0], [177.79164123535156, 143.68429565429688, 1.0], [197.11817932128906, 126.99378204345703, 1.0], [201.21258544921875, 123.76731872558594, 1.0], [113.98543548583984, 156.4013671875, 1.0], [146.99642944335938, 141.1845703125, 1.0], [165.09881591796875, 135.37823486328125, 1.0], [154.4584197998047, 142.9500274658203, 1.0]], "is_left": 0}