{"hand_pts": [[69.68590545654297, 62.013301849365234, 1.0], [134.66802978515625, 77.48133850097656, 1.0], [179.89869689941406, 86.33897399902344, 1.0], [207.7257080078125, 125.56371307373047, 1.0], [218.91848754882812, 170.8441925048828, 1.0], [190.21141052246094, 115.083740234375, 1.0], [242.415283203125, 154.48666381835938, 1.0], [264.817626953125, 183.2965850830078, 1.0], [265.6921691894531, 206.18099975585938, 1.0], [156.349365234375, 138.45196533203125, 1.0], [215.57069396972656, 190.6774139404297, 1.0], [244.8708953857422, 222.85311889648438, 1.0], [271.8133544921875, 252.51319885253906, 1.0], [127.26573181152344, 157.76663208007812, 1.0], [157.58013916015625, 225.4038848876953, 1.0], [157.8673858642578, 239.09170532226562, 1.0], [155.82449340820312, 246.2999267578125, 1.0], [95.29692077636719, 171.1808624267578, 1.0], [114.63835906982422, 218.36904907226562, 1.0], [128.99781799316406, 247.08700561523438, 1.0], [142.1565399169922, 261.2196044921875, 1.0]], "is_left": 0}