{"hand_pts": [[11.653695106506348, 139.22915649414062, 1.0], [86.63485717773438, 196.10360717773438, 1.0], [119.42304992675781, 236.65786743164062, 1.0], [170.35203552246094, 244.13121032714844, 1.0], [186.33033752441406, 220.1654510498047, 1.0], [165.56277465820312, 191.92373657226562, 1.0], [227.7901611328125, 221.4796600341797, 1.0], [259.706298828125, 240.78585815429688, 1.0], [255.65969848632812, 243.35983276367188, 1.0], [154.426513671875, 157.68418884277344, 1.0], [203.06898498535156, 197.93756103515625, 1.0], [194.61843872070312, 217.8182373046875, 1.0], [179.03501892089844, 234.14244079589844, 1.0], [144.2317352294922, 132.70394897460938, 1.0], [211.21746826171875, 131.7820587158203, 1.0], [224.62474060058594, 153.5099639892578, 1.0], [238.089599609375, 174.60105895996094, 1.0], [126.67359924316406, 109.35612487792969, 1.0], [159.8220977783203, 104.2975082397461, 1.0], [164.9795379638672, 121.24285888671875, 1.0], [158.10328674316406, 144.56182861328125, 1.0]], "is_left": 0}