{"hand_pts": [[238.4173126220703, 149.15380859375, 1.0], [168.57275390625, 181.97572326660156, 1.0], [106.94073486328125, 185.369873046875, 1.0], [87.35045623779297, 201.82167053222656, 1.0], [97.69391632080078, 217.7178497314453, 1.0], [139.65008544921875, 143.374755859375, 1.0], [132.9792938232422, 178.10946655273438, 1.0], [143.68389892578125, 210.6881866455078, 1.0], [159.66905212402344, 230.53367614746094, 1.0], [187.93212890625, 132.9639129638672, 1.0], [166.5624237060547, 170.9637908935547, 1.0], [162.3038330078125, 210.08970642089844, 1.0], [166.7011260986328, 235.243896484375, 1.0], [227.31015014648438, 131.45794677734375, 1.0], [236.72337341308594, 165.51988220214844, 1.0], [241.53607177734375, 197.09573364257812, 1.0], [239.55613708496094, 226.0516357421875, 1.0], [266.4906005859375, 133.40707397460938, 1.0], [267.6976013183594, 144.11317443847656, 1.0], [257.1134948730469, 171.3660430908203, 1.0], [246.24270629882812, 189.2482452392578, 1.0]], "is_left": 0}