{"hand_pts": [[306.12664794921875, 140.90255737304688, 1.0], [271.4167785644531, 198.8517303466797, 1.0], [260.3439636230469, 261.1990966796875, 1.0], [218.0273895263672, 293.6063537597656, 1.0], [169.51148986816406, 278.5286560058594, 1.0], [248.93272399902344, 202.60757446289062, 1.0], [188.6574249267578, 224.731201171875, 1.0], [146.9661407470703, 234.78887939453125, 1.0], [133.12725830078125, 232.48873901367188, 1.0], [239.7546844482422, 160.3492889404297, 1.0], [165.6045379638672, 173.95486450195312, 1.0], [127.11824035644531, 192.22872924804688, 1.0], [129.30136108398438, 204.01129150390625, 1.0], [229.27435302734375, 128.76812744140625, 1.0], [152.75564575195312, 129.67906188964844, 1.0], [136.67642211914062, 146.54576110839844, 1.0], [157.8575439453125, 160.04473876953125, 1.0], [222.46351623535156, 99.94298553466797, 1.0], [168.18307495117188, 98.43661499023438, 1.0], [151.3499298095703, 114.21533203125, 1.0], [173.45220947265625, 133.00997924804688, 1.0]], "is_left": 0}