{"hand_pts": [[201.33139038085938, 267.76312255859375, 1.0], [240.66030883789062, 238.14486694335938, 1.0], [287.9038391113281, 211.9880828857422, 1.0], [284.1827087402344, 184.93206787109375, 1.0], [260.1254577636719, 162.90447998046875, 1.0], [188.963134765625, 171.5319061279297, 1.0], [186.98199462890625, 132.7329559326172, 1.0], [206.5079345703125, 140.5869140625, 1.0], [227.1075897216797, 157.5397491455078, 1.0], [151.25137329101562, 180.666259765625, 1.0], [175.95388793945312, 165.02374267578125, 1.0], [212.0963134765625, 176.46205139160156, 1.0], [253.72389221191406, 202.3970947265625, 1.0], [126.97503662109375, 192.73678588867188, 1.0], [101.34807586669922, 156.30233764648438, 1.0], [135.15541076660156, 170.20359802246094, 1.0], [175.24757385253906, 190.81515502929688, 1.0], [109.7744369506836, 210.4591827392578, 1.0], [99.50875854492188, 207.8587188720703, 1.0], [121.4974365234375, 219.1922149658203, 1.0], [165.15103149414062, 237.27333068847656, 1.0]], "is_left": 0}