{"hand_pts": [[201.54901123046875, 221.18637084960938, 1.0], [162.92037963867188, 241.06942749023438, 1.0], [139.04527282714844, 275.43072509765625, 1.0], [102.13085174560547, 256.669921875, 1.0], [94.16799926757812, 217.08758544921875, 1.0], [237.43768310546875, 227.51025390625, 1.0], [178.5841064453125, 206.91143798828125, 1.0], [141.75881958007812, 205.616455078125, 1.0], [144.47927856445312, 213.26661682128906, 1.0], [262.9044494628906, 193.1259307861328, 1.0], [196.2433319091797, 162.0216827392578, 1.0], [143.36297607421875, 168.48736572265625, 1.0], [143.75721740722656, 189.93873596191406, 1.0], [272.986572265625, 165.65823364257812, 1.0], [222.208984375, 125.91450500488281, 1.0], [179.25547790527344, 138.7055206298828, 1.0], [180.08255004882812, 164.51116943359375, 1.0], [274.94061279296875, 142.41465759277344, 1.0], [237.60693359375, 110.94396209716797, 1.0], [201.0745086669922, 125.8392562866211, 1.0], [206.14486694335938, 154.6624298095703, 1.0]], "is_left": 0}