{"hand_pts": [[247.56365966796875, 208.18411254882812, 1.0], [258.6450500488281, 175.94932556152344, 1.0], [292.8017272949219, 153.74302673339844, 1.0], [263.5831298828125, 132.35372924804688, 1.0], [206.22830200195312, 128.58241271972656, 1.0], [268.6811828613281, 208.2734832763672, 1.0], [228.13275146484375, 181.0672607421875, 1.0], [193.8221893310547, 153.44520568847656, 1.0], [177.3877716064453, 138.21701049804688, 1.0], [234.5115966796875, 227.04713439941406, 1.0], [177.0727081298828, 199.8518524169922, 1.0], [151.58175659179688, 166.46678161621094, 1.0], [157.63096618652344, 150.6264190673828, 1.0], [202.24703979492188, 237.38624572753906, 1.0], [135.9483184814453, 215.69436645507812, 1.0], [114.2845458984375, 185.34207153320312, 1.0], [125.21992492675781, 168.1092071533203, 1.0], [170.8884735107422, 244.26564025878906, 1.0], [110.87677764892578, 227.0356903076172, 1.0], [96.60530853271484, 201.1359405517578, 1.0], [122.5478286743164, 187.33448791503906, 1.0]], "is_left": 0}