{"hand_pts": [[318.0897216796875, 91.69962310791016, 1.0], [280.6015319824219, 134.7970428466797, 1.0], [286.9840393066406, 173.61846923828125, 1.0], [255.5328369140625, 216.1740264892578, 1.0], [230.52569580078125, 214.46075439453125, 1.0], [175.90567016601562, 129.57843017578125, 1.0], [132.13296508789062, 182.30445861816406, 1.0], [163.56861877441406, 205.8167266845703, 1.0], [201.04273986816406, 217.62298583984375, 1.0], [168.63710021972656, 124.38780212402344, 1.0], [126.38619995117188, 191.7848358154297, 1.0], [149.4873504638672, 229.077880859375, 1.0], [176.46090698242188, 260.8511047363281, 1.0], [168.4176025390625, 125.52381896972656, 1.0], [108.0301742553711, 176.1809844970703, 1.0], [122.77481079101562, 211.5231475830078, 1.0], [165.47682189941406, 215.4791259765625, 1.0], [178.14926147460938, 126.68241119384766, 1.0], [175.71177673339844, 171.65597534179688, 1.0], [208.27955627441406, 184.58285522460938, 1.0], [226.83999633789062, 155.1684112548828, 1.0]], "is_left": 0}