{"hand_pts": [[235.6833953857422, 166.18434143066406, 1.0], [256.1540832519531, 150.25927734375, 1.0], [279.17333984375, 135.18167114257812, 1.0], [259.5420227050781, 135.02781677246094, 1.0], [221.24522399902344, 148.2222900390625, 1.0], [252.77044677734375, 204.6438446044922, 1.0], [231.1021728515625, 203.6712188720703, 1.0], [209.59242248535156, 181.90972900390625, 1.0], [189.1133270263672, 167.20742797851562, 1.0], [216.94259643554688, 215.6283721923828, 1.0], [182.04470825195312, 228.7683563232422, 1.0], [166.48756408691406, 194.33389282226562, 1.0], [160.40406799316406, 159.16741943359375, 1.0], [186.3929901123047, 217.93482971191406, 1.0], [142.7061309814453, 202.7212371826172, 1.0], [137.81399536132812, 169.24090576171875, 1.0], [153.303955078125, 149.17440795898438, 1.0], [158.52980041503906, 214.99984741210938, 1.0], [120.03410339355469, 208.67166137695312, 1.0], [95.30709075927734, 195.96185302734375, 1.0], [74.2943344116211, 176.05557250976562, 1.0]], "is_left": 0}