{"hand_pts": [[24.147390365600586, 141.33810424804688, 1.0], [66.69613647460938, 196.6655731201172, 1.0], [82.99114990234375, 240.88270568847656, 1.0], [118.98670959472656, 232.03282165527344, 1.0], [150.77816772460938, 218.40480041503906, 1.0], [153.6516876220703, 214.83546447753906, 1.0], [211.82406616210938, 229.31222534179688, 1.0], [239.2990264892578, 233.79750061035156, 1.0], [239.73251342773438, 230.62474060058594, 1.0], [155.5442657470703, 176.65786743164062, 1.0], [225.3808135986328, 199.98875427246094, 1.0], [254.30972290039062, 215.24676513671875, 1.0], [239.37579345703125, 218.2465362548828, 1.0], [153.234130859375, 146.23025512695312, 1.0], [219.7580108642578, 156.302978515625, 1.0], [209.28012084960938, 162.95152282714844, 1.0], [173.03712463378906, 162.72515869140625, 1.0], [142.6143798828125, 116.41348266601562, 1.0], [182.1328887939453, 104.59944152832031, 1.0], [206.76080322265625, 104.03156280517578, 1.0], [220.0142059326172, 115.3128890991211, 1.0]], "is_left": 0}