{"hand_pts": [[285.5730895996094, 39.43739318847656, 1.0], [283.18695068359375, 121.27233123779297, 1.0], [299.1758728027344, 179.21153259277344, 1.0], [288.4100341796875, 218.89224243164062, 1.0], [267.7096252441406, 214.46925354003906, 1.0], [182.38372802734375, 170.6672821044922, 1.0], [153.01025390625, 225.66514587402344, 1.0], [172.49298095703125, 244.46905517578125, 1.0], [203.3472137451172, 245.94163513183594, 1.0], [162.90171813964844, 141.20791625976562, 1.0], [144.11590576171875, 198.5151824951172, 1.0], [172.906982421875, 220.58187866210938, 1.0], [218.21588134765625, 214.0559844970703, 1.0], [155.8538360595703, 119.48313903808594, 1.0], [130.9966583251953, 166.86871337890625, 1.0], [151.65589904785156, 188.5960693359375, 1.0], [193.5012664794922, 190.6136474609375, 1.0], [159.05812072753906, 95.09671020507812, 1.0], [125.64122009277344, 130.11532592773438, 1.0], [114.89247131347656, 159.40859985351562, 1.0], [127.47544860839844, 190.6807861328125, 1.0]], "is_left": 0}