{"hand_pts": [[43.21542739868164, 145.41563415527344, 1.0], [99.5125503540039, 116.65548706054688, 1.0], [126.95026397705078, 93.2562484741211, 1.0], [168.12196350097656, 91.33817291259766, 1.0], [197.03952026367188, 118.06920623779297, 1.0], [175.08975219726562, 163.2696075439453, 1.0], [228.0419464111328, 188.88902282714844, 1.0], [262.26275634765625, 201.14881896972656, 1.0], [295.83148193359375, 217.49398803710938, 1.0], [164.83067321777344, 197.5181121826172, 1.0], [211.7205352783203, 209.0467529296875, 1.0], [185.85382080078125, 180.60508728027344, 1.0], [155.09886169433594, 155.72450256347656, 1.0], [154.23199462890625, 219.97300720214844, 1.0], [203.53082275390625, 218.4229278564453, 1.0], [191.19900512695312, 192.64146423339844, 1.0], [180.12220764160156, 168.52137756347656, 1.0], [137.0770263671875, 235.6211395263672, 1.0], [172.07725524902344, 256.4149475097656, 1.0], [181.72828674316406, 239.73460388183594, 1.0], [159.83688354492188, 214.6556854248047, 1.0]], "is_left": 0}