{"hand_pts": [[22.789966583251953, 147.40863037109375, 1.0], [77.69156646728516, 203.09689331054688, 1.0], [110.84868621826172, 259.7781982421875, 1.0], [148.5428924560547, 276.7411193847656, 1.0], [158.79513549804688, 254.62130737304688, 1.0], [188.29745483398438, 167.7610321044922, 1.0], [227.19357299804688, 216.9734344482422, 1.0], [190.3195037841797, 243.2609100341797, 1.0], [140.7431640625, 245.11216735839844, 1.0], [184.8253936767578, 132.4378204345703, 1.0], [243.65252685546875, 164.75827026367188, 1.0], [211.90225219726562, 206.78492736816406, 1.0], [162.28492736816406, 236.24484252929688, 1.0], [176.5404510498047, 110.6562728881836, 1.0], [249.66647338867188, 115.41128540039062, 1.0], [245.14476013183594, 153.9597930908203, 1.0], [200.0363311767578, 182.63888549804688, 1.0], [157.9397735595703, 93.92022705078125, 1.0], [197.22547912597656, 101.62124633789062, 1.0], [197.83441162109375, 133.6239013671875, 1.0], [170.44764709472656, 173.26223754882812, 1.0]], "is_left": 0}