{"hand_pts": [[227.60855102539062, 199.73699951171875, 1.0], [167.76632690429688, 195.2430419921875, 1.0], [112.89382934570312, 184.99771118164062, 1.0], [75.12694549560547, 182.89852905273438, 1.0], [66.6772689819336, 189.6920166015625, 1.0], [167.04478454589844, 159.90106201171875, 1.0], [154.61074829101562, 160.1826171875, 1.0], [146.31137084960938, 170.410400390625, 1.0], [143.13528442382812, 193.09963989257812, 1.0], [208.25709533691406, 167.05384826660156, 1.0], [190.55709838867188, 157.4676513671875, 1.0], [170.19789123535156, 177.37416076660156, 1.0], [157.1751708984375, 199.60891723632812, 1.0], [238.13003540039062, 176.57298278808594, 1.0], [232.75865173339844, 169.7591094970703, 1.0], [214.7251739501953, 189.37672424316406, 1.0], [198.09487915039062, 208.54803466796875, 1.0], [265.1290588378906, 188.2359619140625, 1.0], [272.4234313964844, 197.1356201171875, 1.0], [264.5087890625, 210.73532104492188, 1.0], [243.41708374023438, 219.46124267578125, 1.0]], "is_left": 0}