{"hand_pts": [[136.97763061523438, 192.09544372558594, 1.0], [174.76707458496094, 232.87806701660156, 1.0], [209.4564208984375, 280.91650390625, 1.0], [218.48655700683594, 298.67974853515625, 1.0], [199.53765869140625, 279.0679016113281, 1.0], [257.3802795410156, 182.8682861328125, 1.0], [270.9406433105469, 187.99656677246094, 1.0], [232.9932403564453, 211.48448181152344, 1.0], [180.3909149169922, 236.8954620361328, 1.0], [223.5787353515625, 147.58425903320312, 1.0], [256.9125671386719, 135.1807098388672, 1.0], [230.10789489746094, 164.86473083496094, 1.0], [184.90516662597656, 205.18365478515625, 1.0], [188.76266479492188, 126.10159301757812, 1.0], [155.219970703125, 131.657958984375, 1.0], [111.71783447265625, 167.9566650390625, 1.0], [81.58504486083984, 203.8494110107422, 1.0], [149.72186279296875, 111.57653045654297, 1.0], [128.01295471191406, 101.60340881347656, 1.0], [100.68614959716797, 125.60474395751953, 1.0], [84.1054458618164, 164.9021759033203, 1.0]], "is_left": 0}