{"hand_pts": [[116.29285430908203, 126.47472381591797, 1.0], [180.8736572265625, 113.82584381103516, 1.0], [240.41392517089844, 94.90568542480469, 1.0], [252.20223999023438, 140.05459594726562, 1.0], [241.2082061767578, 186.99038696289062, 1.0], [163.1007843017578, 110.56422424316406, 1.0], [221.62405395507812, 140.31895446777344, 1.0], [262.96746826171875, 165.87982177734375, 1.0], [296.01776123046875, 191.55068969726562, 1.0], [129.5719757080078, 145.7601318359375, 1.0], [199.2430419921875, 189.39480590820312, 1.0], [248.5579376220703, 214.37606811523438, 1.0], [293.2525329589844, 239.37844848632812, 1.0], [108.98023986816406, 176.74131774902344, 1.0], [94.7359619140625, 203.0388946533203, 1.0], [137.40969848632812, 227.4400177001953, 1.0], [164.4210662841797, 220.9181365966797, 1.0], [91.7725830078125, 204.83316040039062, 1.0], [91.48416137695312, 241.87570190429688, 1.0], [130.1278533935547, 249.81968688964844, 1.0], [144.81834411621094, 226.57586669921875, 1.0]], "is_left": 0}