{"hand_pts": [[142.84701538085938, 126.45989227294922, 1.0], [106.59845733642578, 152.11451721191406, 1.0], [70.4683837890625, 169.9039764404297, 1.0], [83.38048553466797, 177.22512817382812, 1.0], [112.39309692382812, 177.82640075683594, 1.0], [140.94459533691406, 213.3436279296875, 1.0], [154.48728942871094, 240.653564453125, 1.0], [157.75588989257812, 231.94349670410156, 1.0], [158.6223907470703, 214.07196044921875, 1.0], [183.70809936523438, 198.8686981201172, 1.0], [194.03358459472656, 204.72669982910156, 1.0], [184.23312377929688, 186.82508850097656, 1.0], [167.84774780273438, 162.75721740722656, 1.0], [214.87840270996094, 182.11764526367188, 1.0], [242.78944396972656, 191.12786865234375, 1.0], [244.45982360839844, 181.00784301757812, 1.0], [235.1634521484375, 164.01358032226562, 1.0], [239.9818878173828, 160.9233856201172, 1.0], [265.2914123535156, 160.7774658203125, 1.0], [263.81036376953125, 150.37548828125, 1.0], [240.97080993652344, 135.96812438964844, 1.0]], "is_left": 0}