{"hand_pts": [[68.37577056884766, 99.93695831298828, 1.0], [89.88204956054688, 139.17437744140625, 1.0], [84.74684143066406, 161.33816528320312, 1.0], [113.16283416748047, 207.05120849609375, 1.0], [144.937255859375, 232.5059356689453, 1.0], [188.1642303466797, 116.95658111572266, 1.0], [204.35421752929688, 183.76258850097656, 1.0], [176.96664428710938, 220.73828125, 1.0], [139.38938903808594, 220.84776306152344, 1.0], [207.06597900390625, 113.59423828125, 1.0], [242.84165954589844, 189.65658569335938, 1.0], [197.04930114746094, 219.37710571289062, 1.0], [148.0516357421875, 213.6369171142578, 1.0], [216.4874267578125, 117.8320541381836, 1.0], [265.8498840332031, 183.0137176513672, 1.0], [229.75985717773438, 216.6117706298828, 1.0], [182.40249633789062, 214.36180114746094, 1.0], [215.45541381835938, 123.50175476074219, 1.0], [238.80711364746094, 173.11532592773438, 1.0], [209.671142578125, 201.8892364501953, 1.0], [168.16481018066406, 197.1897430419922, 1.0]], "is_left": 0}