{"hand_pts": [[325.81494140625, 268.8231506347656, 1.0], [302.16754150390625, 222.2787322998047, 1.0], [286.42706298828125, 185.586181640625, 1.0], [258.8675537109375, 151.34091186523438, 1.0], [226.77992248535156, 122.22879791259766, 1.0], [216.45968627929688, 223.74974060058594, 1.0], [165.93272399902344, 199.92636108398438, 1.0], [141.29092407226562, 172.91539001464844, 1.0], [117.50569152832031, 147.37704467773438, 1.0], [211.34274291992188, 230.93670654296875, 1.0], [147.48138427734375, 201.4239959716797, 1.0], [126.41141510009766, 163.83251953125, 1.0], [109.76229858398438, 127.2079849243164, 1.0], [213.1082305908203, 231.756103515625, 1.0], [152.44052124023438, 198.3635711669922, 1.0], [137.6807098388672, 160.7144775390625, 1.0], [131.55984497070312, 121.0743637084961, 1.0], [223.18759155273438, 232.74827575683594, 1.0], [184.85311889648438, 204.98428344726562, 1.0], [169.91624450683594, 174.5473175048828, 1.0], [162.6398162841797, 138.7509765625, 1.0]], "is_left": 0}