{"hand_pts": [[242.71669006347656, 194.18907165527344, 1.0], [177.6632537841797, 160.08860778808594, 1.0], [104.95608520507812, 129.76229858398438, 1.0], [85.71944427490234, 101.16338348388672, 1.0], [129.57992553710938, 103.2109375, 1.0], [148.57118225097656, 224.86587524414062, 1.0], [120.87415313720703, 192.06964111328125, 1.0], [132.30953979492188, 152.85105895996094, 1.0], [156.27073669433594, 142.03929138183594, 1.0], [191.85948181152344, 248.7921905517578, 1.0], [171.0250701904297, 210.79612731933594, 1.0], [172.29551696777344, 161.63348388671875, 1.0], [179.12277221679688, 134.12689208984375, 1.0], [225.7571258544922, 259.4115905761719, 1.0], [221.74508666992188, 229.97760009765625, 1.0], [220.843994140625, 185.43350219726562, 1.0], [218.80271911621094, 161.46290588378906, 1.0], [258.9984130859375, 262.9848327636719, 1.0], [270.0595703125, 249.09814453125, 1.0], [264.80145263671875, 211.96632385253906, 1.0], [249.44564819335938, 190.046142578125, 1.0]], "is_left": 0}