{"hand_pts": [[101.41812896728516, 312.2206115722656, 1.0], [93.14229583740234, 255.2250518798828, 1.0], [71.19999694824219, 213.52749633789062, 1.0], [80.81149291992188, 164.99429321289062, 1.0], [108.87492370605469, 151.24513244628906, 1.0], [174.18734741210938, 225.589599609375, 1.0], [176.62892150878906, 164.29945373535156, 1.0], [164.87245178222656, 125.37138366699219, 1.0], [137.27984619140625, 100.01844787597656, 1.0], [196.97216796875, 238.99998474121094, 1.0], [249.9072265625, 185.9711151123047, 1.0], [246.40753173828125, 142.46401977539062, 1.0], [220.48806762695312, 108.8514404296875, 1.0], [208.08421325683594, 247.15211486816406, 1.0], [260.1553039550781, 199.3717041015625, 1.0], [254.93392944335938, 160.77926635742188, 1.0], [219.83059692382812, 138.64044189453125, 1.0], [210.5354461669922, 257.5518798828125, 1.0], [216.0636749267578, 216.64793395996094, 1.0], [189.8268585205078, 195.46505737304688, 1.0], [156.9838409423828, 176.74148559570312, 1.0]], "is_left": 0}