{"hand_pts": [[367.63714599609375, 223.7583770751953, 1.0], [303.24676513671875, 233.1458282470703, 1.0], [262.1502380371094, 249.33261108398438, 1.0], [207.61874389648438, 241.96734619140625, 1.0], [160.64138793945312, 218.60606384277344, 1.0], [223.71182250976562, 224.36546325683594, 1.0], [148.09945678710938, 211.8018035888672, 1.0], [122.3498306274414, 198.6414031982422, 1.0], [121.2984390258789, 187.2386474609375, 1.0], [233.28939819335938, 200.96665954589844, 1.0], [144.26161193847656, 178.3720703125, 1.0], [124.08210754394531, 169.1075439453125, 1.0], [134.07972717285156, 167.78732299804688, 1.0], [242.3914031982422, 181.6828155517578, 1.0], [160.49517822265625, 153.4485626220703, 1.0], [138.7711181640625, 143.4231414794922, 1.0], [141.5388641357422, 142.45602416992188, 1.0], [258.79052734375, 165.33758544921875, 1.0], [208.16517639160156, 140.5987091064453, 1.0], [187.41175842285156, 132.7211151123047, 1.0], [186.4878387451172, 136.4969940185547, 1.0]], "is_left": 0}