{"hand_pts": [[151.197998046875, 81.54503631591797, 1.0], [161.34933471679688, 87.44902038574219, 1.0], [153.40411376953125, 79.33163452148438, 1.0], [173.43411254882812, 83.91607666015625, 1.0], [207.87266540527344, 96.7160415649414, 1.0], [131.52500915527344, 154.78790283203125, 1.0], [172.7091064453125, 170.1614990234375, 1.0], [204.4031524658203, 160.2023162841797, 1.0], [206.4180145263672, 138.2939453125, 1.0], [142.8671112060547, 178.4230194091797, 1.0], [171.03768920898438, 221.2107391357422, 1.0], [203.45849609375, 204.6127471923828, 1.0], [235.4885711669922, 193.47364807128906, 1.0], [157.5518035888672, 193.4879608154297, 1.0], [161.76419067382812, 243.44715881347656, 1.0], [191.28916931152344, 244.60093688964844, 1.0], [220.20896911621094, 243.30003356933594, 1.0], [173.26708984375, 200.52671813964844, 1.0], [189.2546844482422, 234.34835815429688, 1.0], [203.67442321777344, 255.4393768310547, 1.0], [218.11636352539062, 277.4582214355469, 1.0]], "is_left": 0}