{"hand_pts": [[249.93106079101562, 276.7369384765625, 1.0], [267.080078125, 250.53273010253906, 1.0], [303.6717224121094, 246.5017852783203, 1.0], [275.93603515625, 235.4910430908203, 1.0], [224.39230346679688, 226.0980987548828, 1.0], [245.46517944335938, 156.00726318359375, 1.0], [215.537109375, 135.76332092285156, 1.0], [204.7923583984375, 172.0943603515625, 1.0], [212.02687072753906, 210.40357971191406, 1.0], [208.00942993164062, 155.24473571777344, 1.0], [158.3688201904297, 135.32505798339844, 1.0], [152.43870544433594, 172.88906860351562, 1.0], [172.54722595214844, 217.86997985839844, 1.0], [178.13858032226562, 161.33099365234375, 1.0], [125.5737075805664, 130.71945190429688, 1.0], [114.11736297607422, 153.4655303955078, 1.0], [139.0421905517578, 192.76553344726562, 1.0], [153.3004608154297, 175.98321533203125, 1.0], [113.19309997558594, 165.44271850585938, 1.0], [107.44407653808594, 185.23219299316406, 1.0], [123.63619232177734, 216.6111297607422, 1.0]], "is_left": 0}