{"hand_pts": [[124.48589324951172, 336.4077453613281, 1.0], [110.93162536621094, 273.6582946777344, 1.0], [87.3119888305664, 233.7680206298828, 1.0], [81.3863296508789, 177.6400146484375, 1.0], [95.9456787109375, 135.011474609375, 1.0], [199.30087280273438, 231.64752197265625, 1.0], [204.2366180419922, 161.34901428222656, 1.0], [182.17288208007812, 121.23067474365234, 1.0], [144.7684326171875, 108.1232681274414, 1.0], [223.8245391845703, 242.41671752929688, 1.0], [223.38560485839844, 158.49916076660156, 1.0], [171.8608856201172, 138.15577697753906, 1.0], [122.81109619140625, 152.5687255859375, 1.0], [235.1117706298828, 248.81787109375, 1.0], [265.90911865234375, 178.13168334960938, 1.0], [227.7098846435547, 150.3626708984375, 1.0], [179.6593780517578, 140.08987426757812, 1.0], [237.0558319091797, 258.91168212890625, 1.0], [249.3341064453125, 212.60430908203125, 1.0], [224.59994506835938, 184.29693603515625, 1.0], [179.27210998535156, 181.16549682617188, 1.0]], "is_left": 0}