{"hand_pts": [[286.4574279785156, 107.41487884521484, 1.0], [223.75596618652344, 100.77924346923828, 1.0], [170.21295166015625, 77.58501434326172, 1.0], [154.57162475585938, 94.87628173828125, 1.0], [157.4848175048828, 119.14534759521484, 1.0], [169.55718994140625, 153.31570434570312, 1.0], [118.58677673339844, 162.03994750976562, 1.0], [107.73514556884766, 157.40524291992188, 1.0], [99.95793151855469, 153.15460205078125, 1.0], [197.47035217285156, 182.66275024414062, 1.0], [163.14837646484375, 213.82652282714844, 1.0], [181.70562744140625, 186.10281372070312, 1.0], [206.9477081298828, 153.05078125, 1.0], [221.0529327392578, 203.21775817871094, 1.0], [199.7940673828125, 243.7126922607422, 1.0], [203.8624267578125, 236.291015625, 1.0], [212.37167358398438, 218.17547607421875, 1.0], [247.9000701904297, 216.84762573242188, 1.0], [233.62660217285156, 261.0006103515625, 1.0], [217.048095703125, 278.3110046386719, 1.0], [207.4771270751953, 254.63287353515625, 1.0]], "is_left": 0}