{"hand_pts": [[33.26362991333008, 146.8054962158203, 1.0], [61.67823791503906, 196.80982971191406, 1.0], [81.95173645019531, 245.47747802734375, 1.0], [137.7222900390625, 239.73245239257812, 1.0], [181.35128784179688, 210.567626953125, 1.0], [153.1578826904297, 227.53404235839844, 1.0], [215.85043334960938, 250.47079467773438, 1.0], [228.15379333496094, 242.43942260742188, 1.0], [230.8187713623047, 228.7652587890625, 1.0], [165.06149291992188, 189.36204528808594, 1.0], [203.78741455078125, 188.9655303955078, 1.0], [179.25523376464844, 179.94281005859375, 1.0], [131.614501953125, 172.64620971679688, 1.0], [169.8502197265625, 157.26231384277344, 1.0], [237.06015014648438, 142.93226623535156, 1.0], [244.8526153564453, 134.1416015625, 1.0], [229.92308044433594, 130.15345764160156, 1.0], [165.41607666015625, 125.04312896728516, 1.0], [216.8798828125, 128.5155792236328, 1.0], [213.00424194335938, 135.50631713867188, 1.0], [191.9144287109375, 143.44390869140625, 1.0]], "is_left": 0}