{"hand_pts": [[277.6750793457031, 153.51251220703125, 1.0], [273.7109680175781, 153.6986083984375, 1.0], [287.660400390625, 132.00051879882812, 1.0], [277.4846496582031, 148.32994079589844, 1.0], [259.048095703125, 177.178955078125, 1.0], [205.8929901123047, 140.4497528076172, 1.0], [167.65426635742188, 153.55435180664062, 1.0], [148.79986572265625, 171.5784149169922, 1.0], [128.37110900878906, 187.48336791992188, 1.0], [183.0147705078125, 156.45925903320312, 1.0], [176.43133544921875, 184.76766967773438, 1.0], [197.88018798828125, 200.4180908203125, 1.0], [218.53221130371094, 215.321533203125, 1.0], [168.99114990234375, 171.96087646484375, 1.0], [151.21456909179688, 203.90928649902344, 1.0], [166.9390106201172, 219.60533142089844, 1.0], [196.227294921875, 221.9977264404297, 1.0], [162.75787353515625, 186.65977478027344, 1.0], [125.74066925048828, 205.26072692871094, 1.0], [102.3043212890625, 219.23678588867188, 1.0], [95.15734100341797, 234.6214599609375, 1.0]], "is_left": 0}