{"hand_pts": [[149.50816345214844, 184.48876953125, 1.0], [171.50601196289062, 144.0542755126953, 1.0], [183.3644561767578, 90.56149291992188, 1.0], [179.46307373046875, 67.3884506225586, 1.0], [162.12014770507812, 85.91719055175781, 1.0], [230.05970764160156, 182.2436981201172, 1.0], [212.36485290527344, 138.92947387695312, 1.0], [183.1024169921875, 109.45600891113281, 1.0], [155.17343139648438, 81.90231323242188, 1.0], [212.0236053466797, 216.65869140625, 1.0], [235.54898071289062, 213.2550811767578, 1.0], [212.6393280029297, 184.60523986816406, 1.0], [179.59317016601562, 154.8383331298828, 1.0], [191.87966918945312, 239.19351196289062, 1.0], [198.2701873779297, 257.757568359375, 1.0], [190.74595642089844, 255.63363647460938, 1.0], [169.79135131835938, 232.40158081054688, 1.0], [168.0662841796875, 256.2747497558594, 1.0], [154.8692169189453, 267.7859802246094, 1.0], [135.88197326660156, 252.61004638671875, 1.0], [116.21664428710938, 229.26910400390625, 1.0]], "is_left": 0}