{"hand_pts": [[152.61724853515625, 150.23626708984375, 1.0], [116.01432037353516, 151.80401611328125, 1.0], [67.54883575439453, 147.3154296875, 1.0], [66.2068862915039, 172.3358154296875, 1.0], [91.78822326660156, 204.54832458496094, 1.0], [171.10984802246094, 124.30355072021484, 1.0], [171.59413146972656, 129.87332153320312, 1.0], [157.10232543945312, 159.60769653320312, 1.0], [137.91883850097656, 198.01756286621094, 1.0], [204.75393676757812, 145.8172149658203, 1.0], [211.54995727539062, 160.5819549560547, 1.0], [189.71095275878906, 190.63365173339844, 1.0], [164.1192626953125, 221.48951721191406, 1.0], [225.2523956298828, 168.7967987060547, 1.0], [252.8343048095703, 181.5716094970703, 1.0], [244.99940490722656, 206.29061889648438, 1.0], [228.3546600341797, 233.67066955566406, 1.0], [238.8833465576172, 192.1361541748047, 1.0], [252.4028778076172, 218.45530700683594, 1.0], [239.6420440673828, 243.48388671875, 1.0], [216.20310974121094, 268.1588439941406, 1.0]], "is_left": 0}