{"hand_pts": [[201.44590759277344, 94.28611755371094, 1.0], [222.53042602539062, 92.64875793457031, 1.0], [252.09942626953125, 79.77293395996094, 1.0], [228.9723358154297, 91.67079162597656, 1.0], [202.96133422851562, 104.90216064453125, 1.0], [230.96847534179688, 181.60411071777344, 1.0], [216.5344696044922, 182.9794464111328, 1.0], [198.55311584472656, 150.97543334960938, 1.0], [181.58450317382812, 117.50749206542969, 1.0], [199.4298095703125, 197.725830078125, 1.0], [214.46810913085938, 251.89903259277344, 1.0], [211.4427490234375, 258.52557373046875, 1.0], [196.96165466308594, 223.9375, 1.0], [172.08445739746094, 202.7688751220703, 1.0], [156.4280242919922, 261.1351013183594, 1.0], [143.01608276367188, 259.488525390625, 1.0], [130.33770751953125, 256.3157958984375, 1.0], [146.40350341796875, 199.01876831054688, 1.0], [118.15314483642578, 211.49578857421875, 1.0], [120.21294403076172, 179.22933959960938, 1.0], [135.20811462402344, 148.0059356689453, 1.0]], "is_left": 0}