{"hand_pts": [[65.8171615600586, 237.50222778320312, 1.0], [111.23675537109375, 240.6444091796875, 1.0], [150.92160034179688, 251.8640594482422, 1.0], [185.7053680419922, 251.08413696289062, 1.0], [205.23089599609375, 238.9600830078125, 1.0], [175.24217224121094, 194.90513610839844, 1.0], [222.11024475097656, 181.7568817138672, 1.0], [232.79527282714844, 186.632080078125, 1.0], [240.39744567871094, 192.399169921875, 1.0], [153.68919372558594, 183.51657104492188, 1.0], [216.0030059814453, 153.26962280273438, 1.0], [249.5169677734375, 145.4407958984375, 1.0], [280.3076477050781, 140.6185760498047, 1.0], [133.599609375, 178.5165252685547, 1.0], [181.60350036621094, 152.98426818847656, 1.0], [193.64068603515625, 158.5204315185547, 1.0], [189.9385223388672, 177.03781127929688, 1.0], [109.48381042480469, 178.66384887695312, 1.0], [132.0926971435547, 159.9668731689453, 1.0], [143.53257751464844, 160.51654052734375, 1.0], [149.84315490722656, 172.27835083007812, 1.0]], "is_left": 0}