{"hand_pts": [[288.28973388671875, 106.37835693359375, 1.0], [288.782958984375, 156.23838806152344, 1.0], [308.7373962402344, 198.01947021484375, 1.0], [290.1663513183594, 238.6202392578125, 1.0], [245.712158203125, 252.12033081054688, 1.0], [235.3368682861328, 145.841796875, 1.0], [207.9637451171875, 181.71827697753906, 1.0], [189.90089416503906, 212.39785766601562, 1.0], [183.03713989257812, 242.1303253173828, 1.0], [202.7119598388672, 125.81791687011719, 1.0], [165.74008178710938, 184.81805419921875, 1.0], [157.00396728515625, 225.44656372070312, 1.0], [152.3282928466797, 263.05902099609375, 1.0], [178.6903076171875, 115.00123596191406, 1.0], [120.3746109008789, 151.4667205810547, 1.0], [119.19263458251953, 185.2456512451172, 1.0], [138.57186889648438, 208.84246826171875, 1.0], [162.40940856933594, 105.97048950195312, 1.0], [122.65171813964844, 133.06698608398438, 1.0], [113.33155059814453, 161.03607177734375, 1.0], [114.5926742553711, 191.22312927246094, 1.0]], "is_left": 0}