{"hand_pts": [[146.9927520751953, 243.04025268554688, 1.0], [164.5498504638672, 177.1085968017578, 1.0], [195.88551330566406, 126.17277526855469, 1.0], [201.63543701171875, 91.29228210449219, 1.0], [176.7954864501953, 103.66896057128906, 1.0], [246.66128540039062, 195.0540771484375, 1.0], [244.14614868164062, 162.6924591064453, 1.0], [204.19461059570312, 136.13986206054688, 1.0], [160.6635284423828, 121.93815612792969, 1.0], [232.36154174804688, 230.79148864746094, 1.0], [231.90296936035156, 199.27513122558594, 1.0], [186.12803649902344, 165.4855194091797, 1.0], [159.77978515625, 157.90390014648438, 1.0], [212.71849060058594, 253.59579467773438, 1.0], [168.7151641845703, 225.02899169921875, 1.0], [127.22417449951172, 200.40438842773438, 1.0], [95.3597640991211, 180.56979370117188, 1.0], [187.28152465820312, 273.03564453125, 1.0], [183.64926147460938, 266.15045166015625, 1.0], [159.7357177734375, 235.59896850585938, 1.0], [136.94793701171875, 205.2877655029297, 1.0]], "is_left": 0}