{"hand_pts": [[261.5389099121094, 253.54620361328125, 1.0], [266.7110290527344, 197.6614532470703, 1.0], [290.7450866699219, 146.55020141601562, 1.0], [272.14776611328125, 140.87130737304688, 1.0], [240.70155334472656, 177.13539123535156, 1.0], [197.60731506347656, 126.30097198486328, 1.0], [184.282470703125, 120.08323669433594, 1.0], [203.23440551757812, 151.1307373046875, 1.0], [222.58641052246094, 176.81756591796875, 1.0], [165.8808135986328, 155.44569396972656, 1.0], [141.7487335205078, 157.04519653320312, 1.0], [173.12977600097656, 184.59779357910156, 1.0], [205.18191528320312, 198.61203002929688, 1.0], [144.77264404296875, 182.70729064941406, 1.0], [110.69564819335938, 189.9331817626953, 1.0], [140.70809936523438, 211.6538543701172, 1.0], [172.37217712402344, 215.1316680908203, 1.0], [132.26211547851562, 214.3247528076172, 1.0], [108.50311279296875, 231.4183349609375, 1.0], [132.2783203125, 245.1522216796875, 1.0], [164.73663330078125, 240.49508666992188, 1.0]], "is_left": 0}