{"hand_pts": [[223.8401336669922, 143.57337951660156, 1.0], [265.08087158203125, 127.41038513183594, 1.0], [294.53228759765625, 92.05059814453125, 1.0], [289.40240478515625, 115.12864685058594, 1.0], [279.66973876953125, 143.3296661376953, 1.0], [198.35047912597656, 126.76676940917969, 1.0], [195.13113403320312, 148.09805297851562, 1.0], [228.27618408203125, 176.4931182861328, 1.0], [251.36863708496094, 203.40419006347656, 1.0], [167.91783142089844, 161.06675720214844, 1.0], [124.91162109375, 152.96546936035156, 1.0], [118.8639907836914, 156.51707458496094, 1.0], [106.97521209716797, 157.41375732421875, 1.0], [152.46255493164062, 190.37469482421875, 1.0], [140.39756774902344, 230.04649353027344, 1.0], [163.5988311767578, 255.95590209960938, 1.0], [193.4470672607422, 280.21435546875, 1.0], [144.66702270507812, 216.67697143554688, 1.0], [112.23704528808594, 249.17730712890625, 1.0], [131.68333435058594, 266.9966125488281, 1.0], [177.41624450683594, 262.6275634765625, 1.0]], "is_left": 0}