{"hand_pts": [[152.5402374267578, 67.79106903076172, 1.0], [179.43235778808594, 142.99453735351562, 1.0], [192.94932556152344, 211.25746154785156, 1.0], [166.19871520996094, 252.73097229003906, 1.0], [137.1702117919922, 216.63995361328125, 1.0], [244.24916076660156, 163.8035430908203, 1.0], [290.331298828125, 212.71060180664062, 1.0], [269.22442626953125, 249.81719970703125, 1.0], [223.4779052734375, 256.94866943359375, 1.0], [220.5607452392578, 132.19224548339844, 1.0], [172.41256713867188, 188.61851501464844, 1.0], [127.35231018066406, 210.1969757080078, 1.0], [98.46688842773438, 210.88819885253906, 1.0], [194.9698486328125, 110.2121353149414, 1.0], [222.14959716796875, 164.30172729492188, 1.0], [196.46202087402344, 203.02076721191406, 1.0], [166.1881866455078, 232.03326416015625, 1.0], [165.41004943847656, 87.76502227783203, 1.0], [150.1768341064453, 116.2222900390625, 1.0], [135.92779541015625, 139.92381286621094, 1.0], [116.91405487060547, 169.83621215820312, 1.0]], "is_left": 0}