{"hand_pts": [[287.2339782714844, 55.864776611328125, 1.0], [232.88856506347656, 70.90399169921875, 1.0], [188.45611572265625, 75.40532684326172, 1.0], [153.6842803955078, 95.43059539794922, 1.0], [129.85972595214844, 125.85602569580078, 1.0], [188.83688354492188, 135.5269317626953, 1.0], [146.6876983642578, 167.56980895996094, 1.0], [121.91223907470703, 189.60855102539062, 1.0], [98.79369354248047, 211.55467224121094, 1.0], [216.75132751464844, 154.17474365234375, 1.0], [175.0678253173828, 201.83323669433594, 1.0], [149.63992309570312, 228.2346649169922, 1.0], [125.70657348632812, 253.333984375, 1.0], [240.30227661132812, 166.30300903320312, 1.0], [206.25787353515625, 215.17259216308594, 1.0], [185.7694091796875, 241.36273193359375, 1.0], [165.84361267089844, 265.7121887207031, 1.0], [266.0802917480469, 171.04776000976562, 1.0], [249.81895446777344, 208.64642333984375, 1.0], [237.20355224609375, 233.35025024414062, 1.0], [221.46487426757812, 256.4640197753906, 1.0]], "is_left": 0}