{"hand_pts": [[170.3255615234375, 328.0860290527344, 1.0], [127.7152328491211, 256.606201171875, 1.0], [77.06792449951172, 223.84266662597656, 1.0], [79.42194366455078, 206.2066650390625, 1.0], [113.0399169921875, 212.66030883789062, 1.0], [184.06727600097656, 164.47720336914062, 1.0], [162.72653198242188, 126.98251342773438, 1.0], [141.1371612548828, 122.11309051513672, 1.0], [120.97926330566406, 154.45933532714844, 1.0], [223.33926391601562, 189.1841583251953, 1.0], [218.47726440429688, 128.82432556152344, 1.0], [187.6748504638672, 126.869873046875, 1.0], [161.16148376464844, 121.7397689819336, 1.0], [247.55661010742188, 212.33518981933594, 1.0], [265.05914306640625, 153.87062072753906, 1.0], [232.48963928222656, 166.62940979003906, 1.0], [200.88272094726562, 179.94300842285156, 1.0], [264.185791015625, 241.63714599609375, 1.0], [246.15115356445312, 235.54547119140625, 1.0], [224.9192657470703, 240.4413299560547, 1.0], [195.74925231933594, 252.804931640625, 1.0]], "is_left": 0}