{"hand_pts": [[155.99525451660156, 248.4666290283203, 1.0], [206.18447875976562, 192.38621520996094, 1.0], [260.1235656738281, 157.0522918701172, 1.0], [273.8007507324219, 128.23171997070312, 1.0], [269.3293762207031, 107.1833724975586, 1.0], [207.57484436035156, 222.12608337402344, 1.0], [236.13543701171875, 199.02734375, 1.0], [251.20135498046875, 174.41258239746094, 1.0], [263.9757080078125, 150.262451171875, 1.0], [163.0861053466797, 232.72879028320312, 1.0], [185.2671356201172, 217.70457458496094, 1.0], [200.009033203125, 181.89671325683594, 1.0], [213.62451171875, 145.11892700195312, 1.0], [128.2213897705078, 232.42860412597656, 1.0], [138.24713134765625, 222.63772583007812, 1.0], [147.46347045898438, 181.62110900878906, 1.0], [155.80152893066406, 145.492919921875, 1.0], [96.18510437011719, 229.8370361328125, 1.0], [89.6847915649414, 199.0285186767578, 1.0], [86.23550415039062, 174.06837463378906, 1.0], [90.85271453857422, 136.19395446777344, 1.0]], "is_left": 0}