{"hand_pts": [[299.27130126953125, 256.7412109375, 1.0], [226.88661193847656, 253.33245849609375, 1.0], [178.3753204345703, 276.1294860839844, 1.0], [150.1880340576172, 249.9287567138672, 1.0], [152.79354858398438, 214.30914306640625, 1.0], [178.6188507080078, 227.26683044433594, 1.0], [127.50914001464844, 221.28439331054688, 1.0], [111.65028381347656, 202.95965576171875, 1.0], [94.6033935546875, 184.91867065429688, 1.0], [208.96737670898438, 204.31997680664062, 1.0], [179.3947296142578, 172.1514434814453, 1.0], [169.57650756835938, 160.82180786132812, 1.0], [184.54595947265625, 175.33363342285156, 1.0], [233.3148193359375, 185.54388427734375, 1.0], [200.33668518066406, 140.42681884765625, 1.0], [181.38587951660156, 117.17369842529297, 1.0], [164.4090576171875, 100.31876373291016, 1.0], [260.54364013671875, 171.11647033691406, 1.0], [248.0396728515625, 138.632568359375, 1.0], [229.12164306640625, 138.02655029296875, 1.0], [237.77932739257812, 162.27200317382812, 1.0]], "is_left": 0}