{"hand_pts": [[200.0106964111328, 163.8485107421875, 1.0], [244.2349090576172, 208.34884643554688, 1.0], [274.7794189453125, 268.59942626953125, 1.0], [235.79818725585938, 280.7665100097656, 1.0], [182.55982971191406, 258.907958984375, 1.0], [269.248046875, 150.11561584472656, 1.0], [248.45176696777344, 198.79666137695312, 1.0], [220.52955627441406, 240.17507934570312, 1.0], [195.52613830566406, 269.1224365234375, 1.0], [217.30050659179688, 121.54182434082031, 1.0], [210.2187957763672, 98.9179916381836, 1.0], [189.54359436035156, 142.9654083251953, 1.0], [175.6898956298828, 194.19422912597656, 1.0], [172.24642944335938, 107.2298583984375, 1.0], [151.7398681640625, 143.89891052246094, 1.0], [142.0127716064453, 189.22776794433594, 1.0], [152.19313049316406, 192.2456817626953, 1.0], [128.92637634277344, 99.65723419189453, 1.0], [97.64031219482422, 127.48173522949219, 1.0], [91.55089569091797, 168.5940704345703, 1.0], [94.2957763671875, 210.49168395996094, 1.0]], "is_left": 0}