{"hand_pts": [[97.46983337402344, 336.9841003417969, 1.0], [130.6887664794922, 268.2766418457031, 1.0], [164.70616149902344, 230.94956970214844, 1.0], [183.8603515625, 175.55296325683594, 1.0], [170.90225219726562, 158.14393615722656, 1.0], [222.7270050048828, 231.54808044433594, 1.0], [254.75680541992188, 165.83718872070312, 1.0], [234.2451171875, 123.5819091796875, 1.0], [190.70556640625, 115.26240539550781, 1.0], [207.00245666503906, 241.7454376220703, 1.0], [192.48355102539062, 155.58523559570312, 1.0], [147.20425415039062, 153.13839721679688, 1.0], [125.97389221191406, 191.31076049804688, 1.0], [187.1445770263672, 246.34097290039062, 1.0], [238.37940979003906, 190.77597045898438, 1.0], [219.08213806152344, 149.39852905273438, 1.0], [182.381103515625, 142.4557342529297, 1.0], [160.6221923828125, 254.38746643066406, 1.0], [164.95785522460938, 203.76788330078125, 1.0], [152.71224975585938, 166.99200439453125, 1.0], [128.17739868164062, 162.00686645507812, 1.0]], "is_left": 0}