{"hand_pts": [[19.877607345581055, 178.5985565185547, 1.0], [68.39568328857422, 167.7547149658203, 1.0], [89.6590347290039, 176.5341339111328, 1.0], [147.50897216796875, 171.9546356201172, 1.0], [173.8485107421875, 161.43788146972656, 1.0], [147.22425842285156, 225.8090362548828, 1.0], [215.8220977783203, 211.9837646484375, 1.0], [232.31044006347656, 173.6243133544922, 1.0], [227.6355743408203, 134.56796264648438, 1.0], [151.20716857910156, 227.6767578125, 1.0], [236.61557006835938, 236.22972106933594, 1.0], [252.16896057128906, 193.31886291503906, 1.0], [228.18710327148438, 155.27003479003906, 1.0], [152.7524871826172, 221.96632385253906, 1.0], [217.01344299316406, 180.1501922607422, 1.0], [191.61988830566406, 146.47933959960938, 1.0], [148.05560302734375, 137.88552856445312, 1.0], [146.41978454589844, 211.629150390625, 1.0], [199.41458129882812, 202.90194702148438, 1.0], [215.60015869140625, 175.07725524902344, 1.0], [195.80401611328125, 149.02830505371094, 1.0]], "is_left": 0}