{"hand_pts": [[249.13185119628906, 294.98095703125, 1.0], [244.06729125976562, 224.65240478515625, 1.0], [249.64022827148438, 164.94224548339844, 1.0], [230.29714965820312, 122.12874603271484, 1.0], [200.04286193847656, 99.66325378417969, 1.0], [242.37948608398438, 203.37196350097656, 1.0], [226.64886474609375, 157.628662109375, 1.0], [202.88792419433594, 125.97791290283203, 1.0], [176.9021453857422, 97.0608139038086, 1.0], [219.0354461669922, 234.39285278320312, 1.0], [193.34764099121094, 186.68890380859375, 1.0], [166.4121856689453, 149.31517028808594, 1.0], [140.17124938964844, 115.20692443847656, 1.0], [197.24880981445312, 256.3929138183594, 1.0], [166.65855407714844, 220.49618530273438, 1.0], [140.0281219482422, 189.53646850585938, 1.0], [115.15081787109375, 159.2156524658203, 1.0], [177.83363342285156, 278.7096252441406, 1.0], [145.4746551513672, 256.4642028808594, 1.0], [121.59271240234375, 232.90289306640625, 1.0], [101.80118560791016, 204.40643310546875, 1.0]], "is_left": 0}