{"hand_pts": [[296.01837158203125, 296.4634704589844, 1.0], [284.9206848144531, 225.51321411132812, 1.0], [301.1710205078125, 162.3229217529297, 1.0], [260.58892822265625, 127.85148620605469, 1.0], [206.95111083984375, 124.9520263671875, 1.0], [261.3219299316406, 176.81103515625, 1.0], [213.9580078125, 131.9596710205078, 1.0], [179.28057861328125, 115.96644592285156, 1.0], [146.35951232910156, 107.3915023803711, 1.0], [232.35858154296875, 209.4285888671875, 1.0], [165.15628051757812, 167.08657836914062, 1.0], [145.4329071044922, 163.6911163330078, 1.0], [153.9359588623047, 176.06504821777344, 1.0], [207.20025634765625, 235.398193359375, 1.0], [133.52816772460938, 208.1136016845703, 1.0], [116.13890075683594, 206.360595703125, 1.0], [116.83705139160156, 210.0056915283203, 1.0], [186.92138671875, 263.5713806152344, 1.0], [139.6697540283203, 246.29318237304688, 1.0], [118.76392364501953, 230.57374572753906, 1.0], [128.4391326904297, 223.2389678955078, 1.0]], "is_left": 0}