{"hand_pts": [[363.614013671875, 194.35296630859375, 1.0], [290.0346374511719, 177.73011779785156, 1.0], [243.91441345214844, 164.31263732910156, 1.0], [188.42417907714844, 149.89764404296875, 1.0], [160.4979248046875, 144.03468322753906, 1.0], [208.3129425048828, 238.24693298339844, 1.0], [144.13978576660156, 202.2550811767578, 1.0], [130.91529846191406, 160.55419921875, 1.0], [137.7462921142578, 120.08258819580078, 1.0], [221.91775512695312, 243.57705688476562, 1.0], [134.91156005859375, 229.2392578125, 1.0], [119.53587341308594, 181.15245056152344, 1.0], [132.57275390625, 137.99325561523438, 1.0], [234.15757751464844, 239.70655822753906, 1.0], [161.80307006835938, 202.50271606445312, 1.0], [172.8914794921875, 161.0272674560547, 1.0], [200.484619140625, 131.4263458251953, 1.0], [253.82264709472656, 230.41685485839844, 1.0], [209.45797729492188, 218.89349365234375, 1.0], [189.60145568847656, 186.29342651367188, 1.0], [195.66786193847656, 156.3382110595703, 1.0]], "is_left": 0}