{"hand_pts": [[320.72296142578125, 125.96712493896484, 1.0], [291.7893371582031, 176.2321319580078, 1.0], [299.33642578125, 221.03842163085938, 1.0], [248.39535522460938, 237.20889282226562, 1.0], [202.21331787109375, 216.06008911132812, 1.0], [250.29832458496094, 197.32940673828125, 1.0], [192.09811401367188, 226.89321899414062, 1.0], [166.20343017578125, 231.2055206298828, 1.0], [168.11532592773438, 220.479736328125, 1.0], [229.08514404296875, 169.0247039794922, 1.0], [149.96270751953125, 195.68768310546875, 1.0], [140.1970672607422, 201.41236877441406, 1.0], [168.66978454589844, 195.4335174560547, 1.0], [210.26963806152344, 147.04595947265625, 1.0], [127.68965911865234, 162.54202270507812, 1.0], [120.37406921386719, 169.1320343017578, 1.0], [146.8572235107422, 170.21849060058594, 1.0], [197.68658447265625, 124.84082794189453, 1.0], [138.85748291015625, 124.46693420410156, 1.0], [126.25225067138672, 132.15887451171875, 1.0], [155.5215606689453, 141.41563415527344, 1.0]], "is_left": 0}