{"hand_pts": [[44.642173767089844, 209.6311798095703, 1.0], [97.26102447509766, 162.22706604003906, 1.0], [138.00289916992188, 114.36666870117188, 1.0], [171.42510986328125, 101.85980224609375, 1.0], [171.9947052001953, 129.3671112060547, 1.0], [176.79014587402344, 190.9368438720703, 1.0], [234.7506561279297, 192.6320343017578, 1.0], [263.0873718261719, 180.8582000732422, 1.0], [256.5169372558594, 149.22389221191406, 1.0], [156.38180541992188, 213.39065551757812, 1.0], [231.9968719482422, 210.91822814941406, 1.0], [226.5581817626953, 165.5167236328125, 1.0], [197.52835083007812, 129.81936645507812, 1.0], [135.75941467285156, 224.99703979492188, 1.0], [186.69056701660156, 215.3360137939453, 1.0], [205.25437927246094, 191.12802124023438, 1.0], [225.3505859375, 171.40174865722656, 1.0], [109.45558166503906, 233.10284423828125, 1.0], [140.11529541015625, 234.78387451171875, 1.0], [159.8910675048828, 227.22802734375, 1.0], [175.4990997314453, 201.1246337890625, 1.0]], "is_left": 0}