{"hand_pts": [[221.13021850585938, 214.1708526611328, 1.0], [252.9227294921875, 165.9883575439453, 1.0], [266.6550598144531, 98.58427429199219, 1.0], [269.63348388671875, 70.01406860351562, 1.0], [258.2877197265625, 102.1010971069336, 1.0], [154.1405792236328, 123.74939727783203, 1.0], [169.54164123535156, 121.58548736572266, 1.0], [208.11183166503906, 139.0553741455078, 1.0], [258.5668640136719, 167.5288543701172, 1.0], [122.65887451171875, 167.5995635986328, 1.0], [130.35110473632812, 186.37969970703125, 1.0], [185.4449920654297, 209.7650146484375, 1.0], [252.7610626220703, 228.8983917236328, 1.0], [108.53438568115234, 206.3131866455078, 1.0], [120.04267120361328, 215.6493377685547, 1.0], [184.68849182128906, 232.22647094726562, 1.0], [244.3446807861328, 244.42604064941406, 1.0], [105.15151977539062, 245.40550231933594, 1.0], [98.6141586303711, 259.4333190917969, 1.0], [146.57693481445312, 266.6649475097656, 1.0], [204.31236267089844, 267.0466613769531, 1.0]], "is_left": 0}