{"hand_pts": [[55.839054107666016, 176.7465057373047, 1.0], [107.17068481445312, 157.2483673095703, 1.0], [124.54023742675781, 121.12318420410156, 1.0], [161.4463348388672, 132.0100555419922, 1.0], [159.8145751953125, 165.2554473876953, 1.0], [132.60887145996094, 132.27102661132812, 1.0], [190.762451171875, 134.417724609375, 1.0], [222.56939697265625, 155.70364379882812, 1.0], [230.24737548828125, 178.56314086914062, 1.0], [130.98370361328125, 159.76248168945312, 1.0], [181.842041015625, 156.586669921875, 1.0], [222.04306030273438, 177.33294677734375, 1.0], [229.4855499267578, 192.16160583496094, 1.0], [133.1448974609375, 185.17091369628906, 1.0], [206.44972229003906, 218.29550170898438, 1.0], [243.216064453125, 238.61248779296875, 1.0], [278.7857971191406, 257.52423095703125, 1.0], [132.22344970703125, 210.26515197753906, 1.0], [169.06178283691406, 232.8099365234375, 1.0], [196.31494140625, 241.55343627929688, 1.0], [214.1626434326172, 243.18551635742188, 1.0]], "is_left": 0}