{"hand_pts": [[70.99151611328125, 72.73782348632812, 1.0], [131.46450805664062, 134.4881591796875, 1.0], [186.96832275390625, 163.78146362304688, 1.0], [212.23629760742188, 208.47669982910156, 1.0], [185.17416381835938, 220.6855010986328, 1.0], [222.4574432373047, 148.5550079345703, 1.0], [266.9131164550781, 194.98204040527344, 1.0], [256.09307861328125, 230.4732666015625, 1.0], [225.35281372070312, 251.8571014404297, 1.0], [195.54898071289062, 132.7734832763672, 1.0], [194.98143005371094, 197.8775634765625, 1.0], [156.18966674804688, 202.748779296875, 1.0], [122.72065734863281, 197.29090881347656, 1.0], [167.98826599121094, 124.27471923828125, 1.0], [171.9011688232422, 191.34283447265625, 1.0], [156.49729919433594, 226.02528381347656, 1.0], [141.40615844726562, 259.5238037109375, 1.0], [133.57603454589844, 114.67334747314453, 1.0], [158.2743682861328, 129.44937133789062, 1.0], [175.14881896972656, 147.9776153564453, 1.0], [187.09971618652344, 183.40943908691406, 1.0]], "is_left": 0}