{"hand_pts": [[41.1619758605957, 251.00543212890625, 1.0], [62.716434478759766, 223.89820861816406, 1.0], [73.95785522460938, 205.8174285888672, 1.0], [102.83939361572266, 191.4742431640625, 1.0], [146.27072143554688, 183.48651123046875, 1.0], [128.54629516601562, 162.70550537109375, 1.0], [175.93093872070312, 127.28421783447266, 1.0], [202.12643432617188, 131.5118408203125, 1.0], [224.19090270996094, 142.9263153076172, 1.0], [145.58531188964844, 180.85971069335938, 1.0], [206.80029296875, 161.49465942382812, 1.0], [229.99703979492188, 169.6377410888672, 1.0], [253.26522827148438, 175.2003936767578, 1.0], [156.79159545898438, 200.9140167236328, 1.0], [220.88902282714844, 190.01414489746094, 1.0], [247.7133026123047, 196.77464294433594, 1.0], [257.47119140625, 213.9550018310547, 1.0], [160.43296813964844, 225.0594482421875, 1.0], [207.80953979492188, 211.01902770996094, 1.0], [235.47247314453125, 208.60157775878906, 1.0], [255.9921112060547, 210.62474060058594, 1.0]], "is_left": 0}