{"hand_pts": [[39.510658264160156, 100.9369125366211, 1.0], [80.97608947753906, 156.62905883789062, 1.0], [95.57180786132812, 193.29823303222656, 1.0], [130.11553955078125, 228.09727478027344, 1.0], [146.9691162109375, 227.5632781982422, 1.0], [187.08494567871094, 165.9551544189453, 1.0], [222.6744842529297, 211.18763732910156, 1.0], [195.6200408935547, 223.8311309814453, 1.0], [153.17501831054688, 213.85919189453125, 1.0], [197.95626831054688, 146.6627197265625, 1.0], [251.60057067871094, 194.80931091308594, 1.0], [220.38833618164062, 214.1232147216797, 1.0], [168.9874725341797, 208.32174682617188, 1.0], [201.63079833984375, 134.17958068847656, 1.0], [249.448486328125, 176.637939453125, 1.0], [216.75341796875, 191.41419982910156, 1.0], [169.91636657714844, 182.8175811767578, 1.0], [194.89773559570312, 121.25476837158203, 1.0], [221.44212341308594, 145.31922912597656, 1.0], [195.0028533935547, 160.13421630859375, 1.0], [156.03369140625, 156.51315307617188, 1.0]], "is_left": 0}