{"hand_pts": [[3.5476715564727783, 159.57379150390625, 1.0], [74.31410217285156, 126.77285766601562, 1.0], [118.50214385986328, 76.25183868408203, 1.0], [181.79229736328125, 75.71440124511719, 1.0], [217.3518829345703, 113.57999420166016, 1.0], [141.00486755371094, 163.7838897705078, 1.0], [220.24685668945312, 162.77755737304688, 1.0], [242.8004913330078, 153.94984436035156, 1.0], [234.6922607421875, 145.13470458984375, 1.0], [132.1643524169922, 201.3178253173828, 1.0], [225.190185546875, 211.04962158203125, 1.0], [245.25267028808594, 190.86753845214844, 1.0], [229.59259033203125, 165.01504516601562, 1.0], [125.69109344482422, 227.54466247558594, 1.0], [210.45225524902344, 247.6352081298828, 1.0], [224.5721435546875, 228.24986267089844, 1.0], [204.73416137695312, 199.19268798828125, 1.0], [113.06648254394531, 247.7725067138672, 1.0], [164.2484130859375, 267.34271240234375, 1.0], [180.18014526367188, 250.56492614746094, 1.0], [165.84413146972656, 216.97091674804688, 1.0]], "is_left": 0}