{"hand_pts": [[65.66838836669922, 195.7618865966797, 1.0], [81.05459594726562, 227.85862731933594, 1.0], [66.96944427490234, 256.539794921875, 1.0], [86.26481628417969, 283.3226623535156, 1.0], [127.71115112304688, 300.8128356933594, 1.0], [123.79598999023438, 158.77133178710938, 1.0], [162.66673278808594, 149.0124969482422, 1.0], [192.5502471923828, 179.34886169433594, 1.0], [204.37681579589844, 215.4440155029297, 1.0], [150.42025756835938, 135.65354919433594, 1.0], [204.66879272460938, 116.7782974243164, 1.0], [232.79083251953125, 154.73141479492188, 1.0], [230.02035522460938, 201.55783081054688, 1.0], [172.35459899902344, 125.7840805053711, 1.0], [237.14344787597656, 142.5084686279297, 1.0], [244.2628173828125, 188.1611328125, 1.0], [221.69845581054688, 223.25271606445312, 1.0], [188.09048461914062, 123.15435028076172, 1.0], [239.35533142089844, 134.2821807861328, 1.0], [260.7591552734375, 164.588623046875, 1.0], [237.5828094482422, 199.94436645507812, 1.0]], "is_left": 0}