{"hand_pts": [[298.12652587890625, 156.00851440429688, 1.0], [270.4530334472656, 194.91522216796875, 1.0], [271.2612609863281, 219.11094665527344, 1.0], [224.4708709716797, 227.1737518310547, 1.0], [183.10897827148438, 219.984130859375, 1.0], [261.48870849609375, 141.8325958251953, 1.0], [214.17889404296875, 166.09352111816406, 1.0], [173.22975158691406, 211.0546875, 1.0], [157.61221313476562, 239.6997528076172, 1.0], [241.31939697265625, 126.40474700927734, 1.0], [168.23512268066406, 149.03146362304688, 1.0], [135.06507873535156, 200.95359802246094, 1.0], [110.88451385498047, 246.02789306640625, 1.0], [220.7261199951172, 123.30118560791016, 1.0], [137.8383026123047, 175.94412231445312, 1.0], [141.62887573242188, 204.39730834960938, 1.0], [176.98094177246094, 200.1940155029297, 1.0], [203.8887176513672, 125.34256744384766, 1.0], [155.88645935058594, 130.82432556152344, 1.0], [135.24208068847656, 168.24049377441406, 1.0], [130.72885131835938, 202.14291381835938, 1.0]], "is_left": 0}