{"hand_pts": [[205.43592834472656, 306.8675842285156, 1.0], [238.80580139160156, 277.1398010253906, 1.0], [290.510009765625, 261.8520202636719, 1.0], [286.45928955078125, 232.65248107910156, 1.0], [238.5403594970703, 213.37974548339844, 1.0], [237.46739196777344, 172.90963745117188, 1.0], [233.51881408691406, 139.79751586914062, 1.0], [221.6457061767578, 161.12294006347656, 1.0], [209.07786560058594, 200.2609100341797, 1.0], [196.82640075683594, 168.55288696289062, 1.0], [175.50680541992188, 118.63720703125, 1.0], [169.70758056640625, 144.48085021972656, 1.0], [173.74771118164062, 189.73892211914062, 1.0], [163.85958862304688, 171.74237060546875, 1.0], [128.95516967773438, 135.19801330566406, 1.0], [123.99199676513672, 163.06924438476562, 1.0], [138.41061401367188, 206.85321044921875, 1.0], [134.11965942382812, 184.8271026611328, 1.0], [102.34527587890625, 166.62506103515625, 1.0], [99.06723022460938, 185.033935546875, 1.0], [120.0964584350586, 220.23757934570312, 1.0]], "is_left": 0}