{"hand_pts": [[55.2412109375, 263.1029968261719, 1.0], [96.99024200439453, 198.1232452392578, 1.0], [132.16357421875, 147.22581481933594, 1.0], [179.27781677246094, 117.85943603515625, 1.0], [181.75067138671875, 147.06639099121094, 1.0], [182.03822326660156, 192.68252563476562, 1.0], [231.86846923828125, 139.7356414794922, 1.0], [251.99851989746094, 102.96630859375, 1.0], [261.3974609375, 69.71507263183594, 1.0], [175.1225128173828, 226.53387451171875, 1.0], [230.28956604003906, 177.89845275878906, 1.0], [209.95391845703125, 149.04275512695312, 1.0], [168.8511199951172, 153.50259399414062, 1.0], [165.36099243164062, 249.19644165039062, 1.0], [167.81275939941406, 218.88462829589844, 1.0], [135.37042236328125, 208.78253173828125, 1.0], [102.33844757080078, 200.96932983398438, 1.0], [148.65370178222656, 269.9923400878906, 1.0], [190.71871948242188, 256.2637939453125, 1.0], [217.7526092529297, 240.7101593017578, 1.0], [209.03713989257812, 210.90296936035156, 1.0]], "is_left": 0}