{"hand_pts": [[243.2063446044922, 231.03244018554688, 1.0], [226.73052978515625, 267.35308837890625, 1.0], [201.23703002929688, 302.6210632324219, 1.0], [179.56736755371094, 256.9231262207031, 1.0], [192.64016723632812, 210.65245056152344, 1.0], [255.18666076660156, 206.0697021484375, 1.0], [196.76596069335938, 240.62496948242188, 1.0], [172.47084045410156, 266.6069030761719, 1.0], [157.73460388183594, 284.7015075683594, 1.0], [241.6680450439453, 161.71566772460938, 1.0], [237.04664611816406, 113.48645782470703, 1.0], [192.0399627685547, 120.45185089111328, 1.0], [144.92141723632812, 150.3101806640625, 1.0], [224.16122436523438, 132.45713806152344, 1.0], [146.64862060546875, 118.63479614257812, 1.0], [116.72437286376953, 155.39205932617188, 1.0], [108.55039978027344, 194.29409790039062, 1.0], [206.00308227539062, 111.99117279052734, 1.0], [146.5203094482422, 115.53836059570312, 1.0], [146.3521728515625, 150.62611389160156, 1.0], [189.65878295898438, 151.4935302734375, 1.0]], "is_left": 0}