{"hand_pts": [[162.97116088867188, 121.7245864868164, 1.0], [145.58541870117188, 197.76524353027344, 1.0], [101.62255859375, 248.55963134765625, 1.0], [123.55039978027344, 270.78643798828125, 1.0], [157.09153747558594, 278.12811279296875, 1.0], [130.05288696289062, 172.4136962890625, 1.0], [124.44824981689453, 183.7208709716797, 1.0], [125.49858856201172, 194.073974609375, 1.0], [141.3566131591797, 218.40086364746094, 1.0], [163.75160217285156, 138.9949493408203, 1.0], [164.1464385986328, 147.5465545654297, 1.0], [187.50047302246094, 196.49227905273438, 1.0], [203.57676696777344, 231.3756103515625, 1.0], [194.24720764160156, 119.76071166992188, 1.0], [224.79713439941406, 150.981689453125, 1.0], [246.73907470703125, 181.17491149902344, 1.0], [266.61273193359375, 205.68116760253906, 1.0], [223.661865234375, 103.79656982421875, 1.0], [251.14878845214844, 112.87078857421875, 1.0], [260.9903259277344, 154.39205932617188, 1.0], [268.71185302734375, 199.972412109375, 1.0]], "is_left": 0}