{"hand_pts": [[203.4674072265625, 51.94785690307617, 1.0], [189.68179321289062, 61.957027435302734, 1.0], [211.21751403808594, 54.305843353271484, 1.0], [193.67181396484375, 96.16552734375, 1.0], [168.09046936035156, 140.477294921875, 1.0], [244.31996154785156, 137.6772918701172, 1.0], [244.33889770507812, 179.4453887939453, 1.0], [218.92494201660156, 200.5769805908203, 1.0], [168.08538818359375, 195.6461181640625, 1.0], [235.71934509277344, 161.6209716796875, 1.0], [229.3765411376953, 226.8562774658203, 1.0], [180.47256469726562, 236.5838165283203, 1.0], [134.99745178222656, 245.83953857421875, 1.0], [220.0454864501953, 176.8688201904297, 1.0], [167.93101501464844, 235.09703063964844, 1.0], [117.24800109863281, 244.6848602294922, 1.0], [67.49055480957031, 231.77064514160156, 1.0], [200.6460418701172, 183.52761840820312, 1.0], [173.97837829589844, 230.40036010742188, 1.0], [135.3037567138672, 225.48141479492188, 1.0], [135.13812255859375, 187.0718231201172, 1.0]], "is_left": 0}