{"hand_pts": [[361.9588623046875, 211.55398559570312, 1.0], [303.3694152832031, 250.259033203125, 1.0], [262.6006774902344, 283.72711181640625, 1.0], [210.919921875, 274.49298095703125, 1.0], [168.256103515625, 252.781005859375, 1.0], [207.5574951171875, 211.3634490966797, 1.0], [149.6482696533203, 221.54473876953125, 1.0], [149.1956329345703, 235.99932861328125, 1.0], [165.72332763671875, 248.08944702148438, 1.0], [217.24652099609375, 171.39503479003906, 1.0], [146.80218505859375, 162.19944763183594, 1.0], [118.14710998535156, 169.17514038085938, 1.0], [117.75330352783203, 188.90977478027344, 1.0], [229.1160125732422, 143.99440002441406, 1.0], [158.0225830078125, 121.70288848876953, 1.0], [133.0191192626953, 127.2356948852539, 1.0], [126.92720031738281, 144.9820556640625, 1.0], [249.2912139892578, 122.98931884765625, 1.0], [210.95877075195312, 106.18077087402344, 1.0], [199.58419799804688, 115.96467590332031, 1.0], [212.12432861328125, 144.1888427734375, 1.0]], "is_left": 0}