{"hand_pts": [[53.89799499511719, 69.51828002929688, 1.0], [96.062255859375, 113.42845153808594, 1.0], [122.23285675048828, 128.54806518554688, 1.0], [183.6281280517578, 135.36422729492188, 1.0], [220.93060302734375, 131.2627716064453, 1.0], [119.79021453857422, 210.47390747070312, 1.0], [191.66976928710938, 201.9278564453125, 1.0], [187.04449462890625, 153.46780395507812, 1.0], [144.1716766357422, 139.15951538085938, 1.0], [126.7653579711914, 196.16517639160156, 1.0], [173.97708129882812, 268.9366455078125, 1.0], [223.77340698242188, 289.5716247558594, 1.0], [268.81866455078125, 280.625732421875, 1.0], [135.86849975585938, 178.31625366210938, 1.0], [218.251953125, 198.07579040527344, 1.0], [243.665283203125, 165.4733123779297, 1.0], [227.24972534179688, 128.14207458496094, 1.0], [141.49826049804688, 152.94418334960938, 1.0], [182.0985565185547, 188.865478515625, 1.0], [219.05874633789062, 202.0744171142578, 1.0], [256.0625305175781, 205.96754455566406, 1.0]], "is_left": 0}