{"hand_pts": [[371.30224609375, 174.7237548828125, 1.0], [296.7711486816406, 161.92811584472656, 1.0], [256.7203369140625, 138.27392578125, 1.0], [198.608642578125, 157.18194580078125, 1.0], [166.5430450439453, 197.0438690185547, 1.0], [215.74452209472656, 98.61154174804688, 1.0], [142.15354919433594, 116.49481201171875, 1.0], [123.91053771972656, 160.0762939453125, 1.0], [134.3948211669922, 202.93727111816406, 1.0], [225.197265625, 122.3782730102539, 1.0], [139.47874450683594, 152.8328857421875, 1.0], [121.61470031738281, 198.42774963378906, 1.0], [136.5669708251953, 233.57688903808594, 1.0], [233.0235595703125, 149.0687713623047, 1.0], [157.10699462890625, 191.86190795898438, 1.0], [151.78155517578125, 231.65591430664062, 1.0], [176.8270263671875, 251.68862915039062, 1.0], [248.12017822265625, 178.88040161132812, 1.0], [203.36785888671875, 217.71229553222656, 1.0], [196.357666015625, 248.01736450195312, 1.0], [218.53515625, 252.2068328857422, 1.0]], "is_left": 0}