{"hand_pts": [[319.2996520996094, 134.2378387451172, 1.0], [250.19818115234375, 115.70564270019531, 1.0], [206.7825927734375, 82.22888946533203, 1.0], [160.83778381347656, 88.2593994140625, 1.0], [141.21018981933594, 126.92569732666016, 1.0], [192.40988159179688, 132.06739807128906, 1.0], [136.54148864746094, 141.17247009277344, 1.0], [128.04783630371094, 156.34616088867188, 1.0], [151.0606689453125, 162.3107452392578, 1.0], [213.04736328125, 168.74624633789062, 1.0], [165.29898071289062, 183.72476196289062, 1.0], [151.1793670654297, 185.2608642578125, 1.0], [165.67431640625, 174.77130126953125, 1.0], [229.5407257080078, 198.36215209960938, 1.0], [178.15040588378906, 235.14247131347656, 1.0], [164.37649536132812, 245.00750732421875, 1.0], [176.82081604003906, 233.02366638183594, 1.0], [250.34109497070312, 223.64991760253906, 1.0], [229.80052185058594, 259.3409729003906, 1.0], [218.5023193359375, 278.2782287597656, 1.0], [214.4826202392578, 279.27899169921875, 1.0]], "is_left": 0}