{"hand_pts": [[44.5999870300293, 191.832275390625, 1.0], [91.56524658203125, 159.97061157226562, 1.0], [122.23885345458984, 126.86222076416016, 1.0], [159.26608276367188, 121.57330322265625, 1.0], [184.72457885742188, 138.8352813720703, 1.0], [186.6357879638672, 147.0666961669922, 1.0], [202.01841735839844, 137.52377319335938, 1.0], [177.15406799316406, 141.92526245117188, 1.0], [148.29029846191406, 148.7996368408203, 1.0], [177.60418701171875, 179.54576110839844, 1.0], [243.6757049560547, 191.70938110351562, 1.0], [275.9436950683594, 200.0701141357422, 1.0], [261.1253662109375, 204.07737731933594, 1.0], [165.03411865234375, 206.25064086914062, 1.0], [236.73770141601562, 208.35443115234375, 1.0], [255.81263732910156, 210.84849548339844, 1.0], [241.08969116210938, 210.6580047607422, 1.0], [144.45587158203125, 231.1436767578125, 1.0], [142.5961151123047, 242.45285034179688, 1.0], [120.57569122314453, 242.6621856689453, 1.0], [94.82881927490234, 238.9531707763672, 1.0]], "is_left": 0}