{"hand_pts": [[151.11956787109375, 285.7223205566406, 1.0], [130.19387817382812, 214.74464416503906, 1.0], [102.49957275390625, 160.21282958984375, 1.0], [92.59208679199219, 127.13008117675781, 1.0], [91.59194946289062, 107.66584777832031, 1.0], [219.3275146484375, 179.952392578125, 1.0], [231.1895294189453, 140.4872283935547, 1.0], [210.6586151123047, 118.57291412353516, 1.0], [180.22901916503906, 100.97197723388672, 1.0], [222.2163848876953, 218.41452026367188, 1.0], [262.87005615234375, 173.81884765625, 1.0], [236.4826202392578, 144.5009765625, 1.0], [204.4082794189453, 118.20303344726562, 1.0], [213.04061889648438, 248.7156524658203, 1.0], [213.50625610351562, 215.5243377685547, 1.0], [181.80450439453125, 195.1938934326172, 1.0], [138.71556091308594, 176.10781860351562, 1.0], [196.77426147460938, 279.8783874511719, 1.0], [189.05572509765625, 267.6109619140625, 1.0], [162.95872497558594, 254.48069763183594, 1.0], [125.87935638427734, 237.35797119140625, 1.0]], "is_left": 0}