{"hand_pts": [[351.4904479980469, 174.3850555419922, 1.0], [289.530029296875, 173.49661254882812, 1.0], [255.64306640625, 139.302734375, 1.0], [202.22364807128906, 142.47410583496094, 1.0], [173.77540588378906, 170.64784240722656, 1.0], [205.93096923828125, 140.68409729003906, 1.0], [161.74436950683594, 178.3581085205078, 1.0], [192.0398406982422, 200.41567993164062, 1.0], [230.59210205078125, 189.98147583007812, 1.0], [214.57566833496094, 155.50753784179688, 1.0], [143.8565673828125, 182.10989379882812, 1.0], [117.71894836425781, 209.29383850097656, 1.0], [99.84278869628906, 236.46456909179688, 1.0], [223.5019073486328, 172.37545776367188, 1.0], [150.5829620361328, 168.9385986328125, 1.0], [127.29121398925781, 192.44850158691406, 1.0], [105.03895568847656, 215.64222717285156, 1.0], [239.7788543701172, 190.51123046875, 1.0], [198.21200561523438, 200.74949645996094, 1.0], [184.42005920410156, 217.27847290039062, 1.0], [205.01559448242188, 217.8256072998047, 1.0]], "is_left": 0}