{"hand_pts": [[291.62237548828125, 48.76909255981445, 1.0], [234.66555786132812, 85.02873992919922, 1.0], [192.25132751464844, 83.08995056152344, 1.0], [166.8856658935547, 134.46627807617188, 1.0], [181.5266571044922, 182.07281494140625, 1.0], [132.26748657226562, 120.50386047363281, 1.0], [123.55269622802734, 184.51736450195312, 1.0], [161.63482666015625, 193.77037048339844, 1.0], [199.77487182617188, 170.92115783691406, 1.0], [151.59230041503906, 140.38165283203125, 1.0], [127.64926147460938, 224.72813415527344, 1.0], [166.7234649658203, 227.43052673339844, 1.0], [198.97064208984375, 188.9900360107422, 1.0], [172.96517944335938, 159.25962829589844, 1.0], [159.3471221923828, 244.0218505859375, 1.0], [192.31396484375, 244.03778076171875, 1.0], [209.03713989257812, 200.18948364257812, 1.0], [202.0448455810547, 172.60694885253906, 1.0], [211.91510009765625, 228.838623046875, 1.0], [236.26116943359375, 236.7765655517578, 1.0], [252.00314331054688, 206.81063842773438, 1.0]], "is_left": 0}