{"hand_pts": [[84.04180145263672, 261.92840576171875, 1.0], [109.6996078491211, 190.4100341796875, 1.0], [114.25650024414062, 118.45836639404297, 1.0], [118.4925765991211, 90.03339385986328, 1.0], [119.30529022216797, 117.63417053222656, 1.0], [210.22068786621094, 183.45591735839844, 1.0], [231.1156463623047, 141.15870666503906, 1.0], [187.1470184326172, 126.082275390625, 1.0], [145.77883911132812, 112.82417297363281, 1.0], [206.3340606689453, 220.22439575195312, 1.0], [266.824951171875, 195.38870239257812, 1.0], [238.15750122070312, 158.0586395263672, 1.0], [195.91917419433594, 128.24227905273438, 1.0], [195.2447052001953, 245.51255798339844, 1.0], [252.16262817382812, 240.06202697753906, 1.0], [262.244873046875, 217.94007873535156, 1.0], [227.36972045898438, 184.08428955078125, 1.0], [175.75303649902344, 269.2387390136719, 1.0], [153.44508361816406, 257.3412170410156, 1.0], [119.33071899414062, 241.92147827148438, 1.0], [122.43234252929688, 242.8701629638672, 1.0]], "is_left": 0}