{"hand_pts": [[109.35702514648438, 200.1986846923828, 1.0], [183.32943725585938, 220.52792358398438, 1.0], [242.2203369140625, 254.90859985351562, 1.0], [282.36663818359375, 218.24009704589844, 1.0], [260.04534912109375, 168.91249084472656, 1.0], [179.2991485595703, 270.39947509765625, 1.0], [233.19500732421875, 227.47421264648438, 1.0], [240.8626251220703, 191.33425903320312, 1.0], [217.30445861816406, 189.68710327148438, 1.0], [142.12155151367188, 242.28912353515625, 1.0], [198.5674591064453, 176.62081909179688, 1.0], [208.13194274902344, 151.95912170410156, 1.0], [184.52606201171875, 178.78793334960938, 1.0], [117.4544448852539, 213.62460327148438, 1.0], [163.2562255859375, 146.09974670410156, 1.0], [173.22354125976562, 127.75711822509766, 1.0], [157.68199157714844, 155.06459045410156, 1.0], [94.9473648071289, 182.91285705566406, 1.0], [115.42221069335938, 129.0198974609375, 1.0], [132.6959228515625, 113.75044250488281, 1.0], [126.34112548828125, 146.9363250732422, 1.0]], "is_left": 0}