{"hand_pts": [[215.919921875, 251.86048889160156, 1.0], [240.94570922851562, 255.95860290527344, 1.0], [289.9809875488281, 273.460205078125, 1.0], [268.7949523925781, 266.5523986816406, 1.0], [211.13320922851562, 246.11732482910156, 1.0], [259.3858947753906, 171.29043579101562, 1.0], [233.70864868164062, 164.06849670410156, 1.0], [206.02679443359375, 194.10232543945312, 1.0], [193.7324676513672, 223.49029541015625, 1.0], [221.4097900390625, 147.71954345703125, 1.0], [177.29600524902344, 133.74185180664062, 1.0], [158.1718292236328, 175.5398712158203, 1.0], [166.3419647216797, 215.61676025390625, 1.0], [187.68960571289062, 135.6660614013672, 1.0], [133.10540771484375, 118.32003784179688, 1.0], [120.00178527832031, 157.7378692626953, 1.0], [139.9600830078125, 193.53211975097656, 1.0], [155.46376037597656, 132.91795349121094, 1.0], [107.11447143554688, 124.01600646972656, 1.0], [99.19760131835938, 156.50462341308594, 1.0], [127.0484619140625, 189.6138458251953, 1.0]], "is_left": 0}