{"hand_pts": [[262.4117736816406, 116.83203125, 1.0], [210.44131469726562, 111.45633697509766, 1.0], [146.79299926757812, 100.67840576171875, 1.0], [122.44686889648438, 130.299560546875, 1.0], [157.0939178466797, 165.64913940429688, 1.0], [141.6634063720703, 184.5768280029297, 1.0], [92.21782684326172, 210.59622192382812, 1.0], [116.28182220458984, 191.87185668945312, 1.0], [159.97030639648438, 165.36666870117188, 1.0], [176.15078735351562, 205.20465087890625, 1.0], [176.3174591064453, 173.83221435546875, 1.0], [200.7923126220703, 129.72003173828125, 1.0], [221.14260864257812, 90.26109313964844, 1.0], [208.04637145996094, 215.51473999023438, 1.0], [186.3867645263672, 262.85919189453125, 1.0], [189.664306640625, 261.2738342285156, 1.0], [202.9231719970703, 233.7284393310547, 1.0], [243.1791534423828, 217.72381591796875, 1.0], [246.84217834472656, 231.1874237060547, 1.0], [257.50048828125, 198.95765686035156, 1.0], [260.7133483886719, 169.5626220703125, 1.0]], "is_left": 0}