{"hand_pts": [[86.10810852050781, 294.4072570800781, 1.0], [143.22547912597656, 271.23193359375, 1.0], [199.74407958984375, 266.1158142089844, 1.0], [239.3800506591797, 241.36013793945312, 1.0], [256.78082275390625, 205.8413543701172, 1.0], [183.7966766357422, 231.9714813232422, 1.0], [230.8403778076172, 204.6544952392578, 1.0], [257.57232666015625, 181.06024169921875, 1.0], [276.4771423339844, 155.15255737304688, 1.0], [154.0605010986328, 219.27093505859375, 1.0], [196.06918334960938, 168.96751403808594, 1.0], [211.36929321289062, 146.51345825195312, 1.0], [214.92300415039062, 138.57542419433594, 1.0], [129.36111450195312, 208.8769073486328, 1.0], [158.6348876953125, 156.1956024169922, 1.0], [173.5871124267578, 129.08534240722656, 1.0], [183.421875, 114.7349624633789, 1.0], [102.71207427978516, 203.3220977783203, 1.0], [109.43519592285156, 162.79891967773438, 1.0], [116.42523193359375, 139.5152587890625, 1.0], [126.300048828125, 129.74688720703125, 1.0]], "is_left": 0}