{"hand_pts": [[7.2348246574401855, 138.1761932373047, 1.0], [63.57817459106445, 188.65289306640625, 1.0], [99.3945541381836, 212.3730926513672, 1.0], [149.98619079589844, 235.4118194580078, 1.0], [159.92063903808594, 233.42271423339844, 1.0], [174.41159057617188, 148.4033203125, 1.0], [211.44851684570312, 203.77035522460938, 1.0], [192.7442169189453, 242.12367248535156, 1.0], [149.70782470703125, 258.9956970214844, 1.0], [173.31015014648438, 120.48639678955078, 1.0], [233.63763427734375, 170.9561767578125, 1.0], [233.68177795410156, 218.62635803222656, 1.0], [194.85658264160156, 255.69381713867188, 1.0], [167.3265838623047, 105.44935607910156, 1.0], [234.66473388671875, 144.2536163330078, 1.0], [233.5286102294922, 187.61846923828125, 1.0], [192.86764526367188, 218.91525268554688, 1.0], [150.68643188476562, 95.34453582763672, 1.0], [196.7832489013672, 110.52486419677734, 1.0], [208.30287170410156, 142.10516357421875, 1.0], [199.2976837158203, 182.76161193847656, 1.0]], "is_left": 0}