{"hand_pts": [[272.2425537109375, 138.43240356445312, 1.0], [224.3001708984375, 113.0048828125, 1.0], [188.93959045410156, 92.65972900390625, 1.0], [170.79129028320312, 73.1943130493164, 1.0], [173.41188049316406, 64.86038970947266, 1.0], [168.184326171875, 186.92227172851562, 1.0], [131.63218688964844, 200.740234375, 1.0], [127.74242401123047, 182.41331481933594, 1.0], [142.17300415039062, 152.2008514404297, 1.0], [188.39381408691406, 222.1160888671875, 1.0], [149.34078979492188, 245.20480346679688, 1.0], [153.0418243408203, 205.4910430908203, 1.0], [175.50350952148438, 160.62428283691406, 1.0], [207.9391326904297, 243.4522705078125, 1.0], [181.05731201171875, 238.6709747314453, 1.0], [199.87025451660156, 192.85342407226562, 1.0], [220.45501708984375, 159.2472686767578, 1.0], [232.39256286621094, 255.26693725585938, 1.0], [221.2500762939453, 259.5748291015625, 1.0], [220.3726348876953, 235.36813354492188, 1.0], [225.97132873535156, 192.6725311279297, 1.0]], "is_left": 0}