{"hand_pts": [[286.16815185546875, 66.44982147216797, 1.0], [265.34033203125, 130.21951293945312, 1.0], [267.4990234375, 189.0398712158203, 1.0], [232.96865844726562, 224.144287109375, 1.0], [191.8706512451172, 218.93435668945312, 1.0], [238.2140655517578, 206.94613647460938, 1.0], [191.59271240234375, 257.1024475097656, 1.0], [168.37672424316406, 248.41494750976562, 1.0], [161.24147033691406, 218.3768310546875, 1.0], [223.54876708984375, 175.9324188232422, 1.0], [161.103271484375, 224.57501220703125, 1.0], [143.44007873535156, 216.34738159179688, 1.0], [149.75418090820312, 191.7215118408203, 1.0], [210.52969360351562, 147.92697143554688, 1.0], [147.16778564453125, 182.1266632080078, 1.0], [133.9869384765625, 174.0474395751953, 1.0], [146.3761749267578, 155.4908905029297, 1.0], [202.2588348388672, 115.55432891845703, 1.0], [157.7626495361328, 124.44978332519531, 1.0], [145.4317169189453, 123.19404602050781, 1.0], [159.68670654296875, 117.90109252929688, 1.0]], "is_left": 0}