{"hand_pts": [[257.9509582519531, 210.29493713378906, 1.0], [187.62554931640625, 209.4333953857422, 1.0], [124.20265197753906, 214.7462615966797, 1.0], [94.08704376220703, 191.57879638671875, 1.0], [116.2051010131836, 167.3155975341797, 1.0], [190.6366729736328, 237.10447692871094, 1.0], [147.23434448242188, 220.97618103027344, 1.0], [123.20014953613281, 190.5383758544922, 1.0], [121.42086791992188, 169.2568359375, 1.0], [231.7521514892578, 224.91204833984375, 1.0], [185.00648498535156, 198.38243103027344, 1.0], [153.0157012939453, 169.06594848632812, 1.0], [144.06988525390625, 156.25082397460938, 1.0], [259.6942443847656, 210.81195068359375, 1.0], [224.44903564453125, 177.7982635498047, 1.0], [198.09182739257812, 154.37911987304688, 1.0], [185.04864501953125, 145.51495361328125, 1.0], [284.6590270996094, 195.7234344482422, 1.0], [267.8357238769531, 167.47238159179688, 1.0], [241.88983154296875, 145.18731689453125, 1.0], [222.0854949951172, 141.46224975585938, 1.0]], "is_left": 0}