{"hand_pts": [[273.46270751953125, 252.93634033203125, 1.0], [279.8978271484375, 221.5301971435547, 1.0], [308.2227783203125, 200.1096649169922, 1.0], [289.98681640625, 165.98904418945312, 1.0], [244.00901794433594, 143.86026000976562, 1.0], [218.6124725341797, 249.13844299316406, 1.0], [194.4350128173828, 206.24014282226562, 1.0], [194.42196655273438, 164.27650451660156, 1.0], [206.75477600097656, 134.16085815429688, 1.0], [187.4628448486328, 250.08804321289062, 1.0], [153.7202606201172, 200.83489990234375, 1.0], [156.5175018310547, 154.71791076660156, 1.0], [177.26028442382812, 116.93011474609375, 1.0], [166.06764221191406, 244.0862274169922, 1.0], [123.46781158447266, 205.48976135253906, 1.0], [130.47572326660156, 164.22747802734375, 1.0], [150.08628845214844, 128.81927490234375, 1.0], [152.360595703125, 236.2707977294922, 1.0], [117.93177795410156, 199.4473876953125, 1.0], [115.55621337890625, 164.45843505859375, 1.0], [138.54656982421875, 135.35623168945312, 1.0]], "is_left": 0}