{"hand_pts": [[324.56134033203125, 153.9582061767578, 1.0], [261.103271484375, 135.70811462402344, 1.0], [210.35263061523438, 118.11766815185547, 1.0], [167.164794921875, 135.33506774902344, 1.0], [140.17218017578125, 157.8424835205078, 1.0], [187.9608154296875, 171.86106872558594, 1.0], [126.7821044921875, 194.5873565673828, 1.0], [110.54113006591797, 192.84844970703125, 1.0], [90.97605895996094, 193.98350524902344, 1.0], [209.35902404785156, 195.59922790527344, 1.0], [152.68081665039062, 196.62380981445312, 1.0], [152.5870361328125, 177.62196350097656, 1.0], [144.67002868652344, 162.78482055664062, 1.0], [228.61070251464844, 211.15997314453125, 1.0], [171.08639526367188, 214.22189331054688, 1.0], [155.5286102294922, 202.4606170654297, 1.0], [159.80186462402344, 182.06643676757812, 1.0], [253.29664611816406, 221.75460815429688, 1.0], [241.58544921875, 219.3582000732422, 1.0], [259.690185546875, 198.72760009765625, 1.0], [277.37158203125, 176.3767547607422, 1.0]], "is_left": 0}