{"hand_pts": [[152.71160888671875, 247.07601928710938, 1.0], [211.51564025878906, 236.50595092773438, 1.0], [283.276123046875, 228.3651123046875, 1.0], [286.75933837890625, 232.02613830566406, 1.0], [230.2402801513672, 240.0569305419922, 1.0], [230.695556640625, 145.19386291503906, 1.0], [240.6224365234375, 155.73068237304688, 1.0], [225.3177947998047, 199.2163848876953, 1.0], [209.37008666992188, 219.13003540039062, 1.0], [187.7865447998047, 134.48971557617188, 1.0], [184.09620666503906, 139.7252655029297, 1.0], [182.2261962890625, 192.88392639160156, 1.0], [186.5777130126953, 212.22772216796875, 1.0], [153.2064208984375, 133.10324096679688, 1.0], [133.81436157226562, 140.4943084716797, 1.0], [137.00965881347656, 187.27365112304688, 1.0], [151.96615600585938, 192.86923217773438, 1.0], [119.36945343017578, 140.80795288085938, 1.0], [91.1901626586914, 149.09808349609375, 1.0], [101.78630828857422, 187.88502502441406, 1.0], [126.95713806152344, 194.03787231445312, 1.0]], "is_left": 0}