{"hand_pts": [[32.67171859741211, 223.76644897460938, 1.0], [78.51433563232422, 251.71681213378906, 1.0], [117.28954315185547, 281.077392578125, 1.0], [159.3976287841797, 285.5013732910156, 1.0], [198.95022583007812, 280.4758605957031, 1.0], [147.69163513183594, 214.7976837158203, 1.0], [203.48756408691406, 207.81051635742188, 1.0], [238.67808532714844, 203.89939880371094, 1.0], [272.7950134277344, 198.7224578857422, 1.0], [137.88748168945312, 183.41793823242188, 1.0], [203.71804809570312, 165.98875427246094, 1.0], [244.16549682617188, 161.0855255126953, 1.0], [280.180419921875, 160.57200622558594, 1.0], [127.15213012695312, 161.96475219726562, 1.0], [189.03172302246094, 141.22824096679688, 1.0], [222.53079223632812, 137.25335693359375, 1.0], [253.50946044921875, 136.5458984375, 1.0], [110.48294830322266, 145.9019775390625, 1.0], [148.46188354492188, 126.04924774169922, 1.0], [172.63172912597656, 121.9795913696289, 1.0], [196.38720703125, 124.04119110107422, 1.0]], "is_left": 0}