{"hand_pts": [[256.31646728515625, 249.99063110351562, 1.0], [236.5834197998047, 265.701171875, 1.0], [213.78781127929688, 289.0162353515625, 1.0], [183.719482421875, 282.16363525390625, 1.0], [156.78836059570312, 247.7431640625, 1.0], [132.60105895996094, 233.6313018798828, 1.0], [130.2950439453125, 203.93809509277344, 1.0], [175.05101013183594, 198.43283081054688, 1.0], [215.6295928955078, 203.6451873779297, 1.0], [135.3363037109375, 193.7134246826172, 1.0], [157.22779846191406, 179.26625061035156, 1.0], [202.02418518066406, 185.54214477539062, 1.0], [246.53298950195312, 201.82156372070312, 1.0], [146.8007354736328, 162.05810546875, 1.0], [160.44932556152344, 137.2179718017578, 1.0], [191.6712646484375, 133.6363067626953, 1.0], [225.5150604248047, 133.08840942382812, 1.0], [167.22250366210938, 136.02432250976562, 1.0], [182.36517333984375, 108.36585998535156, 1.0], [201.97705078125, 94.82404327392578, 1.0], [237.5135498046875, 104.15879821777344, 1.0]], "is_left": 0}