{"hand_pts": [[217.22616577148438, 30.309680938720703, 1.0], [197.97952270507812, 80.68396759033203, 1.0], [171.18414306640625, 108.84706115722656, 1.0], [215.1360626220703, 151.1864776611328, 1.0], [262.2326965332031, 181.15341186523438, 1.0], [128.203125, 141.2012939453125, 1.0], [122.49423217773438, 202.78028869628906, 1.0], [143.2375030517578, 240.5222930908203, 1.0], [196.901611328125, 242.6013946533203, 1.0], [156.1454620361328, 137.25506591796875, 1.0], [96.65140533447266, 196.49310302734375, 1.0], [114.64972686767578, 238.01266479492188, 1.0], [167.7921905517578, 237.68226623535156, 1.0], [186.21490478515625, 133.64894104003906, 1.0], [167.19747924804688, 197.7653045654297, 1.0], [180.5911407470703, 236.144775390625, 1.0], [191.5350341796875, 273.6708984375, 1.0], [219.33932495117188, 124.49720001220703, 1.0], [242.6983642578125, 168.47854614257812, 1.0], [269.6950988769531, 194.15330505371094, 1.0], [296.36578369140625, 192.37271118164062, 1.0]], "is_left": 0}