{"hand_pts": [[44.6387825012207, 247.1490936279297, 1.0], [85.91670227050781, 182.23399353027344, 1.0], [93.9661865234375, 120.17245483398438, 1.0], [122.85580444335938, 86.65582275390625, 1.0], [156.32666015625, 72.74749755859375, 1.0], [165.38304138183594, 157.693603515625, 1.0], [218.4654083251953, 120.51533508300781, 1.0], [216.5020751953125, 119.8969955444336, 1.0], [186.75376892089844, 139.54888916015625, 1.0], [174.5682373046875, 201.1486053466797, 1.0], [241.55079650878906, 190.08041381835938, 1.0], [227.45352172851562, 189.98873901367188, 1.0], [178.60211181640625, 193.9279327392578, 1.0], [179.5867156982422, 235.3718719482422, 1.0], [244.58050537109375, 212.69712829589844, 1.0], [220.71932983398438, 210.10203552246094, 1.0], [195.4939727783203, 208.13238525390625, 1.0], [176.19454956054688, 268.7801513671875, 1.0], [220.55577087402344, 271.1721496582031, 1.0], [197.32110595703125, 260.8918151855469, 1.0], [161.55401611328125, 249.2399444580078, 1.0]], "is_left": 0}