{"hand_pts": [[236.5394744873047, 119.87981414794922, 1.0], [259.0709533691406, 125.2178726196289, 1.0], [297.03106689453125, 121.19552612304688, 1.0], [294.5172119140625, 162.19961547851562, 1.0], [261.903564453125, 207.35174560546875, 1.0], [186.6493377685547, 94.90089416503906, 1.0], [181.88661193847656, 134.67837524414062, 1.0], [205.4394989013672, 181.03294372558594, 1.0], [232.39797973632812, 208.7013702392578, 1.0], [152.749267578125, 116.42417907714844, 1.0], [134.74098205566406, 169.5595703125, 1.0], [162.1807861328125, 218.10256958007812, 1.0], [204.54446411132812, 245.89332580566406, 1.0], [132.48770141601562, 139.91754150390625, 1.0], [110.55567169189453, 197.66305541992188, 1.0], [142.87783813476562, 237.53111267089844, 1.0], [184.257080078125, 256.7486877441406, 1.0], [121.17918395996094, 163.59593200683594, 1.0], [109.44320678710938, 213.7780303955078, 1.0], [141.91334533691406, 239.0277557373047, 1.0], [181.75579833984375, 241.6451873779297, 1.0]], "is_left": 0}