{"hand_pts": [[101.66719818115234, 318.6612854003906, 1.0], [139.87879943847656, 291.6485290527344, 1.0], [146.1561737060547, 277.38702392578125, 1.0], [173.81861877441406, 235.72203063964844, 1.0], [185.73629760742188, 220.9515380859375, 1.0], [125.07164001464844, 197.4608917236328, 1.0], [179.4086456298828, 171.57884216308594, 1.0], [223.59085083007812, 186.52841186523438, 1.0], [234.10858154296875, 218.7720947265625, 1.0], [131.45465087890625, 187.80792236328125, 1.0], [137.02769470214844, 116.59276580810547, 1.0], [188.80938720703125, 114.39969635009766, 1.0], [233.8990020751953, 129.52706909179688, 1.0], [143.84463500976562, 185.7843017578125, 1.0], [147.4503173828125, 121.63896942138672, 1.0], [191.9302520751953, 123.19369506835938, 1.0], [233.1500701904297, 137.9469451904297, 1.0], [156.26254272460938, 193.2291259765625, 1.0], [213.1659393310547, 181.0100860595703, 1.0], [238.96389770507812, 204.2327423095703, 1.0], [227.10208129882812, 236.89796447753906, 1.0]], "is_left": 0}