{"hand_pts": [[250.8209228515625, 329.0894775390625, 1.0], [211.8373565673828, 284.86212158203125, 1.0], [189.95941162109375, 273.4060363769531, 1.0], [137.6064453125, 234.4462127685547, 1.0], [127.07708740234375, 221.9774169921875, 1.0], [243.41929626464844, 180.56272888183594, 1.0], [182.6713104248047, 129.02574157714844, 1.0], [153.00375366210938, 161.81948852539062, 1.0], [172.2275848388672, 206.94686889648438, 1.0], [250.43309020996094, 170.25473022460938, 1.0], [173.7346649169922, 121.65605926513672, 1.0], [144.7325439453125, 166.6677703857422, 1.0], [166.83767700195312, 217.39642333984375, 1.0], [248.73007202148438, 166.3536834716797, 1.0], [183.91720581054688, 111.13776397705078, 1.0], [155.7098846435547, 148.217529296875, 1.0], [168.8886260986328, 195.58470153808594, 1.0], [244.6840362548828, 172.64869689941406, 1.0], [201.1468963623047, 146.01319885253906, 1.0], [175.17369079589844, 173.27365112304688, 1.0], [187.79782104492188, 210.0402069091797, 1.0]], "is_left": 0}