{"hand_pts": [[241.3177947998047, 314.2579040527344, 1.0], [225.79824829101562, 227.66197204589844, 1.0], [231.81639099121094, 162.27256774902344, 1.0], [210.20094299316406, 129.45018005371094, 1.0], [187.83111572265625, 112.88612365722656, 1.0], [239.20327758789062, 183.28448486328125, 1.0], [242.2220458984375, 136.24427795410156, 1.0], [209.5337371826172, 119.22258758544922, 1.0], [187.48373413085938, 134.2431182861328, 1.0], [226.72604370117188, 217.361572265625, 1.0], [172.9085235595703, 169.45529174804688, 1.0], [137.9176483154297, 150.50164794921875, 1.0], [129.03750610351562, 159.41595458984375, 1.0], [211.96835327148438, 243.9010772705078, 1.0], [167.29380798339844, 207.2902374267578, 1.0], [138.4975128173828, 186.50314331054688, 1.0], [108.80341339111328, 166.3726806640625, 1.0], [197.19024658203125, 273.19244384765625, 1.0], [163.18743896484375, 250.23928833007812, 1.0], [144.04347229003906, 236.16720581054688, 1.0], [155.50270080566406, 241.315185546875, 1.0]], "is_left": 0}