{"hand_pts": [[261.4181823730469, 105.90924835205078, 1.0], [184.6116180419922, 142.9095001220703, 1.0], [122.9551010131836, 177.530517578125, 1.0], [108.8880844116211, 205.89932250976562, 1.0], [146.6212158203125, 204.9669189453125, 1.0], [145.6731414794922, 120.87896728515625, 1.0], [113.36744689941406, 183.4415740966797, 1.0], [121.22801971435547, 216.10472106933594, 1.0], [129.614013671875, 248.4234161376953, 1.0], [193.3465576171875, 120.93601989746094, 1.0], [157.2823486328125, 124.59699249267578, 1.0], [132.0078125, 144.59617614746094, 1.0], [108.24890899658203, 171.0878143310547, 1.0], [231.4736785888672, 127.87734985351562, 1.0], [238.81483459472656, 198.84063720703125, 1.0], [244.88233947753906, 239.05499267578125, 1.0], [249.77096557617188, 273.70526123046875, 1.0], [269.8463134765625, 135.84869384765625, 1.0], [270.0230407714844, 181.26730346679688, 1.0], [268.0339050292969, 216.81480407714844, 1.0], [258.06494140625, 233.16864013671875, 1.0]], "is_left": 0}