{"hand_pts": [[144.26161193847656, 253.86073303222656, 1.0], [182.0822296142578, 257.1811828613281, 1.0], [212.89273071289062, 284.557373046875, 1.0], [202.15061950683594, 268.7104187011719, 1.0], [168.9459686279297, 233.9502716064453, 1.0], [251.10971069335938, 181.58151245117188, 1.0], [245.35658264160156, 199.0492401123047, 1.0], [213.08697509765625, 225.4694061279297, 1.0], [181.60748291015625, 249.487548828125, 1.0], [224.58627319335938, 153.47402954101562, 1.0], [218.55873107910156, 138.45555114746094, 1.0], [189.7787322998047, 166.07679748535156, 1.0], [168.2191619873047, 201.0169677734375, 1.0], [197.7902374267578, 136.265380859375, 1.0], [171.97579956054688, 101.14035034179688, 1.0], [145.2904510498047, 131.65504455566406, 1.0], [140.6315460205078, 168.51980590820312, 1.0], [167.0379180908203, 128.0557098388672, 1.0], [149.48678588867188, 122.09425354003906, 1.0], [132.8798065185547, 149.78176879882812, 1.0], [138.0831756591797, 171.6434783935547, 1.0]], "is_left": 0}