{"hand_pts": [[63.48197555541992, 72.9642105102539, 1.0], [127.42828369140625, 94.2750244140625, 1.0], [170.92344665527344, 105.05479431152344, 1.0], [200.5045623779297, 135.58572387695312, 1.0], [215.6049041748047, 169.35968017578125, 1.0], [182.00628662109375, 132.42298889160156, 1.0], [227.28782653808594, 163.055419921875, 1.0], [247.07766723632812, 188.08473205566406, 1.0], [266.224365234375, 212.3829345703125, 1.0], [152.3185272216797, 147.53175354003906, 1.0], [199.4250946044922, 186.44888305664062, 1.0], [229.05458068847656, 212.6663360595703, 1.0], [256.581787109375, 236.74388122558594, 1.0], [126.89716339111328, 159.96299743652344, 1.0], [166.62347412109375, 205.17373657226562, 1.0], [184.8698272705078, 229.1473388671875, 1.0], [199.45521545410156, 248.68869018554688, 1.0], [98.21172332763672, 167.38035583496094, 1.0], [118.63458251953125, 201.88882446289062, 1.0], [133.61599731445312, 224.88131713867188, 1.0], [150.76422119140625, 248.29344177246094, 1.0]], "is_left": 0}