{"hand_pts": [[88.31334686279297, 227.9661102294922, 1.0], [109.98562622070312, 248.71775817871094, 1.0], [110.29901885986328, 284.1156311035156, 1.0], [112.8182373046875, 294.60028076171875, 1.0], [118.59436798095703, 259.0273132324219, 1.0], [191.6920928955078, 228.505615234375, 1.0], [248.31829833984375, 217.0930633544922, 1.0], [266.1569519042969, 201.4058837890625, 1.0], [277.10284423828125, 184.0198974609375, 1.0], [188.24761962890625, 194.40087890625, 1.0], [209.9565887451172, 175.1602783203125, 1.0], [193.5042724609375, 171.27487182617188, 1.0], [165.30191040039062, 172.9161834716797, 1.0], [179.1280517578125, 167.90899658203125, 1.0], [222.2124786376953, 139.57119750976562, 1.0], [197.4329376220703, 140.0009765625, 1.0], [176.39651489257812, 138.2604522705078, 1.0], [163.07315063476562, 145.89328002929688, 1.0], [182.07301330566406, 106.60440063476562, 1.0], [182.25877380371094, 88.98831939697266, 1.0], [160.54586791992188, 108.03414916992188, 1.0]], "is_left": 0}