{"hand_pts": [[203.88169860839844, 301.0003662109375, 1.0], [174.90029907226562, 280.6455993652344, 1.0], [141.663818359375, 266.4859619140625, 1.0], [141.2964324951172, 225.63446044921875, 1.0], [156.07948303222656, 197.67649841308594, 1.0], [167.5419464111328, 200.34783935546875, 1.0], [160.0387420654297, 202.625244140625, 1.0], [161.05642700195312, 225.25558471679688, 1.0], [163.4821319580078, 249.0011444091797, 1.0], [189.09373474121094, 190.61639404296875, 1.0], [179.2929229736328, 130.42111206054688, 1.0], [172.8444366455078, 100.40699005126953, 1.0], [167.40036010742188, 88.18476104736328, 1.0], [206.20623779296875, 187.8305206298828, 1.0], [210.89219665527344, 156.19215393066406, 1.0], [210.43544006347656, 178.57579040527344, 1.0], [207.19920349121094, 211.97813415527344, 1.0], [222.6216583251953, 192.55796813964844, 1.0], [221.16600036621094, 157.3560028076172, 1.0], [218.29530334472656, 141.30413818359375, 1.0], [212.85208129882812, 133.3497772216797, 1.0]], "is_left": 0}