{"hand_pts": [[202.9494171142578, 92.5278549194336, 1.0], [232.13766479492188, 142.20079040527344, 1.0], [269.781494140625, 182.30018615722656, 1.0], [290.14959716796875, 215.64285278320312, 1.0], [298.8432922363281, 242.75978088378906, 1.0], [189.18679809570312, 208.6753692626953, 1.0], [197.09706115722656, 240.3090362548828, 1.0], [210.3077392578125, 233.44078063964844, 1.0], [222.44113159179688, 221.20420837402344, 1.0], [155.13365173339844, 188.26602172851562, 1.0], [174.572509765625, 202.82806396484375, 1.0], [201.66343688964844, 185.84384155273438, 1.0], [227.49220275878906, 163.76419067382812, 1.0], [132.0133056640625, 168.21810913085938, 1.0], [120.88117980957031, 175.60824584960938, 1.0], [147.01365661621094, 154.4160614013672, 1.0], [172.4773406982422, 136.17166137695312, 1.0], [114.94393920898438, 143.3435516357422, 1.0], [95.37867736816406, 151.92771911621094, 1.0], [102.82099914550781, 151.60340881347656, 1.0], [123.12395477294922, 148.7401123046875, 1.0]], "is_left": 0}