{"hand_pts": [[149.28729248046875, 245.5966033935547, 1.0], [130.2720184326172, 260.0325927734375, 1.0], [96.40308380126953, 289.4535827636719, 1.0], [131.98915100097656, 282.8297424316406, 1.0], [182.63272094726562, 258.762939453125, 1.0], [99.96034240722656, 175.21353149414062, 1.0], [141.8356170654297, 188.2498779296875, 1.0], [176.17657470703125, 221.13771057128906, 1.0], [197.93801879882812, 254.2556915283203, 1.0], [130.88478088378906, 144.73130798339844, 1.0], [180.70912170410156, 134.46607971191406, 1.0], [212.70664978027344, 177.84400939941406, 1.0], [225.8092803955078, 225.95001220703125, 1.0], [160.34603881835938, 127.60807037353516, 1.0], [210.68917846679688, 104.75194549560547, 1.0], [238.77488708496094, 142.64456176757812, 1.0], [236.02532958984375, 187.39572143554688, 1.0], [190.013916015625, 120.00715637207031, 1.0], [233.504638671875, 102.75537109375, 1.0], [256.8749084472656, 130.58505249023438, 1.0], [242.82742309570312, 171.60968017578125, 1.0]], "is_left": 0}