{"hand_pts": [[276.2323303222656, 78.40186309814453, 1.0], [280.5075988769531, 124.27305603027344, 1.0], [291.9222412109375, 133.1328887939453, 1.0], [261.1827697753906, 178.35226440429688, 1.0], [233.24221801757812, 196.74388122558594, 1.0], [200.92800903320312, 130.4444122314453, 1.0], [161.8692626953125, 184.5021209716797, 1.0], [183.22418212890625, 213.67906188964844, 1.0], [213.94212341308594, 200.66867065429688, 1.0], [170.723388671875, 127.00093078613281, 1.0], [171.79991149902344, 208.4080810546875, 1.0], [211.1072540283203, 232.67343139648438, 1.0], [249.56044006347656, 209.48670959472656, 1.0], [152.27374267578125, 128.98548889160156, 1.0], [117.26414489746094, 201.33819580078125, 1.0], [134.68719482421875, 239.19140625, 1.0], [162.62477111816406, 267.55413818359375, 1.0], [143.32489013671875, 129.8143310546875, 1.0], [102.58396911621094, 165.48179626464844, 1.0], [112.11200714111328, 199.50796508789062, 1.0], [151.9410858154297, 194.01480102539062, 1.0]], "is_left": 0}