{"hand_pts": [[81.50284576416016, 75.53544616699219, 1.0], [142.75294494628906, 111.40393829345703, 1.0], [192.76051330566406, 110.11006927490234, 1.0], [242.1870880126953, 118.53385162353516, 1.0], [269.95062255859375, 127.39134216308594, 1.0], [134.0575408935547, 213.0309295654297, 1.0], [164.40716552734375, 265.8346252441406, 1.0], [202.83151245117188, 241.7547149658203, 1.0], [210.53756713867188, 202.28109741210938, 1.0], [118.74118041992188, 210.00347900390625, 1.0], [200.5039520263672, 209.74777221679688, 1.0], [221.40658569335938, 165.47434997558594, 1.0], [204.32778930664062, 129.58486938476562, 1.0], [113.36426544189453, 201.15682983398438, 1.0], [156.5605010986328, 248.4739227294922, 1.0], [199.08334350585938, 253.91842651367188, 1.0], [235.07627868652344, 228.12966918945312, 1.0], [108.90943908691406, 183.68263244628906, 1.0], [158.24118041992188, 180.20550537109375, 1.0], [182.43368530273438, 153.08358764648438, 1.0], [163.97174072265625, 133.431396484375, 1.0]], "is_left": 0}