{"hand_pts": [[220.13478088378906, 153.00827026367188, 1.0], [224.98423767089844, 122.0064926147461, 1.0], [213.4476318359375, 75.53660583496094, 1.0], [218.5145721435547, 74.23674011230469, 1.0], [230.57687377929688, 98.41574096679688, 1.0], [130.4609375, 135.05416870117188, 1.0], [134.39097595214844, 155.44091796875, 1.0], [170.52188110351562, 170.23988342285156, 1.0], [219.47738647460938, 176.277099609375, 1.0], [126.64373016357422, 175.65658569335938, 1.0], [162.17356872558594, 186.9781494140625, 1.0], [219.92478942871094, 182.27833557128906, 1.0], [272.4084167480469, 174.4858856201172, 1.0], [133.94000244140625, 207.41078186035156, 1.0], [149.68930053710938, 242.92442321777344, 1.0], [197.57131958007812, 246.5134735107422, 1.0], [246.98654174804688, 240.9718475341797, 1.0], [149.42640686035156, 234.6943359375, 1.0], [141.92550659179688, 260.5036315917969, 1.0], [157.81219482421875, 269.99298095703125, 1.0], [195.1646728515625, 250.12728881835938, 1.0]], "is_left": 0}