{"hand_pts": [[293.24658203125, 265.9068298339844, 1.0], [217.65928649902344, 252.08477783203125, 1.0], [163.85205078125, 253.03733825683594, 1.0], [137.39878845214844, 222.1613311767578, 1.0], [159.4397735595703, 190.44468688964844, 1.0], [151.6112518310547, 222.04818725585938, 1.0], [107.11344909667969, 182.4654541015625, 1.0], [98.66107940673828, 156.1940155029297, 1.0], [104.9907455444336, 137.7492218017578, 1.0], [187.1390380859375, 205.60862731933594, 1.0], [125.01580047607422, 166.484619140625, 1.0], [136.5302276611328, 165.58602905273438, 1.0], [158.4912109375, 172.74412536621094, 1.0], [218.27969360351562, 191.90199279785156, 1.0], [221.1131591796875, 143.98214721679688, 1.0], [243.86647033691406, 164.3101043701172, 1.0], [250.61917114257812, 195.6686248779297, 1.0], [253.7171630859375, 182.39373779296875, 1.0], [247.9133758544922, 146.3854217529297, 1.0], [253.26902770996094, 152.7483367919922, 1.0], [257.9803161621094, 181.38079833984375, 1.0]], "is_left": 0}