{"hand_pts": [[172.61856079101562, 190.03555297851562, 1.0], [159.25978088378906, 232.97711181640625, 1.0], [139.84317016601562, 279.7887878417969, 1.0], [151.18084716796875, 296.0829772949219, 1.0], [182.40061950683594, 276.15423583984375, 1.0], [120.3324966430664, 195.09605407714844, 1.0], [140.38394165039062, 210.4462432861328, 1.0], [169.45010375976562, 227.15562438964844, 1.0], [200.99505615234375, 242.81129455566406, 1.0], [141.6341094970703, 155.2990264892578, 1.0], [171.37954711914062, 163.956298828125, 1.0], [202.7636260986328, 191.98927307128906, 1.0], [228.2176513671875, 219.2034149169922, 1.0], [163.90267944335938, 127.92866516113281, 1.0], [189.1885986328125, 114.10801696777344, 1.0], [217.45547485351562, 129.9922332763672, 1.0], [237.13128662109375, 159.61526489257812, 1.0], [187.88690185546875, 106.32606506347656, 1.0], [211.4029998779297, 96.55841064453125, 1.0], [232.71829223632812, 115.77294921875, 1.0], [247.09857177734375, 146.49130249023438, 1.0]], "is_left": 0}