{"hand_pts": [[21.884765625, 161.92660522460938, 1.0], [70.98212432861328, 192.3088836669922, 1.0], [92.79253387451172, 222.88670349121094, 1.0], [137.0209503173828, 228.15023803710938, 1.0], [180.4432830810547, 221.56520080566406, 1.0], [140.3805389404297, 210.74610900878906, 1.0], [191.32298278808594, 202.25938415527344, 1.0], [208.60606384277344, 190.66519165039062, 1.0], [212.5229034423828, 176.8404541015625, 1.0], [142.99954223632812, 185.215087890625, 1.0], [206.3372344970703, 201.1295928955078, 1.0], [231.1932373046875, 198.15599060058594, 1.0], [236.09689331054688, 191.58792114257812, 1.0], [144.07215881347656, 163.5853271484375, 1.0], [210.26950073242188, 167.90225219726562, 1.0], [242.10227966308594, 166.97506713867188, 1.0], [261.8155517578125, 165.2160186767578, 1.0], [138.32411193847656, 142.1105499267578, 1.0], [183.95944213867188, 143.85374450683594, 1.0], [202.58531188964844, 145.39642333984375, 1.0], [220.4296875, 148.18423461914062, 1.0]], "is_left": 0}