{"hand_pts": [[148.10646057128906, 333.83978271484375, 1.0], [119.41145324707031, 261.1220703125, 1.0], [78.44461822509766, 208.49166870117188, 1.0], [87.7730484008789, 154.40481567382812, 1.0], [124.9488296508789, 140.82398986816406, 1.0], [175.02728271484375, 177.17950439453125, 1.0], [161.11175537109375, 128.81887817382812, 1.0], [139.6910858154297, 163.58413696289062, 1.0], [131.8030548095703, 211.2305450439453, 1.0], [212.20077514648438, 193.7581787109375, 1.0], [210.69239807128906, 144.45021057128906, 1.0], [178.22344970703125, 166.8939208984375, 1.0], [145.75157165527344, 209.40768432617188, 1.0], [236.56764221191406, 208.8107452392578, 1.0], [268.44775390625, 141.15611267089844, 1.0], [238.00994873046875, 147.2020721435547, 1.0], [204.73480224609375, 182.5914764404297, 1.0], [253.308837890625, 230.71731567382812, 1.0], [269.7020568847656, 199.27163696289062, 1.0], [237.703857421875, 208.86505126953125, 1.0], [202.736572265625, 232.8451385498047, 1.0]], "is_left": 0}