{"hand_pts": [[16.458290100097656, 249.1552276611328, 1.0], [67.34353637695312, 177.45040893554688, 1.0], [103.70652770996094, 124.71085357666016, 1.0], [151.376708984375, 115.3345947265625, 1.0], [160.62168884277344, 152.36822509765625, 1.0], [181.71127319335938, 181.1267547607422, 1.0], [209.4801483154297, 134.09243774414062, 1.0], [217.47682189941406, 104.15729522705078, 1.0], [190.45974731445312, 85.75745391845703, 1.0], [173.63955688476562, 222.28668212890625, 1.0], [200.87110900878906, 182.83135986328125, 1.0], [181.583251953125, 154.4498748779297, 1.0], [148.55809020996094, 131.4764862060547, 1.0], [160.4713592529297, 250.36636352539062, 1.0], [237.69442749023438, 246.9067840576172, 1.0], [245.4506072998047, 216.9132080078125, 1.0], [228.49392700195312, 187.1319122314453, 1.0], [137.6617431640625, 275.5613708496094, 1.0], [185.44325256347656, 268.9183654785156, 1.0], [212.47555541992188, 254.32672119140625, 1.0], [211.68544006347656, 222.95098876953125, 1.0]], "is_left": 0}