{"hand_pts": [[275.0600280761719, 110.92417907714844, 1.0], [279.3544921875, 142.97727966308594, 1.0], [284.57147216796875, 161.4092254638672, 1.0], [248.3767547607422, 177.89707946777344, 1.0], [210.46116638183594, 183.087890625, 1.0], [268.4245300292969, 204.2736358642578, 1.0], [229.1156463623047, 225.59356689453125, 1.0], [200.7310791015625, 210.12353515625, 1.0], [170.4451904296875, 198.10214233398438, 1.0], [233.25408935546875, 193.63790893554688, 1.0], [185.26377868652344, 220.0609130859375, 1.0], [166.68502807617188, 200.7049560546875, 1.0], [149.50064086914062, 182.70077514648438, 1.0], [201.43768310546875, 180.45480346679688, 1.0], [132.5938720703125, 181.4311981201172, 1.0], [114.10758209228516, 161.13162231445312, 1.0], [134.9683380126953, 142.06056213378906, 1.0], [172.81582641601562, 161.72129821777344, 1.0], [129.99642944335938, 176.40365600585938, 1.0], [99.9605941772461, 181.85687255859375, 1.0], [106.11505889892578, 173.14151000976562, 1.0]], "is_left": 0}