{"hand_pts": [[354.935791015625, 156.75267028808594, 1.0], [313.4404602050781, 209.63816833496094, 1.0], [294.3794860839844, 263.18603515625, 1.0], [236.65350341796875, 255.95977783203125, 1.0], [193.1966552734375, 223.35922241210938, 1.0], [238.47032165527344, 210.35276794433594, 1.0], [172.73623657226562, 229.18124389648438, 1.0], [136.62159729003906, 239.08619689941406, 1.0], [132.28611755371094, 240.13284301757812, 1.0], [228.62286376953125, 168.4435577392578, 1.0], [149.40982055664062, 192.35023498535156, 1.0], [126.88611602783203, 210.80174255371094, 1.0], [152.0568084716797, 217.5734405517578, 1.0], [222.4661102294922, 136.630126953125, 1.0], [142.39340209960938, 143.27899169921875, 1.0], [134.85806274414062, 157.02609252929688, 1.0], [168.55899047851562, 168.198486328125, 1.0], [224.4933624267578, 107.69309997558594, 1.0], [169.13417053222656, 92.74771118164062, 1.0], [142.964599609375, 99.78533172607422, 1.0], [124.69686126708984, 114.58304595947266, 1.0]], "is_left": 0}