{"hand_pts": [[274.2494812011719, 49.078155517578125, 1.0], [198.9435577392578, 73.46630859375, 1.0], [140.08316040039062, 68.5160903930664, 1.0], [106.48271942138672, 119.07018280029297, 1.0], [112.06266021728516, 169.8838653564453, 1.0], [199.65463256835938, 134.2185516357422, 1.0], [143.74493408203125, 186.25531005859375, 1.0], [121.2845230102539, 190.82640075683594, 1.0], [127.37051391601562, 170.33103942871094, 1.0], [236.56341552734375, 157.01885986328125, 1.0], [179.68800354003906, 226.18255615234375, 1.0], [150.1553955078125, 221.9781494140625, 1.0], [147.33023071289062, 185.46142578125, 1.0], [261.2755126953125, 174.55213928222656, 1.0], [217.61898803710938, 248.0253143310547, 1.0], [184.73663330078125, 252.1398162841797, 1.0], [168.374267578125, 225.86184692382812, 1.0], [284.2281799316406, 184.55909729003906, 1.0], [261.9007568359375, 234.156494140625, 1.0], [235.10809326171875, 232.3036346435547, 1.0], [227.01817321777344, 193.2207489013672, 1.0]], "is_left": 0}