{"hand_pts": [[316.4241943359375, 214.05923461914062, 1.0], [289.51397705078125, 185.86932373046875, 1.0], [297.1788330078125, 163.98175048828125, 1.0], [249.07107543945312, 132.04808044433594, 1.0], [204.66175842285156, 118.95528411865234, 1.0], [237.04466247558594, 225.82162475585938, 1.0], [204.38844299316406, 225.921142578125, 1.0], [172.91079711914062, 205.42710876464844, 1.0], [143.2976531982422, 175.74349975585938, 1.0], [214.6819305419922, 235.3671112060547, 1.0], [141.61526489257812, 186.93589782714844, 1.0], [143.4575958251953, 150.76161193847656, 1.0], [185.76025390625, 149.0358123779297, 1.0], [195.95120239257812, 236.41148376464844, 1.0], [131.45993041992188, 205.46597290039062, 1.0], [113.15261840820312, 169.3956298828125, 1.0], [135.25332641601562, 148.13528442382812, 1.0], [183.8998260498047, 233.72044372558594, 1.0], [135.2532196044922, 201.94850158691406, 1.0], [145.8542022705078, 176.67318725585938, 1.0], [187.20606994628906, 187.11151123046875, 1.0]], "is_left": 0}