{"hand_pts": [[103.21565246582031, 271.5613098144531, 1.0], [87.19882202148438, 241.65390014648438, 1.0], [61.71706771850586, 232.8093719482422, 1.0], [84.01792907714844, 194.46923828125, 1.0], [124.62464141845703, 165.22586059570312, 1.0], [166.00502014160156, 252.74307250976562, 1.0], [207.0718231201172, 229.33786010742188, 1.0], [213.91256713867188, 188.81948852539062, 1.0], [218.41326904296875, 147.53001403808594, 1.0], [196.88626098632812, 245.93826293945312, 1.0], [221.2483367919922, 186.27516174316406, 1.0], [193.32041931152344, 137.92874145507812, 1.0], [152.99234008789062, 104.31912231445312, 1.0], [214.6796417236328, 234.79916381835938, 1.0], [246.69618225097656, 179.3214874267578, 1.0], [213.6516876220703, 141.6443328857422, 1.0], [174.24537658691406, 114.15911102294922, 1.0], [223.26947021484375, 224.06564331054688, 1.0], [242.98513793945312, 176.64694213867188, 1.0], [219.6312713623047, 143.387451171875, 1.0], [181.00698852539062, 123.66259002685547, 1.0]], "is_left": 0}