{"hand_pts": [[90.68913269042969, 295.0740051269531, 1.0], [120.2537612915039, 225.58233642578125, 1.0], [128.2794952392578, 167.9274139404297, 1.0], [147.9555206298828, 115.79814147949219, 1.0], [160.98150634765625, 123.83846282958984, 1.0], [217.03103637695312, 225.02163696289062, 1.0], [219.22691345214844, 150.99270629882812, 1.0], [177.4461669921875, 145.38941955566406, 1.0], [137.7425079345703, 137.33840942382812, 1.0], [216.52291870117188, 247.9696044921875, 1.0], [246.14865112304688, 170.84591674804688, 1.0], [201.4058380126953, 148.47152709960938, 1.0], [165.566162109375, 172.62252807617188, 1.0], [209.529052734375, 260.2339782714844, 1.0], [248.6738739013672, 202.26931762695312, 1.0], [217.25091552734375, 167.97471618652344, 1.0], [178.79100036621094, 153.3103790283203, 1.0], [194.07838439941406, 271.7463684082031, 1.0], [185.68296813964844, 236.97837829589844, 1.0], [159.15736389160156, 211.64039611816406, 1.0], [129.6211395263672, 185.17929077148438, 1.0]], "is_left": 0}