{"hand_pts": [[227.9080047607422, 193.0340576171875, 1.0], [216.3439483642578, 232.9212188720703, 1.0], [224.88856506347656, 274.711669921875, 1.0], [188.3782196044922, 289.12286376953125, 1.0], [145.5698699951172, 270.5281066894531, 1.0], [274.8127136230469, 174.05038452148438, 1.0], [231.47215270996094, 191.26669311523438, 1.0], [176.52499389648438, 220.93313598632812, 1.0], [135.63565063476562, 244.86126708984375, 1.0], [262.7408752441406, 136.20126342773438, 1.0], [213.6031036376953, 141.09622192382812, 1.0], [154.93527221679688, 181.80348205566406, 1.0], [124.99852752685547, 218.58090209960938, 1.0], [243.775146484375, 113.61988830566406, 1.0], [173.89015197753906, 124.82051849365234, 1.0], [132.2371063232422, 164.5926055908203, 1.0], [133.17715454101562, 190.15650939941406, 1.0], [221.50729370117188, 99.33628845214844, 1.0], [172.22283935546875, 100.25263977050781, 1.0], [136.1407470703125, 135.4373321533203, 1.0], [132.82102966308594, 168.36807250976562, 1.0]], "is_left": 0}