{"hand_pts": [[193.9029998779297, 220.30215454101562, 1.0], [205.9755859375, 244.44569396972656, 1.0], [204.97669982910156, 282.5802307128906, 1.0], [207.00845336914062, 299.7528381347656, 1.0], [209.2508087158203, 311.8724365234375, 1.0], [139.68431091308594, 221.7084503173828, 1.0], [138.87088012695312, 210.1636505126953, 1.0], [167.9790802001953, 201.2265167236328, 1.0], [206.52418518066406, 194.18418884277344, 1.0], [137.5416259765625, 187.0376434326172, 1.0], [162.97833251953125, 160.42950439453125, 1.0], [205.64138793945312, 156.89161682128906, 1.0], [242.76864624023438, 170.5640869140625, 1.0], [144.20339965820312, 160.41001892089844, 1.0], [182.0044708251953, 133.4125213623047, 1.0], [222.79978942871094, 132.3096160888672, 1.0], [261.3115539550781, 142.31353759765625, 1.0], [156.37796020507812, 138.14878845214844, 1.0], [155.40899658203125, 118.33673858642578, 1.0], [166.77227783203125, 110.20745849609375, 1.0], [179.57632446289062, 104.08302307128906, 1.0]], "is_left": 0}