{"hand_pts": [[168.8502960205078, 351.7481994628906, 1.0], [131.7318572998047, 284.52032470703125, 1.0], [97.49966430664062, 249.59658813476562, 1.0], [78.8556900024414, 199.0451202392578, 1.0], [80.30780792236328, 152.78343200683594, 1.0], [173.2819366455078, 205.31593322753906, 1.0], [152.92166137695312, 152.1875, 1.0], [137.1590118408203, 173.79864501953125, 1.0], [132.665283203125, 213.08201599121094, 1.0], [209.58009338378906, 213.42929077148438, 1.0], [226.17518615722656, 132.70164489746094, 1.0], [210.63504028320312, 100.6101303100586, 1.0], [182.2000732421875, 118.84231567382812, 1.0], [233.57801818847656, 220.90200805664062, 1.0], [255.20693969726562, 146.88143920898438, 1.0], [231.4781036376953, 135.9705810546875, 1.0], [205.7783660888672, 167.07046508789062, 1.0], [251.3412322998047, 235.5814208984375, 1.0], [258.9483947753906, 198.426513671875, 1.0], [234.51150512695312, 202.3717498779297, 1.0], [204.99205017089844, 217.03329467773438, 1.0]], "is_left": 0}