{"hand_pts": [[119.0316390991211, 270.0221252441406, 1.0], [187.46392822265625, 245.25587463378906, 1.0], [248.5864715576172, 216.09400939941406, 1.0], [273.4826965332031, 191.8059539794922, 1.0], [274.09906005859375, 176.233154296875, 1.0], [185.51007080078125, 163.8373260498047, 1.0], [234.17393493652344, 156.2401885986328, 1.0], [256.1588439941406, 195.4180450439453, 1.0], [262.6456604003906, 239.0769500732422, 1.0], [146.58148193359375, 177.2802734375, 1.0], [153.99981689453125, 111.59696960449219, 1.0], [173.70631408691406, 84.579345703125, 1.0], [193.4463653564453, 60.5103645324707, 1.0], [119.55165100097656, 195.40391540527344, 1.0], [165.6768035888672, 197.63623046875, 1.0], [197.9320831298828, 230.67335510253906, 1.0], [221.82565307617188, 267.42718505859375, 1.0], [94.83973693847656, 219.75372314453125, 1.0], [87.86307525634766, 200.14036560058594, 1.0], [93.69345092773438, 192.30931091308594, 1.0], [125.24132537841797, 199.53770446777344, 1.0]], "is_left": 0}