{"hand_pts": [[331.8050842285156, 199.67764282226562, 1.0], [294.3214416503906, 210.85523986816406, 1.0], [275.7489929199219, 238.08071899414062, 1.0], [241.3718719482422, 225.8359832763672, 1.0], [212.5423126220703, 197.64349365234375, 1.0], [199.66168212890625, 237.25425720214844, 1.0], [155.6953582763672, 220.89109802246094, 1.0], [155.60533142089844, 193.8325958251953, 1.0], [179.87632751464844, 167.3726043701172, 1.0], [195.52963256835938, 213.65777587890625, 1.0], [126.84114837646484, 218.0084228515625, 1.0], [110.52596282958984, 200.1975860595703, 1.0], [119.59820556640625, 177.4051513671875, 1.0], [197.3966522216797, 190.2956085205078, 1.0], [141.8428497314453, 163.07974243164062, 1.0], [151.7819366455078, 139.3922882080078, 1.0], [186.33645629882812, 133.35879516601562, 1.0], [208.393310546875, 166.4771270751953, 1.0], [177.37747192382812, 139.90045166015625, 1.0], [183.68373107910156, 122.46897888183594, 1.0], [210.28172302246094, 119.46553039550781, 1.0]], "is_left": 0}