{"hand_pts": [[39.76768493652344, 180.6909942626953, 1.0], [79.31884002685547, 168.94871520996094, 1.0], [99.24243927001953, 146.49478149414062, 1.0], [132.81858825683594, 139.7528839111328, 1.0], [166.6961212158203, 154.65167236328125, 1.0], [150.71754455566406, 155.06417846679688, 1.0], [195.31959533691406, 163.5335235595703, 1.0], [222.01083374023438, 171.04916381835938, 1.0], [222.81369018554688, 187.38165283203125, 1.0], [153.70416259765625, 174.3373260498047, 1.0], [210.43467712402344, 173.20193481445312, 1.0], [245.3841094970703, 179.61160278320312, 1.0], [278.3109130859375, 184.3932342529297, 1.0], [153.52719116210938, 192.16268920898438, 1.0], [210.0677490234375, 202.2544708251953, 1.0], [216.20468139648438, 213.7135009765625, 1.0], [223.661376953125, 224.9029998779297, 1.0], [146.30288696289062, 209.66409301757812, 1.0], [183.76605224609375, 217.2871551513672, 1.0], [189.45069885253906, 221.2308807373047, 1.0], [164.1114959716797, 215.89273071289062, 1.0]], "is_left": 0}