{"hand_pts": [[146.60794067382812, 80.97293090820312, 1.0], [113.67729949951172, 136.35772705078125, 1.0], [73.17684936523438, 170.9341583251953, 1.0], [85.40510559082031, 211.9423828125, 1.0], [129.2613067626953, 228.6967010498047, 1.0], [127.52088928222656, 147.69656372070312, 1.0], [141.06442260742188, 197.1287384033203, 1.0], [152.0376434326172, 225.6221466064453, 1.0], [159.60020446777344, 236.72935485839844, 1.0], [171.4657745361328, 132.82635498046875, 1.0], [195.41273498535156, 189.27142333984375, 1.0], [198.0635528564453, 219.47923278808594, 1.0], [190.7407684326172, 229.82943725585938, 1.0], [206.1823272705078, 124.7910385131836, 1.0], [239.07144165039062, 175.4491729736328, 1.0], [241.63356018066406, 201.93618774414062, 1.0], [229.40472412109375, 209.82809448242188, 1.0], [236.42922973632812, 116.07398223876953, 1.0], [267.3927001953125, 148.2924041748047, 1.0], [267.3509521484375, 170.3347930908203, 1.0], [245.37380981445312, 173.90972900390625, 1.0]], "is_left": 0}