{"hand_pts": [[303.4394836425781, 215.9432830810547, 1.0], [271.14166259765625, 164.09547424316406, 1.0], [268.014404296875, 114.70687866210938, 1.0], [227.74156188964844, 97.59064483642578, 1.0], [191.38934326171875, 130.24180603027344, 1.0], [248.71768188476562, 153.342529296875, 1.0], [191.0545654296875, 138.8863525390625, 1.0], [181.7168426513672, 145.40927124023438, 1.0], [188.28677368164062, 156.4859619140625, 1.0], [236.04832458496094, 191.05615234375, 1.0], [169.08255004882812, 185.39744567871094, 1.0], [126.76069641113281, 179.47384643554688, 1.0], [88.97491455078125, 173.62144470214844, 1.0], [222.89230346679688, 220.3098602294922, 1.0], [156.95408630371094, 228.4528045654297, 1.0], [117.926025390625, 227.94293212890625, 1.0], [97.7753677368164, 220.33055114746094, 1.0], [213.38568115234375, 248.00856018066406, 1.0], [165.8189697265625, 246.45855712890625, 1.0], [163.3604736328125, 238.2669677734375, 1.0], [181.06649780273438, 229.03076171875, 1.0]], "is_left": 0}