{"hand_pts": [[221.1754150390625, 241.82615661621094, 1.0], [178.1730194091797, 251.89627075195312, 1.0], [151.88307189941406, 284.7545166015625, 1.0], [128.63206481933594, 300.65423583984375, 1.0], [123.50946807861328, 260.9172058105469, 1.0], [233.6088409423828, 217.59068298339844, 1.0], [178.67955017089844, 200.40771484375, 1.0], [151.84811401367188, 204.21246337890625, 1.0], [133.28314208984375, 208.22047424316406, 1.0], [253.2363739013672, 182.2786865234375, 1.0], [229.5256805419922, 156.04530334472656, 1.0], [182.31393432617188, 147.82766723632812, 1.0], [138.7048797607422, 156.96316528320312, 1.0], [259.6665344238281, 154.94430541992188, 1.0], [190.75958251953125, 131.9181365966797, 1.0], [165.31796264648438, 152.7232666015625, 1.0], [194.33883666992188, 173.0719451904297, 1.0], [260.39324951171875, 133.8028106689453, 1.0], [223.7594757080078, 105.48760986328125, 1.0], [186.81982421875, 116.65612030029297, 1.0], [148.68936157226562, 131.19200134277344, 1.0]], "is_left": 0}