{"hand_pts": [[258.6891784667969, 64.75132751464844, 1.0], [206.58737182617188, 74.30233001708984, 1.0], [186.22537231445312, 63.08543014526367, 1.0], [158.85548400878906, 99.12230682373047, 1.0], [143.27410888671875, 142.51348876953125, 1.0], [208.27342224121094, 140.33265686035156, 1.0], [184.7220916748047, 187.04815673828125, 1.0], [153.28939819335938, 206.09388732910156, 1.0], [123.56211853027344, 224.17539978027344, 1.0], [226.38092041015625, 164.3314208984375, 1.0], [173.21646118164062, 213.35325622558594, 1.0], [146.4459686279297, 193.12054443359375, 1.0], [158.14614868164062, 154.79637145996094, 1.0], [236.51553344726562, 180.58924865722656, 1.0], [201.43618774414062, 242.55270385742188, 1.0], [171.44505310058594, 232.95375061035156, 1.0], [147.7244110107422, 211.31228637695312, 1.0], [245.97955322265625, 189.08335876464844, 1.0], [223.74566650390625, 232.33578491210938, 1.0], [198.86544799804688, 251.47021484375, 1.0], [168.60256958007812, 262.5794677734375, 1.0]], "is_left": 0}