{"hand_pts": [[94.8077392578125, 147.15635681152344, 1.0], [113.5417709350586, 105.31590270996094, 1.0], [121.7059326171875, 68.84703063964844, 1.0], [147.9279327392578, 66.50259399414062, 1.0], [179.03651428222656, 96.26617431640625, 1.0], [109.84220886230469, 161.8442840576172, 1.0], [138.8171844482422, 159.83680725097656, 1.0], [171.5867156982422, 149.97950744628906, 1.0], [209.7320098876953, 136.300537109375, 1.0], [129.71987915039062, 202.90704345703125, 1.0], [161.5882568359375, 231.06533813476562, 1.0], [205.24777221679688, 215.9308319091797, 1.0], [247.4438018798828, 197.89425659179688, 1.0], [150.63150024414062, 228.72430419921875, 1.0], [190.08966064453125, 250.7118377685547, 1.0], [227.9755096435547, 238.92474365234375, 1.0], [265.1304931640625, 216.20892333984375, 1.0], [169.27923583984375, 246.3662872314453, 1.0], [216.19789123535156, 248.1400146484375, 1.0], [248.64352416992188, 230.9456024169922, 1.0], [270.1274719238281, 198.878662109375, 1.0]], "is_left": 0}