{"hand_pts": [[257.6743469238281, 204.16285705566406, 1.0], [185.21104431152344, 179.89613342285156, 1.0], [135.34214782714844, 136.2869415283203, 1.0], [96.22000122070312, 103.99848937988281, 1.0], [101.24894714355469, 113.5467758178711, 1.0], [187.45346069335938, 140.5915069580078, 1.0], [179.7144775390625, 118.38900756835938, 1.0], [157.9641571044922, 146.07244873046875, 1.0], [137.6016082763672, 169.7989501953125, 1.0], [225.8413848876953, 168.6839141845703, 1.0], [164.15432739257812, 177.11859130859375, 1.0], [152.33396911621094, 197.6942596435547, 1.0], [168.3976287841797, 205.07537841796875, 1.0], [251.6829071044922, 195.38577270507812, 1.0], [202.71017456054688, 208.21542358398438, 1.0], [184.618896484375, 225.7946319580078, 1.0], [173.0078582763672, 240.29287719726562, 1.0], [275.1850891113281, 223.08531188964844, 1.0], [269.2581787109375, 239.63681030273438, 1.0], [244.47093200683594, 254.38739013671875, 1.0], [214.84841918945312, 260.2099609375, 1.0]], "is_left": 0}