{"hand_pts": [[297.83953857421875, 177.30255126953125, 1.0], [256.3392028808594, 226.56182861328125, 1.0], [227.0947723388672, 281.46002197265625, 1.0], [206.0648193359375, 293.9462890625, 1.0], [202.27731323242188, 266.9287109375, 1.0], [142.12301635742188, 203.80894470214844, 1.0], [106.67562866210938, 216.0104522705078, 1.0], [134.55319213867188, 227.09991455078125, 1.0], [181.26795959472656, 235.04005432128906, 1.0], [156.58016967773438, 160.4790802001953, 1.0], [124.60528564453125, 167.40000915527344, 1.0], [160.16346740722656, 188.57252502441406, 1.0], [210.0351104736328, 210.9007110595703, 1.0], [176.9628448486328, 129.69700622558594, 1.0], [152.4416046142578, 126.05293273925781, 1.0], [187.64865112304688, 145.2591552734375, 1.0], [233.81129455566406, 169.42408752441406, 1.0], [206.16127014160156, 104.12726593017578, 1.0], [198.8600616455078, 93.18695068359375, 1.0], [220.4611053466797, 107.80807495117188, 1.0], [253.62123107910156, 136.6098175048828, 1.0]], "is_left": 0}