{"hand_pts": [[320.1679382324219, 72.57881927490234, 1.0], [263.7419738769531, 99.16069030761719, 1.0], [248.17816162109375, 122.16983032226562, 1.0], [192.4434356689453, 128.7510528564453, 1.0], [154.37428283691406, 114.71188354492188, 1.0], [241.03207397460938, 194.3739776611328, 1.0], [209.25155639648438, 245.77455139160156, 1.0], [162.47117614746094, 248.31076049804688, 1.0], [129.2051239013672, 220.23928833007812, 1.0], [240.70880126953125, 193.11962890625, 1.0], [206.91490173339844, 261.88037109375, 1.0], [154.4274139404297, 272.1572265625, 1.0], [107.97099304199219, 256.334716796875, 1.0], [235.75730895996094, 184.91384887695312, 1.0], [150.95831298828125, 194.20176696777344, 1.0], [131.072021484375, 157.56825256347656, 1.0], [112.24409484863281, 121.8890609741211, 1.0], [233.897705078125, 168.12059020996094, 1.0], [178.4282684326172, 181.50099182128906, 1.0], [166.26487731933594, 153.52622985839844, 1.0], [194.94248962402344, 130.0410614013672, 1.0]], "is_left": 0}