{"hand_pts": [[259.2023010253906, 352.0220642089844, 1.0], [217.38955688476562, 297.06732177734375, 1.0], [174.2759246826172, 276.3197937011719, 1.0], [119.50630950927734, 244.53932189941406, 1.0], [103.83367156982422, 229.9401397705078, 1.0], [241.9478302001953, 196.8750762939453, 1.0], [233.48211669921875, 125.52449035644531, 1.0], [182.04754638671875, 119.06339263916016, 1.0], [154.31365966796875, 155.4253692626953, 1.0], [243.4520263671875, 205.71922302246094, 1.0], [215.20401000976562, 124.37420654296875, 1.0], [161.63755798339844, 140.4855499267578, 1.0], [137.52163696289062, 183.33255004882812, 1.0], [237.0315704345703, 217.4418487548828, 1.0], [231.58619689941406, 138.8575439453125, 1.0], [183.86956787109375, 123.51346588134766, 1.0], [142.11355590820312, 141.47781372070312, 1.0], [229.35215759277344, 237.62672424316406, 1.0], [202.3290557861328, 197.27537536621094, 1.0], [162.59478759765625, 185.28981018066406, 1.0], [120.58457946777344, 173.8177032470703, 1.0]], "is_left": 0}