{"hand_pts": [[148.77392578125, 64.58515167236328, 1.0], [198.78399658203125, 92.82227325439453, 1.0], [249.43069458007812, 85.48099517822266, 1.0], [281.1321105957031, 134.9617919921875, 1.0], [266.99920654296875, 182.11392211914062, 1.0], [158.939453125, 134.28997802734375, 1.0], [204.7311553955078, 194.06234741210938, 1.0], [231.50497436523438, 198.3512420654297, 1.0], [228.4026336669922, 171.7090606689453, 1.0], [126.9486312866211, 152.20486450195312, 1.0], [170.45394897460938, 231.02456665039062, 1.0], [207.8262939453125, 223.88442993164062, 1.0], [216.0923614501953, 182.6798553466797, 1.0], [108.35784149169922, 167.6955108642578, 1.0], [138.7841796875, 247.31951904296875, 1.0], [173.567138671875, 239.60206604003906, 1.0], [183.23695373535156, 196.73501586914062, 1.0], [95.1941909790039, 177.33306884765625, 1.0], [112.82823181152344, 229.75511169433594, 1.0], [145.40780639648438, 226.70533752441406, 1.0], [158.02989196777344, 186.05227661132812, 1.0]], "is_left": 0}