{"hand_pts": [[235.53533935546875, 36.29507064819336, 1.0], [188.57810974121094, 82.69226837158203, 1.0], [139.93710327148438, 105.5778579711914, 1.0], [143.3328857421875, 154.1551971435547, 1.0], [151.4486083984375, 199.742919921875, 1.0], [122.23014831542969, 137.80859375, 1.0], [109.31719207763672, 197.1330108642578, 1.0], [150.53878784179688, 206.2201385498047, 1.0], [194.1148681640625, 201.5959014892578, 1.0], [164.0721893310547, 139.41339111328125, 1.0], [140.61033630371094, 208.77890014648438, 1.0], [150.20301818847656, 245.81040954589844, 1.0], [162.05609130859375, 278.6666564941406, 1.0], [202.59039306640625, 140.93959045410156, 1.0], [210.76792907714844, 207.60438537597656, 1.0], [231.3416290283203, 233.7393798828125, 1.0], [253.27960205078125, 254.9435577392578, 1.0], [242.89218139648438, 136.90504455566406, 1.0], [243.25242614746094, 182.0727081298828, 1.0], [256.5362548828125, 192.9278106689453, 1.0], [258.46942138671875, 162.0205841064453, 1.0]], "is_left": 0}