{"hand_pts": [[78.94454193115234, 151.52029418945312, 1.0], [88.60498809814453, 200.7880401611328, 1.0], [82.4284439086914, 256.6461486816406, 1.0], [122.5010757446289, 268.5615539550781, 1.0], [161.40245056152344, 229.3847198486328, 1.0], [174.13865661621094, 252.52671813964844, 1.0], [185.068115234375, 238.3081512451172, 1.0], [157.78115844726562, 208.23915100097656, 1.0], [133.01434326171875, 178.28761291503906, 1.0], [199.22950744628906, 215.2339324951172, 1.0], [232.70213317871094, 204.54876708984375, 1.0], [192.69393920898438, 181.46485900878906, 1.0], [151.42111206054688, 174.40415954589844, 1.0], [214.3759765625, 181.6060028076172, 1.0], [265.3582763671875, 161.06582641601562, 1.0], [238.0258331298828, 141.62554931640625, 1.0], [195.09121704101562, 134.06971740722656, 1.0], [219.8335418701172, 146.0475311279297, 1.0], [241.00888061523438, 109.22915649414062, 1.0], [217.9658660888672, 91.61519622802734, 1.0], [178.06996154785156, 100.0058822631836, 1.0]], "is_left": 0}