{"hand_pts": [[314.2267761230469, 275.55517578125, 1.0], [269.0430908203125, 225.12966918945312, 1.0], [226.92324829101562, 187.90220642089844, 1.0], [178.48240661621094, 155.5753631591797, 1.0], [161.53054809570312, 160.38330078125, 1.0], [150.6922149658203, 206.0067596435547, 1.0], [152.50234985351562, 158.64817810058594, 1.0], [159.13394165039062, 129.08636474609375, 1.0], [169.72335815429688, 101.74644470214844, 1.0], [162.12832641601562, 219.2852020263672, 1.0], [178.4249725341797, 162.14524841308594, 1.0], [231.806884765625, 173.9491729736328, 1.0], [244.79232788085938, 205.82275390625, 1.0], [179.81944274902344, 227.03515625, 1.0], [102.92063903808594, 205.9718017578125, 1.0], [107.76760864257812, 173.4163360595703, 1.0], [140.64846801757812, 153.8936767578125, 1.0], [207.55906677246094, 236.21646118164062, 1.0], [208.1679229736328, 211.69024658203125, 1.0], [237.222412109375, 197.23817443847656, 1.0], [244.4971466064453, 209.8549346923828, 1.0]], "is_left": 0}