{"hand_pts": [[199.95834350585938, 203.7808074951172, 1.0], [240.57131958007812, 180.676025390625, 1.0], [280.9766845703125, 147.6616668701172, 1.0], [305.6973876953125, 132.2153778076172, 1.0], [321.17840576171875, 125.84828186035156, 1.0], [192.74758911132812, 154.33531188964844, 1.0], [178.91688537597656, 134.1222381591797, 1.0], [191.44712829589844, 144.16354370117188, 1.0], [205.91160583496094, 158.4031982421875, 1.0], [162.89610290527344, 183.17047119140625, 1.0], [138.70547485351562, 154.23114013671875, 1.0], [133.5028076171875, 140.5205078125, 1.0], [136.32168579101562, 131.8269805908203, 1.0], [145.8745880126953, 209.3848419189453, 1.0], [156.2244110107422, 220.24612426757812, 1.0], [187.83709716796875, 235.38136291503906, 1.0], [227.10426330566406, 250.18406677246094, 1.0], [134.90489196777344, 235.44705200195312, 1.0], [118.75301361083984, 248.19505310058594, 1.0], [117.92566680908203, 258.85174560546875, 1.0], [139.9105224609375, 268.502197265625, 1.0]], "is_left": 0}