{"hand_pts": [[33.443172454833984, 263.9296569824219, 1.0], [101.51438903808594, 271.2408142089844, 1.0], [148.7230224609375, 290.9039611816406, 1.0], [197.02711486816406, 296.428955078125, 1.0], [222.8646240234375, 273.1570129394531, 1.0], [154.49656677246094, 200.77786254882812, 1.0], [198.91778564453125, 160.7415008544922, 1.0], [234.5421142578125, 145.79913330078125, 1.0], [268.36688232421875, 137.18357849121094, 1.0], [136.7060089111328, 180.8455047607422, 1.0], [205.796630859375, 159.15731811523438, 1.0], [226.341796875, 187.29995727539062, 1.0], [213.60816955566406, 223.0504150390625, 1.0], [123.13919067382812, 170.91339111328125, 1.0], [176.03775024414062, 134.82705688476562, 1.0], [208.57713317871094, 135.1439971923828, 1.0], [240.9761505126953, 133.70452880859375, 1.0], [105.23516082763672, 168.5994873046875, 1.0], [139.57638549804688, 142.297119140625, 1.0], [167.1931610107422, 131.2920379638672, 1.0], [183.68955993652344, 157.47259521484375, 1.0]], "is_left": 0}