{"hand_pts": [[73.3232421875, 227.44187927246094, 1.0], [154.6741180419922, 200.61422729492188, 1.0], [203.2644805908203, 162.19873046875, 1.0], [254.61294555664062, 182.65293884277344, 1.0], [247.757080078125, 224.12127685546875, 1.0], [166.03701782226562, 103.04090118408203, 1.0], [233.91905212402344, 134.74624633789062, 1.0], [239.81211853027344, 181.30406188964844, 1.0], [208.30471801757812, 199.78045654296875, 1.0], [138.05943298339844, 118.0661392211914, 1.0], [213.51754760742188, 158.9992218017578, 1.0], [216.17642211914062, 201.8809356689453, 1.0], [179.78814697265625, 194.86219787597656, 1.0], [121.40188598632812, 139.11093139648438, 1.0], [179.76380920410156, 179.3178253173828, 1.0], [191.13661193847656, 218.65863037109375, 1.0], [166.52301025390625, 207.91871643066406, 1.0], [104.70013427734375, 167.6066436767578, 1.0], [137.32659912109375, 207.76194763183594, 1.0], [147.70181274414062, 233.73883056640625, 1.0], [127.25282287597656, 208.9384307861328, 1.0]], "is_left": 0}