{"hand_pts": [[75.05752563476562, 296.3505859375, 1.0], [120.58110809326172, 246.98170471191406, 1.0], [149.03021240234375, 206.2972869873047, 1.0], [181.5343017578125, 163.52658081054688, 1.0], [204.6676788330078, 137.1156463623047, 1.0], [227.88449096679688, 235.1575164794922, 1.0], [216.05267333984375, 176.14259338378906, 1.0], [179.9401092529297, 146.6520538330078, 1.0], [145.8922119140625, 116.09690856933594, 1.0], [213.92431640625, 242.83360290527344, 1.0], [258.9646911621094, 183.2132568359375, 1.0], [277.52166748046875, 144.33074951171875, 1.0], [293.9672546386719, 108.07988739013672, 1.0], [195.68128967285156, 245.22665405273438, 1.0], [186.33401489257812, 183.05096435546875, 1.0], [150.7423095703125, 153.28956604003906, 1.0], [106.2637710571289, 135.18922424316406, 1.0], [169.336669921875, 248.82742309570312, 1.0], [149.6381072998047, 210.94825744628906, 1.0], [116.67498779296875, 189.0806121826172, 1.0], [90.18812561035156, 194.69468688964844, 1.0]], "is_left": 0}