{"hand_pts": [[264.3134765625, 325.7336730957031, 1.0], [282.40997314453125, 260.7906799316406, 1.0], [296.563720703125, 227.39114379882812, 1.0], [261.6189880371094, 193.83070373535156, 1.0], [229.17999267578125, 197.85845947265625, 1.0], [214.8340606689453, 220.4569549560547, 1.0], [177.56871032714844, 188.99212646484375, 1.0], [159.8496856689453, 157.10662841796875, 1.0], [148.6464385986328, 122.97511291503906, 1.0], [184.66921997070312, 231.60235595703125, 1.0], [172.82742309570312, 160.13478088378906, 1.0], [197.31744384765625, 129.2377471923828, 1.0], [219.46710205078125, 98.85299682617188, 1.0], [166.0240020751953, 238.44122314453125, 1.0], [121.4375228881836, 192.9183349609375, 1.0], [107.8668212890625, 157.168212890625, 1.0], [105.8401870727539, 119.58856964111328, 1.0], [155.0693817138672, 249.05699157714844, 1.0], [159.940673828125, 205.57675170898438, 1.0], [172.88473510742188, 179.19580078125, 1.0], [196.4856719970703, 157.87112426757812, 1.0]], "is_left": 0}