{"hand_pts": [[226.39796447753906, 339.69293212890625, 1.0], [214.773193359375, 275.6708984375, 1.0], [204.0320281982422, 222.4405975341797, 1.0], [194.1911163330078, 170.66697692871094, 1.0], [193.57460021972656, 155.8815460205078, 1.0], [252.7186279296875, 204.349609375, 1.0], [210.06491088867188, 150.2367706298828, 1.0], [175.58917236328125, 168.72186279296875, 1.0], [163.99827575683594, 204.7833251953125, 1.0], [241.97215270996094, 218.6973876953125, 1.0], [218.99281311035156, 145.21530151367188, 1.0], [186.83108520507812, 106.6588363647461, 1.0], [146.00210571289062, 95.12359619140625, 1.0], [226.72775268554688, 231.33743286132812, 1.0], [185.57943725585938, 174.8978729248047, 1.0], [149.20851135253906, 148.20684814453125, 1.0], [110.46125030517578, 126.74169158935547, 1.0], [209.64559936523438, 249.7844696044922, 1.0], [162.2106170654297, 227.52566528320312, 1.0], [126.41082000732422, 221.82440185546875, 1.0], [89.20889282226562, 216.00479125976562, 1.0]], "is_left": 0}