{"hand_pts": [[307.5252990722656, 232.6902618408203, 1.0], [228.9578399658203, 239.6018829345703, 1.0], [182.66505432128906, 264.18707275390625, 1.0], [136.9580841064453, 270.6553649902344, 1.0], [108.41212463378906, 248.38815307617188, 1.0], [196.2989501953125, 217.01556396484375, 1.0], [142.1033477783203, 196.5257110595703, 1.0], [116.56266021728516, 184.95309448242188, 1.0], [115.26882934570312, 181.39138793945312, 1.0], [228.0206298828125, 191.0994110107422, 1.0], [177.15965270996094, 178.6826934814453, 1.0], [137.67245483398438, 169.9231414794922, 1.0], [142.54464721679688, 173.4418182373047, 1.0], [251.1004180908203, 170.51220703125, 1.0], [190.6112060546875, 146.59291076660156, 1.0], [189.49234008789062, 156.95997619628906, 1.0], [213.06748962402344, 174.68649291992188, 1.0], [275.70208740234375, 154.0670166015625, 1.0], [250.9820556640625, 130.76332092285156, 1.0], [228.93284606933594, 115.44812774658203, 1.0], [195.26687622070312, 109.67076110839844, 1.0]], "is_left": 0}