{"hand_pts": [[232.28170776367188, 27.52339744567871, 1.0], [251.6265869140625, 88.83272552490234, 1.0], [258.6891784667969, 116.02178955078125, 1.0], [249.6735076904297, 174.57814025878906, 1.0], [239.39669799804688, 176.91697692871094, 1.0], [173.89512634277344, 150.2215118408203, 1.0], [192.2148895263672, 217.91201782226562, 1.0], [223.95578002929688, 249.41966247558594, 1.0], [258.913330078125, 270.30718994140625, 1.0], [148.30653381347656, 143.56138610839844, 1.0], [197.4256134033203, 205.75132751464844, 1.0], [249.02818298339844, 192.12225341796875, 1.0], [268.78350830078125, 145.03013610839844, 1.0], [135.67575073242188, 138.64500427246094, 1.0], [96.88178253173828, 210.1717529296875, 1.0], [143.1598663330078, 213.41647338867188, 1.0], [187.45216369628906, 218.420654296875, 1.0], [131.50645446777344, 128.0828094482422, 1.0], [98.23639678955078, 175.9088897705078, 1.0], [92.43816375732422, 213.69277954101562, 1.0], [124.797119140625, 236.97052001953125, 1.0]], "is_left": 0}