{"hand_pts": [[316.8135986328125, 280.6053161621094, 1.0], [296.62799072265625, 227.44815063476562, 1.0], [282.95098876953125, 184.39260864257812, 1.0], [252.7505340576172, 150.67623901367188, 1.0], [215.7945556640625, 126.06500244140625, 1.0], [241.568603515625, 188.48367309570312, 1.0], [203.5328369140625, 147.10528564453125, 1.0], [175.06568908691406, 123.15523529052734, 1.0], [146.68353271484375, 100.67361450195312, 1.0], [224.08233642578125, 216.7194366455078, 1.0], [171.49984741210938, 173.83094787597656, 1.0], [138.901611328125, 147.89195251464844, 1.0], [108.25455474853516, 123.524658203125, 1.0], [211.30606079101562, 240.1335906982422, 1.0], [155.84414672851562, 205.30149841308594, 1.0], [125.02887725830078, 185.2821502685547, 1.0], [96.7492904663086, 166.27035522460938, 1.0], [205.15170288085938, 265.3233947753906, 1.0], [162.81968688964844, 248.64895629882812, 1.0], [134.77883911132812, 235.09811401367188, 1.0], [109.29594421386719, 218.92137145996094, 1.0]], "is_left": 0}