{"hand_pts": [[14.68231201171875, 192.78562927246094, 1.0], [70.34837341308594, 155.97244262695312, 1.0], [97.61187744140625, 117.10411834716797, 1.0], [149.88658142089844, 97.40632629394531, 1.0], [194.81492614746094, 101.28666687011719, 1.0], [130.37637329101562, 207.95924377441406, 1.0], [196.5887908935547, 184.06036376953125, 1.0], [226.54054260253906, 153.62664794921875, 1.0], [238.56814575195312, 123.22267150878906, 1.0], [129.86776733398438, 233.72337341308594, 1.0], [210.3571014404297, 219.55284118652344, 1.0], [239.7060089111328, 180.41236877441406, 1.0], [253.88365173339844, 140.26893615722656, 1.0], [130.06248474121094, 246.9802703857422, 1.0], [205.47117614746094, 227.9672088623047, 1.0], [226.90113830566406, 191.72335815429688, 1.0], [219.1509552001953, 155.74546813964844, 1.0], [124.14913940429688, 254.1466522216797, 1.0], [174.3964080810547, 253.94534301757812, 1.0], [203.49253845214844, 231.1184539794922, 1.0], [218.76075744628906, 195.83340454101562, 1.0]], "is_left": 0}