{"hand_pts": [[50.230934143066406, 179.11581420898438, 1.0], [110.09263610839844, 140.6024627685547, 1.0], [139.93836975097656, 89.92117309570312, 1.0], [179.83987426757812, 73.7641372680664, 1.0], [184.01712036132812, 108.26598358154297, 1.0], [173.22079467773438, 195.25802612304688, 1.0], [230.5762176513672, 196.65574645996094, 1.0], [263.4081115722656, 183.38992309570312, 1.0], [261.962646484375, 162.00885009765625, 1.0], [164.46278381347656, 229.440185546875, 1.0], [217.12925720214844, 194.71426391601562, 1.0], [205.4748992919922, 158.7039337158203, 1.0], [170.75747680664062, 141.82473754882812, 1.0], [157.25123596191406, 249.91329956054688, 1.0], [198.9176788330078, 225.61988830566406, 1.0], [175.40005493164062, 198.2108154296875, 1.0], [145.38327026367188, 178.83468627929688, 1.0], [144.45913696289062, 263.3296813964844, 1.0], [176.6520538330078, 269.3082580566406, 1.0], [179.90249633789062, 239.52223205566406, 1.0], [166.56991577148438, 207.80589294433594, 1.0]], "is_left": 0}