{"hand_pts": [[282.2910461425781, 29.051166534423828, 1.0], [259.6866455078125, 92.46220397949219, 1.0], [264.23150634765625, 140.15011596679688, 1.0], [251.99217224121094, 203.64303588867188, 1.0], [235.9816436767578, 216.91726684570312, 1.0], [151.18409729003906, 127.78105926513672, 1.0], [90.15594482421875, 185.04356384277344, 1.0], [115.66921997070312, 227.7964324951172, 1.0], [161.50881958007812, 243.5930938720703, 1.0], [148.7172088623047, 120.94132995605469, 1.0], [137.2796630859375, 215.3482208251953, 1.0], [196.2483673095703, 221.5438232421875, 1.0], [245.39242553710938, 194.0638427734375, 1.0], [155.16954040527344, 118.88665008544922, 1.0], [171.1917266845703, 200.93914794921875, 1.0], [210.5972442626953, 231.92286682128906, 1.0], [260.69305419921875, 231.3445281982422, 1.0], [171.23475646972656, 113.26244354248047, 1.0], [138.5233154296875, 164.2983856201172, 1.0], [152.2989501953125, 202.4427490234375, 1.0], [192.66082763671875, 201.94732666015625, 1.0]], "is_left": 0}