{"hand_pts": [[311.7624206542969, 259.0472106933594, 1.0], [279.27496337890625, 243.5236053466797, 1.0], [269.6979064941406, 248.3662567138672, 1.0], [240.01522827148438, 252.5127716064453, 1.0], [189.30081176757812, 254.45762634277344, 1.0], [252.92254638671875, 151.1721649169922, 1.0], [191.833984375, 153.8355255126953, 1.0], [151.46824645996094, 162.8740234375, 1.0], [111.24060821533203, 167.46421813964844, 1.0], [240.93649291992188, 148.58349609375, 1.0], [163.3060302734375, 154.11277770996094, 1.0], [136.42506408691406, 194.54637145996094, 1.0], [127.8841323852539, 240.52902221679688, 1.0], [228.95252990722656, 153.563232421875, 1.0], [157.45651245117188, 137.47962951660156, 1.0], [119.01205444335938, 151.6835479736328, 1.0], [97.90840911865234, 185.62210083007812, 1.0], [221.13339233398438, 166.24652099609375, 1.0], [170.26580810546875, 155.16619873046875, 1.0], [156.0491180419922, 182.900390625, 1.0], [148.7855682373047, 214.81997680664062, 1.0]], "is_left": 0}