{"hand_pts": [[198.14744567871094, 154.48756408691406, 1.0], [183.802490234375, 205.6974639892578, 1.0], [189.21414184570312, 268.1092224121094, 1.0], [186.06732177734375, 289.0034484863281, 1.0], [178.2032470703125, 262.46478271484375, 1.0], [255.77395629882812, 234.19895935058594, 1.0], [210.17666625976562, 243.46371459960938, 1.0], [158.07882690429688, 226.95826721191406, 1.0], [124.44236755371094, 205.0475616455078, 1.0], [260.2041015625, 193.74224853515625, 1.0], [204.2174835205078, 200.64495849609375, 1.0], [144.06903076171875, 195.33946228027344, 1.0], [117.7408218383789, 187.8944091796875, 1.0], [254.66653442382812, 159.505126953125, 1.0], [201.4824981689453, 136.05088806152344, 1.0], [147.02658081054688, 122.5130615234375, 1.0], [94.02062225341797, 114.22490692138672, 1.0], [242.720703125, 125.13558197021484, 1.0], [206.7109832763672, 95.83948516845703, 1.0], [162.18490600585938, 89.22088623046875, 1.0], [144.1233367919922, 107.2839126586914, 1.0]], "is_left": 0}