{"hand_pts": [[40.00204849243164, 187.30615234375, 1.0], [109.1916732788086, 210.01251220703125, 1.0], [160.45965576171875, 239.3053436279297, 1.0], [207.16395568847656, 258.8907470703125, 1.0], [249.56607055664062, 272.53228759765625, 1.0], [159.8869171142578, 179.0109405517578, 1.0], [208.84217834472656, 170.94952392578125, 1.0], [244.9719696044922, 175.78179931640625, 1.0], [278.652099609375, 177.20889282226562, 1.0], [141.75086975097656, 160.1305694580078, 1.0], [209.69424438476562, 180.541015625, 1.0], [203.938232421875, 205.10928344726562, 1.0], [188.7850341796875, 225.84715270996094, 1.0], [127.2401123046875, 148.4898681640625, 1.0], [189.69064331054688, 163.4833526611328, 1.0], [197.04278564453125, 186.95408630371094, 1.0], [190.12185668945312, 209.15525817871094, 1.0], [108.22620391845703, 140.4129180908203, 1.0], [142.4311065673828, 124.94216918945312, 1.0], [174.9719696044922, 127.66704559326172, 1.0], [209.38800048828125, 138.37171936035156, 1.0]], "is_left": 0}