{"hand_pts": [[323.1319885253906, 76.51959991455078, 1.0], [272.758056640625, 96.0469741821289, 1.0], [224.01071166992188, 86.08174896240234, 1.0], [187.5780487060547, 119.9675064086914, 1.0], [175.1761016845703, 160.79173278808594, 1.0], [170.03501892089844, 135.44813537597656, 1.0], [142.711669921875, 167.20994567871094, 1.0], [139.849853515625, 187.71865844726562, 1.0], [142.74203491210938, 207.7168426513672, 1.0], [187.8710479736328, 154.31942749023438, 1.0], [178.76644897460938, 202.51976013183594, 1.0], [202.3971710205078, 217.1017608642578, 1.0], [243.1302032470703, 199.75775146484375, 1.0], [208.5724639892578, 169.8749542236328, 1.0], [147.7894287109375, 208.83924865722656, 1.0], [121.16011810302734, 234.90850830078125, 1.0], [97.23394775390625, 260.36236572265625, 1.0], [236.9426727294922, 180.19378662109375, 1.0], [208.73484802246094, 216.03292846679688, 1.0], [218.1998291015625, 225.2296600341797, 1.0], [232.63690185546875, 227.77769470214844, 1.0]], "is_left": 0}