{"hand_pts": [[145.58035278320312, 177.5619659423828, 1.0], [193.0755157470703, 150.77735900878906, 1.0], [246.72607421875, 115.87468719482422, 1.0], [278.03656005859375, 132.73219299316406, 1.0], [270.84197998046875, 176.9707489013672, 1.0], [141.65109252929688, 119.97032165527344, 1.0], [197.52459716796875, 124.69957733154297, 1.0], [236.06773376464844, 151.1017608642578, 1.0], [264.6812438964844, 177.451416015625, 1.0], [114.93783569335938, 153.61795043945312, 1.0], [174.26071166992188, 171.65626525878906, 1.0], [228.30685424804688, 191.4418182373047, 1.0], [267.3449401855469, 205.62843322753906, 1.0], [102.06240844726562, 184.4024200439453, 1.0], [111.38274383544922, 209.0420684814453, 1.0], [149.7049560546875, 231.1051025390625, 1.0], [192.4175567626953, 237.9213104248047, 1.0], [95.10674285888672, 215.0898895263672, 1.0], [97.51847839355469, 245.09439086914062, 1.0], [139.306884765625, 253.0406494140625, 1.0], [158.71414184570312, 234.73204040527344, 1.0]], "is_left": 0}