{"hand_pts": [[185.94044494628906, 94.79646301269531, 1.0], [228.85284423828125, 126.84249877929688, 1.0], [278.9412841796875, 153.74822998046875, 1.0], [307.2245178222656, 174.0087127685547, 1.0], [317.8554992675781, 186.97225952148438, 1.0], [173.3279571533203, 191.75633239746094, 1.0], [174.29052734375, 229.678466796875, 1.0], [198.45018005371094, 230.5944061279297, 1.0], [225.4079132080078, 224.16798400878906, 1.0], [146.20114135742188, 177.06103515625, 1.0], [135.28201293945312, 219.80032348632812, 1.0], [154.82012939453125, 230.3201904296875, 1.0], [188.31195068359375, 227.65956115722656, 1.0], [132.21812438964844, 160.95492553710938, 1.0], [130.7940216064453, 185.98345947265625, 1.0], [156.90553283691406, 183.8229522705078, 1.0], [197.94696044921875, 169.3287811279297, 1.0], [124.12873077392578, 140.51318359375, 1.0], [127.03417205810547, 150.29083251953125, 1.0], [145.63809204101562, 149.61573791503906, 1.0], [184.49966430664062, 139.04916381835938, 1.0]], "is_left": 0}