{"hand_pts": [[122.49813079833984, 115.27948760986328, 1.0], [124.65657806396484, 107.72350311279297, 1.0], [98.1188735961914, 96.95780944824219, 1.0], [92.93311309814453, 119.65237426757812, 1.0], [103.95748901367188, 158.37905883789062, 1.0], [218.5651092529297, 135.05850219726562, 1.0], [248.2209930419922, 153.7450408935547, 1.0], [238.3890838623047, 172.2359161376953, 1.0], [198.69207763671875, 187.83932495117188, 1.0], [225.31353759765625, 166.51626586914062, 1.0], [214.71583557128906, 197.7929229736328, 1.0], [158.684326171875, 190.1365966796875, 1.0], [122.72077178955078, 171.14651489257812, 1.0], [221.6859588623047, 191.90379333496094, 1.0], [281.1150207519531, 228.2634735107422, 1.0], [261.1812438964844, 243.8712615966797, 1.0], [215.0315704345703, 235.912353515625, 1.0], [209.602294921875, 212.74142456054688, 1.0], [179.9561309814453, 240.90560913085938, 1.0], [141.89456176757812, 245.11912536621094, 1.0], [112.47323608398438, 218.4365692138672, 1.0]], "is_left": 0}