{"hand_pts": [[251.2632598876953, 135.669189453125, 1.0], [193.40162658691406, 169.70510864257812, 1.0], [140.93423461914062, 206.7294464111328, 1.0], [98.40231323242188, 219.51673889160156, 1.0], [90.95045471191406, 200.0143280029297, 1.0], [213.629638671875, 233.0054473876953, 1.0], [166.61148071289062, 236.5200653076172, 1.0], [132.62982177734375, 220.30838012695312, 1.0], [106.72002410888672, 190.583740234375, 1.0], [244.60357666015625, 210.76315307617188, 1.0], [193.36846923828125, 209.62826538085938, 1.0], [157.6492462158203, 180.00201416015625, 1.0], [142.30694580078125, 154.30130004882812, 1.0], [263.6756896972656, 187.56332397460938, 1.0], [225.45155334472656, 191.33082580566406, 1.0], [188.11917114257812, 170.2643585205078, 1.0], [156.3744659423828, 147.3179931640625, 1.0], [279.39300537109375, 160.2207794189453, 1.0], [263.5815124511719, 140.5434112548828, 1.0], [234.88916015625, 121.11774444580078, 1.0], [203.90249633789062, 107.88666534423828, 1.0]], "is_left": 0}