{"hand_pts": [[98.42176055908203, 76.90156555175781, 1.0], [156.90602111816406, 80.7796630859375, 1.0], [202.98272705078125, 78.62358093261719, 1.0], [233.21945190429688, 92.56694030761719, 1.0], [245.10760498046875, 119.19036865234375, 1.0], [194.7399444580078, 155.99920654296875, 1.0], [238.228759765625, 191.60841369628906, 1.0], [261.8598937988281, 209.8436737060547, 1.0], [280.99652099609375, 224.61082458496094, 1.0], [157.0364990234375, 170.75839233398438, 1.0], [199.4590301513672, 213.5147247314453, 1.0], [221.70372009277344, 224.2734375, 1.0], [239.22547912597656, 226.5726776123047, 1.0], [125.32073974609375, 176.65199279785156, 1.0], [154.02198791503906, 219.73353576660156, 1.0], [168.79925537109375, 231.83990478515625, 1.0], [181.23545837402344, 232.53904724121094, 1.0], [92.57127380371094, 174.8662109375, 1.0], [99.41375732421875, 204.3343048095703, 1.0], [106.48240661621094, 212.91600036621094, 1.0], [116.30481719970703, 216.53367614746094, 1.0]], "is_left": 0}