{"hand_pts": [[86.14414978027344, 289.962890625, 1.0], [131.01947021484375, 274.35650634765625, 1.0], [156.12754821777344, 282.5691833496094, 1.0], [168.4408416748047, 223.0186767578125, 1.0], [160.70216369628906, 174.2737274169922, 1.0], [201.5975341796875, 262.4173583984375, 1.0], [221.24710083007812, 197.80955505371094, 1.0], [197.83834838867188, 176.71591186523438, 1.0], [167.09434509277344, 193.64004516601562, 1.0], [189.51914978027344, 238.13804626464844, 1.0], [200.07662963867188, 159.763427734375, 1.0], [172.32363891601562, 150.13226318359375, 1.0], [142.53070068359375, 175.57115173339844, 1.0], [177.37515258789062, 216.2496337890625, 1.0], [217.29693603515625, 164.6023712158203, 1.0], [225.7305450439453, 127.00617980957031, 1.0], [211.8613739013672, 121.58637237548828, 1.0], [160.50128173828125, 198.37478637695312, 1.0], [180.12477111816406, 154.0954132080078, 1.0], [190.07687377929688, 121.34542846679688, 1.0], [197.8651885986328, 89.5833511352539, 1.0]], "is_left": 0}