{"hand_pts": [[165.5450439453125, 3.558811902999878, 1.0], [125.67259979248047, 72.74734497070312, 1.0], [84.53073120117188, 118.95443725585938, 1.0], [82.1531753540039, 180.54811096191406, 1.0], [109.17377471923828, 226.8352813720703, 1.0], [170.34576416015625, 154.06753540039062, 1.0], [175.3488311767578, 228.9044189453125, 1.0], [155.94337463378906, 224.53475952148438, 1.0], [138.1300506591797, 200.03103637695312, 1.0], [207.914794921875, 144.4697265625, 1.0], [186.77761840820312, 231.95693969726562, 1.0], [153.52438354492188, 258.56689453125, 1.0], [125.24697875976562, 227.12559509277344, 1.0], [232.88653564453125, 135.4104461669922, 1.0], [276.3946228027344, 207.6587677001953, 1.0], [249.07774353027344, 230.3000946044922, 1.0], [217.00025939941406, 241.2337646484375, 1.0], [251.63955688476562, 118.93557739257812, 1.0], [251.88619995117188, 143.27792358398438, 1.0], [244.75367736816406, 153.2904815673828, 1.0], [223.84812927246094, 152.51028442382812, 1.0]], "is_left": 0}