{"hand_pts": [[103.5669174194336, 106.72488403320312, 1.0], [124.2384262084961, 100.08280181884766, 1.0], [124.69046783447266, 83.25716400146484, 1.0], [160.47677612304688, 96.05160522460938, 1.0], [202.6741943359375, 121.22920227050781, 1.0], [98.45093536376953, 189.21829223632812, 1.0], [121.33966827392578, 220.56260681152344, 1.0], [170.44793701171875, 202.4071502685547, 1.0], [209.71670532226562, 174.25363159179688, 1.0], [114.33869934082031, 214.22914123535156, 1.0], [171.29591369628906, 232.6199951171875, 1.0], [220.2430419921875, 202.02801513671875, 1.0], [252.20272827148438, 160.2179412841797, 1.0], [134.13665771484375, 226.83680725097656, 1.0], [207.85137939453125, 229.30465698242188, 1.0], [246.149169921875, 194.65106201171875, 1.0], [278.3638000488281, 157.28334045410156, 1.0], [154.04063415527344, 229.77200317382812, 1.0], [201.52145385742188, 241.3958282470703, 1.0], [231.3743133544922, 213.8326873779297, 1.0], [224.09446716308594, 179.40261840820312, 1.0]], "is_left": 0}