{"hand_pts": [[154.71774291992188, 24.73988914489746, 1.0], [122.69544219970703, 81.2828140258789, 1.0], [109.96588897705078, 107.29973602294922, 1.0], [108.29206085205078, 159.59365844726562, 1.0], [116.92298126220703, 181.32058715820312, 1.0], [186.4526824951172, 137.0769805908203, 1.0], [200.28128051757812, 190.0996856689453, 1.0], [178.67236328125, 229.8893585205078, 1.0], [144.24110412597656, 244.54981994628906, 1.0], [210.39920043945312, 133.4735565185547, 1.0], [242.2394561767578, 196.53915405273438, 1.0], [238.64878845214844, 243.26016235351562, 1.0], [197.90684509277344, 273.440673828125, 1.0], [221.65997314453125, 131.08221435546875, 1.0], [212.79122924804688, 206.27279663085938, 1.0], [166.70021057128906, 218.98507690429688, 1.0], [123.49723052978516, 213.38233947753906, 1.0], [226.06163024902344, 123.11002349853516, 1.0], [236.45114135742188, 171.82421875, 1.0], [212.48744201660156, 203.29933166503906, 1.0], [175.9438934326172, 226.3815155029297, 1.0]], "is_left": 0}