{"hand_pts": [[167.5391845703125, 128.4393310546875, 1.0], [220.53271484375, 167.8348388671875, 1.0], [273.3883361816406, 206.35098266601562, 1.0], [280.79595947265625, 237.26158142089844, 1.0], [232.38565063476562, 227.5269775390625, 1.0], [237.1284637451172, 115.05474853515625, 1.0], [260.490478515625, 131.41351318359375, 1.0], [264.9436340332031, 167.37074279785156, 1.0], [261.4219665527344, 212.07420349121094, 1.0], [190.3785400390625, 101.75130462646484, 1.0], [176.1986083984375, 188.8777313232422, 1.0], [168.9238739013672, 248.78170776367188, 1.0], [166.9561004638672, 287.5521545410156, 1.0], [152.369140625, 100.25247955322266, 1.0], [134.99307250976562, 160.91944885253906, 1.0], [128.54415893554688, 215.35791015625, 1.0], [129.20782470703125, 263.2384948730469, 1.0], [116.29766082763672, 103.6474609375, 1.0], [90.76721954345703, 157.0389404296875, 1.0], [84.54703521728516, 199.97299194335938, 1.0], [104.77975463867188, 203.7150115966797, 1.0]], "is_left": 0}