{"hand_pts": [[62.662696838378906, 214.66331481933594, 1.0], [148.6808319091797, 207.98464965820312, 1.0], [214.5167694091797, 219.6004638671875, 1.0], [256.4226989746094, 196.45428466796875, 1.0], [248.38316345214844, 164.60426330566406, 1.0], [212.60968017578125, 244.52268981933594, 1.0], [252.04678344726562, 205.81707763671875, 1.0], [247.0861358642578, 174.7886199951172, 1.0], [223.67372131347656, 152.50074768066406, 1.0], [174.49839782714844, 235.4041748046875, 1.0], [207.58131408691406, 184.947509765625, 1.0], [193.88558959960938, 158.6864776611328, 1.0], [169.12741088867188, 159.07211303710938, 1.0], [144.1091766357422, 222.55792236328125, 1.0], [172.13388061523438, 173.4910430908203, 1.0], [165.9041290283203, 147.3764190673828, 1.0], [146.35279846191406, 154.0479736328125, 1.0], [110.64561462402344, 207.8728790283203, 1.0], [118.95592498779297, 176.96658325195312, 1.0], [120.69837951660156, 158.6571502685547, 1.0], [117.2635498046875, 170.92454528808594, 1.0]], "is_left": 0}