{"hand_pts": [[311.6623229980469, 83.74124145507812, 1.0], [278.4510192871094, 134.35891723632812, 1.0], [262.33843994140625, 178.20213317871094, 1.0], [226.7512969970703, 211.36044311523438, 1.0], [184.82362365722656, 235.30841064453125, 1.0], [243.7608184814453, 191.0233917236328, 1.0], [191.11695861816406, 232.9993133544922, 1.0], [155.69349670410156, 234.5498046875, 1.0], [151.71902465820312, 205.41055297851562, 1.0], [233.0436553955078, 164.35435485839844, 1.0], [179.56622314453125, 222.23240661621094, 1.0], [149.58309936523438, 217.3383331298828, 1.0], [158.67872619628906, 188.0895233154297, 1.0], [222.65020751953125, 139.7490692138672, 1.0], [166.0462646484375, 176.21209716796875, 1.0], [123.48226928710938, 189.2582550048828, 1.0], [83.19725799560547, 200.33189392089844, 1.0], [216.97280883789062, 111.52489471435547, 1.0], [171.0375213623047, 134.59222412109375, 1.0], [138.22946166992188, 146.96347045898438, 1.0], [120.4378890991211, 150.8871307373047, 1.0]], "is_left": 0}