{"hand_pts": [[342.7396545410156, 247.82440185546875, 1.0], [294.1170349121094, 242.09603881835938, 1.0], [261.0959777832031, 242.59771728515625, 1.0], [222.8156280517578, 229.42994689941406, 1.0], [185.8397674560547, 209.2097930908203, 1.0], [218.47357177734375, 228.59275817871094, 1.0], [161.93690490722656, 216.4492950439453, 1.0], [129.27903747558594, 200.18116760253906, 1.0], [99.1653823852539, 182.5013885498047, 1.0], [227.5328826904297, 210.0279541015625, 1.0], [159.50601196289062, 186.2582244873047, 1.0], [126.14215087890625, 165.6865997314453, 1.0], [97.79667663574219, 146.06594848632812, 1.0], [238.06149291992188, 193.57275390625, 1.0], [175.27903747558594, 164.44876098632812, 1.0], [146.19647216796875, 143.67376708984375, 1.0], [123.98746490478516, 124.36238098144531, 1.0], [255.47962951660156, 180.2526092529297, 1.0], [218.10177612304688, 153.4033203125, 1.0], [195.2196807861328, 134.19894409179688, 1.0], [175.83055114746094, 116.9822006225586, 1.0]], "is_left": 0}