{"hand_pts": [[68.30951690673828, 214.1293487548828, 1.0], [99.53069305419922, 242.17588806152344, 1.0], [94.45475006103516, 274.5647888183594, 1.0], [149.7401123046875, 286.1185607910156, 1.0], [193.1730499267578, 267.9399108886719, 1.0], [117.13220977783203, 162.14234924316406, 1.0], [184.8753662109375, 180.73269653320312, 1.0], [202.62054443359375, 215.83831787109375, 1.0], [182.34930419921875, 232.5890655517578, 1.0], [134.2753143310547, 129.1852569580078, 1.0], [220.7848663330078, 147.03445434570312, 1.0], [228.0425567626953, 195.08714294433594, 1.0], [188.83883666992188, 216.78683471679688, 1.0], [152.08160400390625, 110.86787414550781, 1.0], [238.07257080078125, 122.63585662841797, 1.0], [238.6636199951172, 166.27471923828125, 1.0], [196.03701782226562, 184.37522888183594, 1.0], [166.33230590820312, 101.58403015136719, 1.0], [226.18484497070312, 104.8526840209961, 1.0], [232.19906616210938, 144.2866668701172, 1.0], [193.49362182617188, 166.08193969726562, 1.0]], "is_left": 0}