{"hand_pts": [[234.22052001953125, 195.0642547607422, 1.0], [269.2751770019531, 160.70314025878906, 1.0], [302.6903076171875, 133.62640380859375, 1.0], [315.1857604980469, 127.77210235595703, 1.0], [320.6390075683594, 128.250732421875, 1.0], [198.601806640625, 147.01535034179688, 1.0], [180.71861267089844, 118.6927490234375, 1.0], [180.68807983398438, 109.82247924804688, 1.0], [181.7128143310547, 103.86027526855469, 1.0], [177.1012725830078, 190.8850555419922, 1.0], [146.65286254882812, 171.13458251953125, 1.0], [144.2138214111328, 163.24102783203125, 1.0], [134.9335174560547, 153.70208740234375, 1.0], [169.47828674316406, 228.10018920898438, 1.0], [133.6822509765625, 223.8291473388672, 1.0], [135.046630859375, 226.2577667236328, 1.0], [137.7608184814453, 228.80677795410156, 1.0], [169.1243438720703, 262.87249755859375, 1.0], [147.6652069091797, 272.10394287109375, 1.0], [143.63616943359375, 278.5320739746094, 1.0], [149.5075225830078, 282.39849853515625, 1.0]], "is_left": 0}