{"hand_pts": [[333.2494812011719, 222.39883422851562, 1.0], [298.0702209472656, 220.7853240966797, 1.0], [287.2472839355469, 238.19049072265625, 1.0], [239.0754852294922, 255.10403442382812, 1.0], [205.35633850097656, 252.38807678222656, 1.0], [252.61386108398438, 127.20628356933594, 1.0], [203.4244842529297, 132.89154052734375, 1.0], [183.74790954589844, 175.71957397460938, 1.0], [191.48252868652344, 212.3455810546875, 1.0], [235.1531524658203, 124.33836364746094, 1.0], [155.75601196289062, 145.65892028808594, 1.0], [138.74388122558594, 195.63316345214844, 1.0], [127.6384048461914, 243.18492126464844, 1.0], [219.6731414794922, 131.39462280273438, 1.0], [147.87100219726562, 138.23782348632812, 1.0], [125.74745178222656, 177.5606689453125, 1.0], [120.80127716064453, 220.46290588378906, 1.0], [210.4136505126953, 146.4120635986328, 1.0], [159.04351806640625, 149.86146545410156, 1.0], [128.75994873046875, 173.04241943359375, 1.0], [112.78717803955078, 206.4027557373047, 1.0]], "is_left": 0}