{"hand_pts": [[243.58070373535156, 323.1685485839844, 1.0], [214.24899291992188, 264.610595703125, 1.0], [186.70274353027344, 225.77932739257812, 1.0], [176.4513702392578, 177.9657440185547, 1.0], [183.87490844726562, 148.53530883789062, 1.0], [148.2554931640625, 235.68746948242188, 1.0], [130.26234436035156, 174.14739990234375, 1.0], [152.16270446777344, 139.1235809326172, 1.0], [186.268310546875, 123.78258514404297, 1.0], [166.54115295410156, 246.03182983398438, 1.0], [148.26583862304688, 176.22561645507812, 1.0], [171.151611328125, 134.44302368164062, 1.0], [197.4683380126953, 102.03424835205078, 1.0], [187.2875518798828, 251.35467529296875, 1.0], [173.59188842773438, 188.44650268554688, 1.0], [192.68360900878906, 149.41754150390625, 1.0], [218.36436462402344, 137.64895629882812, 1.0], [212.96847534179688, 259.5425109863281, 1.0], [209.95716857910156, 217.83811950683594, 1.0], [220.08447265625, 182.78469848632812, 1.0], [235.6338653564453, 159.64683532714844, 1.0]], "is_left": 0}