{"hand_pts": [[327.82598876953125, 180.0114288330078, 1.0], [248.6954803466797, 140.64877319335938, 1.0], [199.6570587158203, 95.97722625732422, 1.0], [164.8247833251953, 90.39962005615234, 1.0], [166.68275451660156, 115.86981201171875, 1.0], [168.1139373779297, 209.4827117919922, 1.0], [114.71240234375, 178.2187957763672, 1.0], [110.98728942871094, 140.62283325195312, 1.0], [136.1182861328125, 108.40399169921875, 1.0], [194.9793701171875, 244.67483520507812, 1.0], [143.73614501953125, 214.645263671875, 1.0], [130.42259216308594, 175.04043579101562, 1.0], [144.0901641845703, 128.23785400390625, 1.0], [218.8351287841797, 265.14044189453125, 1.0], [200.42764282226562, 233.92861938476562, 1.0], [216.13233947753906, 195.2281951904297, 1.0], [245.53680419921875, 166.17449951171875, 1.0], [249.14666748046875, 277.56475830078125, 1.0], [223.146484375, 266.56890869140625, 1.0], [213.47747802734375, 240.33175659179688, 1.0], [229.26214599609375, 203.0713653564453, 1.0]], "is_left": 0}