{"hand_pts": [[162.5770263671875, 112.32196044921875, 1.0], [127.38581085205078, 103.64051055908203, 1.0], [95.12855529785156, 91.01449584960938, 1.0], [109.04053497314453, 106.4630126953125, 1.0], [148.26580810546875, 134.10220336914062, 1.0], [116.64336395263672, 174.8629608154297, 1.0], [117.96112823486328, 179.54934692382812, 1.0], [131.2163543701172, 165.84939575195312, 1.0], [147.11395263671875, 150.50022888183594, 1.0], [164.00753784179688, 188.14515686035156, 1.0], [173.3301544189453, 222.9246063232422, 1.0], [186.06651306152344, 223.27099609375, 1.0], [200.63331604003906, 208.7681121826172, 1.0], [203.2943572998047, 191.60679626464844, 1.0], [220.15968322753906, 235.34759521484375, 1.0], [235.8683624267578, 235.36676025390625, 1.0], [251.0154571533203, 230.20455932617188, 1.0], [239.09951782226562, 188.0948944091797, 1.0], [265.1551818847656, 209.95977783203125, 1.0], [278.5543212890625, 202.46578979492188, 1.0], [288.9604187011719, 190.66806030273438, 1.0]], "is_left": 0}