{"hand_pts": [[128.1831512451172, 141.19517517089844, 1.0], [137.4567413330078, 107.66973114013672, 1.0], [149.14157104492188, 81.80339050292969, 1.0], [168.85379028320312, 72.58477783203125, 1.0], [189.68576049804688, 68.59343719482422, 1.0], [135.40370178222656, 145.20147705078125, 1.0], [125.25194549560547, 147.31402587890625, 1.0], [128.322998046875, 149.83331298828125, 1.0], [122.24655151367188, 153.49325561523438, 1.0], [166.892578125, 184.9592742919922, 1.0], [169.85435485839844, 195.9176788330078, 1.0], [184.31301879882812, 197.80862426757812, 1.0], [190.3074188232422, 202.50392150878906, 1.0], [196.08950805664062, 212.06375122070312, 1.0], [207.11619567871094, 233.984619140625, 1.0], [226.10427856445312, 241.15357971191406, 1.0], [242.3961639404297, 249.65567016601562, 1.0], [221.4376678466797, 232.32093811035156, 1.0], [241.16917419433594, 253.88661193847656, 1.0], [258.1751403808594, 266.6131591796875, 1.0], [276.37481689453125, 277.01611328125, 1.0]], "is_left": 0}