{"hand_pts": [[30.713703155517578, 158.4827880859375, 1.0], [77.13922119140625, 148.0718994140625, 1.0], [91.02232360839844, 126.727294921875, 1.0], [114.98633575439453, 104.06880187988281, 1.0], [162.85128784179688, 80.29301452636719, 1.0], [129.87982177734375, 229.6412353515625, 1.0], [198.63291931152344, 225.79791259765625, 1.0], [215.927490234375, 182.78372192382812, 1.0], [234.96768188476562, 142.52809143066406, 1.0], [137.24276733398438, 241.20123291015625, 1.0], [216.56866455078125, 217.08767700195312, 1.0], [255.4352264404297, 181.4171600341797, 1.0], [249.3668975830078, 132.5964813232422, 1.0], [144.197265625, 241.80349731445312, 1.0], [223.51223754882812, 219.50494384765625, 1.0], [227.4527130126953, 173.01126098632812, 1.0], [190.9545135498047, 147.99032592773438, 1.0], [145.10260009765625, 234.7898712158203, 1.0], [199.36036682128906, 241.23101806640625, 1.0], [226.4949951171875, 214.54856872558594, 1.0], [232.4348907470703, 176.31471252441406, 1.0]], "is_left": 0}