{"hand_pts": [[318.2380676269531, 272.2274169921875, 1.0], [254.09486389160156, 269.99017333984375, 1.0], [213.9737091064453, 279.98529052734375, 1.0], [176.93443298339844, 255.8858642578125, 1.0], [155.4108428955078, 217.19442749023438, 1.0], [197.19410705566406, 238.45350646972656, 1.0], [145.3264923095703, 205.0845947265625, 1.0], [140.2559814453125, 191.8068389892578, 1.0], [139.69625854492188, 180.2928009033203, 1.0], [219.22914123535156, 211.4727325439453, 1.0], [153.38327026367188, 178.16693115234375, 1.0], [113.08220672607422, 156.286376953125, 1.0], [88.71442413330078, 141.53941345214844, 1.0], [237.48800659179688, 189.82550048828125, 1.0], [187.5148468017578, 145.82862854003906, 1.0], [166.50308227539062, 130.50991821289062, 1.0], [152.24351501464844, 121.951171875, 1.0], [259.8285217285156, 173.52630615234375, 1.0], [239.23910522460938, 140.15696716308594, 1.0], [232.11790466308594, 129.15487670898438, 1.0], [230.5458984375, 130.4632568359375, 1.0]], "is_left": 0}