{"hand_pts": [[236.54559326171875, 37.04021072387695, 1.0], [244.65823364257812, 75.1199951171875, 1.0], [246.63037109375, 101.9140396118164, 1.0], [240.0203094482422, 130.2487030029297, 1.0], [231.13409423828125, 157.46881103515625, 1.0], [224.22108459472656, 154.87374877929688, 1.0], [224.9861297607422, 204.18617248535156, 1.0], [222.48533630371094, 234.8634490966797, 1.0], [223.9616241455078, 265.4084777832031, 1.0], [192.64715576171875, 147.89266967773438, 1.0], [185.2549591064453, 207.73876953125, 1.0], [178.4013214111328, 241.30532836914062, 1.0], [174.3543243408203, 274.525146484375, 1.0], [166.81378173828125, 137.36305236816406, 1.0], [151.56375122070312, 193.61062622070312, 1.0], [140.3192901611328, 222.1936492919922, 1.0], [130.1148681640625, 251.04188537597656, 1.0], [145.36273193359375, 120.00928497314453, 1.0], [126.1278305053711, 155.33668518066406, 1.0], [112.47677612304688, 178.51185607910156, 1.0], [99.4403076171875, 203.03643798828125, 1.0]], "is_left": 0}