{"hand_pts": [[37.621917724609375, 111.9400634765625, 1.0], [74.2021484375, 183.86691284179688, 1.0], [82.04895782470703, 249.2190704345703, 1.0], [128.19558715820312, 281.0356140136719, 1.0], [174.88291931152344, 263.9684143066406, 1.0], [128.65603637695312, 207.80039978027344, 1.0], [185.1468963623047, 248.0215301513672, 1.0], [209.67642211914062, 259.35723876953125, 1.0], [234.5144500732422, 269.5108947753906, 1.0], [141.67703247070312, 162.15200805664062, 1.0], [215.8804473876953, 183.60581970214844, 1.0], [247.16482543945312, 199.09860229492188, 1.0], [240.96121215820312, 205.2090301513672, 1.0], [152.38829040527344, 126.400146484375, 1.0], [223.09690856933594, 139.2792510986328, 1.0], [209.26849365234375, 140.70860290527344, 1.0], [166.86398315429688, 138.4520721435547, 1.0], [156.70077514648438, 91.19805145263672, 1.0], [208.19020080566406, 90.61688232421875, 1.0], [235.7572479248047, 104.7350845336914, 1.0], [256.05267333984375, 124.33734130859375, 1.0]], "is_left": 0}