{"hand_pts": [[334.9703674316406, 173.11688232421875, 1.0], [272.6226501464844, 138.25782775878906, 1.0], [223.6729278564453, 109.35100555419922, 1.0], [176.02000427246094, 111.33274841308594, 1.0], [140.7460174560547, 131.1746826171875, 1.0], [204.47605895996094, 182.250244140625, 1.0], [147.1795196533203, 193.72463989257812, 1.0], [116.5828857421875, 184.61920166015625, 1.0], [90.39427947998047, 173.93527221679688, 1.0], [218.17897033691406, 211.3782958984375, 1.0], [152.11167907714844, 188.95751953125, 1.0], [127.85230255126953, 158.9784698486328, 1.0], [121.1567611694336, 125.78646850585938, 1.0], [230.22494506835938, 229.12655639648438, 1.0], [194.71807861328125, 207.5584259033203, 1.0], [211.5869140625, 180.41217041015625, 1.0], [239.09658813476562, 158.5681915283203, 1.0], [248.03167724609375, 241.25318908691406, 1.0], [218.09825134277344, 254.412109375, 1.0], [196.87693786621094, 252.74545288085938, 1.0], [180.3905029296875, 230.72689819335938, 1.0]], "is_left": 0}