{"hand_pts": [[122.96195220947266, 328.677001953125, 1.0], [179.26162719726562, 287.9960021972656, 1.0], [241.88047790527344, 272.2392578125, 1.0], [267.6209716796875, 243.11578369140625, 1.0], [236.8247833251953, 220.2786102294922, 1.0], [209.8143310546875, 219.71844482421875, 1.0], [225.0230712890625, 161.10269165039062, 1.0], [232.46591186523438, 122.6355972290039, 1.0], [234.68727111816406, 85.81591033935547, 1.0], [168.5514373779297, 217.5078125, 1.0], [210.6337890625, 152.92457580566406, 1.0], [212.77696228027344, 139.6309051513672, 1.0], [193.3077392578125, 170.2825469970703, 1.0], [135.02847290039062, 217.43714904785156, 1.0], [163.99620056152344, 155.49061584472656, 1.0], [172.61489868164062, 133.83309936523438, 1.0], [163.5946044921875, 159.41650390625, 1.0], [101.94207000732422, 224.0064697265625, 1.0], [92.53936004638672, 181.86329650878906, 1.0], [99.50718688964844, 163.6418914794922, 1.0], [112.7392807006836, 156.1912078857422, 1.0]], "is_left": 0}