{"hand_pts": [[333.5679016113281, 263.9482421875, 1.0], [291.4181823730469, 186.28573608398438, 1.0], [283.0957336425781, 128.5328826904297, 1.0], [238.48782348632812, 92.42147827148438, 1.0], [193.61257934570312, 97.15054321289062, 1.0], [232.40896606445312, 173.31503295898438, 1.0], [174.91661071777344, 135.59890747070312, 1.0], [162.2296142578125, 124.76080322265625, 1.0], [175.86642456054688, 131.7305450439453, 1.0], [218.5496826171875, 215.0919189453125, 1.0], [145.01658630371094, 181.5357208251953, 1.0], [139.33103942871094, 166.04005432128906, 1.0], [166.60708618164062, 164.3463134765625, 1.0], [206.9207763671875, 246.13607788085938, 1.0], [132.8249053955078, 224.3863983154297, 1.0], [117.51138305664062, 205.43069458007812, 1.0], [141.50784301757812, 197.1620330810547, 1.0], [201.98907470703125, 276.60760498046875, 1.0], [154.91920471191406, 266.9897766113281, 1.0], [155.39598083496094, 252.53297424316406, 1.0], [190.08859252929688, 246.39437866210938, 1.0]], "is_left": 0}