{"hand_pts": [[263.00213623046875, 56.52726745605469, 1.0], [255.23129272460938, 116.76834869384766, 1.0], [247.14010620117188, 152.2811279296875, 1.0], [235.6604461669922, 197.8153533935547, 1.0], [223.96072387695312, 234.50234985351562, 1.0], [153.3861541748047, 130.97808837890625, 1.0], [123.35686492919922, 187.6341094970703, 1.0], [150.80709838867188, 230.9850311279297, 1.0], [171.2585906982422, 272.8006591796875, 1.0], [144.67132568359375, 116.3277359008789, 1.0], [165.758544921875, 197.64712524414062, 1.0], [204.42149353027344, 240.43434143066406, 1.0], [257.1701354980469, 251.41615295410156, 1.0], [146.7074432373047, 109.29348754882812, 1.0], [128.18540954589844, 178.02420043945312, 1.0], [171.9065704345703, 210.47457885742188, 1.0], [211.3369140625, 242.8392791748047, 1.0], [158.0497283935547, 101.37765502929688, 1.0], [165.71908569335938, 147.8549041748047, 1.0], [193.8215789794922, 178.8192138671875, 1.0], [229.14210510253906, 207.4210205078125, 1.0]], "is_left": 0}