{"hand_pts": [[125.36901092529297, 335.6797180175781, 1.0], [197.5897979736328, 290.9011535644531, 1.0], [271.8147888183594, 275.60150146484375, 1.0], [286.46026611328125, 225.1578826904297, 1.0], [239.803955078125, 196.39263916015625, 1.0], [229.4022979736328, 203.09228515625, 1.0], [253.62876892089844, 140.826171875, 1.0], [240.86080932617188, 154.3035888671875, 1.0], [216.5701141357422, 197.83692932128906, 1.0], [181.31869506835938, 194.0211181640625, 1.0], [195.5712890625, 122.40494537353516, 1.0], [191.8040008544922, 144.56219482421875, 1.0], [184.1763916015625, 197.81396484375, 1.0], [143.2565155029297, 189.1857452392578, 1.0], [144.68389892578125, 117.91634368896484, 1.0], [142.8077850341797, 141.66348266601562, 1.0], [144.60525512695312, 191.335693359375, 1.0], [105.68101501464844, 193.30426025390625, 1.0], [91.18299865722656, 153.4212188720703, 1.0], [94.59998321533203, 170.3473358154297, 1.0], [109.13739013671875, 210.8153533935547, 1.0]], "is_left": 0}