{"hand_pts": [[145.90028381347656, 103.0769271850586, 1.0], [206.10665893554688, 125.75536346435547, 1.0], [261.1925354003906, 129.02650451660156, 1.0], [286.91156005859375, 137.2145538330078, 1.0], [271.9515075683594, 147.6038818359375, 1.0], [204.9176483154297, 214.58172607421875, 1.0], [229.10665893554688, 236.28805541992188, 1.0], [240.6929931640625, 226.05838012695312, 1.0], [242.80906677246094, 196.61976623535156, 1.0], [160.6484832763672, 210.8480682373047, 1.0], [171.58267211914062, 232.36795043945312, 1.0], [185.59823608398438, 202.49005126953125, 1.0], [197.15614318847656, 165.7349395751953, 1.0], [127.8889389038086, 200.8212432861328, 1.0], [134.79983520507812, 217.3072967529297, 1.0], [147.1867218017578, 199.04507446289062, 1.0], [161.46983337402344, 173.22018432617188, 1.0], [98.26933288574219, 183.61302185058594, 1.0], [96.33794403076172, 178.1876220703125, 1.0], [108.90695190429688, 154.7697296142578, 1.0], [127.44950866699219, 129.1560516357422, 1.0]], "is_left": 0}