{"hand_pts": [[24.746244430541992, 210.71188354492188, 1.0], [65.2858657836914, 173.1044921875, 1.0], [87.37554168701172, 136.7521514892578, 1.0], [134.43475341796875, 121.26510620117188, 1.0], [177.78091430664062, 130.93746948242188, 1.0], [130.3732147216797, 209.7434844970703, 1.0], [185.76829528808594, 183.70823669433594, 1.0], [210.88893127441406, 151.75401306152344, 1.0], [226.33306884765625, 120.23836517333984, 1.0], [137.76414489746094, 229.6133575439453, 1.0], [210.4288787841797, 221.1264190673828, 1.0], [241.15594482421875, 185.84230041503906, 1.0], [256.5400390625, 147.8505096435547, 1.0], [142.7015380859375, 239.04249572753906, 1.0], [211.65689086914062, 215.74270629882812, 1.0], [235.00238037109375, 182.78860473632812, 1.0], [237.15428161621094, 147.1682586669922, 1.0], [140.62850952148438, 244.2578125, 1.0], [187.7636260986328, 232.8463592529297, 1.0], [212.54100036621094, 210.48463439941406, 1.0], [216.9143524169922, 177.54222106933594, 1.0]], "is_left": 0}