{"hand_pts": [[26.083921432495117, 279.1336975097656, 1.0], [85.36091613769531, 292.3824768066406, 1.0], [133.4357147216797, 303.8673095703125, 1.0], [182.2559814453125, 298.57269287109375, 1.0], [228.02854919433594, 287.9983215332031, 1.0], [134.16458129882812, 217.009765625, 1.0], [178.0128173828125, 187.71693420410156, 1.0], [213.53009033203125, 175.11607360839844, 1.0], [242.8439483642578, 157.9181365966797, 1.0], [131.7230987548828, 197.44180297851562, 1.0], [187.34072875976562, 155.5665283203125, 1.0], [228.58477783203125, 140.14468383789062, 1.0], [263.58404541015625, 121.43411254882812, 1.0], [131.5094757080078, 189.0482940673828, 1.0], [181.49642944335938, 138.03871154785156, 1.0], [221.54617309570312, 122.85148620605469, 1.0], [260.39630126953125, 108.17399597167969, 1.0], [126.1180191040039, 188.5023956298828, 1.0], [167.56239318847656, 155.85635375976562, 1.0], [201.27520751953125, 140.06948852539062, 1.0], [238.88363647460938, 128.21542358398438, 1.0]], "is_left": 0}