{"hand_pts": [[15.315510749816895, 195.0159149169922, 1.0], [74.99138641357422, 159.4828338623047, 1.0], [108.1641845703125, 124.18376922607422, 1.0], [159.38914489746094, 122.97197723388672, 1.0], [194.63043212890625, 146.8360137939453, 1.0], [132.87037658691406, 146.2295684814453, 1.0], [197.3103485107422, 140.7304229736328, 1.0], [234.2392120361328, 143.79359436035156, 1.0], [257.1524353027344, 152.66648864746094, 1.0], [128.4675750732422, 179.24029541015625, 1.0], [205.46298217773438, 173.8717041015625, 1.0], [237.3629608154297, 175.35430908203125, 1.0], [249.8680877685547, 178.1187744140625, 1.0], [125.54110717773438, 206.6135711669922, 1.0], [197.1212158203125, 218.47113037109375, 1.0], [225.60829162597656, 224.5216827392578, 1.0], [243.91226196289062, 228.51190185546875, 1.0], [116.91483306884766, 232.75933837890625, 1.0], [164.21359252929688, 244.40650939941406, 1.0], [194.51467895507812, 248.1189727783203, 1.0], [203.99569702148438, 242.3441925048828, 1.0]], "is_left": 0}