{"hand_pts": [[58.475830078125, 107.531982421875, 1.0], [73.23808288574219, 172.56065368652344, 1.0], [69.68535614013672, 214.81777954101562, 1.0], [108.40321350097656, 232.42803955078125, 1.0], [145.49887084960938, 242.35862731933594, 1.0], [133.3250732421875, 176.26637268066406, 1.0], [178.1245880126953, 196.8895263671875, 1.0], [201.3379364013672, 218.99609375, 1.0], [222.83778381347656, 239.67247009277344, 1.0], [155.15716552734375, 145.19155883789062, 1.0], [205.54222106933594, 184.3207244873047, 1.0], [229.46803283691406, 214.11534118652344, 1.0], [215.4920654296875, 232.66868591308594, 1.0], [170.6994171142578, 124.14213562011719, 1.0], [224.35018920898438, 147.95347595214844, 1.0], [247.0535430908203, 173.2566375732422, 1.0], [264.95867919921875, 199.91900634765625, 1.0], [179.0143585205078, 104.17818450927734, 1.0], [207.08065795898438, 129.5898895263672, 1.0], [215.75518798828125, 150.68109130859375, 1.0], [190.63624572753906, 160.48480224609375, 1.0]], "is_left": 0}