{"hand_pts": [[139.43321228027344, 120.44772338867188, 1.0], [207.99424743652344, 148.98709106445312, 1.0], [266.13592529296875, 169.22752380371094, 1.0], [265.0751953125, 201.3921661376953, 1.0], [256.2125549316406, 229.7642822265625, 1.0], [213.1981201171875, 120.95476531982422, 1.0], [244.76858520507812, 140.98867797851562, 1.0], [249.3983917236328, 179.62246704101562, 1.0], [248.92156982421875, 214.69882202148438, 1.0], [162.56483459472656, 121.72932434082031, 1.0], [183.89279174804688, 189.30868530273438, 1.0], [198.34945678710938, 232.5941162109375, 1.0], [205.97059631347656, 250.4669952392578, 1.0], [124.04199981689453, 129.17333984375, 1.0], [150.8833770751953, 175.80690002441406, 1.0], [161.7335205078125, 200.4668731689453, 1.0], [166.60023498535156, 211.3680877685547, 1.0], [88.3829574584961, 138.35122680664062, 1.0], [76.8440170288086, 165.0220184326172, 1.0], [86.10902404785156, 196.40139770507812, 1.0], [105.25296783447266, 227.9817657470703, 1.0]], "is_left": 0}