{"hand_pts": [[83.31246185302734, 174.08642578125, 1.0], [173.7548370361328, 169.69712829589844, 1.0], [240.3362579345703, 185.32476806640625, 1.0], [266.0218505859375, 171.18260192871094, 1.0], [242.6710662841797, 151.0249786376953, 1.0], [217.56617736816406, 251.54165649414062, 1.0], [251.70433044433594, 203.86338806152344, 1.0], [244.91055297851562, 157.7945098876953, 1.0], [214.6664276123047, 143.45315551757812, 1.0], [170.26431274414062, 252.9348907470703, 1.0], [213.5844268798828, 209.12701416015625, 1.0], [213.4430389404297, 158.2809600830078, 1.0], [197.06570434570312, 130.1973419189453, 1.0], [133.44351196289062, 244.94493103027344, 1.0], [161.66146850585938, 201.7854766845703, 1.0], [155.04754638671875, 164.62298583984375, 1.0], [141.69566345214844, 170.28555297851562, 1.0], [95.5711441040039, 230.18763732910156, 1.0], [104.29850006103516, 196.40325927734375, 1.0], [109.41023254394531, 159.96316528320312, 1.0], [108.6175537109375, 156.60292053222656, 1.0]], "is_left": 0}