{"hand_pts": [[229.69076538085938, 125.43080139160156, 1.0], [204.33282470703125, 186.7589569091797, 1.0], [175.8580322265625, 239.3337860107422, 1.0], [148.46218872070312, 264.4780578613281, 1.0], [146.13726806640625, 233.39158630371094, 1.0], [245.73866271972656, 196.07839965820312, 1.0], [269.810791015625, 227.56468200683594, 1.0], [268.50030517578125, 249.66632080078125, 1.0], [227.85342407226562, 263.2425842285156, 1.0], [241.08335876464844, 158.0594482421875, 1.0], [217.13319396972656, 170.3957061767578, 1.0], [166.36734008789062, 190.179931640625, 1.0], [119.87632751464844, 208.30331420898438, 1.0], [229.03114318847656, 129.953369140625, 1.0], [150.69993591308594, 152.1573028564453, 1.0], [106.17161560058594, 164.61166381835938, 1.0], [72.59905242919922, 175.0889129638672, 1.0], [214.45263671875, 103.43339538574219, 1.0], [158.54534912109375, 108.91297912597656, 1.0], [149.12290954589844, 119.6944580078125, 1.0], [179.79530334472656, 122.70907592773438, 1.0]], "is_left": 0}