{"hand_pts": [[137.2420654296875, 95.62218475341797, 1.0], [142.0025634765625, 94.21448516845703, 1.0], [150.87498474121094, 83.56553649902344, 1.0], [166.4970245361328, 96.06507110595703, 1.0], [184.20620727539062, 120.87399291992188, 1.0], [110.72817993164062, 162.92527770996094, 1.0], [146.22012329101562, 191.89370727539062, 1.0], [188.91204833984375, 177.97720336914062, 1.0], [228.7005615234375, 162.3028106689453, 1.0], [127.3495101928711, 186.14297485351562, 1.0], [203.82785034179688, 198.14927673339844, 1.0], [252.2333526611328, 195.82289123535156, 1.0], [297.3791198730469, 190.944580078125, 1.0], [146.3468475341797, 199.75701904296875, 1.0], [134.26171875, 259.0415344238281, 1.0], [148.2035369873047, 282.2917175292969, 1.0], [180.37413024902344, 265.6689453125, 1.0], [166.08383178710938, 205.380126953125, 1.0], [219.1689453125, 215.68179321289062, 1.0], [251.12939453125, 199.95042419433594, 1.0], [267.4515380859375, 168.85614013671875, 1.0]], "is_left": 0}