{"hand_pts": [[317.36981201171875, 123.08863830566406, 1.0], [261.50958251953125, 173.3395538330078, 1.0], [231.98634338378906, 217.9233856201172, 1.0], [216.63705444335938, 251.819580078125, 1.0], [228.72479248046875, 239.4334259033203, 1.0], [156.470947265625, 148.54823303222656, 1.0], [113.45913696289062, 199.0319366455078, 1.0], [128.5980224609375, 238.76625061035156, 1.0], [130.1046600341797, 276.9582214355469, 1.0], [172.55230712890625, 126.93724060058594, 1.0], [90.26449584960938, 121.93323516845703, 1.0], [102.3324966430664, 167.52622985839844, 1.0], [137.12307739257812, 202.07861328125, 1.0], [190.9330596923828, 116.47096252441406, 1.0], [179.213134765625, 175.74932861328125, 1.0], [182.99314880371094, 212.240478515625, 1.0], [185.9129638671875, 246.8715057373047, 1.0], [217.1025390625, 109.22297668457031, 1.0], [234.6727752685547, 137.8777618408203, 1.0], [265.7231750488281, 158.37384033203125, 1.0], [288.1741943359375, 165.17103576660156, 1.0]], "is_left": 0}