{"hand_pts": [[117.50728607177734, 209.52430725097656, 1.0], [106.30020141601562, 215.80764770507812, 1.0], [67.19451904296875, 216.30224609375, 1.0], [92.3352279663086, 179.53704833984375, 1.0], [135.365478515625, 156.95126342773438, 1.0], [169.63430786132812, 257.8628845214844, 1.0], [153.60023498535156, 237.92434692382812, 1.0], [130.60560607910156, 210.4449005126953, 1.0], [110.20233154296875, 183.57766723632812, 1.0], [202.2261505126953, 240.92445373535156, 1.0], [221.94566345214844, 203.6070556640625, 1.0], [224.01316833496094, 174.3817901611328, 1.0], [192.3661346435547, 150.5196533203125, 1.0], [224.00057983398438, 221.52243041992188, 1.0], [253.9757080078125, 173.6902618408203, 1.0], [232.82989501953125, 143.84994506835938, 1.0], [197.13226318359375, 149.5723114013672, 1.0], [237.43441772460938, 199.9495391845703, 1.0], [242.9342803955078, 160.59793090820312, 1.0], [238.8766326904297, 132.49307250976562, 1.0], [229.0144500732422, 104.02790069580078, 1.0]], "is_left": 0}