{"hand_pts": [[288.7861022949219, 256.4429626464844, 1.0], [203.84942626953125, 254.2113800048828, 1.0], [130.75045776367188, 266.7242736816406, 1.0], [101.6186752319336, 262.0977783203125, 1.0], [139.7388916015625, 249.20840454101562, 1.0], [154.5237579345703, 159.56092834472656, 1.0], [114.43704223632812, 163.20223999023438, 1.0], [131.1606903076172, 199.49578857421875, 1.0], [164.61643981933594, 222.7581024169922, 1.0], [192.68527221679688, 137.33985900878906, 1.0], [155.74974060058594, 137.041015625, 1.0], [166.3378143310547, 185.42185974121094, 1.0], [187.6610107421875, 214.30374145507812, 1.0], [222.6623077392578, 127.13668823242188, 1.0], [199.2689971923828, 123.15489196777344, 1.0], [206.91444396972656, 167.46279907226562, 1.0], [218.3739776611328, 190.8484649658203, 1.0], [254.8788299560547, 126.92684936523438, 1.0], [252.31089782714844, 126.01634979248047, 1.0], [250.1062774658203, 163.70335388183594, 1.0], [249.05694580078125, 183.8209228515625, 1.0]], "is_left": 0}