{"hand_pts": [[316.7394104003906, 283.25421142578125, 1.0], [303.0809326171875, 240.5825958251953, 1.0], [297.8138122558594, 222.78550720214844, 1.0], [257.0631408691406, 192.7480010986328, 1.0], [214.4467315673828, 165.08184814453125, 1.0], [218.41656494140625, 211.55715942382812, 1.0], [204.13084411621094, 167.79689025878906, 1.0], [225.5673065185547, 156.77061462402344, 1.0], [237.61622619628906, 139.6810760498047, 1.0], [198.22906494140625, 220.72064208984375, 1.0], [132.43328857421875, 171.3601531982422, 1.0], [141.17489624023438, 145.73370361328125, 1.0], [170.19407653808594, 135.48414611816406, 1.0], [186.9957733154297, 227.05389404296875, 1.0], [124.61347961425781, 180.73240661621094, 1.0], [122.42479705810547, 155.8622589111328, 1.0], [124.3262710571289, 132.47337341308594, 1.0], [185.42068481445312, 236.15611267089844, 1.0], [134.16598510742188, 213.72817993164062, 1.0], [119.4640884399414, 189.88877868652344, 1.0], [120.68514251708984, 166.04568481445312, 1.0]], "is_left": 0}