{"hand_pts": [[357.29913330078125, 213.83676147460938, 1.0], [285.0338134765625, 191.3905792236328, 1.0], [244.64016723632812, 174.4317626953125, 1.0], [185.76947021484375, 200.70069885253906, 1.0], [163.3591766357422, 231.83543395996094, 1.0], [220.48110961914062, 113.06925201416016, 1.0], [139.35079956054688, 108.20682525634766, 1.0], [121.48818969726562, 151.09619140625, 1.0], [130.99273681640625, 194.9544219970703, 1.0], [229.58140563964844, 130.5704803466797, 1.0], [134.85494995117188, 134.71363830566406, 1.0], [120.86953735351562, 179.8267822265625, 1.0], [140.0688018798828, 218.04981994628906, 1.0], [235.45648193359375, 151.6167449951172, 1.0], [153.97149658203125, 182.71592712402344, 1.0], [159.9165802001953, 221.39236450195312, 1.0], [203.43161010742188, 223.4492950439453, 1.0], [247.127197265625, 177.60911560058594, 1.0], [200.0401611328125, 205.74435424804688, 1.0], [191.77127075195312, 236.549072265625, 1.0], [213.97544860839844, 246.3281707763672, 1.0]], "is_left": 0}