{"hand_pts": [[10.245018005371094, 192.87489318847656, 1.0], [63.727073669433594, 165.65394592285156, 1.0], [94.72737884521484, 139.9944610595703, 1.0], [137.45687866210938, 134.6431427001953, 1.0], [176.77139282226562, 144.4545440673828, 1.0], [150.9689178466797, 147.12001037597656, 1.0], [211.48095703125, 138.1332244873047, 1.0], [236.9278106689453, 144.4488067626953, 1.0], [253.21511840820312, 154.8967742919922, 1.0], [145.80223083496094, 176.33294677734375, 1.0], [218.39572143554688, 173.00680541992188, 1.0], [242.1976318359375, 178.8363494873047, 1.0], [252.83816528320312, 185.99383544921875, 1.0], [138.3283233642578, 201.70217895507812, 1.0], [204.09873962402344, 209.1997833251953, 1.0], [220.16259765625, 217.29092407226562, 1.0], [221.8137664794922, 224.1000213623047, 1.0], [122.74559783935547, 226.34002685546875, 1.0], [163.42552185058594, 238.56568908691406, 1.0], [182.04661560058594, 245.56883239746094, 1.0], [186.22354125976562, 247.61761474609375, 1.0]], "is_left": 0}