{"hand_pts": [[333.1405029296875, 169.3224334716797, 1.0], [293.5401916503906, 217.8504180908203, 1.0], [268.8695373535156, 266.8326416015625, 1.0], [229.75852966308594, 294.8097839355469, 1.0], [189.584228515625, 314.26824951171875, 1.0], [241.868896484375, 185.44252014160156, 1.0], [188.2492218017578, 214.475830078125, 1.0], [153.42088317871094, 239.66453552246094, 1.0], [121.83438873291016, 265.7222900390625, 1.0], [234.3380126953125, 152.87890625, 1.0], [173.4417266845703, 155.25247192382812, 1.0], [131.57275390625, 173.57293701171875, 1.0], [92.95421600341797, 185.00982666015625, 1.0], [228.0318603515625, 132.74998474121094, 1.0], [174.10690307617188, 115.98216247558594, 1.0], [137.1731719970703, 118.14063262939453, 1.0], [100.68388366699219, 122.15626525878906, 1.0], [227.6226348876953, 117.49666595458984, 1.0], [179.10731506347656, 125.01693725585938, 1.0], [152.75576782226562, 147.3207550048828, 1.0], [126.42025756835938, 173.09521484375, 1.0]], "is_left": 0}