{"hand_pts": [[221.5030517578125, 64.64293670654297, 1.0], [174.88072204589844, 71.28582000732422, 1.0], [142.02525329589844, 77.18966674804688, 1.0], [119.4673843383789, 91.29594421386719, 1.0], [101.52552032470703, 108.06536865234375, 1.0], [165.96054077148438, 147.93968200683594, 1.0], [140.966064453125, 186.6479949951172, 1.0], [125.72792053222656, 211.4054718017578, 1.0], [111.79440307617188, 237.62315368652344, 1.0], [203.04791259765625, 158.19451904296875, 1.0], [181.73583984375, 209.2214813232422, 1.0], [166.9307861328125, 236.95545959472656, 1.0], [154.15650939941406, 266.2211608886719, 1.0], [231.9400177001953, 160.34902954101562, 1.0], [219.87307739257812, 211.016357421875, 1.0], [211.28721618652344, 235.55169677734375, 1.0], [203.62901306152344, 261.4006042480469, 1.0], [258.9459228515625, 155.0424346923828, 1.0], [258.4819641113281, 188.923583984375, 1.0], [256.7889709472656, 210.1910400390625, 1.0], [253.82789611816406, 233.12109375, 1.0]], "is_left": 0}