{"hand_pts": [[316.7713928222656, 133.60440063476562, 1.0], [260.1873779296875, 107.12226104736328, 1.0], [226.81326293945312, 68.06035614013672, 1.0], [183.77993774414062, 67.17684173583984, 1.0], [146.59793090820312, 89.65736389160156, 1.0], [236.34738159179688, 152.8348388671875, 1.0], [193.4090118408203, 170.2139892578125, 1.0], [155.68479919433594, 174.517578125, 1.0], [123.80714416503906, 174.79006958007812, 1.0], [244.6756591796875, 189.75942993164062, 1.0], [179.981201171875, 211.36862182617188, 1.0], [136.85987854003906, 209.3711395263672, 1.0], [96.51412963867188, 207.38076782226562, 1.0], [247.921875, 215.64759826660156, 1.0], [182.0501251220703, 227.74114990234375, 1.0], [149.73309326171875, 214.35877990722656, 1.0], [119.84685516357422, 199.5052490234375, 1.0], [253.5432891845703, 235.03758239746094, 1.0], [212.5288543701172, 257.71466064453125, 1.0], [181.67385864257812, 258.3188781738281, 1.0], [161.02304077148438, 235.69175720214844, 1.0]], "is_left": 0}