{"hand_pts": [[111.81597137451172, 106.22030639648438, 1.0], [110.27029418945312, 102.82047271728516, 1.0], [94.02088928222656, 84.31070709228516, 1.0], [94.78602600097656, 118.99063873291016, 1.0], [103.7986068725586, 165.96873474121094, 1.0], [223.41847229003906, 112.31327056884766, 1.0], [195.18673706054688, 135.32765197753906, 1.0], [148.44427490234375, 152.43719482421875, 1.0], [100.44709777832031, 164.65956115722656, 1.0], [239.5926971435547, 147.8319549560547, 1.0], [254.20187377929688, 175.09390258789062, 1.0], [231.6857147216797, 195.00296020507812, 1.0], [193.50167846679688, 212.265869140625, 1.0], [241.73170471191406, 179.34828186035156, 1.0], [199.30682373046875, 241.44195556640625, 1.0], [145.16053771972656, 248.87071228027344, 1.0], [95.9888687133789, 242.1818084716797, 1.0], [232.79893493652344, 207.1155242919922, 1.0], [257.1831970214844, 240.37857055664062, 1.0], [254.4752655029297, 262.9781799316406, 1.0], [236.65859985351562, 281.2955322265625, 1.0]], "is_left": 0}