{"hand_pts": [[305.69720458984375, 256.41229248046875, 1.0], [232.5687713623047, 249.15884399414062, 1.0], [178.2538299560547, 265.8601379394531, 1.0], [132.84559631347656, 265.41094970703125, 1.0], [131.2373809814453, 245.40652465820312, 1.0], [199.9523162841797, 174.56536865234375, 1.0], [141.08282470703125, 168.59486389160156, 1.0], [114.29169464111328, 182.64028930664062, 1.0], [98.76048278808594, 202.59312438964844, 1.0], [230.51136779785156, 162.31509399414062, 1.0], [173.1668243408203, 131.46937561035156, 1.0], [141.63967895507812, 144.95936584472656, 1.0], [119.46910858154297, 166.92257690429688, 1.0], [252.07870483398438, 158.1826934814453, 1.0], [202.19349670410156, 132.89207458496094, 1.0], [178.8061981201172, 150.2257080078125, 1.0], [170.64871215820312, 179.59649658203125, 1.0], [274.5174865722656, 161.5028076171875, 1.0], [253.32254028320312, 159.72085571289062, 1.0], [244.8018035888672, 183.74246215820312, 1.0], [250.00283813476562, 205.92819213867188, 1.0]], "is_left": 0}