{"hand_pts": [[328.0342712402344, 233.78077697753906, 1.0], [290.5711975097656, 194.7372283935547, 1.0], [281.8409729003906, 152.55670166015625, 1.0], [262.4153747558594, 123.34774017333984, 1.0], [225.1045684814453, 119.07349395751953, 1.0], [223.08328247070312, 140.81735229492188, 1.0], [163.00009155273438, 121.19628143310547, 1.0], [148.2653045654297, 146.83033752441406, 1.0], [153.1009063720703, 176.0957794189453, 1.0], [213.03897094726562, 169.49307250976562, 1.0], [141.2259521484375, 147.69149780273438, 1.0], [105.4074935913086, 151.68414306640625, 1.0], [119.11933135986328, 175.1728515625, 1.0], [206.2345428466797, 196.35235595703125, 1.0], [138.34800720214844, 196.20640563964844, 1.0], [144.05245971679688, 217.17677307128906, 1.0], [154.1255340576172, 238.04458618164062, 1.0], [206.53646850585938, 225.67974853515625, 1.0], [175.9037322998047, 252.43896484375, 1.0], [172.79421997070312, 273.1600341796875, 1.0], [169.6958770751953, 294.1130676269531, 1.0]], "is_left": 0}