{"hand_pts": [[205.52174377441406, 202.88754272460938, 1.0], [228.0638885498047, 227.21246337890625, 1.0], [238.61366271972656, 277.87176513671875, 1.0], [249.44154357910156, 306.55511474609375, 1.0], [254.74069213867188, 268.4692077636719, 1.0], [150.76377868652344, 253.80364990234375, 1.0], [141.4747772216797, 233.4692840576172, 1.0], [175.5168914794922, 199.70091247558594, 1.0], [199.41534423828125, 168.2165069580078, 1.0], [126.33980560302734, 220.6459503173828, 1.0], [149.82257080078125, 168.11192321777344, 1.0], [197.3351287841797, 135.77285766601562, 1.0], [243.74424743652344, 107.35537719726562, 1.0], [114.94319152832031, 190.14938354492188, 1.0], [166.27276611328125, 141.72731018066406, 1.0], [207.79762268066406, 115.12322998046875, 1.0], [254.61941528320312, 99.2790756225586, 1.0], [111.69953155517578, 159.8047637939453, 1.0], [133.10711669921875, 128.8746795654297, 1.0], [174.36427307128906, 119.39349365234375, 1.0], [218.35162353515625, 113.08491516113281, 1.0]], "is_left": 0}