{"hand_pts": [[253.6349639892578, 223.38357543945312, 1.0], [260.8122253417969, 244.5063934326172, 1.0], [292.9605407714844, 277.14373779296875, 1.0], [260.7104187011719, 288.352783203125, 1.0], [204.9932098388672, 276.845703125, 1.0], [257.0820617675781, 163.01956176757812, 1.0], [230.433837890625, 148.90933227539062, 1.0], [198.5438690185547, 183.0247802734375, 1.0], [170.7157440185547, 222.3812255859375, 1.0], [225.7666778564453, 140.07305908203125, 1.0], [177.80111694335938, 161.92088317871094, 1.0], [152.38966369628906, 207.42257690429688, 1.0], [137.5313262939453, 259.80792236328125, 1.0], [198.32745361328125, 130.50843811035156, 1.0], [147.48341369628906, 108.15943908691406, 1.0], [126.48989868164062, 151.74301147460938, 1.0], [125.09671020507812, 202.7024383544922, 1.0], [174.06890869140625, 129.59756469726562, 1.0], [131.0323944091797, 117.590576171875, 1.0], [105.21794891357422, 134.80552673339844, 1.0], [91.16905212402344, 171.67202758789062, 1.0]], "is_left": 0}