{"hand_pts": [[11.602699279785156, 134.1823272705078, 1.0], [78.6754379272461, 157.55087280273438, 1.0], [103.82037353515625, 184.49363708496094, 1.0], [168.3950653076172, 169.1961212158203, 1.0], [195.68357849121094, 137.09921264648438, 1.0], [145.24110412597656, 267.41876220703125, 1.0], [223.1617889404297, 245.87034606933594, 1.0], [224.69837951660156, 191.4690704345703, 1.0], [185.98728942871094, 158.25660705566406, 1.0], [147.42233276367188, 256.8062744140625, 1.0], [240.7796173095703, 226.310791015625, 1.0], [233.9430694580078, 168.65455627441406, 1.0], [184.6357879638672, 145.22544860839844, 1.0], [150.72067260742188, 238.45797729492188, 1.0], [237.3524169921875, 204.3786163330078, 1.0], [227.8204345703125, 155.12351989746094, 1.0], [180.9380645751953, 144.51251220703125, 1.0], [146.97254943847656, 211.6466522216797, 1.0], [199.53607177734375, 178.64991760253906, 1.0], [197.1614227294922, 140.16668701171875, 1.0], [158.87384033203125, 139.3753204345703, 1.0]], "is_left": 0}