{"hand_pts": [[126.87799072265625, 228.33551025390625, 1.0], [111.89730834960938, 199.88909912109375, 1.0], [78.83619689941406, 169.59750366210938, 1.0], [70.19715881347656, 136.7704620361328, 1.0], [73.03166198730469, 105.454345703125, 1.0], [146.74285888671875, 222.1803741455078, 1.0], [167.712890625, 225.5095977783203, 1.0], [182.50985717773438, 195.22573852539062, 1.0], [190.0506591796875, 162.00875854492188, 1.0], [177.62387084960938, 226.92100524902344, 1.0], [208.51890563964844, 186.14186096191406, 1.0], [201.67079162597656, 147.166748046875, 1.0], [195.96530151367188, 110.57671356201172, 1.0], [200.2454071044922, 225.2320098876953, 1.0], [251.86575317382812, 225.12911987304688, 1.0], [271.1125183105469, 200.96530151367188, 1.0], [259.7713623046875, 167.7965087890625, 1.0], [217.23574829101562, 221.81642150878906, 1.0], [250.06044006347656, 190.57704162597656, 1.0], [228.61907958984375, 171.8968505859375, 1.0], [195.40142822265625, 176.02305603027344, 1.0]], "is_left": 0}