{"hand_pts": [[286.1941223144531, 169.96502685546875, 1.0], [266.4532470703125, 132.99427795410156, 1.0], [229.89508056640625, 86.60249328613281, 1.0], [188.26849365234375, 67.94397735595703, 1.0], [162.67642211914062, 89.90697479248047, 1.0], [174.2792205810547, 151.27964782714844, 1.0], [130.50563049316406, 148.29107666015625, 1.0], [136.07911682128906, 148.23834228515625, 1.0], [166.36679077148438, 150.38217163085938, 1.0], [174.9562225341797, 189.61268615722656, 1.0], [137.20230102539062, 209.82546997070312, 1.0], [131.90040588378906, 215.7088623046875, 1.0], [169.5783233642578, 202.98025512695312, 1.0], [182.8380889892578, 218.1555633544922, 1.0], [209.2471160888672, 225.1545867919922, 1.0], [236.31884765625, 224.2301788330078, 1.0], [277.7897644042969, 211.2955780029297, 1.0], [198.73623657226562, 242.3426513671875, 1.0], [171.75315856933594, 268.6018981933594, 1.0], [184.6447296142578, 259.9090576171875, 1.0], [210.55548095703125, 236.7509765625, 1.0]], "is_left": 0}