{"hand_pts": [[142.65133666992188, 73.14153289794922, 1.0], [171.32334899902344, 88.8123550415039, 1.0], [182.40103149414062, 72.57035064697266, 1.0], [157.58544921875, 101.14317321777344, 1.0], [130.08139038085938, 136.56211853027344, 1.0], [225.5897216796875, 149.88320922851562, 1.0], [227.2161102294922, 174.31369018554688, 1.0], [191.63185119628906, 158.41761779785156, 1.0], [159.95037841796875, 139.93161010742188, 1.0], [200.7724609375, 170.62831115722656, 1.0], [242.31495666503906, 221.21470642089844, 1.0], [261.8367004394531, 250.56051635742188, 1.0], [277.59478759765625, 277.04296875, 1.0], [175.57553100585938, 184.885498046875, 1.0], [206.0848388671875, 245.08241271972656, 1.0], [187.6045379638672, 252.37867736816406, 1.0], [165.07603454589844, 234.6090087890625, 1.0], [147.58399963378906, 191.7778778076172, 1.0], [134.49456787109375, 228.6975860595703, 1.0], [119.94750213623047, 209.61900329589844, 1.0], [107.96422576904297, 185.1032257080078, 1.0]], "is_left": 0}