{"hand_pts": [[139.31309509277344, 108.39405059814453, 1.0], [139.04502868652344, 90.8921890258789, 1.0], [137.48123168945312, 75.76026153564453, 1.0], [137.15960693359375, 77.64146423339844, 1.0], [137.80960083007812, 88.81146240234375, 1.0], [196.5712432861328, 137.71839904785156, 1.0], [223.798583984375, 147.98519897460938, 1.0], [234.08456420898438, 156.17169189453125, 1.0], [248.74795532226562, 164.63461303710938, 1.0], [184.84249877929688, 173.8836212158203, 1.0], [213.35015869140625, 197.15902709960938, 1.0], [215.63389587402344, 207.58840942382812, 1.0], [221.06016540527344, 218.0547332763672, 1.0], [167.791748046875, 199.89202880859375, 1.0], [192.87728881835938, 231.10964965820312, 1.0], [192.85475158691406, 244.83505249023438, 1.0], [192.213623046875, 257.7181091308594, 1.0], [147.0118408203125, 219.0828094482422, 1.0], [151.69497680664062, 247.75607299804688, 1.0], [148.5380096435547, 263.9277038574219, 1.0], [142.800048828125, 276.9045104980469, 1.0]], "is_left": 0}