{"hand_pts": [[325.6295166015625, 179.6183624267578, 1.0], [252.2897491455078, 220.23020935058594, 1.0], [194.5875701904297, 261.6746520996094, 1.0], [154.42953491210938, 278.3849182128906, 1.0], [154.48985290527344, 264.7748718261719, 1.0], [162.9525909423828, 163.86819458007812, 1.0], [111.63619995117188, 185.02317810058594, 1.0], [121.2553939819336, 218.2569580078125, 1.0], [154.64695739746094, 246.2754669189453, 1.0], [189.9093475341797, 132.1404571533203, 1.0], [136.45736694335938, 150.3903350830078, 1.0], [147.79930114746094, 194.7005157470703, 1.0], [179.38133239746094, 233.50770568847656, 1.0], [215.15077209472656, 114.16098022460938, 1.0], [173.85708618164062, 125.56632995605469, 1.0], [186.67691040039062, 165.620849609375, 1.0], [214.01747131347656, 201.06924438476562, 1.0], [246.7622528076172, 102.96866607666016, 1.0], [231.8523712158203, 109.71873474121094, 1.0], [237.71109008789062, 143.27732849121094, 1.0], [252.7802734375, 178.0718536376953, 1.0]], "is_left": 0}