{"hand_pts": [[321.2187805175781, 240.79165649414062, 1.0], [289.6992492675781, 186.63365173339844, 1.0], [285.4924621582031, 135.17945861816406, 1.0], [243.19602966308594, 119.1322250366211, 1.0], [221.6959991455078, 152.11331176757812, 1.0], [237.73927307128906, 176.26190185546875, 1.0], [194.77554321289062, 166.0830535888672, 1.0], [160.98709106445312, 155.93112182617188, 1.0], [129.8972930908203, 142.6317901611328, 1.0], [227.25, 204.41864013671875, 1.0], [165.17308044433594, 183.60275268554688, 1.0], [125.65621185302734, 166.30039978027344, 1.0], [96.71226501464844, 142.4568328857422, 1.0], [219.03855895996094, 224.82150268554688, 1.0], [162.55726623535156, 209.68951416015625, 1.0], [135.63026428222656, 199.66912841796875, 1.0], [128.9281768798828, 188.69009399414062, 1.0], [216.6674346923828, 244.81863403320312, 1.0], [174.453125, 245.88385009765625, 1.0], [148.7701416015625, 229.48538208007812, 1.0], [141.76669311523438, 204.98439025878906, 1.0]], "is_left": 0}