{"hand_pts": [[223.93533325195312, 351.4460144042969, 1.0], [181.77993774414062, 296.264404296875, 1.0], [154.69107055664062, 269.78668212890625, 1.0], [126.11708068847656, 225.59840393066406, 1.0], [110.22207641601562, 190.63731384277344, 1.0], [210.48422241210938, 200.974609375, 1.0], [190.74978637695312, 137.49485778808594, 1.0], [165.48123168945312, 113.60631561279297, 1.0], [147.88287353515625, 137.2662353515625, 1.0], [230.53294372558594, 200.40834045410156, 1.0], [185.94398498535156, 147.42117309570312, 1.0], [158.69029235839844, 176.87811279296875, 1.0], [158.42474365234375, 221.81753540039062, 1.0], [240.52679443359375, 203.2499542236328, 1.0], [198.76907348632812, 150.48043823242188, 1.0], [167.1633758544922, 156.5864715576172, 1.0], [138.7865447998047, 172.64419555664062, 1.0], [247.12875366210938, 214.79714965820312, 1.0], [255.51043701171875, 168.26470947265625, 1.0], [227.80528259277344, 161.92495727539062, 1.0], [199.8602294921875, 171.48828125, 1.0]], "is_left": 0}