{"hand_pts": [[87.19876098632812, 58.336265563964844, 1.0], [161.7060546875, 70.94940185546875, 1.0], [223.812255859375, 58.85753631591797, 1.0], [263.9374084472656, 87.96060943603516, 1.0], [277.75592041015625, 128.60836791992188, 1.0], [179.63430786132812, 138.01304626464844, 1.0], [220.10047912597656, 190.1832275390625, 1.0], [245.727294921875, 213.32937622070312, 1.0], [264.4991149902344, 225.2696990966797, 1.0], [142.43223571777344, 163.17137145996094, 1.0], [162.9949188232422, 231.05210876464844, 1.0], [198.55494689941406, 248.45379638671875, 1.0], [229.75152587890625, 253.4364471435547, 1.0], [115.85218048095703, 180.5194091796875, 1.0], [158.97830200195312, 231.01866149902344, 1.0], [183.4589080810547, 237.29437255859375, 1.0], [184.40359497070312, 201.110107421875, 1.0], [89.8348159790039, 189.5781707763672, 1.0], [110.49536895751953, 212.14820861816406, 1.0], [125.04740905761719, 212.99803161621094, 1.0], [136.3824920654297, 187.99688720703125, 1.0]], "is_left": 0}