{"hand_pts": [[319.3973388671875, 95.34091186523438, 1.0], [274.322998046875, 128.67738342285156, 1.0], [251.22238159179688, 140.14173889160156, 1.0], [195.39349365234375, 137.52792358398438, 1.0], [165.46243286132812, 127.29112243652344, 1.0], [243.8013458251953, 205.18255615234375, 1.0], [220.2639923095703, 262.671630859375, 1.0], [189.42007446289062, 291.1214904785156, 1.0], [147.2391815185547, 298.62213134765625, 1.0], [239.12620544433594, 193.5360107421875, 1.0], [157.51734924316406, 214.8320770263672, 1.0], [107.18248748779297, 209.8790283203125, 1.0], [101.96231842041016, 176.1259765625, 1.0], [232.41574096679688, 178.55636596679688, 1.0], [166.5821990966797, 211.08277893066406, 1.0], [127.6668930053711, 197.23611450195312, 1.0], [115.02690124511719, 172.69842529296875, 1.0], [229.64503479003906, 157.33531188964844, 1.0], [178.6522979736328, 143.88780212402344, 1.0], [172.98297119140625, 120.1955795288086, 1.0], [174.876953125, 96.24931335449219, 1.0]], "is_left": 0}