{"hand_pts": [[147.98171997070312, 63.732669830322266, 1.0], [156.53155517578125, 76.52667999267578, 1.0], [180.09173583984375, 75.29875946044922, 1.0], [204.91990661621094, 106.233154296875, 1.0], [223.14566040039062, 150.97703552246094, 1.0], [113.45661926269531, 152.16000366210938, 1.0], [154.17507934570312, 192.17361450195312, 1.0], [195.3114013671875, 174.59681701660156, 1.0], [238.00173950195312, 167.20310974121094, 1.0], [122.69550323486328, 172.95750427246094, 1.0], [133.62403869628906, 235.04786682128906, 1.0], [175.9960174560547, 239.91574096679688, 1.0], [215.08346557617188, 246.6893768310547, 1.0], [136.71636962890625, 185.52943420410156, 1.0], [204.66847229003906, 217.25833129882812, 1.0], [234.4425506591797, 185.0369415283203, 1.0], [237.59645080566406, 144.2453155517578, 1.0], [153.16738891601562, 189.5546417236328, 1.0], [181.8299560546875, 231.1831817626953, 1.0], [208.1235809326172, 254.63034057617188, 1.0], [241.86207580566406, 268.01312255859375, 1.0]], "is_left": 0}