{"hand_pts": [[234.24191284179688, 26.51809310913086, 1.0], [179.90069580078125, 64.58174896240234, 1.0], [128.66517639160156, 72.20889282226562, 1.0], [130.39285278320312, 116.57640838623047, 1.0], [173.50794982910156, 151.12005615234375, 1.0], [121.39864349365234, 136.48919677734375, 1.0], [110.25578308105469, 201.89593505859375, 1.0], [138.4373321533203, 206.7975616455078, 1.0], [171.3927459716797, 191.49598693847656, 1.0], [159.5190887451172, 151.0498046875, 1.0], [158.50880432128906, 234.1372528076172, 1.0], [181.99310302734375, 240.69805908203125, 1.0], [194.3201141357422, 193.35546875, 1.0], [193.66798400878906, 161.6947784423828, 1.0], [170.06820678710938, 237.3042449951172, 1.0], [185.35302734375, 242.95912170410156, 1.0], [205.784912109375, 222.98472595214844, 1.0], [230.22940063476562, 164.350830078125, 1.0], [262.9064636230469, 199.85809326171875, 1.0], [287.5793762207031, 220.6832275390625, 1.0], [313.4315490722656, 234.3485565185547, 1.0]], "is_left": 0}