{"hand_pts": [[45.250919342041016, 94.113525390625, 1.0], [125.02918243408203, 89.41183471679688, 1.0], [182.44163513183594, 71.58513641357422, 1.0], [232.44500732421875, 77.59132385253906, 1.0], [257.2385559082031, 106.7131576538086, 1.0], [185.6475067138672, 146.3627471923828, 1.0], [231.55267333984375, 176.7267608642578, 1.0], [243.63706970214844, 183.154296875, 1.0], [242.95193481445312, 181.61993408203125, 1.0], [153.10333251953125, 175.49993896484375, 1.0], [206.06130981445312, 219.9658203125, 1.0], [236.94100952148438, 237.69676208496094, 1.0], [250.72781372070312, 231.63966369628906, 1.0], [126.3973388671875, 195.478759765625, 1.0], [172.46676635742188, 219.55665588378906, 1.0], [167.16128540039062, 198.20989990234375, 1.0], [153.1175079345703, 171.7655029296875, 1.0], [95.95309448242188, 208.0959930419922, 1.0], [110.87256622314453, 244.53158569335938, 1.0], [125.16893768310547, 260.1312255859375, 1.0], [143.02520751953125, 261.9781188964844, 1.0]], "is_left": 0}