{"hand_pts": [[112.26657104492188, 294.8011169433594, 1.0], [153.66213989257812, 278.5768737792969, 1.0], [201.16244506835938, 281.50537109375, 1.0], [241.18621826171875, 272.0709228515625, 1.0], [248.3725128173828, 231.42599487304688, 1.0], [201.44410705566406, 213.26449584960938, 1.0], [217.44329833984375, 180.3008575439453, 1.0], [218.51736450195312, 166.363037109375, 1.0], [212.27919006347656, 159.10325622558594, 1.0], [178.6358642578125, 196.13026428222656, 1.0], [223.07025146484375, 137.1581268310547, 1.0], [241.971923828125, 106.03128051757812, 1.0], [253.65579223632812, 84.00775146484375, 1.0], [157.798828125, 185.30923461914062, 1.0], [149.22628784179688, 157.858154296875, 1.0], [137.8163299560547, 156.58392333984375, 1.0], [125.9077377319336, 157.7354278564453, 1.0], [134.21636962890625, 181.88262939453125, 1.0], [127.08194732666016, 167.41705322265625, 1.0], [117.92835235595703, 175.7166290283203, 1.0], [108.43170928955078, 197.11563110351562, 1.0]], "is_left": 0}