{"hand_pts": [[340.1461181640625, 152.73658752441406, 1.0], [276.6156005859375, 194.0608673095703, 1.0], [235.16769409179688, 224.5936279296875, 1.0], [195.0066375732422, 244.30181884765625, 1.0], [166.72021484375, 251.4674530029297, 1.0], [193.4417266845703, 160.55572509765625, 1.0], [139.7442626953125, 175.2077178955078, 1.0], [120.06491088867188, 200.14646911621094, 1.0], [108.33650970458984, 226.8285675048828, 1.0], [214.2532958984375, 142.74014282226562, 1.0], [152.99400329589844, 156.85751342773438, 1.0], [132.95889282226562, 188.2358856201172, 1.0], [122.79634857177734, 221.70028686523438, 1.0], [234.3040771484375, 135.05950927734375, 1.0], [182.75474548339844, 150.5289764404297, 1.0], [170.12374877929688, 180.24917602539062, 1.0], [166.80984497070312, 212.77581787109375, 1.0], [260.42462158203125, 130.91842651367188, 1.0], [230.97189331054688, 141.05740356445312, 1.0], [217.3041534423828, 162.91162109375, 1.0], [211.60525512695312, 192.53880310058594, 1.0]], "is_left": 0}