{"hand_pts": [[259.7665710449219, 291.561767578125, 1.0], [206.8141632080078, 235.02769470214844, 1.0], [206.0640869140625, 175.29586791992188, 1.0], [194.6380157470703, 131.2049560546875, 1.0], [181.6441650390625, 100.98783874511719, 1.0], [226.8480682373047, 169.25196838378906, 1.0], [208.0709686279297, 126.11283111572266, 1.0], [167.78736877441406, 121.93932342529297, 1.0], [127.98111724853516, 122.21692657470703, 1.0], [238.3674774169922, 199.90240478515625, 1.0], [175.18197631835938, 167.626953125, 1.0], [128.58160400390625, 154.7115020751953, 1.0], [92.81287384033203, 171.80194091796875, 1.0], [240.2378387451172, 227.89959716796875, 1.0], [179.34300231933594, 205.75634765625, 1.0], [138.95852661132812, 217.46237182617188, 1.0], [126.92940521240234, 236.1239013671875, 1.0], [240.47064208984375, 259.5580139160156, 1.0], [233.4373016357422, 239.47511291503906, 1.0], [197.4492645263672, 235.1685791015625, 1.0], [161.34542846679688, 231.97738647460938, 1.0]], "is_left": 0}