{"hand_pts": [[53.54914855957031, 132.37486267089844, 1.0], [76.4100341796875, 167.2241973876953, 1.0], [73.56674194335938, 181.3394775390625, 1.0], [95.39861297607422, 200.36691284179688, 1.0], [144.09060668945312, 219.2025604248047, 1.0], [157.82571411132812, 125.85238647460938, 1.0], [185.490478515625, 175.03103637695312, 1.0], [181.2418212890625, 221.27413940429688, 1.0], [173.7967529296875, 264.8175964355469, 1.0], [179.20755004882812, 119.045166015625, 1.0], [236.90968322753906, 144.09246826171875, 1.0], [227.6360321044922, 196.20669555664062, 1.0], [190.0469207763672, 204.70960998535156, 1.0], [192.96038818359375, 121.58313751220703, 1.0], [239.95188903808594, 191.39735412597656, 1.0], [213.74806213378906, 228.16143798828125, 1.0], [170.76254272460938, 239.46646118164062, 1.0], [197.53433227539062, 127.5350341796875, 1.0], [249.12515258789062, 151.11563110351562, 1.0], [254.57626342773438, 189.3384246826172, 1.0], [222.29566955566406, 213.7589569091797, 1.0]], "is_left": 0}