{"hand_pts": [[279.2158203125, 320.1915283203125, 1.0], [266.62567138671875, 285.5298156738281, 1.0], [298.0763244628906, 267.4918518066406, 1.0], [256.77655029296875, 223.6954803466797, 1.0], [212.4573974609375, 215.53521728515625, 1.0], [262.5283508300781, 193.1731414794922, 1.0], [200.8810272216797, 157.72471618652344, 1.0], [179.86102294921875, 185.55142211914062, 1.0], [165.21495056152344, 216.05548095703125, 1.0], [236.8400421142578, 187.38531494140625, 1.0], [170.4022674560547, 136.00341796875, 1.0], [125.56623840332031, 115.68256378173828, 1.0], [110.81098175048828, 145.7262725830078, 1.0], [212.13844299316406, 187.2521514892578, 1.0], [141.0930938720703, 155.52427673339844, 1.0], [126.12728881835938, 182.48081970214844, 1.0], [114.26538848876953, 210.86329650878906, 1.0], [190.60675048828125, 196.1957244873047, 1.0], [163.19189453125, 149.8613739013672, 1.0], [140.71710205078125, 144.20693969726562, 1.0], [155.88909912109375, 177.68609619140625, 1.0]], "is_left": 0}