{"hand_pts": [[39.77557373046875, 182.47227478027344, 1.0], [83.34046173095703, 166.6398468017578, 1.0], [93.2965087890625, 139.8944549560547, 1.0], [136.8086700439453, 183.48609924316406, 1.0], [150.9754180908203, 225.2897491455078, 1.0], [169.27188110351562, 88.28975677490234, 1.0], [215.91342163085938, 141.7259979248047, 1.0], [190.4910125732422, 185.24911499023438, 1.0], [148.80911254882812, 187.97079467773438, 1.0], [185.38075256347656, 108.81747436523438, 1.0], [254.5938720703125, 166.84661865234375, 1.0], [222.08001708984375, 210.97024536132812, 1.0], [171.34291076660156, 198.5193634033203, 1.0], [196.3180694580078, 134.40892028808594, 1.0], [257.7399597167969, 203.44772338867188, 1.0], [218.44151306152344, 231.4218292236328, 1.0], [179.06539916992188, 198.28150939941406, 1.0], [197.6514129638672, 165.17501831054688, 1.0], [230.82423400878906, 221.2891845703125, 1.0], [203.82176208496094, 247.5760040283203, 1.0], [167.3240509033203, 219.79725646972656, 1.0]], "is_left": 0}