{"hand_pts": [[259.0995788574219, 76.94741821289062, 1.0], [269.8863830566406, 97.7430419921875, 1.0], [287.4608154296875, 96.51284790039062, 1.0], [279.6956481933594, 127.80029296875, 1.0], [253.7694549560547, 174.23268127441406, 1.0], [196.18768310546875, 101.58267211914062, 1.0], [174.194091796875, 142.34161376953125, 1.0], [174.37721252441406, 185.73631286621094, 1.0], [186.86947631835938, 231.3310546875, 1.0], [170.29525756835938, 120.14411163330078, 1.0], [142.66433715820312, 186.07151794433594, 1.0], [164.58465576171875, 231.51669311523438, 1.0], [197.6398468017578, 263.1009521484375, 1.0], [156.01393127441406, 139.21347045898438, 1.0], [121.9560317993164, 207.89601135253906, 1.0], [143.39527893066406, 245.99021911621094, 1.0], [176.14576721191406, 268.88067626953125, 1.0], [150.5475616455078, 155.26950073242188, 1.0], [132.04312133789062, 206.65525817871094, 1.0], [148.24710083007812, 236.98818969726562, 1.0], [180.3434295654297, 248.2616729736328, 1.0]], "is_left": 0}