{"hand_pts": [[220.21546936035156, 57.8656120300293, 1.0], [213.47268676757812, 82.7027587890625, 1.0], [209.13902282714844, 93.0174789428711, 1.0], [208.39918518066406, 138.32774353027344, 1.0], [209.00289916992188, 176.0926055908203, 1.0], [136.21250915527344, 145.77816772460938, 1.0], [126.1424789428711, 181.80184936523438, 1.0], [147.31539916992188, 200.19093322753906, 1.0], [165.03274536132812, 219.7872772216797, 1.0], [147.4998016357422, 159.17208862304688, 1.0], [113.1355972290039, 221.81398010253906, 1.0], [122.2823715209961, 258.6998291015625, 1.0], [155.22412109375, 275.5904541015625, 1.0], [164.98362731933594, 167.74755859375, 1.0], [208.50823974609375, 207.29278564453125, 1.0], [235.84353637695312, 177.4121856689453, 1.0], [240.33168029785156, 144.27291870117188, 1.0], [187.66322326660156, 169.18585205078125, 1.0], [208.5812225341797, 208.22047424316406, 1.0], [240.00582885742188, 210.82960510253906, 1.0], [271.7259521484375, 211.16244506835938, 1.0]], "is_left": 0}