{"hand_pts": [[168.62742614746094, 300.9179992675781, 1.0], [214.95126342773438, 257.1703796386719, 1.0], [261.9059143066406, 243.27183532714844, 1.0], [298.61151123046875, 227.41871643066406, 1.0], [303.62530517578125, 210.08863830566406, 1.0], [193.9876708984375, 187.87098693847656, 1.0], [219.85047912597656, 152.9135284423828, 1.0], [237.958984375, 146.16085815429688, 1.0], [251.1303253173828, 154.78431701660156, 1.0], [155.64675903320312, 194.72698974609375, 1.0], [148.1149444580078, 139.23553466796875, 1.0], [164.0133056640625, 125.37853240966797, 1.0], [182.2664031982422, 126.7197036743164, 1.0], [128.47792053222656, 202.80111694335938, 1.0], [133.36338806152344, 150.63560485839844, 1.0], [149.6802978515625, 136.57369995117188, 1.0], [165.7447052001953, 157.2807159423828, 1.0], [105.61587524414062, 216.88516235351562, 1.0], [99.19428253173828, 210.43972778320312, 1.0], [111.60672760009766, 223.05487060546875, 1.0], [131.37908935546875, 241.22496032714844, 1.0]], "is_left": 0}