{"hand_pts": [[66.86323547363281, 91.818603515625, 1.0], [77.2078857421875, 134.50949096679688, 1.0], [72.24446105957031, 169.23236083984375, 1.0], [89.89318084716797, 201.3504638671875, 1.0], [121.73908233642578, 228.2986602783203, 1.0], [136.71363830566406, 162.68557739257812, 1.0], [174.7139129638672, 199.7767333984375, 1.0], [183.14926147460938, 211.6180877685547, 1.0], [188.03309631347656, 219.1713104248047, 1.0], [163.55075073242188, 151.5841064453125, 1.0], [211.4720916748047, 194.64024353027344, 1.0], [207.3296661376953, 205.31585693359375, 1.0], [201.6659393310547, 214.47500610351562, 1.0], [183.06520080566406, 143.54856872558594, 1.0], [233.16552734375, 178.71351623535156, 1.0], [254.74673461914062, 201.11334228515625, 1.0], [263.8360900878906, 219.12460327148438, 1.0], [195.44888305664062, 133.47373962402344, 1.0], [237.43165588378906, 157.79095458984375, 1.0], [244.155029296875, 172.81187438964844, 1.0], [241.07083129882812, 185.79270935058594, 1.0]], "is_left": 0}