{"hand_pts": [[177.4857635498047, 71.55999755859375, 1.0], [140.9342498779297, 93.86273193359375, 1.0], [89.93708801269531, 111.25851440429688, 1.0], [100.65226745605469, 139.4139404296875, 1.0], [146.418701171875, 158.3121795654297, 1.0], [120.05695343017578, 181.03921508789062, 1.0], [107.74266815185547, 232.99298095703125, 1.0], [125.93810272216797, 237.53224182128906, 1.0], [157.39569091796875, 208.072509765625, 1.0], [163.34274291992188, 181.99197387695312, 1.0], [194.55665588378906, 196.2356719970703, 1.0], [218.11231994628906, 177.2030487060547, 1.0], [240.8797149658203, 155.06826782226562, 1.0], [201.24996948242188, 176.4226531982422, 1.0], [202.02207946777344, 233.4923095703125, 1.0], [211.7293243408203, 244.91845703125, 1.0], [223.06747436523438, 246.5063934326172, 1.0], [238.15872192382812, 162.8609161376953, 1.0], [263.9787902832031, 180.7455291748047, 1.0], [280.1981201171875, 174.70245361328125, 1.0], [280.72955322265625, 144.74136352539062, 1.0]], "is_left": 0}