{"hand_pts": [[76.74093627929688, 72.05711364746094, 1.0], [138.1771240234375, 118.06037139892578, 1.0], [182.5519256591797, 159.70468139648438, 1.0], [239.8060760498047, 168.52188110351562, 1.0], [273.7878112792969, 152.3072967529297, 1.0], [139.69239807128906, 217.12319946289062, 1.0], [170.15281677246094, 276.4468994140625, 1.0], [204.32565307617188, 293.6633605957031, 1.0], [240.1434326171875, 296.1653747558594, 1.0], [120.957763671875, 205.39126586914062, 1.0], [198.70333862304688, 191.5978240966797, 1.0], [236.25848388671875, 156.01220703125, 1.0], [259.16119384765625, 113.38770294189453, 1.0], [111.25540161132812, 189.82382202148438, 1.0], [173.61061096191406, 209.9939727783203, 1.0], [201.21942138671875, 174.3141326904297, 1.0], [189.3086700439453, 143.58767700195312, 1.0], [101.93268585205078, 166.30621337890625, 1.0], [150.6783447265625, 165.52218627929688, 1.0], [177.53749084472656, 140.73080444335938, 1.0], [170.90032958984375, 114.18246459960938, 1.0]], "is_left": 0}