{"hand_pts": [[350.1810607910156, 254.68190002441406, 1.0], [291.68231201171875, 190.10501098632812, 1.0], [269.0968322753906, 131.8247833251953, 1.0], [228.07749938964844, 91.93230438232422, 1.0], [175.329833984375, 99.92913818359375, 1.0], [229.28636169433594, 136.06884765625, 1.0], [169.32945251464844, 114.21647644042969, 1.0], [172.94467163085938, 137.6797332763672, 1.0], [166.12588500976562, 156.2021942138672, 1.0], [225.7306671142578, 180.7056427001953, 1.0], [144.23182678222656, 172.8459014892578, 1.0], [122.52726745605469, 183.89242553710938, 1.0], [160.0723114013672, 199.00732421875, 1.0], [221.72152709960938, 219.0354461669922, 1.0], [146.92213439941406, 212.58995056152344, 1.0], [162.96023559570312, 226.85137939453125, 1.0], [191.75369262695312, 240.0684051513672, 1.0], [224.39419555664062, 258.87457275390625, 1.0], [175.83799743652344, 256.9792175292969, 1.0], [138.9691162109375, 253.77777099609375, 1.0], [108.67911529541016, 247.8822479248047, 1.0]], "is_left": 0}