{"hand_pts": [[173.05812072753906, 172.40472412109375, 1.0], [130.78277587890625, 180.09617614746094, 1.0], [83.04671478271484, 208.3555908203125, 1.0], [60.125389099121094, 218.90777587890625, 1.0], [81.82390594482422, 201.2629852294922, 1.0], [163.3118896484375, 223.47836303710938, 1.0], [176.79293823242188, 238.624267578125, 1.0], [175.56520080566406, 219.48414611816406, 1.0], [173.04745483398438, 194.8983154296875, 1.0], [202.15956115722656, 207.95001220703125, 1.0], [194.5624542236328, 219.64404296875, 1.0], [166.7864990234375, 185.7669677734375, 1.0], [150.3097381591797, 159.23757934570312, 1.0], [229.01414489746094, 189.91098022460938, 1.0], [247.2272186279297, 158.7364044189453, 1.0], [234.89024353027344, 126.05013275146484, 1.0], [205.3351287841797, 100.52734375, 1.0], [250.3380126953125, 169.47396850585938, 1.0], [257.8133850097656, 159.3022003173828, 1.0], [259.6146545410156, 149.43695068359375, 1.0], [231.32562255859375, 129.25650024414062, 1.0]], "is_left": 0}