{"hand_pts": [[103.00732421875, 230.39910888671875, 1.0], [97.36064147949219, 153.55282592773438, 1.0], [84.729248046875, 92.23560333251953, 1.0], [114.09761047363281, 96.72747802734375, 1.0], [149.2050323486328, 149.86529541015625, 1.0], [194.50640869140625, 144.3179168701172, 1.0], [218.97393798828125, 134.32594299316406, 1.0], [218.06446838378906, 130.20555114746094, 1.0], [189.01377868652344, 130.5122833251953, 1.0], [207.18048095703125, 198.45681762695312, 1.0], [163.46974182128906, 169.67080688476562, 1.0], [115.7519760131836, 168.4778594970703, 1.0], [71.65657043457031, 168.23611450195312, 1.0], [207.9833984375, 239.1966094970703, 1.0], [260.2528991699219, 217.18557739257812, 1.0], [250.7491455078125, 196.7710723876953, 1.0], [246.6552276611328, 178.07467651367188, 1.0], [200.13902282714844, 277.0342712402344, 1.0], [213.82481384277344, 278.9644775390625, 1.0], [218.02462768554688, 278.15350341796875, 1.0], [210.486328125, 269.1485290527344, 1.0]], "is_left": 0}