{"hand_pts": [[222.9869842529297, 65.53395080566406, 1.0], [224.49244689941406, 87.0172119140625, 1.0], [221.35690307617188, 90.79009246826172, 1.0], [199.0244903564453, 124.04075622558594, 1.0], [173.30885314941406, 164.02354431152344, 1.0], [252.99366760253906, 180.69134521484375, 1.0], [237.83975219726562, 216.46389770507812, 1.0], [223.60939025878906, 235.69163513183594, 1.0], [193.235107421875, 235.60528564453125, 1.0], [230.73211669921875, 194.10946655273438, 1.0], [172.49224853515625, 181.45664978027344, 1.0], [148.1702880859375, 134.54583740234375, 1.0], [124.27642059326172, 91.4131088256836, 1.0], [206.71926879882812, 198.8531036376953, 1.0], [190.1845245361328, 271.1217041015625, 1.0], [158.67654418945312, 244.0691375732422, 1.0], [142.9066925048828, 202.82656860351562, 1.0], [181.6950225830078, 194.0731201171875, 1.0], [148.4920654296875, 223.10325622558594, 1.0], [124.45632934570312, 202.1692352294922, 1.0], [105.86236572265625, 172.0779266357422, 1.0]], "is_left": 0}