{"hand_pts": [[158.3440704345703, 257.22198486328125, 1.0], [185.36695861816406, 210.78924560546875, 1.0], [185.02027893066406, 152.1549530029297, 1.0], [186.68853759765625, 105.18438720703125, 1.0], [190.00360107421875, 73.45452117919922, 1.0], [144.2323455810547, 171.09983825683594, 1.0], [182.1064910888672, 141.00311279296875, 1.0], [220.81552124023438, 138.49038696289062, 1.0], [257.0892639160156, 135.36273193359375, 1.0], [136.4828643798828, 201.2744598388672, 1.0], [160.472900390625, 163.93869018554688, 1.0], [203.80087280273438, 157.56643676757812, 1.0], [246.5470733642578, 160.18724060058594, 1.0], [137.2909393310547, 227.35719299316406, 1.0], [157.87802124023438, 211.7425994873047, 1.0], [198.61756896972656, 213.3018341064453, 1.0], [235.03297424316406, 217.935302734375, 1.0], [141.75247192382812, 254.8597412109375, 1.0], [154.35333251953125, 261.6549987792969, 1.0], [186.8754425048828, 259.2935791015625, 1.0], [206.98992919921875, 250.8377227783203, 1.0]], "is_left": 0}