{"hand_pts": [[295.9455261230469, 68.7188949584961, 1.0], [277.827880859375, 139.63272094726562, 1.0], [281.2560119628906, 200.00157165527344, 1.0], [273.9078674316406, 250.93936157226562, 1.0], [257.3493957519531, 266.80499267578125, 1.0], [189.4355010986328, 169.86009216308594, 1.0], [176.18206787109375, 214.13150024414062, 1.0], [182.86549377441406, 234.3234405517578, 1.0], [215.75143432617188, 224.91404724121094, 1.0], [177.0128631591797, 139.1837158203125, 1.0], [125.90454864501953, 192.62632751464844, 1.0], [114.58277893066406, 228.55418395996094, 1.0], [124.99447631835938, 257.16522216796875, 1.0], [172.92149353027344, 116.61595153808594, 1.0], [161.1486358642578, 165.09625244140625, 1.0], [184.92864990234375, 182.66661071777344, 1.0], [205.56341552734375, 200.72775268554688, 1.0], [177.6914520263672, 92.96760559082031, 1.0], [137.7596435546875, 106.59220123291016, 1.0], [127.03645324707031, 129.00892639160156, 1.0], [147.362548828125, 154.6669464111328, 1.0]], "is_left": 0}