{"hand_pts": [[310.69842529296875, 77.4560546875, 1.0], [262.7117919921875, 122.92393493652344, 1.0], [237.86288452148438, 149.66555786132812, 1.0], [201.0333251953125, 172.39698791503906, 1.0], [157.28746032714844, 188.94496154785156, 1.0], [240.31163024902344, 215.69908142089844, 1.0], [175.8564453125, 229.8501739501953, 1.0], [169.25241088867188, 189.4993133544922, 1.0], [180.34774780273438, 150.38319396972656, 1.0], [238.6275177001953, 202.75845336914062, 1.0], [170.65171813964844, 203.4772491455078, 1.0], [149.86801147460938, 175.95098876953125, 1.0], [145.28065490722656, 142.1095733642578, 1.0], [233.4896240234375, 185.86599731445312, 1.0], [174.45132446289062, 225.26576232910156, 1.0], [132.09202575683594, 220.80093383789062, 1.0], [90.84298706054688, 217.92050170898438, 1.0], [231.37802124023438, 160.92138671875, 1.0], [184.34010314941406, 180.8933563232422, 1.0], [153.62542724609375, 173.8170623779297, 1.0], [168.38719177246094, 151.63766479492188, 1.0]], "is_left": 0}