{"hand_pts": [[305.8790588378906, 97.17750549316406, 1.0], [285.4544677734375, 136.76161193847656, 1.0], [272.2859191894531, 148.0312042236328, 1.0], [249.85694885253906, 186.20469665527344, 1.0], [236.62599182128906, 214.39707946777344, 1.0], [180.56765747070312, 141.3485565185547, 1.0], [174.66844177246094, 191.8750762939453, 1.0], [185.10488891601562, 222.8073272705078, 1.0], [195.52423095703125, 252.13314819335938, 1.0], [164.8877716064453, 135.39657592773438, 1.0], [145.2235870361328, 194.8733673095703, 1.0], [195.95199584960938, 201.02127075195312, 1.0], [233.53054809570312, 177.5169677734375, 1.0], [159.2613983154297, 134.5876007080078, 1.0], [114.82083892822266, 182.1837921142578, 1.0], [127.1412124633789, 211.75686645507812, 1.0], [171.29400634765625, 215.94107055664062, 1.0], [164.4412078857422, 133.13262939453125, 1.0], [143.9853057861328, 168.66262817382812, 1.0], [147.19708251953125, 194.5686798095703, 1.0], [163.99473571777344, 219.04139709472656, 1.0]], "is_left": 0}