{"hand_pts": [[51.19688034057617, 266.3597717285156, 1.0], [115.82612609863281, 270.32183837890625, 1.0], [156.255615234375, 297.0905456542969, 1.0], [187.75131225585938, 271.0235595703125, 1.0], [180.59295654296875, 227.81703186035156, 1.0], [211.46597290039062, 227.03842163085938, 1.0], [249.0890350341797, 195.7831268310547, 1.0], [222.61451721191406, 196.53614807128906, 1.0], [181.20120239257812, 211.6525115966797, 1.0], [196.18348693847656, 193.3612518310547, 1.0], [237.8190460205078, 147.56430053710938, 1.0], [207.77687072753906, 160.12123107910156, 1.0], [167.93038940429688, 192.02191162109375, 1.0], [180.25424194335938, 167.51626586914062, 1.0], [215.40023803710938, 113.72544860839844, 1.0], [188.6417999267578, 127.92814636230469, 1.0], [158.21669006347656, 163.3224639892578, 1.0], [156.36679077148438, 148.3924560546875, 1.0], [169.25856018066406, 110.21559143066406, 1.0], [153.5355987548828, 120.16768646240234, 1.0], [133.62100219726562, 155.4743194580078, 1.0]], "is_left": 0}