{"hand_pts": [[104.80243682861328, 215.21255493164062, 1.0], [105.34539031982422, 171.42782592773438, 1.0], [82.60401916503906, 129.67015075683594, 1.0], [95.68379974365234, 155.49227905273438, 1.0], [119.85177612304688, 200.04168701171875, 1.0], [190.02841186523438, 105.3322982788086, 1.0], [190.7727813720703, 121.18289184570312, 1.0], [160.01324462890625, 154.6170654296875, 1.0], [142.00732421875, 168.16334533691406, 1.0], [218.3128662109375, 136.584228515625, 1.0], [225.57440185546875, 172.58474731445312, 1.0], [181.84605407714844, 198.29042053222656, 1.0], [159.21133422851562, 188.68299865722656, 1.0], [235.1591033935547, 167.04754638671875, 1.0], [265.9620056152344, 201.7362060546875, 1.0], [230.19590759277344, 228.207763671875, 1.0], [190.8963165283203, 229.41136169433594, 1.0], [242.2957000732422, 201.0541229248047, 1.0], [249.16171264648438, 239.56101989746094, 1.0], [213.8460235595703, 252.0469970703125, 1.0], [203.6446533203125, 224.5135955810547, 1.0]], "is_left": 0}