{"hand_pts": [[56.2138671875, 116.64559936523438, 1.0], [86.56398010253906, 110.36994171142578, 1.0], [96.72229766845703, 78.7195816040039, 1.0], [130.33351135253906, 103.1753921508789, 1.0], [160.85240173339844, 157.0887908935547, 1.0], [208.67361450195312, 102.19044494628906, 1.0], [246.89402770996094, 140.74679565429688, 1.0], [208.51449584960938, 174.2554931640625, 1.0], [158.08267211914062, 192.3543701171875, 1.0], [218.33206176757812, 133.59616088867188, 1.0], [237.1330108642578, 197.98123168945312, 1.0], [185.68385314941406, 222.45968627929688, 1.0], [128.0933380126953, 212.55274963378906, 1.0], [217.435791015625, 162.87429809570312, 1.0], [251.7179412841797, 230.8622589111328, 1.0], [211.5250244140625, 255.81878662109375, 1.0], [157.50035095214844, 244.39662170410156, 1.0], [204.57858276367188, 190.2533721923828, 1.0], [216.1140899658203, 247.2729034423828, 1.0], [183.26002502441406, 266.0802917480469, 1.0], [138.07736206054688, 248.55166625976562, 1.0]], "is_left": 0}