{"hand_pts": [[239.2063751220703, 315.704833984375, 1.0], [249.50894165039062, 279.237548828125, 1.0], [283.22198486328125, 256.49407958984375, 1.0], [292.52032470703125, 212.4739227294922, 1.0], [263.00970458984375, 182.34959411621094, 1.0], [152.759033203125, 252.39996337890625, 1.0], [127.2727279663086, 223.78436279296875, 1.0], [124.47627258300781, 195.3702850341797, 1.0], [156.43104553222656, 162.9991912841797, 1.0], [133.1455841064453, 240.01986694335938, 1.0], [150.84597778320312, 164.77186584472656, 1.0], [181.06405639648438, 123.26739501953125, 1.0], [229.45281982421875, 102.99857330322266, 1.0], [126.99085998535156, 226.89801025390625, 1.0], [171.97341918945312, 156.4168701171875, 1.0], [211.7034454345703, 126.23419952392578, 1.0], [258.2303161621094, 112.29891204833984, 1.0], [130.68016052246094, 217.7999267578125, 1.0], [117.71275329589844, 168.88882446289062, 1.0], [148.9976806640625, 144.11524963378906, 1.0], [181.27175903320312, 167.57235717773438, 1.0]], "is_left": 0}