{"hand_pts": [[198.3364715576172, 40.43825912475586, 1.0], [179.8542938232422, 78.6969223022461, 1.0], [184.77462768554688, 95.099365234375, 1.0], [182.65988159179688, 133.9797821044922, 1.0], [177.53390502929688, 174.3379669189453, 1.0], [208.69554138183594, 156.54220581054688, 1.0], [185.37600708007812, 203.83778381347656, 1.0], [162.8628692626953, 183.56346130371094, 1.0], [164.27716064453125, 148.94461059570312, 1.0], [213.6041717529297, 162.76699829101562, 1.0], [189.57562255859375, 221.5706329345703, 1.0], [161.4723358154297, 237.44529724121094, 1.0], [137.7873992919922, 258.76953125, 1.0], [212.4544677734375, 164.6588592529297, 1.0], [228.3777313232422, 232.48751831054688, 1.0], [212.8532257080078, 267.55615234375, 1.0], [185.4742889404297, 266.48291015625, 1.0], [208.55519104003906, 158.04684448242188, 1.0], [180.30714416503906, 173.91795349121094, 1.0], [156.97158813476562, 169.02120971679688, 1.0], [132.40643310546875, 158.3762969970703, 1.0]], "is_left": 0}