{"hand_pts": [[122.3536376953125, 35.78621292114258, 1.0], [137.30772399902344, 71.69355773925781, 1.0], [156.5141143798828, 84.47634887695312, 1.0], [161.89883422851562, 131.4120330810547, 1.0], [158.9877166748047, 180.596435546875, 1.0], [209.4322967529297, 118.89181518554688, 1.0], [235.9512481689453, 166.72048950195312, 1.0], [222.69253540039062, 203.61328125, 1.0], [202.5577392578125, 237.86474609375, 1.0], [196.55955505371094, 133.0010986328125, 1.0], [238.82568359375, 190.4531707763672, 1.0], [245.02342224121094, 230.83522033691406, 1.0], [241.39556884765625, 268.0345153808594, 1.0], [178.3853759765625, 145.26905822753906, 1.0], [200.86143493652344, 211.6257781982422, 1.0], [173.11798095703125, 241.04061889648438, 1.0], [136.1392364501953, 249.81277465820312, 1.0], [154.8395233154297, 151.54074096679688, 1.0], [148.18707275390625, 205.5540771484375, 1.0], [126.76207733154297, 234.82379150390625, 1.0], [99.77008056640625, 250.4707489013672, 1.0]], "is_left": 0}