{"hand_pts": [[128.3743133544922, 189.4794464111328, 1.0], [102.54573059082031, 218.57168579101562, 1.0], [73.76417541503906, 242.36109924316406, 1.0], [86.91400909423828, 248.037841796875, 1.0], [114.8606185913086, 244.13653564453125, 1.0], [134.8651123046875, 177.46893310546875, 1.0], [147.46424865722656, 174.3356170654297, 1.0], [156.47427368164062, 188.19935607910156, 1.0], [164.4928436279297, 205.81130981445312, 1.0], [175.7706756591797, 155.86099243164062, 1.0], [201.03248596191406, 155.0354766845703, 1.0], [204.70411682128906, 177.12838745117188, 1.0], [202.4250030517578, 202.9169464111328, 1.0], [208.18222045898438, 143.56198120117188, 1.0], [229.9503936767578, 155.80030822753906, 1.0], [228.23265075683594, 180.7266387939453, 1.0], [213.1379852294922, 209.19461059570312, 1.0], [235.7384033203125, 135.87745666503906, 1.0], [267.36724853515625, 135.69163513183594, 1.0], [267.9768981933594, 156.1551055908203, 1.0], [247.25350952148438, 184.62364196777344, 1.0]], "is_left": 0}