{"hand_pts": [[328.1529846191406, 202.72279357910156, 1.0], [279.0205993652344, 144.86160278320312, 1.0], [245.11488342285156, 98.10362243652344, 1.0], [199.2650909423828, 98.78608703613281, 1.0], [160.1658477783203, 116.5692367553711, 1.0], [173.24375915527344, 167.1258544921875, 1.0], [119.63188171386719, 148.8986053466797, 1.0], [95.99555969238281, 134.53948974609375, 1.0], [114.63014221191406, 123.1303482055664, 1.0], [178.98797607421875, 211.68626403808594, 1.0], [143.52220153808594, 174.44198608398438, 1.0], [185.18148803710938, 154.14239501953125, 1.0], [225.51809692382812, 136.12850952148438, 1.0], [189.4857635498047, 243.19894409179688, 1.0], [172.722900390625, 245.48019409179688, 1.0], [205.1979217529297, 227.3956298828125, 1.0], [235.39967346191406, 210.54782104492188, 1.0], [209.3612823486328, 270.0788879394531, 1.0], [191.4876251220703, 275.33526611328125, 1.0], [193.74746704101562, 265.5112609863281, 1.0], [210.10781860351562, 242.29808044433594, 1.0]], "is_left": 0}