{"hand_pts": [[206.04800415039062, 70.28305053710938, 1.0], [215.35789489746094, 87.44308471679688, 1.0], [214.9956512451172, 73.98108673095703, 1.0], [246.43470764160156, 126.45294189453125, 1.0], [261.3251647949219, 162.49205017089844, 1.0], [120.11807250976562, 132.07870483398438, 1.0], [163.22874450683594, 192.58522033691406, 1.0], [211.9879608154297, 185.9456024169922, 1.0], [218.60203552246094, 151.0186004638672, 1.0], [108.52672576904297, 160.87098693847656, 1.0], [151.86012268066406, 241.5554656982422, 1.0], [208.39892578125, 222.72840881347656, 1.0], [214.666015625, 172.97174072265625, 1.0], [109.31836700439453, 184.39871215820312, 1.0], [158.55471801757812, 260.81976318359375, 1.0], [203.8731231689453, 235.72865295410156, 1.0], [193.32830810546875, 187.6911163330078, 1.0], [118.9132308959961, 200.86668395996094, 1.0], [152.39614868164062, 253.07339477539062, 1.0], [192.25433349609375, 234.7292938232422, 1.0], [179.02369689941406, 192.0959014892578, 1.0]], "is_left": 0}