{"hand_pts": [[77.7354507446289, 310.20233154296875, 1.0], [96.096435546875, 232.77638244628906, 1.0], [101.3752670288086, 167.06980895996094, 1.0], [133.99996948242188, 127.79747772216797, 1.0], [167.8610382080078, 138.23780822753906, 1.0], [99.69978332519531, 195.44143676757812, 1.0], [163.0744171142578, 146.00856018066406, 1.0], [202.4959259033203, 129.18125915527344, 1.0], [232.73223876953125, 126.20924377441406, 1.0], [119.78812408447266, 231.53631591796875, 1.0], [187.96006774902344, 169.60557556152344, 1.0], [221.38250732421875, 151.11952209472656, 1.0], [246.73191833496094, 139.0886688232422, 1.0], [140.26327514648438, 258.83563232421875, 1.0], [200.83766174316406, 196.95590209960938, 1.0], [238.77879333496094, 163.72877502441406, 1.0], [275.1068115234375, 132.1234893798828, 1.0], [158.09295654296875, 287.49432373046875, 1.0], [206.22434997558594, 258.8372802734375, 1.0], [237.61544799804688, 233.67037963867188, 1.0], [253.11817932128906, 213.08871459960938, 1.0]], "is_left": 0}