{"hand_pts": [[345.7169189453125, 199.9619903564453, 1.0], [296.8153076171875, 223.80772399902344, 1.0], [270.33203125, 249.5530242919922, 1.0], [233.10845947265625, 266.8116455078125, 1.0], [186.79730224609375, 269.5093688964844, 1.0], [233.61898803710938, 175.36631774902344, 1.0], [178.87747192382812, 166.96543884277344, 1.0], [145.3609161376953, 184.9010467529297, 1.0], [116.32047271728516, 203.82444763183594, 1.0], [229.7927703857422, 158.04075622558594, 1.0], [161.79327392578125, 154.09725952148438, 1.0], [144.41445922851562, 187.6850128173828, 1.0], [158.27407836914062, 216.57643127441406, 1.0], [226.96432495117188, 150.4255828857422, 1.0], [165.21412658691406, 132.8796844482422, 1.0], [126.69892883300781, 137.08338928222656, 1.0], [103.54882049560547, 162.6829071044922, 1.0], [230.7172088623047, 147.98492431640625, 1.0], [183.32090759277344, 146.46832275390625, 1.0], [163.2762451171875, 167.74258422851562, 1.0], [145.39520263671875, 192.00730895996094, 1.0]], "is_left": 0}