{"hand_pts": [[331.7576599121094, 158.3882598876953, 1.0], [250.72561645507812, 167.66160583496094, 1.0], [189.22276306152344, 170.80877685546875, 1.0], [139.49513244628906, 171.7226104736328, 1.0], [118.25325775146484, 168.68516540527344, 1.0], [213.5532989501953, 118.33180236816406, 1.0], [146.73184204101562, 155.8904266357422, 1.0], [121.20279693603516, 192.83905029296875, 1.0], [125.59355163574219, 223.3770294189453, 1.0], [237.94020080566406, 126.34741973876953, 1.0], [175.63134765625, 174.40789794921875, 1.0], [163.5350341796875, 214.13064575195312, 1.0], [179.9788055419922, 223.39060974121094, 1.0], [254.41058349609375, 140.02577209472656, 1.0], [188.3414764404297, 175.15493774414062, 1.0], [152.8402099609375, 208.68917846679688, 1.0], [121.14765930175781, 242.44061279296875, 1.0], [273.25274658203125, 156.76841735839844, 1.0], [244.88815307617188, 187.12457275390625, 1.0], [220.4363250732422, 217.22825622558594, 1.0], [193.41822814941406, 249.19857788085938, 1.0]], "is_left": 0}