{"hand_pts": [[151.9380645751953, 283.9660339355469, 1.0], [210.46701049804688, 252.96014404296875, 1.0], [260.2469482421875, 261.5662841796875, 1.0], [284.5131530761719, 221.9507598876953, 1.0], [267.63299560546875, 178.16429138183594, 1.0], [190.84933471679688, 237.64134216308594, 1.0], [222.62960815429688, 180.49612426757812, 1.0], [228.28953552246094, 177.24220275878906, 1.0], [216.71957397460938, 200.26556396484375, 1.0], [150.67462158203125, 226.95103454589844, 1.0], [175.8672637939453, 156.34463500976562, 1.0], [202.3251495361328, 134.8928680419922, 1.0], [217.1963653564453, 147.55953979492188, 1.0], [122.82235717773438, 214.88392639160156, 1.0], [123.2232894897461, 144.43756103515625, 1.0], [147.59107971191406, 132.25546264648438, 1.0], [166.40184020996094, 155.13204956054688, 1.0], [98.87244415283203, 205.5986785888672, 1.0], [102.38725280761719, 156.21412658691406, 1.0], [126.60527801513672, 148.61338806152344, 1.0], [143.7355194091797, 176.6326141357422, 1.0]], "is_left": 0}