{"hand_pts": [[309.3739318847656, 322.806396484375, 1.0], [253.17352294921875, 271.05377197265625, 1.0], [230.75042724609375, 240.97776794433594, 1.0], [169.1503448486328, 215.9235076904297, 1.0], [142.0447235107422, 221.8925018310547, 1.0], [252.78732299804688, 143.0960693359375, 1.0], [177.4261016845703, 110.8016128540039, 1.0], [138.3180389404297, 144.70993041992188, 1.0], [128.74737548828125, 194.75587463378906, 1.0], [256.0473937988281, 147.1192169189453, 1.0], [160.56332397460938, 132.24256896972656, 1.0], [140.87673950195312, 187.33551025390625, 1.0], [167.89805603027344, 235.99388122558594, 1.0], [252.03492736816406, 157.8416748046875, 1.0], [173.95428466796875, 115.18757629394531, 1.0], [136.10997009277344, 148.6353759765625, 1.0], [145.1755828857422, 193.9104766845703, 1.0], [248.9310302734375, 179.74459838867188, 1.0], [191.29327392578125, 182.01235961914062, 1.0], [175.10479736328125, 218.5307159423828, 1.0], [200.3191375732422, 245.42930603027344, 1.0]], "is_left": 0}