{"hand_pts": [[307.69091796875, 171.60057067871094, 1.0], [282.22515869140625, 215.04693603515625, 1.0], [282.4796142578125, 244.56732177734375, 1.0], [249.60890197753906, 228.35401916503906, 1.0], [221.6376953125, 194.03025817871094, 1.0], [190.92274475097656, 257.0064392089844, 1.0], [154.2583770751953, 257.12725830078125, 1.0], [171.5106658935547, 230.6830291748047, 1.0], [187.59571838378906, 204.46127319335938, 1.0], [176.84027099609375, 217.9824981689453, 1.0], [172.4566192626953, 184.54684448242188, 1.0], [217.134033203125, 174.08514404296875, 1.0], [241.5596466064453, 186.00082397460938, 1.0], [170.68003845214844, 182.55642700195312, 1.0], [145.53192138671875, 155.2378692626953, 1.0], [144.7509002685547, 136.29087829589844, 1.0], [179.5194549560547, 124.60106658935547, 1.0], [173.9483642578125, 146.00999450683594, 1.0], [133.10577392578125, 129.06788635253906, 1.0], [110.2234878540039, 116.28279876708984, 1.0], [94.03199768066406, 104.94548034667969, 1.0]], "is_left": 0}