{"hand_pts": [[58.6760139465332, 296.40545654296875, 1.0], [113.62342834472656, 295.595703125, 1.0], [159.95143127441406, 299.39971923828125, 1.0], [199.559326171875, 279.6746520996094, 1.0], [235.28250122070312, 257.34625244140625, 1.0], [168.5489501953125, 233.66314697265625, 1.0], [222.1373748779297, 208.43902587890625, 1.0], [250.91159057617188, 195.0269775390625, 1.0], [271.96600341796875, 184.77943420410156, 1.0], [145.1618194580078, 209.05868530273438, 1.0], [197.58029174804688, 156.77023315429688, 1.0], [231.45437622070312, 129.4541015625, 1.0], [260.51177978515625, 109.58416748046875, 1.0], [124.66339874267578, 192.92987060546875, 1.0], [170.8202667236328, 137.6025390625, 1.0], [196.62765502929688, 115.76507568359375, 1.0], [220.15408325195312, 99.33206939697266, 1.0], [100.5343017578125, 184.2833709716797, 1.0], [124.31891632080078, 145.8306884765625, 1.0], [141.11790466308594, 124.06532287597656, 1.0], [156.96661376953125, 119.04593658447266, 1.0]], "is_left": 0}