{"hand_pts": [[317.55572509765625, 268.541015625, 1.0], [245.70407104492188, 264.7660827636719, 1.0], [198.62059020996094, 283.3399353027344, 1.0], [169.1634979248047, 252.61199951171875, 1.0], [171.48214721679688, 217.9248809814453, 1.0], [206.00230407714844, 219.6727752685547, 1.0], [153.2534637451172, 201.8271026611328, 1.0], [159.89080810546875, 211.7983856201172, 1.0], [161.14747619628906, 218.08489990234375, 1.0], [227.81553649902344, 197.20693969726562, 1.0], [158.8813018798828, 164.81788635253906, 1.0], [123.31859588623047, 161.2689971923828, 1.0], [104.41473388671875, 167.92642211914062, 1.0], [243.16555786132812, 181.066650390625, 1.0], [184.3365936279297, 140.8609619140625, 1.0], [150.4174346923828, 130.51040649414062, 1.0], [147.2209930419922, 148.7808074951172, 1.0], [261.2593994140625, 170.93597412109375, 1.0], [241.52679443359375, 134.4250946044922, 1.0], [215.83187866210938, 113.81398010253906, 1.0], [190.62815856933594, 124.06416320800781, 1.0]], "is_left": 0}