{"hand_pts": [[326.888427734375, 180.94888305664062, 1.0], [269.6245422363281, 140.21688842773438, 1.0], [230.9528350830078, 96.49256896972656, 1.0], [188.72315979003906, 66.60395050048828, 1.0], [174.1163787841797, 86.64913177490234, 1.0], [200.16061401367188, 170.71368408203125, 1.0], [148.60986328125, 166.97604370117188, 1.0], [118.69267272949219, 162.70184326171875, 1.0], [119.83435821533203, 148.88221740722656, 1.0], [213.8140869140625, 204.70037841796875, 1.0], [145.12655639648438, 217.32699584960938, 1.0], [110.10933685302734, 204.4149932861328, 1.0], [79.70714569091797, 189.23300170898438, 1.0], [226.5618896484375, 227.59767150878906, 1.0], [191.44891357421875, 223.8651580810547, 1.0], [184.06336975097656, 211.2608184814453, 1.0], [198.12060546875, 187.1579132080078, 1.0], [245.10276794433594, 245.66009521484375, 1.0], [223.7342071533203, 249.66249084472656, 1.0], [212.10855102539062, 246.70596313476562, 1.0], [220.95675659179688, 219.43421936035156, 1.0]], "is_left": 0}