{"hand_pts": [[227.9779815673828, 220.13111877441406, 1.0], [225.85733032226562, 162.7377166748047, 1.0], [247.67755126953125, 109.60504913330078, 1.0], [267.2505798339844, 74.80918884277344, 1.0], [280.5120544433594, 69.77005004882812, 1.0], [139.36056518554688, 147.94187927246094, 1.0], [173.25833129882812, 126.16865539550781, 1.0], [213.81610107421875, 134.04620361328125, 1.0], [226.13172912597656, 153.0687255859375, 1.0], [129.9425811767578, 194.44131469726562, 1.0], [124.45143127441406, 186.16050720214844, 1.0], [172.0811004638672, 185.7904815673828, 1.0], [192.09140014648438, 187.15760803222656, 1.0], [130.25408935546875, 231.3105010986328, 1.0], [125.03060913085938, 232.8317413330078, 1.0], [140.12681579589844, 232.07296752929688, 1.0], [180.7639923095703, 225.29031372070312, 1.0], [138.72698974609375, 266.1447448730469, 1.0], [151.42127990722656, 268.75018310546875, 1.0], [185.08518981933594, 260.1621398925781, 1.0], [220.30648803710938, 248.70339965820312, 1.0]], "is_left": 0}