{"hand_pts": [[303.4383544921875, 172.092529296875, 1.0], [241.8751983642578, 134.09242248535156, 1.0], [195.5579833984375, 92.63314819335938, 1.0], [141.1158905029297, 103.2408218383789, 1.0], [137.7084197998047, 146.82095336914062, 1.0], [247.1082763671875, 146.8975830078125, 1.0], [195.7187042236328, 145.12953186035156, 1.0], [160.07737731933594, 148.6793670654297, 1.0], [138.8180694580078, 153.51829528808594, 1.0], [258.8411865234375, 186.80203247070312, 1.0], [180.54893493652344, 191.8881072998047, 1.0], [138.02952575683594, 185.34193420410156, 1.0], [113.29548645019531, 176.14584350585938, 1.0], [261.5776672363281, 217.5473175048828, 1.0], [183.53355407714844, 225.62741088867188, 1.0], [141.14059448242188, 221.76808166503906, 1.0], [126.4263687133789, 209.35923767089844, 1.0], [264.0684814453125, 244.5699920654297, 1.0], [230.3079376220703, 262.4722900390625, 1.0], [197.9806365966797, 251.1897735595703, 1.0], [197.3730926513672, 231.5054473876953, 1.0]], "is_left": 0}