{"hand_pts": [[45.69035720825195, 156.09649658203125, 1.0], [135.71444702148438, 138.09886169433594, 1.0], [198.537841796875, 123.20285034179688, 1.0], [229.96371459960938, 155.86814880371094, 1.0], [215.6173858642578, 190.47911071777344, 1.0], [177.11911010742188, 121.23922729492188, 1.0], [232.2957305908203, 153.28538513183594, 1.0], [238.34552001953125, 175.25218200683594, 1.0], [211.63604736328125, 183.53086853027344, 1.0], [139.44871520996094, 150.018798828125, 1.0], [222.51956176757812, 172.72940063476562, 1.0], [218.76536560058594, 182.0594940185547, 1.0], [181.3340606689453, 175.71749877929688, 1.0], [112.42200469970703, 175.68341064453125, 1.0], [179.7922821044922, 197.0090789794922, 1.0], [219.9041748046875, 214.0782012939453, 1.0], [223.70513916015625, 218.23057556152344, 1.0], [83.86276245117188, 200.12490844726562, 1.0], [111.75, 226.95286560058594, 1.0], [140.26858520507812, 244.93707275390625, 1.0], [172.89927673339844, 259.54058837890625, 1.0]], "is_left": 0}