{"hand_pts": [[145.94415283203125, 295.0862731933594, 1.0], [118.01609802246094, 286.3617248535156, 1.0], [85.14938354492188, 283.591796875, 1.0], [77.04396057128906, 258.00469970703125, 1.0], [77.24742126464844, 227.07281494140625, 1.0], [161.70040893554688, 238.66958618164062, 1.0], [162.58822631835938, 209.96383666992188, 1.0], [156.98263549804688, 187.93612670898438, 1.0], [155.4155731201172, 165.41571044921875, 1.0], [187.78628540039062, 217.3946990966797, 1.0], [210.6947021484375, 174.6001739501953, 1.0], [213.8979949951172, 146.11891174316406, 1.0], [210.99769592285156, 119.16329956054688, 1.0], [203.11521911621094, 202.00575256347656, 1.0], [237.1065673828125, 148.82565307617188, 1.0], [242.30023193359375, 117.02246856689453, 1.0], [249.31690979003906, 84.26557922363281, 1.0], [212.4830780029297, 193.26980590820312, 1.0], [231.9448699951172, 152.1065216064453, 1.0], [234.80789184570312, 125.51677703857422, 1.0], [222.99636840820312, 106.18146514892578, 1.0]], "is_left": 0}