{"hand_pts": [[51.960182189941406, 75.77964782714844, 1.0], [74.5155029296875, 134.79298400878906, 1.0], [63.874202728271484, 189.65382385253906, 1.0], [109.47920989990234, 225.45140075683594, 1.0], [167.95901489257812, 215.11598205566406, 1.0], [127.04954528808594, 211.70494079589844, 1.0], [171.68016052246094, 245.3923797607422, 1.0], [194.4811553955078, 245.59152221679688, 1.0], [215.4192352294922, 240.28443908691406, 1.0], [151.6820526123047, 187.32815551757812, 1.0], [211.1114044189453, 207.41018676757812, 1.0], [203.6961212158203, 182.6385498046875, 1.0], [172.2347412109375, 150.69677734375, 1.0], [171.42007446289062, 164.46475219726562, 1.0], [239.01254272460938, 185.42410278320312, 1.0], [246.95980834960938, 171.8094940185547, 1.0], [242.5580291748047, 153.08843994140625, 1.0], [184.15638732910156, 136.52264404296875, 1.0], [236.16876220703125, 141.13853454589844, 1.0], [240.1298828125, 131.5537872314453, 1.0], [226.31854248046875, 119.70899963378906, 1.0]], "is_left": 0}