{"hand_pts": [[48.765071868896484, 98.36561584472656, 1.0], [70.27835083007812, 111.20226287841797, 1.0], [70.50626373291016, 111.0009994506836, 1.0], [100.15943145751953, 135.33560180664062, 1.0], [139.4248504638672, 167.55897521972656, 1.0], [161.1314239501953, 130.1394500732422, 1.0], [191.59454345703125, 163.5072021484375, 1.0], [179.25839233398438, 181.03773498535156, 1.0], [157.6273651123047, 191.4479217529297, 1.0], [179.27671813964844, 148.34506225585938, 1.0], [240.05282592773438, 185.36610412597656, 1.0], [248.64222717285156, 210.133056640625, 1.0], [244.6233367919922, 229.29710388183594, 1.0], [188.76548767089844, 164.55874633789062, 1.0], [230.15211486816406, 212.2117919921875, 1.0], [229.8728790283203, 234.09463500976562, 1.0], [213.19625854492188, 246.25128173828125, 1.0], [189.04360961914062, 177.5387420654297, 1.0], [216.25885009765625, 212.11105346679688, 1.0], [206.40928649902344, 224.83352661132812, 1.0], [183.39024353027344, 227.7479248046875, 1.0]], "is_left": 0}