{"hand_pts": [[226.22109985351562, 158.43783569335938, 1.0], [166.8174285888672, 162.77198791503906, 1.0], [109.2972412109375, 142.37123107910156, 1.0], [87.56021881103516, 169.60379028320312, 1.0], [78.43618774414062, 200.885498046875, 1.0], [174.93067932128906, 114.88505554199219, 1.0], [124.14521789550781, 155.0468292236328, 1.0], [108.3904037475586, 190.01458740234375, 1.0], [126.94038391113281, 197.8482666015625, 1.0], [216.0400390625, 124.2666015625, 1.0], [186.56163024902344, 175.02859497070312, 1.0], [163.35667419433594, 217.8280029296875, 1.0], [150.45687866210938, 242.48631286621094, 1.0], [245.43531799316406, 138.41015625, 1.0], [239.05776977539062, 203.69093322753906, 1.0], [229.3909149169922, 245.43421936035156, 1.0], [218.6680450439453, 284.90032958984375, 1.0], [271.5405578613281, 155.4814453125, 1.0], [281.4864807128906, 169.4553680419922, 1.0], [267.9063415527344, 194.36190795898438, 1.0], [239.21775817871094, 212.52687072753906, 1.0]], "is_left": 0}