{"hand_pts": [[101.15939331054688, 151.90713500976562, 1.0], [119.99613952636719, 116.36373138427734, 1.0], [123.7950668334961, 73.9555892944336, 1.0], [164.04493713378906, 95.38872528076172, 1.0], [200.7763214111328, 133.7241973876953, 1.0], [116.34768676757812, 175.79971313476562, 1.0], [173.32809448242188, 129.5393829345703, 1.0], [211.45635986328125, 96.16291046142578, 1.0], [248.7846221923828, 63.8187141418457, 1.0], [133.62232971191406, 207.96029663085938, 1.0], [142.59109497070312, 235.1381378173828, 1.0], [176.8519744873047, 220.49253845214844, 1.0], [212.72813415527344, 179.7606964111328, 1.0], [152.19723510742188, 226.4865264892578, 1.0], [193.20826721191406, 260.8055114746094, 1.0], [229.7005615234375, 260.945068359375, 1.0], [257.1842956542969, 218.7593231201172, 1.0], [168.97842407226562, 237.66152954101562, 1.0], [199.22659301757812, 260.4356689453125, 1.0], [229.38589477539062, 240.6614990234375, 1.0], [251.32481384277344, 202.0654296875, 1.0]], "is_left": 0}