{"hand_pts": [[82.34542083740234, 72.3542251586914, 1.0], [131.03968811035156, 84.73096466064453, 1.0], [154.60145568847656, 85.55573272705078, 1.0], [188.25814819335938, 96.96759796142578, 1.0], [223.38914489746094, 121.92160034179688, 1.0], [133.5395965576172, 176.4368438720703, 1.0], [168.56053161621094, 223.64723205566406, 1.0], [205.57717895507812, 210.50680541992188, 1.0], [242.11376953125, 203.19003295898438, 1.0], [127.4095458984375, 190.5507049560547, 1.0], [152.1931610107422, 255.4677734375, 1.0], [194.8141632080078, 265.4137268066406, 1.0], [236.20855712890625, 253.8815155029297, 1.0], [127.6476821899414, 195.26113891601562, 1.0], [189.08749389648438, 219.29632568359375, 1.0], [224.46746826171875, 198.0178680419922, 1.0], [259.1310119628906, 177.66690063476562, 1.0], [127.24838256835938, 190.83265686035156, 1.0], [169.95639038085938, 180.564453125, 1.0], [198.1360321044922, 167.2791290283203, 1.0], [220.60400390625, 140.14064025878906, 1.0]], "is_left": 0}