{"hand_pts": [[262.6599426269531, 303.48992919921875, 1.0], [193.28138732910156, 283.16644287109375, 1.0], [134.11985778808594, 278.8013000488281, 1.0], [104.10009765625, 257.5481262207031, 1.0], [97.32067108154297, 231.76507568359375, 1.0], [174.56338500976562, 207.10079956054688, 1.0], [139.3229217529297, 168.50827026367188, 1.0], [121.02560424804688, 155.73452758789062, 1.0], [105.80643463134766, 144.90985107421875, 1.0], [217.00006103515625, 197.43533325195312, 1.0], [181.04397583007812, 157.1891632080078, 1.0], [157.7559356689453, 152.24301147460938, 1.0], [137.84877014160156, 155.15359497070312, 1.0], [249.86488342285156, 194.5196075439453, 1.0], [228.37742614746094, 146.72799682617188, 1.0], [209.2678680419922, 141.52655029296875, 1.0], [190.71343994140625, 145.12747192382812, 1.0], [282.009521484375, 199.3321075439453, 1.0], [274.1961975097656, 168.80670166015625, 1.0], [258.8899230957031, 161.81898498535156, 1.0], [237.33969116210938, 167.85044860839844, 1.0]], "is_left": 0}