{"hand_pts": [[320.3965759277344, 185.00636291503906, 1.0], [243.81407165527344, 157.6177215576172, 1.0], [198.29296875, 104.87913513183594, 1.0], [149.23931884765625, 76.00501251220703, 1.0], [103.6462631225586, 74.82203674316406, 1.0], [211.87127685546875, 129.0426025390625, 1.0], [146.11598205566406, 122.07888793945312, 1.0], [132.75634765625, 154.1478271484375, 1.0], [159.46568298339844, 175.6262969970703, 1.0], [236.8419647216797, 165.9402618408203, 1.0], [179.88572692871094, 184.83946228027344, 1.0], [135.15687561035156, 209.46978759765625, 1.0], [104.79621124267578, 232.51026916503906, 1.0], [253.6268310546875, 199.36436462402344, 1.0], [211.982421875, 221.02268981933594, 1.0], [173.8112335205078, 244.29234313964844, 1.0], [156.01947021484375, 253.35882568359375, 1.0], [272.291015625, 232.28897094726562, 1.0], [231.21054077148438, 247.11264038085938, 1.0], [198.79249572753906, 259.3472900390625, 1.0], [194.00296020507812, 259.6356201171875, 1.0]], "is_left": 0}