{"hand_pts": [[296.4193115234375, 277.5045471191406, 1.0], [242.66712951660156, 259.9220275878906, 1.0], [200.02957153320312, 267.5873107910156, 1.0], [170.62432861328125, 252.8908233642578, 1.0], [172.04803466796875, 223.2238006591797, 1.0], [187.0706024169922, 215.9475555419922, 1.0], [134.71035766601562, 190.74388122558594, 1.0], [103.9101333618164, 168.29893493652344, 1.0], [81.4004135131836, 145.03369140625, 1.0], [208.40219116210938, 200.90501403808594, 1.0], [152.6091766357422, 160.79684448242188, 1.0], [155.04849243164062, 161.03652954101562, 1.0], [152.10760498046875, 157.23208618164062, 1.0], [227.1517791748047, 189.6884002685547, 1.0], [194.25228881835938, 155.15997314453125, 1.0], [195.0364990234375, 156.7291259765625, 1.0], [200.42068481445312, 163.9349365234375, 1.0], [249.6373748779297, 184.0699462890625, 1.0], [234.68943786621094, 145.07733154296875, 1.0], [226.43931579589844, 143.2072296142578, 1.0], [216.681640625, 142.17857360839844, 1.0]], "is_left": 0}