{"hand_pts": [[95.56127166748047, 300.8719482421875, 1.0], [146.72715759277344, 290.7060241699219, 1.0], [204.56158447265625, 310.0292053222656, 1.0], [226.54844665527344, 276.9562683105469, 1.0], [208.8351287841797, 227.893798828125, 1.0], [226.36785888671875, 230.4505157470703, 1.0], [251.52084350585938, 182.40725708007812, 1.0], [231.5867919921875, 168.48858642578125, 1.0], [196.47723388671875, 169.87786865234375, 1.0], [201.42266845703125, 202.98287963867188, 1.0], [216.09799194335938, 142.74880981445312, 1.0], [189.171875, 144.65118408203125, 1.0], [156.00405883789062, 166.28643798828125, 1.0], [176.4966278076172, 182.91403198242188, 1.0], [183.79393005371094, 123.942626953125, 1.0], [160.02871704101562, 126.70118713378906, 1.0], [132.27719116210938, 158.72100830078125, 1.0], [146.21185302734375, 170.61473083496094, 1.0], [143.26904296875, 124.45622253417969, 1.0], [127.47508239746094, 129.22596740722656, 1.0], [116.60450744628906, 169.2261505126953, 1.0]], "is_left": 0}