{"hand_pts": [[113.66812133789062, 311.0317077636719, 1.0], [178.9459991455078, 267.7561950683594, 1.0], [239.80604553222656, 246.2901611328125, 1.0], [276.6873779296875, 222.46469116210938, 1.0], [255.53868103027344, 211.5616912841797, 1.0], [168.9893341064453, 185.5009765625, 1.0], [207.4668426513672, 138.21751403808594, 1.0], [235.6286163330078, 113.26778411865234, 1.0], [259.4869079589844, 86.38533020019531, 1.0], [135.45565795898438, 199.69229125976562, 1.0], [182.8814239501953, 145.54989624023438, 1.0], [222.44406127929688, 123.82763671875, 1.0], [253.79580688476562, 96.61800384521484, 1.0], [113.54632568359375, 216.62095642089844, 1.0], [114.2099609375, 152.8809356689453, 1.0], [151.0155029296875, 145.13986206054688, 1.0], [176.13465881347656, 174.369873046875, 1.0], [94.02088928222656, 240.45489501953125, 1.0], [114.16631317138672, 228.4365692138672, 1.0], [144.30360412597656, 245.2929229736328, 1.0], [157.96389770507812, 263.84124755859375, 1.0]], "is_left": 0}