{"hand_pts": [[157.0093994140625, 313.8429870605469, 1.0], [185.20713806152344, 304.85693359375, 1.0], [215.5122528076172, 311.1072998046875, 1.0], [223.1822509765625, 285.63055419921875, 1.0], [207.5135955810547, 242.06253051757812, 1.0], [240.48268127441406, 220.5994415283203, 1.0], [250.0546875, 183.13465881347656, 1.0], [228.12936401367188, 177.0524444580078, 1.0], [194.40936279296875, 183.96347045898438, 1.0], [211.04867553710938, 196.16893005371094, 1.0], [214.496337890625, 136.88522338867188, 1.0], [192.5119171142578, 127.86394500732422, 1.0], [163.674560546875, 138.19265747070312, 1.0], [181.7687225341797, 181.63185119628906, 1.0], [173.24806213378906, 127.8301010131836, 1.0], [147.0539093017578, 132.8173828125, 1.0], [120.09957885742188, 154.35610961914062, 1.0], [150.10696411132812, 176.61602783203125, 1.0], [133.71066284179688, 136.18649291992188, 1.0], [113.94366455078125, 135.68418884277344, 1.0], [99.20179748535156, 162.03160095214844, 1.0]], "is_left": 0}