{"hand_pts": [[330.397705078125, 144.37271118164062, 1.0], [285.2333679199219, 168.70689392089844, 1.0], [266.8765563964844, 195.26495361328125, 1.0], [226.8765869140625, 201.14366149902344, 1.0], [199.01498413085938, 176.39964294433594, 1.0], [230.47955322265625, 226.15296936035156, 1.0], [173.58270263671875, 211.83348083496094, 1.0], [177.437255859375, 178.68861389160156, 1.0], [187.30783081054688, 147.3470916748047, 1.0], [226.35462951660156, 209.16049194335938, 1.0], [154.75762939453125, 229.30001831054688, 1.0], [113.99747467041016, 227.42359924316406, 1.0], [91.0658950805664, 208.91746520996094, 1.0], [222.87039184570312, 189.82186889648438, 1.0], [153.40150451660156, 177.11180114746094, 1.0], [123.11166381835938, 159.3629913330078, 1.0], [109.82107543945312, 135.98634338378906, 1.0], [225.52638244628906, 166.2793426513672, 1.0], [178.3080596923828, 159.07594299316406, 1.0], [163.7986297607422, 143.07904052734375, 1.0], [191.5164794921875, 142.08718872070312, 1.0]], "is_left": 0}