{"hand_pts": [[153.68663024902344, 97.23810577392578, 1.0], [112.33321380615234, 137.0606231689453, 1.0], [74.33071899414062, 180.6332244873047, 1.0], [82.45071411132812, 204.3132781982422, 1.0], [114.82054138183594, 205.17068481445312, 1.0], [154.6610107421875, 206.48611450195312, 1.0], [145.12864685058594, 241.59866333007812, 1.0], [132.2569580078125, 236.49281311035156, 1.0], [120.88492584228516, 208.99322509765625, 1.0], [197.047607421875, 181.6433563232422, 1.0], [218.01263427734375, 224.7650604248047, 1.0], [210.1104278564453, 227.5794219970703, 1.0], [188.51084899902344, 210.0836181640625, 1.0], [226.3419952392578, 156.2684326171875, 1.0], [246.1042022705078, 179.78762817382812, 1.0], [229.1195068359375, 166.8937225341797, 1.0], [206.55589294433594, 149.5184326171875, 1.0], [249.03001403808594, 126.4290771484375, 1.0], [263.322265625, 133.80364990234375, 1.0], [255.72052001953125, 130.04156494140625, 1.0], [235.6376495361328, 122.17806243896484, 1.0]], "is_left": 0}