{"hand_pts": [[88.03810119628906, 307.72882080078125, 1.0], [82.45629119873047, 231.7969970703125, 1.0], [70.72027587890625, 177.6306610107422, 1.0], [90.96800994873047, 139.436767578125, 1.0], [119.3608169555664, 115.42119598388672, 1.0], [158.78245544433594, 196.1107940673828, 1.0], [187.53131103515625, 148.92660522460938, 1.0], [191.17779541015625, 120.74403381347656, 1.0], [184.27456665039062, 103.6444091796875, 1.0], [185.2023468017578, 230.16790771484375, 1.0], [215.9115447998047, 175.04222106933594, 1.0], [206.87881469726562, 143.9121856689453, 1.0], [191.95355224609375, 118.61180877685547, 1.0], [200.4151153564453, 255.4398651123047, 1.0], [238.51040649414062, 213.94630432128906, 1.0], [236.23312377929688, 187.85020446777344, 1.0], [215.39222717285156, 169.38894653320312, 1.0], [206.87193298339844, 281.8457336425781, 1.0], [227.3788604736328, 256.6705017089844, 1.0], [224.68295288085938, 236.19737243652344, 1.0], [207.84085083007812, 215.8428497314453, 1.0]], "is_left": 0}