{"hand_pts": [[207.35516357421875, 160.3011016845703, 1.0], [200.0045623779297, 122.80612182617188, 1.0], [181.6253204345703, 81.07637786865234, 1.0], [204.8489227294922, 89.44741821289062, 1.0], [232.59246826171875, 129.16456604003906, 1.0], [102.95697784423828, 143.89341735839844, 1.0], [150.7909698486328, 145.131591796875, 1.0], [193.4490203857422, 142.28628540039062, 1.0], [187.0613250732422, 141.3577423095703, 1.0], [108.51586151123047, 188.12841796875, 1.0], [157.1662139892578, 208.27040100097656, 1.0], [208.79336547851562, 194.51876831054688, 1.0], [214.01739501953125, 175.29603576660156, 1.0], [123.04386901855469, 221.4322509765625, 1.0], [178.3544158935547, 243.12399291992188, 1.0], [222.16844177246094, 228.88055419921875, 1.0], [211.7858428955078, 208.81240844726562, 1.0], [145.26722717285156, 249.31674194335938, 1.0], [176.88157653808594, 275.5104064941406, 1.0], [213.30859375, 260.0257568359375, 1.0], [211.0977325439453, 233.0152587890625, 1.0]], "is_left": 0}