{"hand_pts": [[225.10643005371094, 266.1805419921875, 1.0], [256.7784729003906, 266.6147766113281, 1.0], [286.3054504394531, 265.5936584472656, 1.0], [298.2843322753906, 248.57765197753906, 1.0], [294.8646240234375, 220.41220092773438, 1.0], [201.541015625, 242.0752410888672, 1.0], [194.55532836914062, 226.1389617919922, 1.0], [202.1610565185547, 206.2583770751953, 1.0], [202.12307739257812, 190.6183624267578, 1.0], [179.31005859375, 209.5099334716797, 1.0], [147.3292236328125, 192.01107788085938, 1.0], [148.46694946289062, 171.91094970703125, 1.0], [145.92991638183594, 154.65264892578125, 1.0], [168.62644958496094, 182.01853942871094, 1.0], [134.16070556640625, 155.36837768554688, 1.0], [125.47547912597656, 135.52951049804688, 1.0], [122.63389587402344, 115.21170043945312, 1.0], [163.88333129882812, 159.3041229248047, 1.0], [148.12686157226562, 124.90550994873047, 1.0], [146.0947265625, 100.3437271118164, 1.0], [153.29971313476562, 77.18538665771484, 1.0]], "is_left": 0}