{"hand_pts": [[356.7315368652344, 201.39404296875, 1.0], [304.46051025390625, 152.4287109375, 1.0], [264.8203125, 107.63937377929688, 1.0], [207.1478271484375, 116.88269805908203, 1.0], [159.3246307373047, 138.191162109375, 1.0], [236.27745056152344, 178.9261932373047, 1.0], [181.26991271972656, 181.0045623779297, 1.0], [141.8315887451172, 168.74781799316406, 1.0], [110.13670349121094, 156.5940399169922, 1.0], [230.57566833496094, 215.5546112060547, 1.0], [162.22300720214844, 186.95889282226562, 1.0], [168.9308319091797, 161.0636749267578, 1.0], [210.08840942382812, 147.0362091064453, 1.0], [226.22622680664062, 240.6239776611328, 1.0], [158.95033264160156, 206.6553497314453, 1.0], [129.189453125, 182.29678344726562, 1.0], [112.89398956298828, 154.5691375732422, 1.0], [229.04168701171875, 261.389892578125, 1.0], [173.787353515625, 257.2254333496094, 1.0], [146.13357543945312, 239.9094696044922, 1.0], [147.45167541503906, 211.04212951660156, 1.0]], "is_left": 0}