{"hand_pts": [[232.44996643066406, 327.9637451171875, 1.0], [188.27430725097656, 273.3785705566406, 1.0], [142.11831665039062, 242.70672607421875, 1.0], [129.53103637695312, 205.92221069335938, 1.0], [161.66592407226562, 208.7842559814453, 1.0], [209.66445922851562, 176.81185913085938, 1.0], [166.6757354736328, 147.4850616455078, 1.0], [143.97816467285156, 177.18304443359375, 1.0], [123.17830657958984, 205.86782836914062, 1.0], [227.07415771484375, 188.6788787841797, 1.0], [212.00477600097656, 129.0283966064453, 1.0], [177.88909912109375, 151.21876525878906, 1.0], [148.97467041015625, 176.96424865722656, 1.0], [235.03036499023438, 202.615234375, 1.0], [214.15939331054688, 135.91192626953125, 1.0], [194.03517150878906, 103.05656433105469, 1.0], [163.1227569580078, 86.88777160644531, 1.0], [240.41958618164062, 224.1279296875, 1.0], [222.1815643310547, 212.80535888671875, 1.0], [197.57920837402344, 227.8307342529297, 1.0], [190.1392364501953, 245.0092315673828, 1.0]], "is_left": 0}