{"hand_pts": [[19.334794998168945, 151.23204040527344, 1.0], [77.646240234375, 192.47080993652344, 1.0], [111.82196044921875, 239.59312438964844, 1.0], [164.21780395507812, 250.26100158691406, 1.0], [200.2835235595703, 224.90658569335938, 1.0], [132.40811157226562, 211.40127563476562, 1.0], [192.86737060546875, 227.50173950195312, 1.0], [227.8850860595703, 226.32827758789062, 1.0], [252.4556427001953, 218.51119995117188, 1.0], [128.5623016357422, 179.6085205078125, 1.0], [198.87713623046875, 192.72549438476562, 1.0], [236.91741943359375, 196.0305938720703, 1.0], [259.69775390625, 196.39486694335938, 1.0], [126.552978515625, 153.74786376953125, 1.0], [193.44711303710938, 152.3221435546875, 1.0], [225.06497192382812, 151.25096130371094, 1.0], [241.1562957763672, 151.92227172851562, 1.0], [119.38690185546875, 128.4373779296875, 1.0], [164.00454711914062, 120.15665435791016, 1.0], [189.7729034423828, 120.59017944335938, 1.0], [195.9523468017578, 128.53131103515625, 1.0]], "is_left": 0}