{"hand_pts": [[349.6802978515625, 177.52276611328125, 1.0], [291.550048828125, 224.92349243164062, 1.0], [264.2703857421875, 281.6577453613281, 1.0], [216.81703186035156, 284.90228271484375, 1.0], [193.37205505371094, 243.9082489013672, 1.0], [209.1549072265625, 219.53256225585938, 1.0], [147.3792724609375, 226.93350219726562, 1.0], [138.83311462402344, 225.31932067871094, 1.0], [160.21412658691406, 219.21051025390625, 1.0], [210.79754638671875, 176.6776123046875, 1.0], [135.56109619140625, 177.91567993164062, 1.0], [130.53500366210938, 187.42210388183594, 1.0], [152.98358154296875, 197.32553100585938, 1.0], [213.9806671142578, 143.8402862548828, 1.0], [146.85438537597656, 134.4790496826172, 1.0], [149.216064453125, 144.2386932373047, 1.0], [173.2833709716797, 158.69515991210938, 1.0], [225.17796325683594, 114.51067352294922, 1.0], [189.1229248046875, 93.39143371582031, 1.0], [183.5450897216797, 97.76631164550781, 1.0], [202.92906188964844, 121.28888702392578, 1.0]], "is_left": 0}