{"hand_pts": [[139.3905487060547, 309.92352294921875, 1.0], [119.49470520019531, 260.0772399902344, 1.0], [82.01914978027344, 221.10867309570312, 1.0], [84.47904968261719, 186.71974182128906, 1.0], [112.63627624511719, 164.6649169921875, 1.0], [132.3919219970703, 193.6543426513672, 1.0], [136.57772827148438, 144.7084197998047, 1.0], [147.97933959960938, 123.79508209228516, 1.0], [163.87220764160156, 115.03424072265625, 1.0], [170.6656494140625, 211.0856170654297, 1.0], [186.7664337158203, 156.08291625976562, 1.0], [197.5183868408203, 139.9532470703125, 1.0], [206.3529815673828, 130.1865234375, 1.0], [201.3614959716797, 227.80838012695312, 1.0], [229.43690490722656, 181.4517059326172, 1.0], [241.96005249023438, 167.69924926757812, 1.0], [245.70062255859375, 166.77737426757812, 1.0], [227.34458923339844, 249.18260192871094, 1.0], [260.0325622558594, 230.25833129882812, 1.0], [274.22027587890625, 222.31381225585938, 1.0], [271.72149658203125, 221.9780731201172, 1.0]], "is_left": 0}