{"hand_pts": [[215.48072814941406, 201.39161682128906, 1.0], [184.59954833984375, 224.84271240234375, 1.0], [172.73829650878906, 261.2331237792969, 1.0], [154.91107177734375, 264.17626953125, 1.0], [138.4232940673828, 253.12391662597656, 1.0], [252.5696563720703, 221.65135192871094, 1.0], [179.19796752929688, 210.4035186767578, 1.0], [129.04263305664062, 204.10374450683594, 1.0], [143.63304138183594, 206.37515258789062, 1.0], [261.6871032714844, 193.39915466308594, 1.0], [208.4967041015625, 189.23692321777344, 1.0], [136.4817352294922, 189.75308227539062, 1.0], [66.22889709472656, 190.46450805664062, 1.0], [259.0308532714844, 170.83367919921875, 1.0], [208.32925415039062, 143.1487274169922, 1.0], [156.5264434814453, 129.331787109375, 1.0], [91.85282897949219, 126.07974243164062, 1.0], [250.48294067382812, 150.71725463867188, 1.0], [243.15240478515625, 124.65319061279297, 1.0], [218.69032287597656, 109.58786010742188, 1.0], [168.78697204589844, 108.97819519042969, 1.0]], "is_left": 0}