{"hand_pts": [[238.95127868652344, 307.2955627441406, 1.0], [260.8870849609375, 239.2073974609375, 1.0], [293.8744201660156, 196.83880615234375, 1.0], [284.6297607421875, 158.3875274658203, 1.0], [250.08084106445312, 154.94854736328125, 1.0], [203.57669067382812, 190.373046875, 1.0], [198.4576873779297, 145.47549438476562, 1.0], [209.9860076904297, 140.1722412109375, 1.0], [225.69822692871094, 155.2562713623047, 1.0], [166.57960510253906, 210.67529296875, 1.0], [150.8654022216797, 159.884765625, 1.0], [172.730224609375, 154.16651916503906, 1.0], [203.426513671875, 173.72496032714844, 1.0], [140.9820098876953, 226.48870849609375, 1.0], [114.94795989990234, 176.4169921875, 1.0], [135.05743408203125, 167.35980224609375, 1.0], [166.21995544433594, 185.22158813476562, 1.0], [122.82460021972656, 246.24794006347656, 1.0], [106.28977966308594, 219.43093872070312, 1.0], [120.30646514892578, 208.51329040527344, 1.0], [153.65228271484375, 216.07281494140625, 1.0]], "is_left": 0}