{"hand_pts": [[323.6023864746094, 87.91568756103516, 1.0], [243.69569396972656, 109.86555480957031, 1.0], [188.51107788085938, 119.18344116210938, 1.0], [145.05331420898438, 138.09976196289062, 1.0], [114.5504379272461, 161.0972442626953, 1.0], [203.83152770996094, 147.59030151367188, 1.0], [161.0397491455078, 171.0940704345703, 1.0], [132.1981201171875, 189.08335876464844, 1.0], [106.31334686279297, 206.0327606201172, 1.0], [230.2075653076172, 158.96551513671875, 1.0], [184.9728240966797, 189.3674774169922, 1.0], [152.20822143554688, 208.8109588623047, 1.0], [122.81594848632812, 226.0127716064453, 1.0], [250.41659545898438, 168.080810546875, 1.0], [202.8460235595703, 203.83099365234375, 1.0], [172.62579345703125, 221.7877655029297, 1.0], [144.37490844726562, 237.9256134033203, 1.0], [273.7873840332031, 173.0614013671875, 1.0], [244.15817260742188, 200.94212341308594, 1.0], [218.48194885253906, 217.06207275390625, 1.0], [190.89031982421875, 230.1235809326172, 1.0]], "is_left": 0}