{"hand_pts": [[36.25160217285156, 136.38502502441406, 1.0], [103.78496551513672, 114.2550277709961, 1.0], [149.26052856445312, 83.26538848876953, 1.0], [196.5155792236328, 97.52739715576172, 1.0], [227.66156005859375, 132.36083984375, 1.0], [165.24237060546875, 131.29852294921875, 1.0], [221.56124877929688, 146.86651611328125, 1.0], [257.90911865234375, 164.58651733398438, 1.0], [271.1409912109375, 182.39585876464844, 1.0], [146.4975128173828, 170.77020263671875, 1.0], [191.23977661132812, 197.57037353515625, 1.0], [164.3092498779297, 184.66514587402344, 1.0], [142.14637756347656, 174.6195068359375, 1.0], [131.17759704589844, 202.2705841064453, 1.0], [186.09320068359375, 225.59666442871094, 1.0], [220.2388458251953, 237.5162811279297, 1.0], [252.7075653076172, 248.6807403564453, 1.0], [111.11563110351562, 228.9814453125, 1.0], [152.44895935058594, 251.64205932617188, 1.0], [175.9784698486328, 254.89352416992188, 1.0], [194.8058319091797, 252.11415100097656, 1.0]], "is_left": 0}