{"hand_pts": [[313.2542419433594, 242.67344665527344, 1.0], [285.41424560546875, 177.79092407226562, 1.0], [291.2345275878906, 111.19048309326172, 1.0], [245.87599182128906, 94.62539672851562, 1.0], [205.70654296875, 137.5028076171875, 1.0], [217.4037322998047, 138.11956787109375, 1.0], [164.18553161621094, 121.61409759521484, 1.0], [174.40951538085938, 140.8013153076172, 1.0], [208.36737060546875, 164.6640625, 1.0], [196.35516357421875, 178.07431030273438, 1.0], [127.9688491821289, 169.7835235595703, 1.0], [148.0967559814453, 180.57171630859375, 1.0], [195.47442626953125, 189.74197387695312, 1.0], [180.82281494140625, 210.64598083496094, 1.0], [110.39289855957031, 216.1228485107422, 1.0], [131.7028045654297, 223.51219177246094, 1.0], [178.25436401367188, 221.5507049560547, 1.0], [173.3441162109375, 244.01759338378906, 1.0], [129.91824340820312, 260.2747497558594, 1.0], [148.18630981445312, 260.9806823730469, 1.0], [189.3751983642578, 248.2135467529297, 1.0]], "is_left": 0}