{"hand_pts": [[201.27667236328125, 142.35983276367188, 1.0], [159.38739013671875, 123.02474975585938, 1.0], [123.52216339111328, 76.86772155761719, 1.0], [108.13098907470703, 69.03157806396484, 1.0], [125.95063781738281, 111.56661987304688, 1.0], [217.45455932617188, 120.88196563720703, 1.0], [220.3549041748047, 138.68096923828125, 1.0], [199.6228485107422, 164.13162231445312, 1.0], [163.3272247314453, 191.8090057373047, 1.0], [242.3544921875, 156.86135864257812, 1.0], [189.1295623779297, 191.8667449951172, 1.0], [135.73448181152344, 206.36187744140625, 1.0], [86.75923156738281, 215.53160095214844, 1.0], [254.16587829589844, 187.8658905029297, 1.0], [226.2448272705078, 239.45387268066406, 1.0], [181.37335205078125, 258.7265319824219, 1.0], [136.03073120117188, 266.6575927734375, 1.0], [260.0115661621094, 216.4546356201172, 1.0], [240.06370544433594, 249.2542724609375, 1.0], [205.95265197753906, 264.48046875, 1.0], [168.86062622070312, 252.51220703125, 1.0]], "is_left": 0}