{"hand_pts": [[115.66786193847656, 231.16477966308594, 1.0], [151.7152862548828, 260.4869079589844, 1.0], [198.89195251464844, 297.00897216796875, 1.0], [209.74462890625, 282.2497253417969, 1.0], [188.42628479003906, 243.0596923828125, 1.0], [228.15579223632812, 213.63824462890625, 1.0], [267.5426025390625, 204.28707885742188, 1.0], [273.8001708984375, 202.18948364257812, 1.0], [267.9586486816406, 201.92562866210938, 1.0], [203.9372100830078, 176.06922912597656, 1.0], [211.1450653076172, 156.8437042236328, 1.0], [189.47706604003906, 165.7200927734375, 1.0], [153.18507385253906, 194.2740478515625, 1.0], [177.88694763183594, 150.11814880371094, 1.0], [163.05526733398438, 138.68218994140625, 1.0], [129.46630859375, 161.28208923339844, 1.0], [106.1534423828125, 191.1249542236328, 1.0], [146.744384765625, 130.9301300048828, 1.0], [140.7174530029297, 104.34087371826172, 1.0], [126.88097381591797, 102.26512908935547, 1.0], [108.09202575683594, 121.91869354248047, 1.0]], "is_left": 0}