{"hand_pts": [[42.384090423583984, 235.620849609375, 1.0], [107.60791015625, 245.29466247558594, 1.0], [159.36239624023438, 264.22430419921875, 1.0], [204.55555725097656, 245.48611450195312, 1.0], [196.5699462890625, 212.7350616455078, 1.0], [173.9895782470703, 231.9673309326172, 1.0], [228.05426025390625, 210.69683837890625, 1.0], [256.23443603515625, 194.97979736328125, 1.0], [280.26129150390625, 178.7946014404297, 1.0], [154.57923889160156, 205.48497009277344, 1.0], [195.12741088867188, 179.31634521484375, 1.0], [163.70645141601562, 188.97354125976562, 1.0], [126.71199035644531, 204.62132263183594, 1.0], [137.60684204101562, 183.65411376953125, 1.0], [191.4686279296875, 145.09632873535156, 1.0], [216.50929260253906, 124.56228637695312, 1.0], [241.41197204589844, 104.24343872070312, 1.0], [115.49541473388672, 164.9807586669922, 1.0], [150.47714233398438, 140.1163787841797, 1.0], [177.23458862304688, 124.48330688476562, 1.0], [189.7035369873047, 124.71476745605469, 1.0]], "is_left": 0}