{"hand_pts": [[248.5035400390625, 201.9705810546875, 1.0], [263.3505859375, 221.6246337890625, 1.0], [294.45489501953125, 244.1183319091797, 1.0], [274.5858459472656, 254.77899169921875, 1.0], [234.53614807128906, 254.9683074951172, 1.0], [247.5294189453125, 138.52149963378906, 1.0], [226.196044921875, 145.5968475341797, 1.0], [206.48216247558594, 177.1190948486328, 1.0], [187.36923217773438, 218.13601684570312, 1.0], [211.01458740234375, 124.5173110961914, 1.0], [175.5488739013672, 143.6828155517578, 1.0], [163.1233673095703, 194.21910095214844, 1.0], [157.91226196289062, 245.99758911132812, 1.0], [181.142578125, 123.11781311035156, 1.0], [134.30072021484375, 140.24533081054688, 1.0], [126.81453704833984, 188.58404541015625, 1.0], [132.84388732910156, 234.83035278320312, 1.0], [155.83277893066406, 129.64036560058594, 1.0], [117.20140075683594, 138.0724639892578, 1.0], [101.60955810546875, 167.8951416015625, 1.0], [101.54862976074219, 209.02737426757812, 1.0]], "is_left": 0}