{"hand_pts": [[64.16613006591797, 202.21026611328125, 1.0], [107.34973907470703, 143.1117401123047, 1.0], [138.66305541992188, 95.23255157470703, 1.0], [169.62814331054688, 71.78601837158203, 1.0], [197.34280395507812, 67.2401123046875, 1.0], [155.45010375976562, 167.8285675048828, 1.0], [198.167724609375, 150.66046142578125, 1.0], [223.337890625, 134.28140258789062, 1.0], [246.3404541015625, 120.2701416015625, 1.0], [147.56591796875, 210.77703857421875, 1.0], [199.12298583984375, 206.59625244140625, 1.0], [227.4282989501953, 186.13754272460938, 1.0], [249.803955078125, 163.65469360351562, 1.0], [139.89761352539062, 240.36500549316406, 1.0], [188.41751098632812, 237.8677520751953, 1.0], [211.79736328125, 218.926025390625, 1.0], [230.32595825195312, 196.22268676757812, 1.0], [127.83059692382812, 265.04986572265625, 1.0], [159.1247100830078, 268.62689208984375, 1.0], [179.51004028320312, 256.8077697753906, 1.0], [198.382080078125, 236.08535766601562, 1.0]], "is_left": 0}