{"hand_pts": [[315.15509033203125, 152.901611328125, 1.0], [242.61087036132812, 171.5547332763672, 1.0], [195.3280029296875, 185.4016571044922, 1.0], [154.71534729003906, 191.24366760253906, 1.0], [129.27279663085938, 190.36410522460938, 1.0], [210.28512573242188, 205.4522705078125, 1.0], [161.5668182373047, 217.5303192138672, 1.0], [129.71243286132812, 213.37765502929688, 1.0], [103.08282470703125, 204.62484741210938, 1.0], [235.59242248535156, 191.41262817382812, 1.0], [177.73423767089844, 201.68902587890625, 1.0], [140.7058868408203, 194.8505096435547, 1.0], [111.44440460205078, 184.57418823242188, 1.0], [254.4300537109375, 176.3077850341797, 1.0], [203.9683837890625, 182.78598022460938, 1.0], [171.43601989746094, 174.7317657470703, 1.0], [146.0328369140625, 163.7325897216797, 1.0], [275.8471984863281, 158.64093017578125, 1.0], [244.56500244140625, 156.9876708984375, 1.0], [216.6352081298828, 150.99252319335938, 1.0], [190.58998107910156, 143.47950744628906, 1.0]], "is_left": 0}