{"hand_pts": [[114.5599594116211, 222.874755859375, 1.0], [177.11680603027344, 211.45555114746094, 1.0], [223.96092224121094, 192.5860595703125, 1.0], [266.30426025390625, 180.60379028320312, 1.0], [291.87506103515625, 184.07933044433594, 1.0], [174.97567749023438, 135.96009826660156, 1.0], [202.88650512695312, 117.13285827636719, 1.0], [224.75868225097656, 151.4071807861328, 1.0], [246.6483917236328, 178.3695526123047, 1.0], [140.2720184326172, 140.26243591308594, 1.0], [189.63275146484375, 137.97439575195312, 1.0], [207.1322784423828, 182.6680908203125, 1.0], [207.5660400390625, 215.53004455566406, 1.0], [116.293212890625, 151.40220642089844, 1.0], [160.2013702392578, 188.00311279296875, 1.0], [185.5653533935547, 225.52218627929688, 1.0], [187.20880126953125, 246.39393615722656, 1.0], [94.31208038330078, 169.17970275878906, 1.0], [110.30203247070312, 203.1508331298828, 1.0], [122.37710571289062, 229.294189453125, 1.0], [141.60400390625, 263.89263916015625, 1.0]], "is_left": 0}