{"hand_pts": [[108.64248657226562, 195.71434020996094, 1.0], [101.99967193603516, 191.59861755371094, 1.0], [75.54766845703125, 179.06930541992188, 1.0], [90.34306335449219, 172.2037811279297, 1.0], [142.40228271484375, 178.080078125, 1.0], [154.19175720214844, 113.74580383300781, 1.0], [156.9741973876953, 136.1600341796875, 1.0], [147.9053192138672, 179.84771728515625, 1.0], [138.07431030273438, 209.42796325683594, 1.0], [189.45684814453125, 117.28411102294922, 1.0], [214.2371368408203, 165.57398986816406, 1.0], [187.32496643066406, 209.02772521972656, 1.0], [160.27413940429688, 247.30300903320312, 1.0], [215.47564697265625, 128.49685668945312, 1.0], [250.4974365234375, 179.44192504882812, 1.0], [229.16180419921875, 220.67852783203125, 1.0], [195.55699157714844, 243.60018920898438, 1.0], [234.1275634765625, 146.01683044433594, 1.0], [261.17706298828125, 188.639404296875, 1.0], [270.46063232421875, 223.62783813476562, 1.0], [247.9429473876953, 257.88824462890625, 1.0]], "is_left": 0}