{"hand_pts": [[367.8843078613281, 101.5191650390625, 1.0], [299.60589599609375, 97.56158447265625, 1.0], [264.2752685546875, 91.96207427978516, 1.0], [214.99249267578125, 129.81326293945312, 1.0], [179.4550018310547, 167.06076049804688, 1.0], [232.13839721679688, 181.31593322753906, 1.0], [182.66917419433594, 223.5224609375, 1.0], [149.45687866210938, 210.25482177734375, 1.0], [129.13999938964844, 190.2219696044922, 1.0], [230.28749084472656, 202.11309814453125, 1.0], [146.31410217285156, 216.3649139404297, 1.0], [137.17282104492188, 179.2395477294922, 1.0], [138.62364196777344, 141.71609497070312, 1.0], [227.7187042236328, 211.89260864257812, 1.0], [150.4270477294922, 208.4118194580078, 1.0], [148.0323028564453, 173.27627563476562, 1.0], [189.66464233398438, 148.00584411621094, 1.0], [232.20701599121094, 213.10311889648438, 1.0], [181.48011779785156, 243.56631469726562, 1.0], [153.8297576904297, 228.13027954101562, 1.0], [149.9544677734375, 196.13104248046875, 1.0]], "is_left": 0}