{"hand_pts": [[210.53846740722656, 142.48870849609375, 1.0], [246.2268524169922, 155.55709838867188, 1.0], [289.7216796875, 163.7554931640625, 1.0], [292.0111083984375, 162.0282745361328, 1.0], [287.693115234375, 159.12942504882812, 1.0], [210.6886749267578, 207.46153259277344, 1.0], [223.9087677001953, 219.42828369140625, 1.0], [234.67800903320312, 211.8324432373047, 1.0], [244.94244384765625, 192.1759033203125, 1.0], [171.76136779785156, 195.60133361816406, 1.0], [175.34487915039062, 192.37445068359375, 1.0], [190.10548400878906, 173.90643310546875, 1.0], [207.04928588867188, 152.7096710205078, 1.0], [143.9911346435547, 180.53953552246094, 1.0], [121.08153533935547, 211.771484375, 1.0], [119.15914154052734, 214.19444274902344, 1.0], [118.75825500488281, 214.87879943847656, 1.0], [121.82923889160156, 161.8187713623047, 1.0], [100.03455352783203, 164.7534637451172, 1.0], [90.61782836914062, 162.35589599609375, 1.0], [104.45069885253906, 148.4827880859375, 1.0]], "is_left": 0}