{"hand_pts": [[106.0352554321289, 141.92556762695312, 1.0], [123.59025573730469, 108.17020416259766, 1.0], [138.67921447753906, 71.25460052490234, 1.0], [151.1188201904297, 78.31661987304688, 1.0], [149.21249389648438, 124.56832885742188, 1.0], [221.71554565429688, 137.4603729248047, 1.0], [270.67620849609375, 151.732421875, 1.0], [274.3360900878906, 162.2521514892578, 1.0], [273.1509704589844, 173.0879364013672, 1.0], [210.93240356445312, 179.39447021484375, 1.0], [225.2960662841797, 189.99237060546875, 1.0], [172.29820251464844, 176.81777954101562, 1.0], [127.02523803710938, 161.17897033691406, 1.0], [192.4811553955078, 210.3963623046875, 1.0], [154.22242736816406, 231.25306701660156, 1.0], [120.06404876708984, 235.89976501464844, 1.0], [92.96292114257812, 243.697021484375, 1.0], [166.5763397216797, 235.6811981201172, 1.0], [191.84817504882812, 261.83282470703125, 1.0], [190.11282348632812, 267.3138122558594, 1.0], [184.51834106445312, 267.7174072265625, 1.0]], "is_left": 0}