{"hand_pts": [[245.20848083496094, 149.80674743652344, 1.0], [252.55474853515625, 129.76422119140625, 1.0], [273.60247802734375, 118.2732925415039, 1.0], [278.3783874511719, 120.46102142333984, 1.0], [253.5980682373047, 144.41836547851562, 1.0], [155.41529846191406, 108.18207550048828, 1.0], [158.4282989501953, 121.8736801147461, 1.0], [196.7751007080078, 146.31236267089844, 1.0], [232.66331481933594, 170.59048461914062, 1.0], [134.3863525390625, 142.1048126220703, 1.0], [156.031494140625, 192.59327697753906, 1.0], [198.6898956298828, 219.79493713378906, 1.0], [244.08880615234375, 226.4764862060547, 1.0], [126.58906555175781, 172.6586151123047, 1.0], [154.0542449951172, 219.79537963867188, 1.0], [198.62982177734375, 231.90443420410156, 1.0], [240.0137481689453, 235.7010955810547, 1.0], [128.9989776611328, 201.86398315429688, 1.0], [101.7820816040039, 231.0216522216797, 1.0], [90.48458099365234, 253.22816467285156, 1.0], [103.0664291381836, 272.4494934082031, 1.0]], "is_left": 0}