{"hand_pts": [[269.9167175292969, 118.10538482666016, 1.0], [210.03915405273438, 191.66029357910156, 1.0], [206.15557861328125, 237.7391815185547, 1.0], [173.49462890625, 253.77297973632812, 1.0], [159.16590881347656, 227.31158447265625, 1.0], [238.38330078125, 192.73995971679688, 1.0], [178.34967041015625, 239.79103088378906, 1.0], [139.0732879638672, 248.8688507080078, 1.0], [118.02246856689453, 246.1798095703125, 1.0], [254.82984924316406, 150.04763793945312, 1.0], [155.69960021972656, 189.2823486328125, 1.0], [141.08677673339844, 194.71315002441406, 1.0], [177.1345672607422, 182.236572265625, 1.0], [259.0552062988281, 119.3326644897461, 1.0], [196.73260498046875, 142.62872314453125, 1.0], [146.17848205566406, 171.0933380126953, 1.0], [98.1242446899414, 197.21844482421875, 1.0], [260.4273376464844, 90.77202606201172, 1.0], [224.7790069580078, 106.76101684570312, 1.0], [175.61422729492188, 140.7147979736328, 1.0], [166.91958618164062, 154.15902709960938, 1.0]], "is_left": 0}