{"hand_pts": [[127.5096664428711, 115.91162109375, 1.0], [116.3259048461914, 154.2042999267578, 1.0], [84.01046752929688, 179.46897888183594, 1.0], [60.83430862426758, 191.75778198242188, 1.0], [56.569252014160156, 188.12722778320312, 1.0], [192.1056671142578, 193.26016235351562, 1.0], [220.60328674316406, 226.04254150390625, 1.0], [232.11045837402344, 245.24391174316406, 1.0], [220.39353942871094, 252.33251953125, 1.0], [209.45152282714844, 175.75990295410156, 1.0], [232.01551818847656, 195.1896209716797, 1.0], [230.40798950195312, 204.6572723388672, 1.0], [218.7150115966797, 211.27392578125, 1.0], [216.08424377441406, 160.28211975097656, 1.0], [253.9442138671875, 180.11328125, 1.0], [230.45285034179688, 184.03245544433594, 1.0], [193.99440002441406, 176.93946838378906, 1.0], [215.1162567138672, 142.3059539794922, 1.0], [195.0438232421875, 141.5320281982422, 1.0], [163.15927124023438, 135.8243865966797, 1.0], [130.43804931640625, 129.23971557617188, 1.0]], "is_left": 0}