{"hand_pts": [[316.145751953125, 260.6748046875, 1.0], [250.43798828125, 202.80062866210938, 1.0], [214.00311279296875, 148.6404266357422, 1.0], [160.59852600097656, 134.38131713867188, 1.0], [129.97921752929688, 157.70127868652344, 1.0], [245.25315856933594, 129.17335510253906, 1.0], [179.2664794921875, 110.35498809814453, 1.0], [141.15621948242188, 134.8723602294922, 1.0], [130.0917510986328, 169.90750122070312, 1.0], [257.16259765625, 163.65536499023438, 1.0], [182.47784423828125, 147.67677307128906, 1.0], [136.97463989257812, 166.75009155273438, 1.0], [122.6656265258789, 191.63636779785156, 1.0], [260.4627380371094, 195.76312255859375, 1.0], [188.9269256591797, 194.2892608642578, 1.0], [152.4065399169922, 213.58499145507812, 1.0], [147.82968139648438, 230.57496643066406, 1.0], [264.41650390625, 231.8313751220703, 1.0], [216.16738891601562, 245.8660430908203, 1.0], [184.58419799804688, 259.7325744628906, 1.0], [180.6073455810547, 264.5963134765625, 1.0]], "is_left": 0}