{"hand_pts": [[144.76553344726562, 277.9229736328125, 1.0], [180.9652557373047, 290.888916015625, 1.0], [216.625, 304.5453186035156, 1.0], [229.35003662109375, 266.82965087890625, 1.0], [228.0093536376953, 219.40110778808594, 1.0], [239.26004028320312, 220.21751403808594, 1.0], [224.7381134033203, 233.31166076660156, 1.0], [212.2353057861328, 242.9220428466797, 1.0], [200.57064819335938, 249.89794921875, 1.0], [208.3874969482422, 183.31500244140625, 1.0], [227.8002471923828, 124.60765075683594, 1.0], [208.9597625732422, 124.3293228149414, 1.0], [184.5370330810547, 143.79904174804688, 1.0], [178.25196838378906, 158.5564422607422, 1.0], [187.9170379638672, 127.23322296142578, 1.0], [171.43702697753906, 138.13961791992188, 1.0], [150.10328674316406, 171.2950897216797, 1.0], [145.26393127441406, 142.89906311035156, 1.0], [108.78023529052734, 120.71973419189453, 1.0], [81.31952667236328, 111.1068115234375, 1.0], [72.18936920166016, 146.50909423828125, 1.0]], "is_left": 0}