{"hand_pts": [[128.57008361816406, 139.44171142578125, 1.0], [116.24713134765625, 197.54600524902344, 1.0], [121.03748321533203, 253.61129760742188, 1.0], [127.14344024658203, 293.57769775390625, 1.0], [132.0321044921875, 269.6842956542969, 1.0], [200.62637329101562, 207.55429077148438, 1.0], [225.62049865722656, 227.09637451171875, 1.0], [213.02239990234375, 236.79672241210938, 1.0], [180.76730346679688, 240.3221435546875, 1.0], [210.8839874267578, 165.40138244628906, 1.0], [219.26541137695312, 191.3142852783203, 1.0], [164.0548858642578, 201.5674285888672, 1.0], [143.88368225097656, 192.9622344970703, 1.0], [209.444580078125, 132.89224243164062, 1.0], [266.4513244628906, 121.42610931396484, 1.0], [267.5687255859375, 127.42083740234375, 1.0], [243.44216918945312, 142.88943481445312, 1.0], [200.00242614746094, 102.2954330444336, 1.0], [172.3926544189453, 105.94751739501953, 1.0], [134.0025634765625, 117.12671661376953, 1.0], [103.29742431640625, 131.4054412841797, 1.0]], "is_left": 0}