{"hand_pts": [[191.57774353027344, 263.1453857421875, 1.0], [224.86453247070312, 266.5589599609375, 1.0], [231.10415649414062, 302.1000061035156, 1.0], [229.07177734375, 262.135498046875, 1.0], [224.8645782470703, 214.67059326171875, 1.0], [141.96047973632812, 243.48924255371094, 1.0], [116.66014099121094, 238.5381622314453, 1.0], [158.4914093017578, 214.59210205078125, 1.0], [198.92208862304688, 199.11105346679688, 1.0], [120.9299087524414, 214.4088592529297, 1.0], [165.3699188232422, 172.19427490234375, 1.0], [218.8013153076172, 153.50343322753906, 1.0], [279.2617492675781, 146.46322631835938, 1.0], [114.32125854492188, 190.3848419189453, 1.0], [143.18482971191406, 127.64441680908203, 1.0], [197.0989532470703, 112.98877716064453, 1.0], [250.65504455566406, 99.07028198242188, 1.0], [115.68009185791016, 170.55616760253906, 1.0], [153.84030151367188, 130.9642791748047, 1.0], [195.2597198486328, 113.4063491821289, 1.0], [245.75811767578125, 117.16954803466797, 1.0]], "is_left": 0}