{"hand_pts": [[43.9622802734375, 221.32106018066406, 1.0], [111.3207778930664, 227.95176696777344, 1.0], [151.23974609375, 256.9727478027344, 1.0], [190.60047912597656, 282.8747253417969, 1.0], [209.09393310546875, 291.7046813964844, 1.0], [169.34817504882812, 157.8915252685547, 1.0], [219.59812927246094, 125.009765625, 1.0], [254.5349884033203, 115.54708099365234, 1.0], [275.3797607421875, 139.60855102539062, 1.0], [150.0597686767578, 151.0731201171875, 1.0], [206.92727661132812, 141.0902099609375, 1.0], [224.6748504638672, 180.16049194335938, 1.0], [219.6040496826172, 220.86764526367188, 1.0], [134.44970703125, 153.26853942871094, 1.0], [179.74673461914062, 117.73670196533203, 1.0], [199.02532958984375, 151.8611602783203, 1.0], [206.2760772705078, 188.96884155273438, 1.0], [114.22760009765625, 161.95550537109375, 1.0], [135.7633056640625, 181.56455993652344, 1.0], [147.5857391357422, 206.3477783203125, 1.0], [157.19638061523438, 238.65704345703125, 1.0]], "is_left": 0}