{"hand_pts": [[267.8152770996094, 172.67848205566406, 1.0], [207.67027282714844, 129.42723083496094, 1.0], [155.7672119140625, 79.48725891113281, 1.0], [151.0950164794922, 45.046226501464844, 1.0], [196.7668914794922, 70.24308776855469, 1.0], [153.41641235351562, 172.01007080078125, 1.0], [112.24707794189453, 195.52593994140625, 1.0], [93.82781219482422, 196.61318969726562, 1.0], [97.00987243652344, 175.28073120117188, 1.0], [192.79296875, 200.54849243164062, 1.0], [150.7073516845703, 225.87200927734375, 1.0], [126.81208801269531, 223.00808715820312, 1.0], [130.4967041015625, 180.9568634033203, 1.0], [226.84970092773438, 216.5531768798828, 1.0], [215.10813903808594, 236.24835205078125, 1.0], [212.4691162109375, 219.97047424316406, 1.0], [212.83998107910156, 182.55841064453125, 1.0], [262.830078125, 227.09725952148438, 1.0], [268.2620544433594, 245.36679077148438, 1.0], [267.00091552734375, 234.40487670898438, 1.0], [257.25, 197.28720092773438, 1.0]], "is_left": 0}