{"hand_pts": [[203.75228881835938, 64.68163299560547, 1.0], [245.45526123046875, 117.90349578857422, 1.0], [295.0354309082031, 148.10093688964844, 1.0], [289.4089050292969, 200.27496337890625, 1.0], [247.0398406982422, 213.99159240722656, 1.0], [210.196533203125, 123.87380981445312, 1.0], [212.38026428222656, 187.94827270507812, 1.0], [218.95242309570312, 230.94012451171875, 1.0], [227.1020050048828, 261.8210754394531, 1.0], [166.4926300048828, 117.76087188720703, 1.0], [162.94229125976562, 183.36346435546875, 1.0], [185.2181854248047, 222.6308135986328, 1.0], [207.9419403076172, 241.9459991455078, 1.0], [135.54444885253906, 118.2636947631836, 1.0], [109.0922622680664, 169.943603515625, 1.0], [126.28276062011719, 210.5965576171875, 1.0], [149.8556671142578, 240.5609893798828, 1.0], [110.92205810546875, 117.72819519042969, 1.0], [103.87174987792969, 168.4899444580078, 1.0], [127.0721435546875, 185.4917449951172, 1.0], [155.5576171875, 179.60397338867188, 1.0]], "is_left": 0}