{"hand_pts": [[17.424175262451172, 112.55526733398438, 1.0], [72.45758056640625, 155.82296752929688, 1.0], [100.1913833618164, 182.99093627929688, 1.0], [141.93336486816406, 220.50181579589844, 1.0], [174.64585876464844, 247.57920837402344, 1.0], [178.60997009277344, 129.74656677246094, 1.0], [239.97763061523438, 172.42233276367188, 1.0], [229.06082153320312, 211.81344604492188, 1.0], [187.99754333496094, 226.73287963867188, 1.0], [179.88558959960938, 116.38044738769531, 1.0], [235.7382049560547, 183.32589721679688, 1.0], [210.90322875976562, 227.3035125732422, 1.0], [170.48504638671875, 256.7677307128906, 1.0], [176.0518341064453, 112.20878601074219, 1.0], [246.24618530273438, 162.2305908203125, 1.0], [221.6602325439453, 201.432861328125, 1.0], [172.45965576171875, 207.80270385742188, 1.0], [161.29408264160156, 110.60128021240234, 1.0], [199.16702270507812, 145.95999145507812, 1.0], [188.50782775878906, 182.3799285888672, 1.0], [156.20565795898438, 205.93765258789062, 1.0]], "is_left": 0}