{"hand_pts": [[196.29672241210938, 275.6850891113281, 1.0], [230.805908203125, 277.6987609863281, 1.0], [271.3926696777344, 301.1313171386719, 1.0], [257.0574645996094, 306.8034362792969, 1.0], [207.8711395263672, 293.2197570800781, 1.0], [255.9645538330078, 179.56448364257812, 1.0], [248.2826690673828, 144.0666961669922, 1.0], [223.5648651123047, 153.57444763183594, 1.0], [196.30625915527344, 169.41017150878906, 1.0], [214.03672790527344, 157.9774169921875, 1.0], [191.24118041992188, 130.95693969726562, 1.0], [170.1689910888672, 167.39825439453125, 1.0], [166.31356811523438, 213.9183807373047, 1.0], [177.27752685546875, 148.9392852783203, 1.0], [144.7076873779297, 128.03793334960938, 1.0], [123.34211730957031, 147.78564453125, 1.0], [109.23257446289062, 185.24856567382812, 1.0], [141.69036865234375, 150.1299285888672, 1.0], [119.6733627319336, 118.48776245117188, 1.0], [111.52149963378906, 139.6670379638672, 1.0], [123.18187713623047, 178.49253845214844, 1.0]], "is_left": 0}