{"hand_pts": [[116.71670532226562, 174.7828369140625, 1.0], [126.81305694580078, 123.85951232910156, 1.0], [134.21189880371094, 76.03976440429688, 1.0], [149.70484924316406, 114.14634704589844, 1.0], [156.12559509277344, 169.10873413085938, 1.0], [206.74952697753906, 150.7657012939453, 1.0], [242.52017211914062, 162.6969451904297, 1.0], [255.47891235351562, 168.7819061279297, 1.0], [243.53048706054688, 168.76344299316406, 1.0], [197.3141326904297, 190.0386199951172, 1.0], [244.5297393798828, 186.8157501220703, 1.0], [225.38612365722656, 165.45742797851562, 1.0], [206.64569091796875, 145.65261840820312, 1.0], [181.30030822753906, 217.32904052734375, 1.0], [180.96133422851562, 230.5753173828125, 1.0], [148.18218994140625, 214.8072967529297, 1.0], [109.46240234375, 186.6211700439453, 1.0], [159.35157775878906, 240.18104553222656, 1.0], [171.4482879638672, 274.19158935546875, 1.0], [152.37387084960938, 247.217529296875, 1.0], [142.64833068847656, 218.8004608154297, 1.0]], "is_left": 0}