{"hand_pts": [[73.10820770263672, 309.89752197265625, 1.0], [119.1463623046875, 278.18756103515625, 1.0], [160.58763122558594, 257.7066955566406, 1.0], [201.55484008789062, 230.4238739013672, 1.0], [238.85452270507812, 202.6837615966797, 1.0], [132.25831604003906, 197.7291717529297, 1.0], [159.41468811035156, 143.076416015625, 1.0], [185.7562255859375, 113.18199920654297, 1.0], [205.71585083007812, 80.71744537353516, 1.0], [128.33807373046875, 204.43716430664062, 1.0], [178.21517944335938, 147.61720275878906, 1.0], [224.52996826171875, 140.54299926757812, 1.0], [268.08258056640625, 138.37103271484375, 1.0], [129.0950164794922, 215.51634216308594, 1.0], [183.5913848876953, 169.44033813476562, 1.0], [224.9412841796875, 159.5320281982422, 1.0], [265.94378662109375, 153.9031982421875, 1.0], [128.148193359375, 233.6031036376953, 1.0], [166.3944854736328, 207.55426025390625, 1.0], [201.4349822998047, 204.83982849121094, 1.0], [236.07684326171875, 211.39715576171875, 1.0]], "is_left": 0}