{"hand_pts": [[213.87196350097656, 309.4964904785156, 1.0], [159.8170166015625, 264.96832275390625, 1.0], [106.8575668334961, 233.4728240966797, 1.0], [91.709716796875, 190.12648010253906, 1.0], [92.90431213378906, 148.7335968017578, 1.0], [187.03533935546875, 193.84454345703125, 1.0], [138.561767578125, 165.87811279296875, 1.0], [109.18180084228516, 162.823486328125, 1.0], [96.67269134521484, 183.46900939941406, 1.0], [228.5345458984375, 194.55885314941406, 1.0], [199.2078094482422, 162.63705444335938, 1.0], [174.73712158203125, 168.0735626220703, 1.0], [153.5241241455078, 191.43507385253906, 1.0], [255.8845977783203, 196.95242309570312, 1.0], [240.55604553222656, 140.15989685058594, 1.0], [213.4662628173828, 134.70716857910156, 1.0], [186.08984375, 142.00128173828125, 1.0], [277.5958251953125, 205.861328125, 1.0], [281.7423400878906, 192.8994598388672, 1.0], [262.4921569824219, 209.31460571289062, 1.0], [246.68954467773438, 228.2378692626953, 1.0]], "is_left": 0}