{"hand_pts": [[322.4487609863281, 129.5343017578125, 1.0], [254.60389709472656, 109.91643524169922, 1.0], [211.48313903808594, 81.64588165283203, 1.0], [167.91311645507812, 82.66602325439453, 1.0], [166.88758850097656, 114.18316650390625, 1.0], [194.33648681640625, 160.3452606201172, 1.0], [140.2073974609375, 160.12255859375, 1.0], [113.1418685913086, 155.3686981201172, 1.0], [87.92353820800781, 151.4017333984375, 1.0], [214.9158172607422, 195.3002166748047, 1.0], [149.6287078857422, 221.34378051757812, 1.0], [123.30934143066406, 214.8403778076172, 1.0], [143.74923706054688, 192.92669677734375, 1.0], [231.85537719726562, 219.66029357910156, 1.0], [183.8529815673828, 246.2561492919922, 1.0], [193.87539672851562, 221.97564697265625, 1.0], [209.1343536376953, 195.08648681640625, 1.0], [253.371337890625, 237.0760040283203, 1.0], [229.36741638183594, 248.85610961914062, 1.0], [219.6105499267578, 244.32266235351562, 1.0], [230.20591735839844, 216.1235809326172, 1.0]], "is_left": 0}