{"hand_pts": [[106.88465118408203, 87.33819580078125, 1.0], [91.0377197265625, 155.90760803222656, 1.0], [78.68992614746094, 220.64920043945312, 1.0], [125.5526123046875, 232.84811401367188, 1.0], [171.65481567382812, 218.07254028320312, 1.0], [112.73683166503906, 146.91180419921875, 1.0], [151.9163055419922, 193.177001953125, 1.0], [179.8612823486328, 230.82818603515625, 1.0], [197.30958557128906, 264.0974426269531, 1.0], [150.23866271972656, 123.19862365722656, 1.0], [198.56741333007812, 202.57907104492188, 1.0], [188.16197204589844, 218.883544921875, 1.0], [164.38095092773438, 213.2167510986328, 1.0], [181.34503173828125, 109.8569564819336, 1.0], [238.17208862304688, 177.96148681640625, 1.0], [228.59536743164062, 195.40283203125, 1.0], [192.6722412109375, 173.2841033935547, 1.0], [208.65809631347656, 97.6072998046875, 1.0], [254.20420837402344, 137.15493774414062, 1.0], [270.3780517578125, 168.52499389648438, 1.0], [276.30224609375, 201.73985290527344, 1.0]], "is_left": 0}