{"hand_pts": [[319.39288330078125, 234.4523468017578, 1.0], [283.6289367675781, 179.5290985107422, 1.0], [255.78504943847656, 125.58749389648438, 1.0], [214.5491180419922, 102.3079605102539, 1.0], [203.25558471679688, 136.65162658691406, 1.0], [161.37149047851562, 183.4876251220703, 1.0], [122.11011505126953, 144.4874267578125, 1.0], [130.44712829589844, 119.83031463623047, 1.0], [170.83248901367188, 107.16927337646484, 1.0], [161.40313720703125, 219.4940185546875, 1.0], [121.78364562988281, 185.96817016601562, 1.0], [156.9201202392578, 159.0710906982422, 1.0], [215.0560760498047, 142.87550354003906, 1.0], [170.15052795410156, 245.15638732910156, 1.0], [150.665283203125, 230.5546112060547, 1.0], [187.84756469726562, 212.04568481445312, 1.0], [241.0516815185547, 194.94529724121094, 1.0], [190.16748046875, 268.21282958984375, 1.0], [173.21051025390625, 261.990966796875, 1.0], [193.03091430664062, 243.423095703125, 1.0], [234.68801879882812, 223.5158233642578, 1.0]], "is_left": 0}