{"hand_pts": [[199.4482421875, 138.86781311035156, 1.0], [231.1295623779297, 122.99706268310547, 1.0], [270.24267578125, 82.0870590209961, 1.0], [289.9552001953125, 103.72174072265625, 1.0], [273.3200378417969, 163.2335205078125, 1.0], [154.89279174804688, 103.15645599365234, 1.0], [166.10882568359375, 129.09605407714844, 1.0], [205.50604248046875, 165.498046875, 1.0], [238.89173889160156, 188.93319702148438, 1.0], [125.43470001220703, 137.3108673095703, 1.0], [134.6839599609375, 188.71929931640625, 1.0], [185.94638061523438, 222.2751922607422, 1.0], [232.23660278320312, 225.9264678955078, 1.0], [110.6777572631836, 168.68467712402344, 1.0], [114.70079040527344, 229.27886962890625, 1.0], [162.75123596191406, 256.01104736328125, 1.0], [205.4510040283203, 249.22039794921875, 1.0], [104.49272918701172, 198.72109985351562, 1.0], [122.09940338134766, 251.83212280273438, 1.0], [164.99044799804688, 259.4529724121094, 1.0], [192.00009155273438, 232.4019012451172, 1.0]], "is_left": 0}