{"hand_pts": [[130.3359832763672, 187.53067016601562, 1.0], [152.16485595703125, 148.57659912109375, 1.0], [156.13330078125, 97.88835906982422, 1.0], [180.81484985351562, 68.93878936767578, 1.0], [212.24737548828125, 55.087039947509766, 1.0], [137.06520080566406, 166.22018432617188, 1.0], [172.50704956054688, 165.06777954101562, 1.0], [203.71939086914062, 158.577880859375, 1.0], [201.8560333251953, 156.811279296875, 1.0], [141.8583526611328, 199.71939086914062, 1.0], [147.0608367919922, 229.8534393310547, 1.0], [186.5659637451172, 211.5296173095703, 1.0], [196.404296875, 187.52784729003906, 1.0], [150.65286254882812, 223.50025939941406, 1.0], [216.67047119140625, 224.27749633789062, 1.0], [219.46728515625, 208.76939392089844, 1.0], [191.66375732421875, 197.7534637451172, 1.0], [159.7671661376953, 243.33401489257812, 1.0], [196.04293823242188, 262.1049499511719, 1.0], [226.34141540527344, 254.07493591308594, 1.0], [227.3068084716797, 225.7581024169922, 1.0]], "is_left": 0}