{"hand_pts": [[170.06138610839844, 262.43963623046875, 1.0], [224.60951232910156, 234.17823791503906, 1.0], [285.123291015625, 209.307373046875, 1.0], [262.3532409667969, 196.89651489257812, 1.0], [204.30130004882812, 208.57911682128906, 1.0], [201.55813598632812, 144.59893798828125, 1.0], [216.5011749267578, 96.60697174072266, 1.0], [230.45755004882812, 90.57881164550781, 1.0], [241.54701232910156, 125.46533203125, 1.0], [157.9942169189453, 158.0367431640625, 1.0], [165.50782775878906, 99.4751205444336, 1.0], [193.56137084960938, 133.9249725341797, 1.0], [214.35226440429688, 180.7971954345703, 1.0], [127.50499725341797, 176.3077850341797, 1.0], [159.74154663085938, 199.7668914794922, 1.0], [187.1759033203125, 239.1390380859375, 1.0], [209.54833984375, 275.5720520019531, 1.0], [102.01148986816406, 201.36819458007812, 1.0], [93.20811462402344, 224.03652954101562, 1.0], [94.74227142333984, 247.19326782226562, 1.0], [123.59769439697266, 278.0277404785156, 1.0]], "is_left": 0}