{"hand_pts": [[29.039182662963867, 145.4912567138672, 1.0], [89.56317138671875, 186.1908416748047, 1.0], [122.42293548583984, 225.7206268310547, 1.0], [150.83941650390625, 241.52207946777344, 1.0], [163.9312744140625, 237.0380401611328, 1.0], [195.617919921875, 167.62449645996094, 1.0], [243.44956970214844, 192.85142517089844, 1.0], [254.60630798339844, 214.48179626464844, 1.0], [228.51295471191406, 232.98707580566406, 1.0], [180.10789489746094, 145.7021942138672, 1.0], [228.88841247558594, 178.42214965820312, 1.0], [218.07505798339844, 208.5676727294922, 1.0], [185.68698120117188, 232.41632080078125, 1.0], [161.54454040527344, 132.29258728027344, 1.0], [203.12469482421875, 150.57899475097656, 1.0], [193.88697814941406, 175.21575927734375, 1.0], [163.79641723632812, 197.64991760253906, 1.0], [133.8745574951172, 121.42185974121094, 1.0], [168.54861450195312, 123.24564361572266, 1.0], [181.79977416992188, 138.9469451904297, 1.0], [166.94186401367188, 164.05105590820312, 1.0]], "is_left": 0}