{"hand_pts": [[43.83915328979492, 236.8299560546875, 1.0], [102.92219543457031, 212.20077514648438, 1.0], [140.91270446777344, 174.87899780273438, 1.0], [187.48609924316406, 155.98780822753906, 1.0], [228.63519287109375, 147.51551818847656, 1.0], [146.87074279785156, 159.2880401611328, 1.0], [208.22445678710938, 142.56869506835938, 1.0], [235.88641357421875, 161.35848999023438, 1.0], [223.50018310546875, 193.16720581054688, 1.0], [136.19630432128906, 175.9785919189453, 1.0], [202.80409240722656, 174.05812072753906, 1.0], [244.92457580566406, 183.11659240722656, 1.0], [284.2117004394531, 186.8858184814453, 1.0], [128.75587463378906, 194.40438842773438, 1.0], [180.5050048828125, 164.70504760742188, 1.0], [216.2002410888672, 175.48980712890625, 1.0], [246.82801818847656, 188.84426879882812, 1.0], [117.21563720703125, 216.56410217285156, 1.0], [157.99134826660156, 226.5686798095703, 1.0], [164.71192932128906, 239.65150451660156, 1.0], [137.30868530273438, 233.5282745361328, 1.0]], "is_left": 0}