{"hand_pts": [[180.07481384277344, 42.90874099731445, 1.0], [180.2986602783203, 116.50911712646484, 1.0], [148.72900390625, 165.15643310546875, 1.0], [118.0259017944336, 210.06419372558594, 1.0], [91.43048858642578, 248.52023315429688, 1.0], [265.5557556152344, 175.09193420410156, 1.0], [224.44236755371094, 230.44056701660156, 1.0], [178.82717895507812, 248.04832458496094, 1.0], [134.66224670410156, 265.85479736328125, 1.0], [264.6305236816406, 151.4048309326172, 1.0], [233.56723022460938, 212.71420288085938, 1.0], [178.02613830566406, 199.04653930664062, 1.0], [171.2875518798828, 164.6600341796875, 1.0], [254.2961883544922, 131.81683349609375, 1.0], [205.71762084960938, 191.96131896972656, 1.0], [162.39402770996094, 217.0070343017578, 1.0], [112.79478454589844, 218.1545867919922, 1.0], [236.38131713867188, 107.34080505371094, 1.0], [208.4525146484375, 126.90226745605469, 1.0], [169.28201293945312, 139.59939575195312, 1.0], [122.81359100341797, 151.00076293945312, 1.0]], "is_left": 0}