{"hand_pts": [[341.0562744140625, 165.6783905029297, 1.0], [276.07208251953125, 171.5308074951172, 1.0], [232.64273071289062, 168.89065551757812, 1.0], [188.07945251464844, 177.04202270507812, 1.0], [153.3065948486328, 190.80149841308594, 1.0], [213.518310546875, 157.24267578125, 1.0], [167.28994750976562, 147.96006774902344, 1.0], [133.9070587158203, 156.4635772705078, 1.0], [102.75132751464844, 167.0586700439453, 1.0], [229.92636108398438, 170.2506561279297, 1.0], [170.09886169433594, 170.8454132080078, 1.0], [132.08204650878906, 175.93670654296875, 1.0], [98.27743530273438, 177.43682861328125, 1.0], [243.65341186523438, 184.38580322265625, 1.0], [192.52963256835938, 186.75880432128906, 1.0], [160.1185760498047, 201.11175537109375, 1.0], [131.66574096679688, 218.5105438232422, 1.0], [262.3089904785156, 198.40170288085938, 1.0], [227.44105529785156, 212.99200439453125, 1.0], [202.77621459960938, 228.45193481445312, 1.0], [181.12913513183594, 245.12847900390625, 1.0]], "is_left": 0}