{"hand_pts": [[350.062255859375, 190.87139892578125, 1.0], [288.54583740234375, 219.7431182861328, 1.0], [249.34780883789062, 254.63026428222656, 1.0], [196.7692108154297, 240.705322265625, 1.0], [200.51895141601562, 203.7082977294922, 1.0], [195.15536499023438, 230.5327606201172, 1.0], [167.6184539794922, 224.17538452148438, 1.0], [207.6152801513672, 214.68055725097656, 1.0], [243.2372283935547, 211.617919921875, 1.0], [199.86471557617188, 196.5204620361328, 1.0], [128.76828002929688, 197.51187133789062, 1.0], [152.32791137695312, 189.9711151123047, 1.0], [198.97605895996094, 187.34719848632812, 1.0], [206.9387969970703, 167.43707275390625, 1.0], [137.13661193847656, 148.93695068359375, 1.0], [115.25701904296875, 140.5446014404297, 1.0], [99.78954315185547, 134.41188049316406, 1.0], [222.74343872070312, 139.83424377441406, 1.0], [171.33969116210938, 126.67425537109375, 1.0], [153.84539794921875, 123.52100372314453, 1.0], [181.0670928955078, 133.0360565185547, 1.0]], "is_left": 0}