{"hand_pts": [[346.1707763671875, 121.27808380126953, 1.0], [298.91571044921875, 171.99241638183594, 1.0], [264.1251525878906, 209.80856323242188, 1.0], [215.2548828125, 233.64710998535156, 1.0], [176.2201690673828, 234.72181701660156, 1.0], [206.31883239746094, 144.17559814453125, 1.0], [142.64108276367188, 162.6201171875, 1.0], [116.19773864746094, 195.88214111328125, 1.0], [109.01702880859375, 232.7987060546875, 1.0], [210.04180908203125, 124.3115005493164, 1.0], [161.54736328125, 179.8153839111328, 1.0], [155.27508544921875, 225.3972625732422, 1.0], [170.11117553710938, 267.1215515136719, 1.0], [217.29296875, 115.6144027709961, 1.0], [165.79345703125, 163.42288208007812, 1.0], [160.3911895751953, 204.70068359375, 1.0], [180.2776336669922, 241.21267700195312, 1.0], [232.54547119140625, 110.11235046386719, 1.0], [194.09539794921875, 133.12362670898438, 1.0], [173.7788848876953, 157.73251342773438, 1.0], [171.57513427734375, 195.1579132080078, 1.0]], "is_left": 0}