{"hand_pts": [[264.240234375, 203.9517822265625, 1.0], [191.85626220703125, 202.69424438476562, 1.0], [137.207763671875, 228.4084014892578, 1.0], [123.54865264892578, 205.8941192626953, 1.0], [150.6951904296875, 174.32516479492188, 1.0], [178.77862548828125, 254.6553497314453, 1.0], [125.33350372314453, 246.67138671875, 1.0], [96.45521545410156, 216.41258239746094, 1.0], [95.4288558959961, 179.44473266601562, 1.0], [219.07176208496094, 242.31777954101562, 1.0], [161.00103759765625, 201.87393188476562, 1.0], [130.2643585205078, 164.56893920898438, 1.0], [121.13472747802734, 136.07443237304688, 1.0], [248.58106994628906, 224.99156188964844, 1.0], [225.88461303710938, 162.76986694335938, 1.0], [218.36016845703125, 133.18997192382812, 1.0], [218.80113220214844, 133.9051513671875, 1.0], [277.067626953125, 204.30551147460938, 1.0], [272.02166748046875, 155.04783630371094, 1.0], [264.267333984375, 126.7705078125, 1.0], [254.08016967773438, 106.46348571777344, 1.0]], "is_left": 0}