{"hand_pts": [[88.28062438964844, 53.70512771606445, 1.0], [152.0730743408203, 108.35298919677734, 1.0], [201.92315673828125, 149.72573852539062, 1.0], [243.7692413330078, 181.498046875, 1.0], [265.12750244140625, 195.7711181640625, 1.0], [136.9008331298828, 204.8255615234375, 1.0], [179.39840698242188, 251.37705993652344, 1.0], [222.19126892089844, 254.171630859375, 1.0], [264.96624755859375, 243.1697235107422, 1.0], [115.59254455566406, 179.27537536621094, 1.0], [161.42626953125, 231.20123291015625, 1.0], [213.42556762695312, 229.031005859375, 1.0], [262.9320373535156, 211.43019104003906, 1.0], [105.4959487915039, 152.34730529785156, 1.0], [147.93666076660156, 190.59344482421875, 1.0], [193.64620971679688, 184.86703491210938, 1.0], [239.13336181640625, 168.21499633789062, 1.0], [97.30158996582031, 118.73139190673828, 1.0], [127.33768463134766, 132.28378295898438, 1.0], [164.46258544921875, 127.98675537109375, 1.0], [204.61495971679688, 113.89183807373047, 1.0]], "is_left": 0}