{"hand_pts": [[52.917659759521484, 283.57989501953125, 1.0], [114.9061050415039, 260.2429504394531, 1.0], [159.32830810546875, 258.7500305175781, 1.0], [204.8236541748047, 255.98155212402344, 1.0], [248.12022399902344, 252.18746948242188, 1.0], [149.5360870361328, 181.0911865234375, 1.0], [203.58782958984375, 143.43894958496094, 1.0], [241.52407836914062, 127.50688934326172, 1.0], [278.03778076171875, 121.66671752929688, 1.0], [131.1776123046875, 183.79971313476562, 1.0], [189.61849975585938, 135.9816436767578, 1.0], [223.9813690185547, 153.83700561523438, 1.0], [231.2810516357422, 190.13223266601562, 1.0], [118.35310363769531, 192.03314208984375, 1.0], [163.78652954101562, 146.90182495117188, 1.0], [200.13548278808594, 139.86016845703125, 1.0], [232.57701110839844, 152.2501220703125, 1.0], [102.87959289550781, 207.4322967529297, 1.0], [141.41893005371094, 189.3050994873047, 1.0], [171.06944274902344, 193.20030212402344, 1.0], [177.8748779296875, 219.67088317871094, 1.0]], "is_left": 0}