{"hand_pts": [[169.24441528320312, 82.70669555664062, 1.0], [220.9027862548828, 110.41177368164062, 1.0], [265.7004089355469, 125.96310424804688, 1.0], [289.6698913574219, 146.9955291748047, 1.0], [283.60833740234375, 157.8876495361328, 1.0], [176.92941284179688, 200.52969360351562, 1.0], [201.94915771484375, 225.15943908691406, 1.0], [227.2618865966797, 202.9178924560547, 1.0], [235.47972106933594, 167.84275817871094, 1.0], [138.91400146484375, 205.74862670898438, 1.0], [160.35934448242188, 239.6242218017578, 1.0], [196.454833984375, 212.1185760498047, 1.0], [224.18310546875, 172.81033325195312, 1.0], [115.60575103759766, 204.73590087890625, 1.0], [121.8379135131836, 230.09774780273438, 1.0], [151.75408935546875, 197.5672607421875, 1.0], [172.19656372070312, 164.93630981445312, 1.0], [98.49540710449219, 195.84100341796875, 1.0], [106.32465362548828, 193.61231994628906, 1.0], [130.90687561035156, 165.20162963867188, 1.0], [143.389892578125, 147.5540008544922, 1.0]], "is_left": 0}