{"hand_pts": [[263.96820068359375, 240.35838317871094, 1.0], [214.90362548828125, 181.3477325439453, 1.0], [152.00372314453125, 144.72068786621094, 1.0], [109.12669372558594, 106.94014739990234, 1.0], [87.26617431640625, 72.27561950683594, 1.0], [154.26336669921875, 200.59063720703125, 1.0], [106.4390869140625, 180.34095764160156, 1.0], [91.21039581298828, 153.12388610839844, 1.0], [123.291259765625, 120.46070098876953, 1.0], [191.07118225097656, 231.4303741455078, 1.0], [198.48638916015625, 179.19590759277344, 1.0], [230.18563842773438, 139.00523376464844, 1.0], [250.72735595703125, 126.36599731445312, 1.0], [226.13787841796875, 250.4441375732422, 1.0], [177.78123474121094, 250.19578552246094, 1.0], [160.52110290527344, 225.20484924316406, 1.0], [175.85040283203125, 179.16050720214844, 1.0], [264.659912109375, 266.2958068847656, 1.0], [259.6678466796875, 254.18382263183594, 1.0], [265.9841613769531, 213.7401885986328, 1.0], [272.7250061035156, 177.72740173339844, 1.0]], "is_left": 0}