{"hand_pts": [[341.3223876953125, 114.337646484375, 1.0], [310.5947570800781, 151.4563751220703, 1.0], [293.45086669921875, 179.31166076660156, 1.0], [250.79925537109375, 203.67503356933594, 1.0], [206.55917358398438, 220.62283325195312, 1.0], [238.7908935546875, 141.9366455078125, 1.0], [192.87095642089844, 168.44287109375, 1.0], [165.7480010986328, 195.65225219726562, 1.0], [141.47036743164062, 222.69692993164062, 1.0], [220.73255920410156, 137.8563995361328, 1.0], [158.02716064453125, 168.0211181640625, 1.0], [140.2870635986328, 202.41690063476562, 1.0], [125.69100952148438, 233.5312042236328, 1.0], [208.46343994140625, 139.62472534179688, 1.0], [147.57327270507812, 176.36004638671875, 1.0], [137.52227783203125, 205.6616973876953, 1.0], [150.67491149902344, 223.8597412109375, 1.0], [204.3174285888672, 141.72552490234375, 1.0], [161.46441650390625, 164.0126953125, 1.0], [136.89540100097656, 185.15390014648438, 1.0], [133.43089294433594, 208.6382598876953, 1.0]], "is_left": 0}