{"hand_pts": [[191.12774658203125, 347.73687744140625, 1.0], [167.16831970214844, 272.868408203125, 1.0], [167.99221801757812, 219.8072509765625, 1.0], [147.39715576171875, 170.2611083984375, 1.0], [125.48860931396484, 140.2958526611328, 1.0], [229.59263610839844, 192.47438049316406, 1.0], [205.96290588378906, 126.07225799560547, 1.0], [164.9946746826172, 142.05543518066406, 1.0], [139.63284301757812, 176.40631103515625, 1.0], [238.2669677734375, 212.84481811523438, 1.0], [243.20777893066406, 150.4858856201172, 1.0], [197.22174072265625, 134.1029815673828, 1.0], [159.2406768798828, 112.36074829101562, 1.0], [236.5909881591797, 230.6602020263672, 1.0], [211.8083953857422, 184.9522247314453, 1.0], [168.83409118652344, 190.7974853515625, 1.0], [126.72413635253906, 195.5703125, 1.0], [229.4658660888672, 254.67051696777344, 1.0], [202.88609313964844, 218.81539916992188, 1.0], [169.49407958984375, 205.13742065429688, 1.0], [132.88330078125, 193.09121704101562, 1.0]], "is_left": 0}