{"hand_pts": [[259.8139343261719, 315.1192321777344, 1.0], [200.19639587402344, 283.890625, 1.0], [152.28765869140625, 270.7414245605469, 1.0], [103.68714904785156, 251.70726013183594, 1.0], [73.0971450805664, 234.60629272460938, 1.0], [204.7533416748047, 196.0518798828125, 1.0], [158.70240783691406, 149.8834991455078, 1.0], [133.47012329101562, 163.13540649414062, 1.0], [115.1193618774414, 180.70335388183594, 1.0], [234.24266052246094, 188.9783172607422, 1.0], [212.98696899414062, 120.19934844970703, 1.0], [178.63818359375, 130.63392639160156, 1.0], [147.3179473876953, 131.5895538330078, 1.0], [252.72164916992188, 187.9634552001953, 1.0], [216.1071319580078, 131.13368225097656, 1.0], [184.14085388183594, 141.2947540283203, 1.0], [157.3279266357422, 162.74179077148438, 1.0], [268.91851806640625, 195.40650939941406, 1.0], [248.44749450683594, 174.712158203125, 1.0], [225.78182983398438, 192.34402465820312, 1.0], [206.43568420410156, 220.84373474121094, 1.0]], "is_left": 0}