{"hand_pts": [[136.57052612304688, 265.5913391113281, 1.0], [201.90245056152344, 239.0873260498047, 1.0], [264.9836730957031, 235.44793701171875, 1.0], [272.2808837890625, 225.1146240234375, 1.0], [272.88958740234375, 215.20640563964844, 1.0], [200.37445068359375, 163.1140899658203, 1.0], [234.20616149902344, 147.54212951660156, 1.0], [237.7403564453125, 175.33493041992188, 1.0], [235.86541748046875, 204.2142791748047, 1.0], [156.80838012695312, 161.97531127929688, 1.0], [186.5337677001953, 169.80712890625, 1.0], [203.56707763671875, 198.30503845214844, 1.0], [215.0549774169922, 231.40701293945312, 1.0], [124.06693267822266, 166.0841827392578, 1.0], [138.4622039794922, 153.91964721679688, 1.0], [154.88531494140625, 181.12353515625, 1.0], [166.10581970214844, 210.716552734375, 1.0], [93.39476776123047, 177.64181518554688, 1.0], [80.45361328125, 145.07749938964844, 1.0], [94.87044525146484, 134.8839874267578, 1.0], [127.9480209350586, 151.140869140625, 1.0]], "is_left": 0}