{"hand_pts": [[323.3569030761719, 236.90097045898438, 1.0], [257.16278076171875, 255.96728515625, 1.0], [215.75648498535156, 277.22052001953125, 1.0], [172.02626037597656, 283.0294189453125, 1.0], [131.30001831054688, 277.48101806640625, 1.0], [196.0127716064453, 206.21153259277344, 1.0], [148.3007049560547, 181.875, 1.0], [116.39686584472656, 166.86453247070312, 1.0], [87.60028076171875, 150.5583953857422, 1.0], [215.81362915039062, 176.1383514404297, 1.0], [167.43148803710938, 185.75535583496094, 1.0], [146.69204711914062, 199.98171997070312, 1.0], [134.23135375976562, 217.70335388183594, 1.0], [232.34747314453125, 156.36582946777344, 1.0], [191.88702392578125, 112.09929656982422, 1.0], [163.80006408691406, 111.65447235107422, 1.0], [164.53421020507812, 137.99009704589844, 1.0], [253.46824645996094, 143.200927734375, 1.0], [234.7662811279297, 123.6750717163086, 1.0], [234.69435119628906, 146.42713928222656, 1.0], [239.22410583496094, 174.66688537597656, 1.0]], "is_left": 0}