{"hand_pts": [[287.2046813964844, 213.61734008789062, 1.0], [281.4456481933594, 175.7777557373047, 1.0], [285.0527038574219, 138.38970947265625, 1.0], [259.340576171875, 128.3175506591797, 1.0], [231.69810485839844, 127.08885955810547, 1.0], [188.99082946777344, 168.9020233154297, 1.0], [171.64566040039062, 161.085693359375, 1.0], [193.04110717773438, 161.62277221679688, 1.0], [225.09420776367188, 165.58358764648438, 1.0], [170.0668487548828, 194.60943603515625, 1.0], [169.71531677246094, 180.38095092773438, 1.0], [217.75868225097656, 179.53204345703125, 1.0], [261.8832092285156, 181.5625, 1.0], [161.26254272460938, 214.21963500976562, 1.0], [109.87954711914062, 203.5604705810547, 1.0], [123.27336883544922, 195.45127868652344, 1.0], [155.5933074951172, 189.4805908203125, 1.0], [161.42459106445312, 232.904541015625, 1.0], [118.78628540039062, 236.01979064941406, 1.0], [101.05035400390625, 233.08534240722656, 1.0], [120.29484558105469, 221.42791748046875, 1.0]], "is_left": 0}