{"hand_pts": [[91.25956726074219, 55.16740798950195, 1.0], [151.57286071777344, 87.60794830322266, 1.0], [197.85470581054688, 102.89964294433594, 1.0], [224.7332000732422, 147.7032012939453, 1.0], [223.88967895507812, 199.27085876464844, 1.0], [225.6874237060547, 107.21200561523438, 1.0], [252.4086456298828, 167.0362091064453, 1.0], [236.92140197753906, 199.48223876953125, 1.0], [219.270751953125, 229.30081176757812, 1.0], [195.0298309326172, 122.35002136230469, 1.0], [216.6602783203125, 202.39744567871094, 1.0], [206.28268432617188, 238.3942108154297, 1.0], [180.93560791015625, 240.36642456054688, 1.0], [166.4298858642578, 138.1977081298828, 1.0], [160.5460968017578, 223.6485137939453, 1.0], [139.86888122558594, 249.7871551513672, 1.0], [120.24761199951172, 240.1912078857422, 1.0], [133.30734252929688, 150.19223022460938, 1.0], [141.92074584960938, 205.70706176757812, 1.0], [134.04591369628906, 213.32077026367188, 1.0], [124.60313415527344, 193.3751220703125, 1.0]], "is_left": 0}