{"hand_pts": [[265.9455261230469, 277.1048583984375, 1.0], [218.81439208984375, 232.80564880371094, 1.0], [215.63540649414062, 187.2859649658203, 1.0], [202.9722442626953, 146.48382568359375, 1.0], [188.0795135498047, 111.50721740722656, 1.0], [237.4224395751953, 178.08631896972656, 1.0], [173.56512451171875, 154.9831085205078, 1.0], [130.04306030273438, 146.6787567138672, 1.0], [102.67115783691406, 167.09304809570312, 1.0], [246.19479370117188, 197.05361938476562, 1.0], [169.28302001953125, 172.30068969726562, 1.0], [119.49520874023438, 168.6385498046875, 1.0], [74.85377502441406, 170.0388641357422, 1.0], [246.45318603515625, 214.77395629882812, 1.0], [207.94717407226562, 175.48194885253906, 1.0], [164.17190551757812, 178.67349243164062, 1.0], [130.77691650390625, 190.68618774414062, 1.0], [245.3302001953125, 236.0506134033203, 1.0], [224.666259765625, 227.6844482421875, 1.0], [188.0546875, 224.88348388671875, 1.0], [165.0332489013672, 225.4662322998047, 1.0]], "is_left": 0}