{"hand_pts": [[70.26396179199219, 66.92727661132812, 1.0], [144.4336395263672, 82.34526062011719, 1.0], [194.9426727294922, 75.76215362548828, 1.0], [237.46109008789062, 100.44146728515625, 1.0], [245.8808135986328, 130.2733154296875, 1.0], [166.14447021484375, 173.32431030273438, 1.0], [221.11392211914062, 207.94140625, 1.0], [245.2761993408203, 198.34735107421875, 1.0], [244.3959197998047, 171.8948974609375, 1.0], [136.9180145263672, 194.70066833496094, 1.0], [196.6996612548828, 228.84646606445312, 1.0], [212.96739196777344, 197.3306121826172, 1.0], [207.86181640625, 155.74839782714844, 1.0], [117.2234115600586, 206.36354064941406, 1.0], [167.4933319091797, 256.3143005371094, 1.0], [190.0284423828125, 234.2998046875, 1.0], [194.33154296875, 197.02810668945312, 1.0], [97.05396270751953, 208.105224609375, 1.0], [122.17633056640625, 237.17469787597656, 1.0], [142.3751678466797, 218.88722229003906, 1.0], [148.7489013671875, 183.9484100341797, 1.0]], "is_left": 0}