{"hand_pts": [[306.0387268066406, 195.8524932861328, 1.0], [270.9720458984375, 236.50453186035156, 1.0], [263.2505798339844, 287.7164306640625, 1.0], [247.10955810546875, 294.75018310546875, 1.0], [234.39085388183594, 241.66671752929688, 1.0], [160.78285217285156, 255.3809051513672, 1.0], [110.3444595336914, 249.14280700683594, 1.0], [120.2431869506836, 227.50918579101562, 1.0], [164.8772430419922, 207.66551208496094, 1.0], [153.64479064941406, 211.63168334960938, 1.0], [125.33158874511719, 170.6322021484375, 1.0], [163.290771484375, 151.14378356933594, 1.0], [210.7706298828125, 140.68411254882812, 1.0], [154.73085021972656, 174.18003845214844, 1.0], [160.01905822753906, 138.27842712402344, 1.0], [182.84629821777344, 120.13632202148438, 1.0], [197.87156677246094, 100.94635009765625, 1.0], [166.4465789794922, 138.14068603515625, 1.0], [171.8505859375, 97.09712219238281, 1.0], [212.1351776123047, 97.71715545654297, 1.0], [238.9617462158203, 127.44464874267578, 1.0]], "is_left": 0}