{"hand_pts": [[58.7840576171875, 160.2162322998047, 1.0], [123.02043151855469, 121.77071380615234, 1.0], [164.52420043945312, 71.72355651855469, 1.0], [226.64022827148438, 88.4609375, 1.0], [237.84622192382812, 134.58157348632812, 1.0], [123.37358093261719, 137.99237060546875, 1.0], [195.71560668945312, 146.4118194580078, 1.0], [237.05711364746094, 149.90054321289062, 1.0], [243.53524780273438, 150.4047393798828, 1.0], [109.39312744140625, 181.46275329589844, 1.0], [196.18206787109375, 201.9852294921875, 1.0], [238.77931213378906, 193.44656372070312, 1.0], [250.95074462890625, 177.9556884765625, 1.0], [104.87464904785156, 214.4401397705078, 1.0], [172.81944274902344, 251.72654724121094, 1.0], [219.91456604003906, 248.09800720214844, 1.0], [219.90103149414062, 222.72280883789062, 1.0], [100.3294448852539, 242.47378540039062, 1.0], [152.2447967529297, 267.4859619140625, 1.0], [173.670654296875, 248.56385803222656, 1.0], [144.9467010498047, 224.4259490966797, 1.0]], "is_left": 0}