{"hand_pts": [[190.17300415039062, 37.124454498291016, 1.0], [138.154052734375, 92.36499786376953, 1.0], [87.90800476074219, 130.8594207763672, 1.0], [70.19795989990234, 180.38601684570312, 1.0], [79.26960754394531, 224.36285400390625, 1.0], [159.00868225097656, 193.36146545410156, 1.0], [145.02149963378906, 226.95907592773438, 1.0], [135.03549194335938, 212.74935913085938, 1.0], [132.5959930419922, 167.8335418701172, 1.0], [204.42422485351562, 185.3409423828125, 1.0], [197.00257873535156, 221.29470825195312, 1.0], [179.5619354248047, 200.7239532470703, 1.0], [161.149169921875, 154.26187133789062, 1.0], [237.57952880859375, 174.01895141601562, 1.0], [261.4748840332031, 238.6223907470703, 1.0], [254.12472534179688, 248.013671875, 1.0], [231.52369689941406, 230.45291137695312, 1.0], [266.00421142578125, 153.79205322265625, 1.0], [264.9603576660156, 162.49520874023438, 1.0], [247.8203125, 140.71180725097656, 1.0], [229.15737915039062, 110.76397705078125, 1.0]], "is_left": 0}