{"hand_pts": [[13.696013450622559, 177.7091522216797, 1.0], [88.94469451904297, 165.3203582763672, 1.0], [146.4074249267578, 151.62814331054688, 1.0], [203.6251983642578, 129.81484985351562, 1.0], [235.00440979003906, 111.61262512207031, 1.0], [162.80946350097656, 236.823974609375, 1.0], [234.5803680419922, 221.41610717773438, 1.0], [244.93470764160156, 176.04676818847656, 1.0], [233.09068298339844, 130.74217224121094, 1.0], [142.4723358154297, 242.78741455078125, 1.0], [219.63076782226562, 219.51992797851562, 1.0], [227.4232940673828, 165.78712463378906, 1.0], [200.7683868408203, 124.44713592529297, 1.0], [125.35147857666016, 239.09906005859375, 1.0], [196.08236694335938, 228.0171356201172, 1.0], [210.71189880371094, 182.8563995361328, 1.0], [208.98912048339844, 136.70651245117188, 1.0], [102.52740478515625, 229.2236328125, 1.0], [140.66062927246094, 215.84266662597656, 1.0], [162.14645385742188, 186.07579040527344, 1.0], [172.3131561279297, 146.5357666015625, 1.0]], "is_left": 0}