{"hand_pts": [[72.17507934570312, 268.86138916015625, 1.0], [137.61135864257812, 249.80828857421875, 1.0], [196.96836853027344, 241.1040802001953, 1.0], [241.32705688476562, 231.2545623779297, 1.0], [256.25872802734375, 224.28109741210938, 1.0], [150.52783203125, 163.89453125, 1.0], [203.36367797851562, 134.80813598632812, 1.0], [241.7888641357422, 147.51480102539062, 1.0], [275.7682800292969, 169.5832977294922, 1.0], [124.08434295654297, 169.8727264404297, 1.0], [182.5121307373047, 135.94412231445312, 1.0], [228.6218719482422, 152.5754852294922, 1.0], [265.712646484375, 187.25421142578125, 1.0], [106.5687026977539, 182.39108276367188, 1.0], [154.84326171875, 151.9503173828125, 1.0], [194.0682373046875, 173.79795837402344, 1.0], [224.4350128173828, 210.50711059570312, 1.0], [89.01719665527344, 202.12496948242188, 1.0], [111.75859832763672, 186.98541259765625, 1.0], [141.77273559570312, 194.68704223632812, 1.0], [176.3114776611328, 218.96458435058594, 1.0]], "is_left": 0}