{"hand_pts": [[150.8800811767578, 185.456298828125, 1.0], [215.30194091796875, 188.04788208007812, 1.0], [251.29815673828125, 234.66075134277344, 1.0], [259.5904846191406, 244.22451782226562, 1.0], [233.2996368408203, 210.41041564941406, 1.0], [167.72866821289062, 245.4810791015625, 1.0], [219.8362274169922, 212.81655883789062, 1.0], [254.92379760742188, 187.6368865966797, 1.0], [299.4751281738281, 138.9204864501953, 1.0], [133.0210723876953, 227.79469299316406, 1.0], [139.93240356445312, 224.43765258789062, 1.0], [164.72857666015625, 205.2105712890625, 1.0], [219.13198852539062, 159.9893341064453, 1.0], [113.71953582763672, 205.89663696289062, 1.0], [141.33021545410156, 175.67138671875, 1.0], [188.66209411621094, 136.5363311767578, 1.0], [234.16085815429688, 99.82042694091797, 1.0], [99.91093444824219, 180.73484802246094, 1.0], [102.0057373046875, 145.39830017089844, 1.0], [120.23623657226562, 112.04386138916016, 1.0], [169.23988342285156, 86.68209838867188, 1.0]], "is_left": 0}