{"hand_pts": [[281.12432861328125, 40.17292404174805, 1.0], [251.43089294433594, 99.29974365234375, 1.0], [234.48670959472656, 141.9354248046875, 1.0], [201.738037109375, 179.59986877441406, 1.0], [167.1365966796875, 205.41136169433594, 1.0], [243.02835083007812, 168.55999755859375, 1.0], [216.76312255859375, 223.6151123046875, 1.0], [184.3280792236328, 247.66995239257812, 1.0], [150.61216735839844, 264.2253723144531, 1.0], [233.6110382080078, 148.83168029785156, 1.0], [192.62518310546875, 210.3921356201172, 1.0], [155.46636962890625, 234.44705200195312, 1.0], [121.23111724853516, 249.97671508789062, 1.0], [222.0729217529297, 130.22412109375, 1.0], [180.75241088867188, 184.3781280517578, 1.0], [146.04925537109375, 204.3522186279297, 1.0], [115.45732116699219, 213.6019744873047, 1.0], [212.66787719726562, 106.19969940185547, 1.0], [173.18934631347656, 134.13258361816406, 1.0], [143.3844757080078, 148.2635955810547, 1.0], [118.38274383544922, 156.4746551513672, 1.0]], "is_left": 0}