{"hand_pts": [[230.86361694335938, 260.6986389160156, 1.0], [254.37454223632812, 223.57568359375, 1.0], [285.1908264160156, 216.37823486328125, 1.0], [286.0191650390625, 188.0904083251953, 1.0], [254.6539764404297, 160.12086486816406, 1.0], [183.28897094726562, 258.2344665527344, 1.0], [194.9272918701172, 200.488037109375, 1.0], [214.7367706298828, 155.850830078125, 1.0], [238.1930694580078, 120.80352783203125, 1.0], [148.363525390625, 261.0015869140625, 1.0], [156.3975067138672, 184.17343139648438, 1.0], [181.45657348632812, 133.60488891601562, 1.0], [214.5177001953125, 128.22372436523438, 1.0], [126.38188171386719, 255.41925048828125, 1.0], [123.92269897460938, 190.75340270996094, 1.0], [142.94287109375, 145.55560302734375, 1.0], [168.72230529785156, 102.64064025878906, 1.0], [112.6176528930664, 247.416015625, 1.0], [103.07073974609375, 200.5329132080078, 1.0], [127.6808090209961, 170.0548095703125, 1.0], [159.5731658935547, 179.4250030517578, 1.0]], "is_left": 0}