{"hand_pts": [[331.3217468261719, 159.81927490234375, 1.0], [268.7942199707031, 133.7309112548828, 1.0], [236.7957000732422, 92.58891296386719, 1.0], [207.05728149414062, 109.55480194091797, 1.0], [195.5826873779297, 149.4115753173828, 1.0], [181.0829620361328, 139.4822540283203, 1.0], [128.2652130126953, 137.07408142089844, 1.0], [151.7736358642578, 144.09527587890625, 1.0], [193.8713836669922, 150.11155700683594, 1.0], [193.23594665527344, 172.81085205078125, 1.0], [122.46859741210938, 199.75791931152344, 1.0], [87.6619644165039, 213.8609161376953, 1.0], [95.39527130126953, 210.680419921875, 1.0], [205.73602294921875, 199.37681579589844, 1.0], [169.0941925048828, 215.31884765625, 1.0], [201.2603302001953, 207.16917419433594, 1.0], [237.06954956054688, 192.44419860839844, 1.0], [225.6143341064453, 222.8182373046875, 1.0], [202.71693420410156, 253.61279296875, 1.0], [193.2174072265625, 269.8135681152344, 1.0], [204.43997192382812, 260.0965270996094, 1.0]], "is_left": 0}