{"hand_pts": [[50.25880432128906, 251.94815063476562, 1.0], [125.9493637084961, 263.74029541015625, 1.0], [173.6212158203125, 293.9259948730469, 1.0], [205.9464111328125, 259.99566650390625, 1.0], [188.7808380126953, 214.59124755859375, 1.0], [218.44198608398438, 247.66957092285156, 1.0], [255.06723022460938, 207.17088317871094, 1.0], [225.20843505859375, 198.822021484375, 1.0], [184.08416748046875, 213.36776733398438, 1.0], [197.5407257080078, 208.67735290527344, 1.0], [237.25531005859375, 153.78424072265625, 1.0], [202.5531768798828, 159.60208129882812, 1.0], [170.0065155029297, 193.0962677001953, 1.0], [177.97598266601562, 176.0814971923828, 1.0], [206.61940002441406, 115.71253967285156, 1.0], [176.3697052001953, 124.17925262451172, 1.0], [152.661376953125, 160.213623046875, 1.0], [151.11505126953125, 148.15744018554688, 1.0], [160.05296325683594, 102.88623809814453, 1.0], [141.50314331054688, 111.64946746826172, 1.0], [131.65650939941406, 147.50448608398438, 1.0]], "is_left": 0}