{"hand_pts": [[226.4138641357422, 317.6665344238281, 1.0], [252.40843200683594, 270.9990539550781, 1.0], [291.7626647949219, 242.57322692871094, 1.0], [286.7454833984375, 203.4540252685547, 1.0], [248.36767578125, 184.67698669433594, 1.0], [239.5332794189453, 187.66873168945312, 1.0], [234.9844970703125, 156.42613220214844, 1.0], [230.33970642089844, 178.73056030273438, 1.0], [229.2758026123047, 211.0167236328125, 1.0], [199.93800354003906, 192.19949340820312, 1.0], [172.1524200439453, 139.9706573486328, 1.0], [168.7818603515625, 152.4611053466797, 1.0], [169.6848602294922, 171.8100128173828, 1.0], [168.06153869628906, 199.36968994140625, 1.0], [124.01480865478516, 148.12274169921875, 1.0], [108.4220199584961, 138.5854949951172, 1.0], [123.3634033203125, 160.9105682373047, 1.0], [140.28802490234375, 214.13485717773438, 1.0], [109.1159439086914, 189.73147583007812, 1.0], [96.26814270019531, 184.20616149902344, 1.0], [100.64275360107422, 193.99156188964844, 1.0]], "is_left": 0}