{"hand_pts": [[141.25198364257812, 269.36114501953125, 1.0], [188.81777954101562, 275.6990661621094, 1.0], [230.01597595214844, 299.76239013671875, 1.0], [222.98373413085938, 269.0657043457031, 1.0], [186.9205780029297, 228.68849182128906, 1.0], [251.53306579589844, 218.97767639160156, 1.0], [258.4346618652344, 192.83067321777344, 1.0], [230.1826171875, 196.36509704589844, 1.0], [198.94932556152344, 212.81593322753906, 1.0], [218.3844757080078, 185.7439727783203, 1.0], [199.69027709960938, 154.82933044433594, 1.0], [171.70167541503906, 181.95387268066406, 1.0], [158.9684600830078, 215.3783721923828, 1.0], [187.05670166015625, 161.90223693847656, 1.0], [172.3421630859375, 111.84632873535156, 1.0], [148.53765869140625, 123.32225036621094, 1.0], [142.08180236816406, 159.28538513183594, 1.0], [152.37698364257812, 145.67298889160156, 1.0], [136.3180694580078, 108.97309875488281, 1.0], [121.42761993408203, 113.34750366210938, 1.0], [117.54446411132812, 144.67759704589844, 1.0]], "is_left": 0}