{"hand_pts": [[256.84478759765625, 40.663970947265625, 1.0], [262.28021240234375, 107.00845336914062, 1.0], [288.8093566894531, 155.09420776367188, 1.0], [280.45343017578125, 196.44393920898438, 1.0], [254.31211853027344, 226.23492431640625, 1.0], [244.17474365234375, 174.53179931640625, 1.0], [223.52073669433594, 228.97679138183594, 1.0], [204.01043701171875, 252.92803955078125, 1.0], [183.69381713867188, 259.81488037109375, 1.0], [211.65884399414062, 151.6562957763672, 1.0], [180.37379455566406, 214.49530029296875, 1.0], [165.73638916015625, 228.6946563720703, 1.0], [161.6454620361328, 222.11154174804688, 1.0], [184.00247192382812, 130.9913787841797, 1.0], [135.84471130371094, 180.30409240722656, 1.0], [114.42632293701172, 197.80325317382812, 1.0], [106.6173324584961, 203.0453643798828, 1.0], [160.6139373779297, 104.95669555664062, 1.0], [118.8988037109375, 127.41009521484375, 1.0], [100.37569427490234, 138.2925567626953, 1.0], [98.63387298583984, 143.0684356689453, 1.0]], "is_left": 0}