{"hand_pts": [[150.1642608642578, 161.94287109375, 1.0], [122.48887634277344, 179.53604125976562, 1.0], [75.80848693847656, 183.21920776367188, 1.0], [102.07717895507812, 210.74635314941406, 1.0], [146.32632446289062, 215.2666473388672, 1.0], [133.31494140625, 154.1155548095703, 1.0], [157.14654541015625, 189.5630645751953, 1.0], [158.75465393066406, 198.903564453125, 1.0], [146.62974548339844, 181.2279510498047, 1.0], [173.23033142089844, 150.9524688720703, 1.0], [211.47349548339844, 191.7454071044922, 1.0], [199.12677001953125, 201.09866333007812, 1.0], [173.03016662597656, 181.2850341796875, 1.0], [204.921142578125, 152.872802734375, 1.0], [250.6000213623047, 189.81790161132812, 1.0], [235.6202392578125, 197.1766815185547, 1.0], [206.9224090576172, 178.08419799804688, 1.0], [232.44992065429688, 156.76132202148438, 1.0], [268.58245849609375, 181.16482543945312, 1.0], [252.03549194335938, 189.01234436035156, 1.0], [223.40570068359375, 171.9254913330078, 1.0]], "is_left": 0}