{"hand_pts": [[312.2813415527344, 187.64068603515625, 1.0], [299.4812927246094, 200.47454833984375, 1.0], [300.4417724609375, 221.2369842529297, 1.0], [257.4886169433594, 207.1550750732422, 1.0], [230.5468292236328, 183.16207885742188, 1.0], [212.40200805664062, 228.8317413330078, 1.0], [178.8502960205078, 217.15663146972656, 1.0], [174.24444580078125, 197.22210693359375, 1.0], [191.3887481689453, 171.12350463867188, 1.0], [194.3866424560547, 208.8052978515625, 1.0], [146.05043029785156, 205.57069396972656, 1.0], [158.296142578125, 184.5253448486328, 1.0], [197.320068359375, 168.34274291992188, 1.0], [185.63027954101562, 188.72650146484375, 1.0], [121.34313201904297, 189.46377563476562, 1.0], [120.01060485839844, 173.061279296875, 1.0], [125.10765838623047, 156.598876953125, 1.0], [185.87332153320312, 167.65464782714844, 1.0], [153.0316619873047, 148.05368041992188, 1.0], [141.9932861328125, 131.92552185058594, 1.0], [156.2564697265625, 117.97645568847656, 1.0]], "is_left": 0}