{"hand_pts": [[208.9161376953125, 127.42237854003906, 1.0], [201.90138244628906, 192.2811279296875, 1.0], [185.0174102783203, 246.96041870117188, 1.0], [193.20523071289062, 282.6532287597656, 1.0], [216.83248901367188, 293.61279296875, 1.0], [141.52639770507812, 197.96298217773438, 1.0], [143.3965606689453, 229.90206909179688, 1.0], [164.31910705566406, 248.38255310058594, 1.0], [182.2925567626953, 265.3913269042969, 1.0], [154.51504516601562, 157.00473022460938, 1.0], [132.12701416015625, 178.9781494140625, 1.0], [164.2703094482422, 200.35768127441406, 1.0], [200.11868286132812, 216.97256469726562, 1.0], [172.1029052734375, 126.52781677246094, 1.0], [156.34307861328125, 123.45892333984375, 1.0], [173.43698120117188, 137.24212646484375, 1.0], [201.16580200195312, 157.8970489501953, 1.0], [193.7390594482422, 97.80818939208984, 1.0], [219.62457275390625, 95.52745056152344, 1.0], [243.95396423339844, 99.36124420166016, 1.0], [271.7955017089844, 116.62367248535156, 1.0]], "is_left": 0}