{"hand_pts": [[294.81561279296875, 254.69027709960938, 1.0], [284.3643798828125, 199.5816650390625, 1.0], [283.0185852050781, 153.80178833007812, 1.0], [259.8837585449219, 120.02897644042969, 1.0], [212.10427856445312, 124.64612579345703, 1.0], [199.92897033691406, 173.17782592773438, 1.0], [178.46034240722656, 137.4846649169922, 1.0], [203.46336364746094, 138.3861083984375, 1.0], [233.19549560546875, 147.5930938720703, 1.0], [180.02432250976562, 202.42140197753906, 1.0], [113.09976196289062, 181.51824951171875, 1.0], [100.57584381103516, 166.18577575683594, 1.0], [107.74272155761719, 153.37860107421875, 1.0], [169.31092834472656, 225.37852478027344, 1.0], [145.3619384765625, 215.06443786621094, 1.0], [188.12608337402344, 220.233154296875, 1.0], [231.08786010742188, 225.67559814453125, 1.0], [167.50794982910156, 249.09518432617188, 1.0], [132.9100799560547, 230.66583251953125, 1.0], [147.25340270996094, 217.71737670898438, 1.0], [174.59178161621094, 206.81930541992188, 1.0]], "is_left": 0}