{"hand_pts": [[328.4580383300781, 263.84344482421875, 1.0], [263.74176025390625, 270.24566650390625, 1.0], [223.0608367919922, 282.8431091308594, 1.0], [176.35313415527344, 274.71405029296875, 1.0], [142.84683227539062, 254.74081420898438, 1.0], [225.40737915039062, 188.89532470703125, 1.0], [168.98223876953125, 171.2022247314453, 1.0], [135.5945281982422, 185.23150634765625, 1.0], [106.12699890136719, 200.9818878173828, 1.0], [239.53773498535156, 169.5670928955078, 1.0], [182.74530029296875, 128.9529266357422, 1.0], [140.0344696044922, 133.50729370117188, 1.0], [101.55345153808594, 143.97512817382812, 1.0], [248.4027099609375, 161.4762420654297, 1.0], [190.08242797851562, 131.9314422607422, 1.0], [160.3130645751953, 155.00381469726562, 1.0], [144.04306030273438, 188.27745056152344, 1.0], [260.3944091796875, 161.861572265625, 1.0], [221.76214599609375, 148.90567016601562, 1.0], [195.74110412597656, 165.23928833007812, 1.0], [185.49703979492188, 197.40634155273438, 1.0]], "is_left": 0}