{"hand_pts": [[126.5334243774414, 218.67828369140625, 1.0], [196.48342895507812, 225.8848419189453, 1.0], [266.3001403808594, 235.53195190429688, 1.0], [271.9541015625, 240.4686737060547, 1.0], [219.78192138671875, 235.95523071289062, 1.0], [246.0303955078125, 153.62716674804688, 1.0], [270.4640197753906, 155.96524047851562, 1.0], [254.32273864746094, 187.63160705566406, 1.0], [225.2855682373047, 218.05210876464844, 1.0], [195.49081420898438, 141.90542602539062, 1.0], [208.14320373535156, 136.29254150390625, 1.0], [197.88894653320312, 176.23902893066406, 1.0], [187.4775390625, 205.50244140625, 1.0], [153.52415466308594, 139.83006286621094, 1.0], [142.36856079101562, 144.08489990234375, 1.0], [132.5345916748047, 180.38186645507812, 1.0], [135.51138305664062, 201.60433959960938, 1.0], [111.30674743652344, 144.79116821289062, 1.0], [87.20405578613281, 154.20526123046875, 1.0], [79.71492767333984, 181.95516967773438, 1.0], [91.80194854736328, 205.9032745361328, 1.0]], "is_left": 0}