{"hand_pts": [[277.4873962402344, 293.9035949707031, 1.0], [279.5015869140625, 228.63916015625, 1.0], [300.19354248046875, 174.5598602294922, 1.0], [290.5547790527344, 126.25853729248047, 1.0], [257.12384033203125, 95.22161102294922, 1.0], [226.970703125, 218.2341766357422, 1.0], [204.6525421142578, 179.10963439941406, 1.0], [188.4129180908203, 147.42518615722656, 1.0], [171.96607971191406, 113.40886688232422, 1.0], [198.78273010253906, 241.94827270507812, 1.0], [161.36424255371094, 188.9268341064453, 1.0], [147.01185607910156, 144.75453186035156, 1.0], [138.50106811523438, 101.61934661865234, 1.0], [178.6382598876953, 256.8616943359375, 1.0], [133.3092803955078, 219.15289306640625, 1.0], [117.5267333984375, 181.40374755859375, 1.0], [107.85479736328125, 142.50523376464844, 1.0], [165.2606964111328, 271.8659362792969, 1.0], [133.1816864013672, 236.6261444091797, 1.0], [129.23410034179688, 204.2067413330078, 1.0], [146.0393829345703, 176.57872009277344, 1.0]], "is_left": 0}