{"hand_pts": [[212.35818481445312, 248.83486938476562, 1.0], [239.99546813964844, 238.86279296875, 1.0], [294.10723876953125, 238.1331024169922, 1.0], [272.1461486816406, 238.61740112304688, 1.0], [214.00579833984375, 239.07254028320312, 1.0], [242.35459899902344, 144.94354248046875, 1.0], [220.4652557373047, 151.75253295898438, 1.0], [206.34902954101562, 194.30960083007812, 1.0], [207.3512420654297, 218.87059020996094, 1.0], [204.53738403320312, 134.08245849609375, 1.0], [163.8883056640625, 136.7269287109375, 1.0], [161.93215942382812, 188.37144470214844, 1.0], [183.8091278076172, 216.3453826904297, 1.0], [173.0154571533203, 132.91200256347656, 1.0], [122.1170425415039, 134.17984008789062, 1.0], [126.49320983886719, 180.39486694335938, 1.0], [156.36056518554688, 200.5569305419922, 1.0], [144.25994873046875, 140.9027099609375, 1.0], [101.11780548095703, 149.38055419921875, 1.0], [109.08648681640625, 186.85800170898438, 1.0], [144.75128173828125, 197.28125, 1.0]], "is_left": 0}