{"hand_pts": [[95.63948822021484, 49.94563293457031, 1.0], [138.67787170410156, 71.81834411621094, 1.0], [174.21820068359375, 76.2053451538086, 1.0], [187.9483184814453, 119.32505798339844, 1.0], [193.08685302734375, 161.1608123779297, 1.0], [212.7877960205078, 136.7637481689453, 1.0], [243.82675170898438, 177.03717041015625, 1.0], [221.00918579101562, 184.52259826660156, 1.0], [188.06455993652344, 178.49102783203125, 1.0], [188.6474609375, 156.5607147216797, 1.0], [230.2140350341797, 215.8541259765625, 1.0], [244.1949005126953, 249.97608947753906, 1.0], [232.04690551757812, 260.2699890136719, 1.0], [163.67987060546875, 170.3586883544922, 1.0], [163.0982666015625, 210.57969665527344, 1.0], [140.43214416503906, 200.5219268798828, 1.0], [119.2697525024414, 170.4628448486328, 1.0], [133.82733154296875, 176.3488311767578, 1.0], [151.11021423339844, 218.82485961914062, 1.0], [161.70660400390625, 248.07765197753906, 1.0], [159.43853759765625, 253.32574462890625, 1.0]], "is_left": 0}