{"hand_pts": [[319.77020263671875, 220.81475830078125, 1.0], [287.5988464355469, 177.6556396484375, 1.0], [292.2763366699219, 143.91981506347656, 1.0], [235.08709716796875, 110.69366455078125, 1.0], [192.5895233154297, 114.77215576171875, 1.0], [235.41925048828125, 217.1981964111328, 1.0], [169.20144653320312, 171.40782165527344, 1.0], [168.75125122070312, 142.6549072265625, 1.0], [202.67950439453125, 145.50497436523438, 1.0], [214.5172119140625, 240.58255004882812, 1.0], [129.41920471191406, 191.5583038330078, 1.0], [140.2040557861328, 154.92185974121094, 1.0], [189.7613067626953, 153.75830078125, 1.0], [196.93576049804688, 252.67286682128906, 1.0], [111.56636810302734, 212.5855712890625, 1.0], [125.68147277832031, 180.58279418945312, 1.0], [175.89523315429688, 181.3156280517578, 1.0], [186.05331420898438, 260.33251953125, 1.0], [128.75430297851562, 235.8240966796875, 1.0], [139.3175048828125, 205.4568634033203, 1.0], [185.9792938232422, 206.06747436523438, 1.0]], "is_left": 0}