{"hand_pts": [[333.12640380859375, 193.47348022460938, 1.0], [245.3258514404297, 230.4187774658203, 1.0], [192.32815551757812, 282.4154968261719, 1.0], [144.01385498046875, 239.09579467773438, 1.0], [172.42291259765625, 185.3331298828125, 1.0], [173.35165405273438, 281.5518493652344, 1.0], [109.89529418945312, 233.82064819335938, 1.0], [140.14791870117188, 202.59812927246094, 1.0], [189.64231872558594, 214.04563903808594, 1.0], [193.81785583496094, 239.41697692871094, 1.0], [119.75030517578125, 174.5941619873047, 1.0], [152.2316131591797, 155.15130615234375, 1.0], [197.7250518798828, 187.6600799560547, 1.0], [209.51393127441406, 199.5343475341797, 1.0], [149.21665954589844, 126.3770751953125, 1.0], [179.31759643554688, 116.85196685791016, 1.0], [210.54119873046875, 159.22914123535156, 1.0], [231.29364013671875, 158.3331298828125, 1.0], [207.6542510986328, 97.19534301757812, 1.0], [225.8033447265625, 94.32679748535156, 1.0], [243.5428924560547, 139.1431427001953, 1.0]], "is_left": 0}