{"hand_pts": [[230.11366271972656, 182.71051025390625, 1.0], [259.43035888671875, 197.71694946289062, 1.0], [303.7587585449219, 183.365966796875, 1.0], [283.7720642089844, 152.94784545898438, 1.0], [237.66615295410156, 148.7822265625, 1.0], [210.29763793945312, 249.61849975585938, 1.0], [177.57801818847656, 277.8247375488281, 1.0], [164.9718780517578, 264.7842102050781, 1.0], [174.26502990722656, 231.5944366455078, 1.0], [170.70127868652344, 231.20469665527344, 1.0], [182.68157958984375, 188.7939910888672, 1.0], [209.49034118652344, 156.66453552246094, 1.0], [235.268310546875, 127.36085510253906, 1.0], [143.04832458496094, 210.3709716796875, 1.0], [129.98435974121094, 166.29116821289062, 1.0], [156.94363403320312, 143.73182678222656, 1.0], [180.27137756347656, 152.3410186767578, 1.0], [122.36087036132812, 186.43118286132812, 1.0], [108.90168762207031, 163.5578155517578, 1.0], [105.76326751708984, 144.2626495361328, 1.0], [136.43313598632812, 131.67266845703125, 1.0]], "is_left": 0}