{"hand_pts": [[235.0480499267578, 262.36346435546875, 1.0], [187.06813049316406, 196.41534423828125, 1.0], [151.13882446289062, 139.7542266845703, 1.0], [109.59197998046875, 111.1849365234375, 1.0], [95.40864562988281, 134.16114807128906, 1.0], [245.2384490966797, 146.9036865234375, 1.0], [213.36598205566406, 118.38029479980469, 1.0], [165.68885803222656, 128.12936401367188, 1.0], [132.24635314941406, 150.2530975341797, 1.0], [264.158447265625, 184.96702575683594, 1.0], [211.07264709472656, 162.12246704101562, 1.0], [155.66574096679688, 168.54417419433594, 1.0], [130.33448791503906, 182.96817016601562, 1.0], [269.4084167480469, 216.85179138183594, 1.0], [226.98345947265625, 207.99632263183594, 1.0], [177.50726318359375, 210.53457641601562, 1.0], [133.65724182128906, 215.3836669921875, 1.0], [269.120849609375, 250.5819091796875, 1.0], [227.86497497558594, 258.1596374511719, 1.0], [191.32977294921875, 261.0208740234375, 1.0], [176.66310119628906, 258.23785400390625, 1.0]], "is_left": 0}