{"hand_pts": [[228.6862335205078, 98.69300079345703, 1.0], [231.8548583984375, 100.39482879638672, 1.0], [249.94515991210938, 78.0748291015625, 1.0], [209.99765014648438, 81.90540313720703, 1.0], [159.3529052734375, 98.44703674316406, 1.0], [264.7501220703125, 190.14022827148438, 1.0], [282.6287841796875, 239.54766845703125, 1.0], [250.86761474609375, 242.64308166503906, 1.0], [213.67886352539062, 238.27554321289062, 1.0], [241.59799194335938, 210.29058837890625, 1.0], [173.5875701904297, 220.21339416503906, 1.0], [155.21969604492188, 171.12841796875, 1.0], [157.37063598632812, 128.6277313232422, 1.0], [216.95358276367188, 219.4119873046875, 1.0], [158.46775817871094, 243.35781860351562, 1.0], [118.1836929321289, 238.0239715576172, 1.0], [90.86238098144531, 199.3944091796875, 1.0], [191.38925170898438, 219.21792602539062, 1.0], [133.2838897705078, 208.37619018554688, 1.0], [96.03243255615234, 187.01510620117188, 1.0], [84.04734802246094, 146.78921508789062, 1.0]], "is_left": 0}