{"hand_pts": [[230.06304931640625, 86.88078308105469, 1.0], [174.42955017089844, 139.17352294921875, 1.0], [119.87191772460938, 176.5070343017578, 1.0], [92.25096130371094, 203.5681610107422, 1.0], [95.16435241699219, 212.775634765625, 1.0], [208.27310180664062, 223.5834197998047, 1.0], [179.8056182861328, 270.2292785644531, 1.0], [149.76573181152344, 244.40672302246094, 1.0], [138.62777709960938, 203.9225311279297, 1.0], [242.73394775390625, 201.32235717773438, 1.0], [211.18673706054688, 227.47537231445312, 1.0], [170.22752380371094, 210.80567932128906, 1.0], [135.2306671142578, 179.3963623046875, 1.0], [263.9300537109375, 178.13832092285156, 1.0], [215.04481506347656, 182.66957092285156, 1.0], [177.64039611816406, 158.80435180664062, 1.0], [165.99061584472656, 132.0472412109375, 1.0], [280.3199768066406, 148.64654541015625, 1.0], [255.26962280273438, 139.46258544921875, 1.0], [225.92645263671875, 122.01502990722656, 1.0], [193.86087036132812, 101.07914733886719, 1.0]], "is_left": 0}