{"hand_pts": [[26.57256507873535, 118.9476547241211, 1.0], [65.25115203857422, 158.5033721923828, 1.0], [95.02884674072266, 186.2871856689453, 1.0], [135.46817016601562, 203.42379760742188, 1.0], [176.02224731445312, 211.36817932128906, 1.0], [136.28634643554688, 195.1396026611328, 1.0], [182.4114227294922, 227.03045654296875, 1.0], [213.2140655517578, 243.00131225585938, 1.0], [242.89669799804688, 258.7186279296875, 1.0], [140.95306396484375, 166.0408935546875, 1.0], [199.85968017578125, 198.17283630371094, 1.0], [234.32138061523438, 211.9143829345703, 1.0], [267.2668151855469, 226.3130645751953, 1.0], [142.49595642089844, 140.33226013183594, 1.0], [198.47616577148438, 167.41619873046875, 1.0], [230.82875061035156, 178.03131103515625, 1.0], [262.24609375, 188.4828643798828, 1.0], [136.99879455566406, 113.4084701538086, 1.0], [178.2379913330078, 123.00545501708984, 1.0], [205.85580444335938, 128.6569061279297, 1.0], [234.42831420898438, 135.68836975097656, 1.0]], "is_left": 0}