{"hand_pts": [[139.53924560546875, 201.66390991210938, 1.0], [115.1534194946289, 223.33860778808594, 1.0], [73.51835632324219, 244.33944702148438, 1.0], [101.87055969238281, 256.1612854003906, 1.0], [156.53123474121094, 248.92044067382812, 1.0], [108.92889404296875, 153.0724334716797, 1.0], [137.29885864257812, 178.5780029296875, 1.0], [158.97938537597656, 215.54603576660156, 1.0], [167.13589477539062, 238.86485290527344, 1.0], [149.06845092773438, 130.4796600341797, 1.0], [196.72451782226562, 152.08360290527344, 1.0], [209.9440460205078, 198.6495361328125, 1.0], [194.9700164794922, 224.01361083984375, 1.0], [184.34109497070312, 119.82640075683594, 1.0], [238.40797424316406, 130.78665161132812, 1.0], [250.70626831054688, 173.0166015625, 1.0], [230.8780517578125, 199.665283203125, 1.0], [217.5647430419922, 116.59201049804688, 1.0], [264.43536376953125, 124.21235656738281, 1.0], [268.77685546875, 160.8584747314453, 1.0], [238.64186096191406, 182.08250427246094, 1.0]], "is_left": 0}