{"hand_pts": [[335.822021484375, 120.98994445800781, 1.0], [288.31231689453125, 117.41119384765625, 1.0], [257.6482849121094, 113.43775177001953, 1.0], [216.4923095703125, 128.51036071777344, 1.0], [184.87672424316406, 152.56617736816406, 1.0], [238.4270782470703, 185.9531707763672, 1.0], [184.55116271972656, 196.98233032226562, 1.0], [154.37600708007812, 183.26998901367188, 1.0], [141.44786071777344, 158.32012939453125, 1.0], [235.7617645263672, 198.8118133544922, 1.0], [173.83319091796875, 222.28929138183594, 1.0], [134.65020751953125, 219.45504760742188, 1.0], [98.01018524169922, 216.32315063476562, 1.0], [232.76535034179688, 202.7787628173828, 1.0], [167.42869567871094, 214.33627319335938, 1.0], [139.0059814453125, 196.64122009277344, 1.0], [120.01874542236328, 171.94631958007812, 1.0], [235.27203369140625, 199.74856567382812, 1.0], [190.74867248535156, 208.80271911621094, 1.0], [171.03749084472656, 190.88522338867188, 1.0], [160.52813720703125, 165.8585662841797, 1.0]], "is_left": 0}