{"hand_pts": [[289.8263854980469, 302.6968994140625, 1.0], [263.8033447265625, 254.37979125976562, 1.0], [247.59170532226562, 224.85128784179688, 1.0], [204.6173858642578, 197.42405700683594, 1.0], [153.44320678710938, 184.12838745117188, 1.0], [265.9537658691406, 168.19015502929688, 1.0], [239.6949920654297, 109.73402404785156, 1.0], [188.8620147705078, 118.6369857788086, 1.0], [152.2884979248047, 151.6227569580078, 1.0], [248.93064880371094, 186.25767517089844, 1.0], [202.28543090820312, 128.2012176513672, 1.0], [148.50157165527344, 124.4198989868164, 1.0], [107.9145736694336, 144.73699951171875, 1.0], [230.06460571289062, 205.65933227539062, 1.0], [149.55059814453125, 194.28018188476562, 1.0], [119.29068756103516, 219.49659729003906, 1.0], [99.53582763671875, 248.86752319335938, 1.0], [213.31353759765625, 231.22271728515625, 1.0], [172.50347900390625, 201.12301635742188, 1.0], [141.146484375, 206.63034057617188, 1.0], [112.85478210449219, 215.90414428710938, 1.0]], "is_left": 0}