{"hand_pts": [[269.19195556640625, 200.53097534179688, 1.0], [232.89785766601562, 248.0545196533203, 1.0], [252.6804962158203, 295.8484191894531, 1.0], [239.98870849609375, 315.8405456542969, 1.0], [194.85366821289062, 277.7406921386719, 1.0], [242.5763702392578, 217.38034057617188, 1.0], [223.90980529785156, 195.94749450683594, 1.0], [165.65884399414062, 199.7414093017578, 1.0], [127.49043273925781, 215.17556762695312, 1.0], [232.45098876953125, 175.7820281982422, 1.0], [197.49742126464844, 140.05886840820312, 1.0], [143.98536682128906, 138.54380798339844, 1.0], [85.41789245605469, 162.67294311523438, 1.0], [217.46559143066406, 147.0215606689453, 1.0], [200.9545440673828, 126.51783752441406, 1.0], [168.22901916503906, 127.42503356933594, 1.0], [117.72942352294922, 148.98980712890625, 1.0], [203.42831420898438, 123.88509368896484, 1.0], [147.71722412109375, 120.0363998413086, 1.0], [110.31731414794922, 146.36972045898438, 1.0], [130.95628356933594, 168.10806274414062, 1.0]], "is_left": 0}