{"hand_pts": [[207.26312255859375, 55.51530075073242, 1.0], [232.2760009765625, 82.30290985107422, 1.0], [266.9632263183594, 100.92398834228516, 1.0], [248.28378295898438, 137.6678924560547, 1.0], [210.76869201660156, 150.3572235107422, 1.0], [229.54531860351562, 167.8960418701172, 1.0], [240.42550659179688, 207.5282440185547, 1.0], [227.00340270996094, 192.70616149902344, 1.0], [213.46090698242188, 179.62220764160156, 1.0], [196.607177734375, 172.53526306152344, 1.0], [177.50552368164062, 232.38294982910156, 1.0], [171.7043914794922, 223.1755828857422, 1.0], [171.65870666503906, 202.89813232421875, 1.0], [169.70590209960938, 170.826904296875, 1.0], [155.14691162109375, 227.9365692138672, 1.0], [146.607421875, 250.3931121826172, 1.0], [137.78761291503906, 275.3085632324219, 1.0], [145.49754333496094, 161.0436248779297, 1.0], [122.17530822753906, 173.1182403564453, 1.0], [114.71553802490234, 164.9138641357422, 1.0], [115.65446472167969, 147.4986572265625, 1.0]], "is_left": 0}