{"hand_pts": [[203.42120361328125, 99.9784927368164, 1.0], [162.8409881591797, 98.887451171875, 1.0], [128.9972381591797, 65.67798614501953, 1.0], [131.4155731201172, 57.146846771240234, 1.0], [162.34593200683594, 73.16349029541016, 1.0], [126.04528045654297, 187.77146911621094, 1.0], [121.60570526123047, 189.22119140625, 1.0], [143.211181640625, 159.07420349121094, 1.0], [166.80165100097656, 128.93753051757812, 1.0], [163.4192657470703, 209.4458465576172, 1.0], [170.8944091796875, 241.354736328125, 1.0], [184.9294891357422, 229.26589965820312, 1.0], [199.51531982421875, 207.9295654296875, 1.0], [196.09771728515625, 219.69149780273438, 1.0], [213.57345581054688, 246.9613037109375, 1.0], [227.9022216796875, 244.0500946044922, 1.0], [241.82215881347656, 225.8916015625, 1.0], [228.88905334472656, 220.47508239746094, 1.0], [239.45352172851562, 247.51248168945312, 1.0], [243.3540496826172, 225.19757080078125, 1.0], [235.72802734375, 193.5648193359375, 1.0]], "is_left": 0}