{"hand_pts": [[238.5774688720703, 83.58374786376953, 1.0], [166.4495849609375, 83.76947021484375, 1.0], [115.49592590332031, 68.26223754882812, 1.0], [110.84745788574219, 80.11824798583984, 1.0], [127.28860473632812, 100.47705078125, 1.0], [134.4429168701172, 179.1477813720703, 1.0], [102.30992889404297, 205.4309844970703, 1.0], [99.45561981201172, 193.55711364746094, 1.0], [114.63268280029297, 162.80307006835938, 1.0], [191.384033203125, 194.661376953125, 1.0], [180.91893005371094, 216.7469940185547, 1.0], [175.0457000732422, 218.1107635498047, 1.0], [171.90480041503906, 201.4537353515625, 1.0], [238.3801727294922, 198.73670959472656, 1.0], [217.71542358398438, 242.72483825683594, 1.0], [210.85284423828125, 227.88458251953125, 1.0], [208.81781005859375, 192.90309143066406, 1.0], [284.52362060546875, 193.3162841796875, 1.0], [290.27703857421875, 229.6132049560547, 1.0], [284.9696960449219, 230.21322631835938, 1.0], [273.75506591796875, 218.70970153808594, 1.0]], "is_left": 0}