{"hand_pts": [[314.6986389160156, 131.8907012939453, 1.0], [306.0224914550781, 154.3145751953125, 1.0], [299.88861083984375, 162.11720275878906, 1.0], [282.744873046875, 173.74317932128906, 1.0], [258.197265625, 187.48439025878906, 1.0], [220.0474853515625, 152.9401397705078, 1.0], [175.22933959960938, 170.00880432128906, 1.0], [155.4163055419922, 190.55918884277344, 1.0], [139.55543518066406, 213.0682830810547, 1.0], [206.8986053466797, 156.97067260742188, 1.0], [142.57989501953125, 169.84547424316406, 1.0], [121.47305297851562, 193.6917724609375, 1.0], [125.6975326538086, 222.67601013183594, 1.0], [203.05812072753906, 163.661376953125, 1.0], [140.08993530273438, 179.06210327148438, 1.0], [129.2833709716797, 204.4703369140625, 1.0], [140.49615478515625, 230.4705810546875, 1.0], [207.93600463867188, 169.52786254882812, 1.0], [168.9911651611328, 185.5812225341797, 1.0], [153.83428955078125, 204.5880584716797, 1.0], [140.29348754882812, 225.32696533203125, 1.0]], "is_left": 0}