{"hand_pts": [[369.4541015625, 190.239501953125, 1.0], [291.51995849609375, 178.7106475830078, 1.0], [240.09246826171875, 175.63009643554688, 1.0], [183.17950439453125, 173.99166870117188, 1.0], [127.12156677246094, 173.6057586669922, 1.0], [203.67945861816406, 241.29168701171875, 1.0], [132.3165283203125, 213.62351989746094, 1.0], [148.4427032470703, 175.62506103515625, 1.0], [195.6939697265625, 177.8162078857422, 1.0], [213.9561767578125, 241.54359436035156, 1.0], [144.23016357421875, 189.51434326171875, 1.0], [181.9771270751953, 160.18301391601562, 1.0], [230.43734741210938, 179.1300811767578, 1.0], [223.1385498046875, 233.46534729003906, 1.0], [148.72715759277344, 203.07057189941406, 1.0], [125.61730194091797, 164.063232421875, 1.0], [133.10792541503906, 127.37516021728516, 1.0], [240.54385375976562, 220.2068634033203, 1.0], [193.61746215820312, 190.86997985839844, 1.0], [181.5946044921875, 158.0037078857422, 1.0], [169.6238250732422, 123.69104766845703, 1.0]], "is_left": 0}