{"hand_pts": [[285.82281494140625, 286.1681823730469, 1.0], [258.7161560058594, 211.02903747558594, 1.0], [241.3394317626953, 151.5923614501953, 1.0], [217.7358856201172, 115.39605712890625, 1.0], [199.1063995361328, 112.88169860839844, 1.0], [162.67715454101562, 196.28903198242188, 1.0], [137.93804931640625, 149.2490234375, 1.0], [157.98483276367188, 121.79146575927734, 1.0], [187.13461303710938, 100.92476654052734, 1.0], [168.2291717529297, 233.68826293945312, 1.0], [144.2174530029297, 174.103515625, 1.0], [160.83360290527344, 133.85427856445312, 1.0], [196.96170043945312, 105.21562194824219, 1.0], [180.73292541503906, 260.9056701660156, 1.0], [153.5838623046875, 225.87893676757812, 1.0], [177.26629638671875, 195.67678833007812, 1.0], [210.5985565185547, 168.59844970703125, 1.0], [201.95352172851562, 287.986328125, 1.0], [179.64430236816406, 277.9563293457031, 1.0], [183.3992156982422, 253.0529327392578, 1.0], [207.16294860839844, 221.2897491455078, 1.0]], "is_left": 0}