{"hand_pts": [[280.0330810546875, 314.38623046875, 1.0], [211.45858764648438, 299.1112365722656, 1.0], [158.00244140625, 297.21795654296875, 1.0], [126.8115463256836, 268.5355529785156, 1.0], [118.50774383544922, 228.9499969482422, 1.0], [162.4623565673828, 240.24195861816406, 1.0], [120.46285247802734, 200.83685302734375, 1.0], [106.54166412353516, 176.94058227539062, 1.0], [100.91429901123047, 156.62144470214844, 1.0], [205.7007293701172, 217.2684326171875, 1.0], [164.33226013183594, 163.0032958984375, 1.0], [149.44786071777344, 140.70985412597656, 1.0], [140.9068603515625, 126.91310119628906, 1.0], [242.6597442626953, 200.599365234375, 1.0], [214.26832580566406, 142.6654052734375, 1.0], [204.86669921875, 122.75135803222656, 1.0], [199.8036651611328, 114.33893585205078, 1.0], [281.41815185546875, 191.30076599121094, 1.0], [273.2990417480469, 148.83126831054688, 1.0], [266.3427734375, 130.78277587890625, 1.0], [258.0790710449219, 127.83602142333984, 1.0]], "is_left": 0}