{"hand_pts": [[224.0172119140625, 171.5814971923828, 1.0], [167.4163055419922, 202.5525360107422, 1.0], [117.73564147949219, 229.34048461914062, 1.0], [84.6496810913086, 236.7669677734375, 1.0], [57.82502746582031, 239.34288024902344, 1.0], [196.41087341308594, 222.15554809570312, 1.0], [180.94473266601562, 241.7729034423828, 1.0], [158.7537841796875, 243.33184814453125, 1.0], [136.63870239257812, 242.36947631835938, 1.0], [222.883544921875, 183.55369567871094, 1.0], [199.97950744628906, 197.2418670654297, 1.0], [172.47500610351562, 201.37570190429688, 1.0], [148.31065368652344, 205.97305297851562, 1.0], [236.84487915039062, 149.8708038330078, 1.0], [239.82188415527344, 152.13450622558594, 1.0], [220.35125732421875, 147.64295959472656, 1.0], [192.19117736816406, 141.6699981689453, 1.0], [247.0131072998047, 117.55224609375, 1.0], [238.14865112304688, 106.24117279052734, 1.0], [222.21688842773438, 97.8982925415039, 1.0], [202.52162170410156, 91.05403137207031, 1.0]], "is_left": 0}