{"hand_pts": [[132.29100036621094, 232.27796936035156, 1.0], [187.7896270751953, 202.56944274902344, 1.0], [249.90650939941406, 190.6984405517578, 1.0], [278.6624450683594, 195.1405029296875, 1.0], [294.5163269042969, 202.6202392578125, 1.0], [168.2715606689453, 136.50462341308594, 1.0], [211.1256561279297, 149.79161071777344, 1.0], [241.06141662597656, 167.94715881347656, 1.0], [269.7518615722656, 196.88027954101562, 1.0], [136.32998657226562, 155.71568298339844, 1.0], [146.16131591796875, 112.79869079589844, 1.0], [188.9513397216797, 137.9346466064453, 1.0], [215.21517944335938, 173.2951202392578, 1.0], [116.08627319335938, 176.77955627441406, 1.0], [152.880615234375, 207.9593963623047, 1.0], [184.0458526611328, 242.28614807128906, 1.0], [214.63330078125, 275.8570861816406, 1.0], [99.30476379394531, 202.39308166503906, 1.0], [89.43568420410156, 191.00184631347656, 1.0], [111.38203430175781, 193.51666259765625, 1.0], [150.1587677001953, 202.80101013183594, 1.0]], "is_left": 0}