{"hand_pts": [[137.613037109375, 87.19776153564453, 1.0], [117.53564453125, 94.65748596191406, 1.0], [83.8469467163086, 93.150390625, 1.0], [94.7300796508789, 108.59080505371094, 1.0], [135.54541015625, 129.9987030029297, 1.0], [106.60809326171875, 191.31944274902344, 1.0], [123.13624572753906, 213.97010803222656, 1.0], [149.13327026367188, 199.86383056640625, 1.0], [176.40347290039062, 172.56674194335938, 1.0], [146.21295166015625, 206.48544311523438, 1.0], [181.61203002929688, 231.52099609375, 1.0], [206.62429809570312, 206.2870635986328, 1.0], [219.92816162109375, 165.37022399902344, 1.0], [181.03656005859375, 211.06800842285156, 1.0], [226.70684814453125, 236.14671325683594, 1.0], [249.44773864746094, 210.17532348632812, 1.0], [255.25717163085938, 170.91073608398438, 1.0], [213.36636352539062, 206.01834106445312, 1.0], [252.26622009277344, 222.34861755371094, 1.0], [272.64971923828125, 207.46559143066406, 1.0], [272.7569580078125, 174.60540771484375, 1.0]], "is_left": 0}