{"hand_pts": [[260.0499572753906, 35.40620803833008, 1.0], [197.36856079101562, 85.33959197998047, 1.0], [152.3449249267578, 120.30457305908203, 1.0], [107.75753784179688, 149.16429138183594, 1.0], [77.2941665649414, 164.1998748779297, 1.0], [206.8852081298828, 184.36737060546875, 1.0], [152.68373107910156, 213.64273071289062, 1.0], [123.5156021118164, 186.91497802734375, 1.0], [91.66441345214844, 168.88436889648438, 1.0], [234.3246612548828, 171.11001586914062, 1.0], [183.9336700439453, 218.7844696044922, 1.0], [141.72300720214844, 226.976318359375, 1.0], [105.59501647949219, 243.54905700683594, 1.0], [250.79229736328125, 154.29669189453125, 1.0], [239.8671417236328, 204.04356384277344, 1.0], [217.5197296142578, 222.1767120361328, 1.0], [179.45004272460938, 213.490966796875, 1.0], [265.29345703125, 129.14447021484375, 1.0], [260.2455749511719, 167.5322265625, 1.0], [252.0148468017578, 193.01736450195312, 1.0], [230.94776916503906, 216.3342742919922, 1.0]], "is_left": 0}