{"hand_pts": [[273.7369079589844, 311.935302734375, 1.0], [253.96551513671875, 241.35406494140625, 1.0], [269.87017822265625, 180.92820739746094, 1.0], [246.58335876464844, 131.41439819335938, 1.0], [214.9942169189453, 89.99714660644531, 1.0], [255.6623077392578, 176.97561645507812, 1.0], [208.69052124023438, 137.06443786621094, 1.0], [183.4433135986328, 142.89952087402344, 1.0], [170.7980194091797, 168.71795654296875, 1.0], [237.0726318359375, 204.21180725097656, 1.0], [167.21229553222656, 154.95985412597656, 1.0], [129.80276489257812, 147.7356719970703, 1.0], [90.48248291015625, 133.7943878173828, 1.0], [217.6473846435547, 227.0067901611328, 1.0], [142.9667205810547, 203.224365234375, 1.0], [131.14306640625, 219.56658935546875, 1.0], [147.51531982421875, 244.39646911621094, 1.0], [200.27474975585938, 253.77651977539062, 1.0], [161.01461791992188, 232.04434204101562, 1.0], [128.1004180908203, 214.27926635742188, 1.0], [104.6911392211914, 199.80062866210938, 1.0]], "is_left": 0}