{"hand_pts": [[70.92082214355469, 272.3580017089844, 1.0], [96.43318939208984, 205.94883728027344, 1.0], [102.7165756225586, 149.67086791992188, 1.0], [131.87905883789062, 101.05123138427734, 1.0], [161.5125274658203, 88.28063201904297, 1.0], [185.2842559814453, 197.72177124023438, 1.0], [198.02577209472656, 139.16696166992188, 1.0], [160.48941040039062, 144.20509338378906, 1.0], [127.50050354003906, 172.4669647216797, 1.0], [198.89979553222656, 228.97628784179688, 1.0], [239.6958770751953, 182.7698974609375, 1.0], [208.96441650390625, 162.5283660888672, 1.0], [165.25, 155.0948028564453, 1.0], [204.98919677734375, 249.9355926513672, 1.0], [247.38694763183594, 198.89218139648438, 1.0], [207.68475341796875, 186.74356079101562, 1.0], [171.41419982910156, 205.19677734375, 1.0], [201.8152618408203, 269.855712890625, 1.0], [236.0147247314453, 243.2891845703125, 1.0], [225.91603088378906, 215.9078369140625, 1.0], [188.8560333251953, 200.68295288085938, 1.0]], "is_left": 0}