{"hand_pts": [[6.018693923950195, 191.7763214111328, 1.0], [69.67737579345703, 195.1221160888672, 1.0], [104.76428985595703, 202.72018432617188, 1.0], [153.48431396484375, 212.80079650878906, 1.0], [186.15798950195312, 219.0882110595703, 1.0], [147.52198791503906, 154.567626953125, 1.0], [209.3832550048828, 159.33558654785156, 1.0], [225.4088897705078, 182.27297973632812, 1.0], [237.40176391601562, 205.21603393554688, 1.0], [141.8509979248047, 155.61061096191406, 1.0], [218.5021514892578, 143.21014404296875, 1.0], [247.80455017089844, 164.4985809326172, 1.0], [258.843505859375, 189.68026733398438, 1.0], [135.7863006591797, 161.4780731201172, 1.0], [207.5162353515625, 166.3883819580078, 1.0], [221.23550415039062, 190.43434143066406, 1.0], [222.07810974121094, 214.5986785888672, 1.0], [122.31434631347656, 170.68563842773438, 1.0], [164.34600830078125, 183.8640594482422, 1.0], [183.57583618164062, 201.80401611328125, 1.0], [185.1105194091797, 222.4077911376953, 1.0]], "is_left": 0}