{"hand_pts": [[82.21807098388672, 237.16262817382812, 1.0], [159.94065856933594, 239.60556030273438, 1.0], [223.39370727539062, 272.1621398925781, 1.0], [267.0281677246094, 240.51968383789062, 1.0], [249.8944854736328, 187.9114990234375, 1.0], [181.08389282226562, 263.33343505859375, 1.0], [234.51031494140625, 215.81549072265625, 1.0], [247.84056091308594, 178.89248657226562, 1.0], [227.69699096679688, 169.14857482910156, 1.0], [145.4412384033203, 238.98362731933594, 1.0], [200.07859802246094, 174.7096710205078, 1.0], [217.26446533203125, 142.17257690429688, 1.0], [213.550048828125, 136.87701416015625, 1.0], [119.9327392578125, 214.31439208984375, 1.0], [163.82704162597656, 158.2837677001953, 1.0], [180.21701049804688, 134.27638244628906, 1.0], [177.5090789794922, 139.99603271484375, 1.0], [94.25543975830078, 189.74951171875, 1.0], [106.48564910888672, 133.96913146972656, 1.0], [118.89029693603516, 119.82386779785156, 1.0], [123.11793518066406, 143.90257263183594, 1.0]], "is_left": 0}