{"hand_pts": [[306.08978271484375, 101.67701721191406, 1.0], [285.01678466796875, 158.74783325195312, 1.0], [297.0772399902344, 201.10586547851562, 1.0], [265.78192138671875, 213.85293579101562, 1.0], [221.6975555419922, 197.17723083496094, 1.0], [190.28355407714844, 227.94068908691406, 1.0], [166.7813720703125, 264.4488220214844, 1.0], [155.5825653076172, 281.3253479003906, 1.0], [163.8230743408203, 271.53155517578125, 1.0], [167.30787658691406, 197.71392822265625, 1.0], [149.68118286132812, 191.785888671875, 1.0], [172.59219360351562, 171.45260620117188, 1.0], [218.55264282226562, 149.13511657714844, 1.0], [153.8452911376953, 169.42556762695312, 1.0], [127.72500610351562, 179.9870147705078, 1.0], [169.5593719482422, 157.21885681152344, 1.0], [195.73916625976562, 148.4156494140625, 1.0], [150.7911376953125, 136.91656494140625, 1.0], [115.53314971923828, 121.57487487792969, 1.0], [139.7232208251953, 111.02964782714844, 1.0], [172.93637084960938, 120.75576782226562, 1.0]], "is_left": 0}