{"hand_pts": [[29.38262367248535, 183.5505828857422, 1.0], [66.29141235351562, 196.1265869140625, 1.0], [74.936279296875, 206.98255920410156, 1.0], [104.2225341796875, 194.73489379882812, 1.0], [137.47784423828125, 168.48997497558594, 1.0], [147.74037170410156, 224.63035583496094, 1.0], [200.94888305664062, 227.98846435546875, 1.0], [210.58799743652344, 203.62704467773438, 1.0], [210.082763671875, 177.37103271484375, 1.0], [153.2563018798828, 202.98004150390625, 1.0], [214.34059143066406, 218.1077880859375, 1.0], [247.40689086914062, 215.3650360107422, 1.0], [253.68418884277344, 196.40516662597656, 1.0], [154.4370880126953, 182.0769805908203, 1.0], [212.59811401367188, 170.65342712402344, 1.0], [230.08810424804688, 153.6396942138672, 1.0], [235.04107666015625, 135.549560546875, 1.0], [147.83908081054688, 160.8219757080078, 1.0], [188.5747833251953, 152.8638458251953, 1.0], [213.822998046875, 143.97853088378906, 1.0], [236.64047241210938, 134.0103759765625, 1.0]], "is_left": 0}