{"hand_pts": [[190.7152862548828, 290.472900390625, 1.0], [209.56558227539062, 211.72425842285156, 1.0], [212.4665069580078, 140.61705017089844, 1.0], [175.9907684326172, 114.90724182128906, 1.0], [142.36964416503906, 122.77025604248047, 1.0], [257.0758972167969, 199.14463806152344, 1.0], [256.1552429199219, 151.5167999267578, 1.0], [215.14366149902344, 122.85774230957031, 1.0], [173.74697875976562, 99.78519439697266, 1.0], [230.03919982910156, 234.3052978515625, 1.0], [216.28102111816406, 193.4379119873047, 1.0], [199.50115966796875, 160.4502716064453, 1.0], [167.32562255859375, 119.99232482910156, 1.0], [202.53277587890625, 258.172607421875, 1.0], [151.17767333984375, 213.74754333496094, 1.0], [121.65017700195312, 194.7691650390625, 1.0], [112.88807678222656, 190.0629119873047, 1.0], [173.19960021972656, 281.45294189453125, 1.0], [165.0690155029297, 253.20521545410156, 1.0], [147.45086669921875, 217.94668579101562, 1.0], [127.7104263305664, 179.5012969970703, 1.0]], "is_left": 0}