{"hand_pts": [[54.65620040893555, 118.9237289428711, 1.0], [67.51288604736328, 121.15252685546875, 1.0], [73.334228515625, 125.23108673095703, 1.0], [116.24666595458984, 153.95169067382812, 1.0], [157.42779541015625, 181.67898559570312, 1.0], [112.53356170654297, 214.51634216308594, 1.0], [157.57034301757812, 243.3622589111328, 1.0], [190.5380096435547, 252.38636779785156, 1.0], [224.46568298339844, 253.08383178710938, 1.0], [141.7943115234375, 219.33602905273438, 1.0], [210.93606567382812, 197.69570922851562, 1.0], [239.07020568847656, 159.52317810058594, 1.0], [249.60240173339844, 113.61090087890625, 1.0], [165.30970764160156, 214.1302032470703, 1.0], [238.9453582763672, 219.20401000976562, 1.0], [237.1223907470703, 174.68026733398438, 1.0], [201.84902954101562, 149.2569580078125, 1.0], [181.9537811279297, 200.71961975097656, 1.0], [228.51197814941406, 184.154541015625, 1.0], [243.0239715576172, 152.7454833984375, 1.0], [212.6081085205078, 128.3266143798828, 1.0]], "is_left": 0}