{"hand_pts": [[150.59854125976562, 328.35784912109375, 1.0], [118.34940338134766, 261.45404052734375, 1.0], [79.41448974609375, 224.68389892578125, 1.0], [63.65998840332031, 183.83511352539062, 1.0], [89.7030258178711, 168.32765197753906, 1.0], [176.3506622314453, 191.64370727539062, 1.0], [167.177734375, 133.5121307373047, 1.0], [145.8278045654297, 124.89517211914062, 1.0], [128.6456298828125, 140.3607635498047, 1.0], [213.6144256591797, 208.36708068847656, 1.0], [242.08798217773438, 141.82330322265625, 1.0], [213.97401428222656, 133.10235595703125, 1.0], [189.4169464111328, 122.12018585205078, 1.0], [237.32318115234375, 222.75741577148438, 1.0], [257.8836975097656, 175.6077423095703, 1.0], [245.0702362060547, 161.73974609375, 1.0], [211.28518676757812, 176.2903289794922, 1.0], [253.2259979248047, 242.72059631347656, 1.0], [241.7080078125, 228.20498657226562, 1.0], [216.5855712890625, 236.80287170410156, 1.0], [188.66159057617188, 246.02281188964844, 1.0]], "is_left": 0}