{"hand_pts": [[144.90293884277344, 52.58582305908203, 1.0], [194.2851104736328, 118.42872619628906, 1.0], [237.44532775878906, 160.51402282714844, 1.0], [273.2560729980469, 210.91604614257812, 1.0], [266.4186706542969, 216.04002380371094, 1.0], [139.19557189941406, 164.90481567382812, 1.0], [193.21615600585938, 228.97210693359375, 1.0], [232.39508056640625, 228.5322723388672, 1.0], [238.5438995361328, 197.18991088867188, 1.0], [110.68736267089844, 152.1215362548828, 1.0], [168.70448303222656, 225.0182647705078, 1.0], [217.55531311035156, 221.73062133789062, 1.0], [227.60922241210938, 187.9973907470703, 1.0], [96.91865539550781, 143.4303741455078, 1.0], [145.08432006835938, 207.5806884765625, 1.0], [188.70071411132812, 203.2842559814453, 1.0], [195.2024383544922, 172.99136352539062, 1.0], [89.53053283691406, 130.72113037109375, 1.0], [120.17326354980469, 166.55628967285156, 1.0], [161.14703369140625, 169.115966796875, 1.0], [169.7259063720703, 147.54661560058594, 1.0]], "is_left": 0}