{"hand_pts": [[228.5733184814453, 91.59542083740234, 1.0], [251.43109130859375, 142.12013244628906, 1.0], [286.0678405761719, 174.22335815429688, 1.0], [274.26220703125, 203.3041229248047, 1.0], [226.89332580566406, 201.97311401367188, 1.0], [230.17796325683594, 130.3583984375, 1.0], [211.58705139160156, 169.3203582763672, 1.0], [197.9379425048828, 197.76693725585938, 1.0], [187.99801635742188, 237.1678924560547, 1.0], [194.08331298828125, 121.2243423461914, 1.0], [186.75355529785156, 198.87753295898438, 1.0], [191.97389221191406, 246.7750244140625, 1.0], [201.85426330566406, 281.07183837890625, 1.0], [166.2820281982422, 120.55567932128906, 1.0], [127.51570129394531, 183.718505859375, 1.0], [123.61294555664062, 226.1925048828125, 1.0], [148.20445251464844, 225.59664916992188, 1.0], [143.34097290039062, 120.68861389160156, 1.0], [110.00572967529297, 130.47714233398438, 1.0], [103.40592193603516, 163.64822387695312, 1.0], [127.18667602539062, 186.08287048339844, 1.0]], "is_left": 0}