{"hand_pts": [[60.9192008972168, 210.79104614257812, 1.0], [81.77356719970703, 217.63937377929688, 1.0], [88.1254653930664, 224.21847534179688, 1.0], [106.72064971923828, 220.99229431152344, 1.0], [134.81163024902344, 209.65664672851562, 1.0], [171.93299865722656, 236.696533203125, 1.0], [195.66709899902344, 211.77029418945312, 1.0], [184.66944885253906, 184.72305297851562, 1.0], [162.80421447753906, 158.11207580566406, 1.0], [181.5210418701172, 214.054931640625, 1.0], [237.88519287109375, 203.55125427246094, 1.0], [212.7868194580078, 178.57046508789062, 1.0], [171.9169921875, 170.1854248046875, 1.0], [183.3651885986328, 192.185791015625, 1.0], [245.67063903808594, 172.3090362548828, 1.0], [262.39569091796875, 149.2078857421875, 1.0], [269.2167053222656, 126.1238784790039, 1.0], [176.3948974609375, 170.752197265625, 1.0], [214.6980438232422, 150.7111358642578, 1.0], [201.76788330078125, 139.30767822265625, 1.0], [171.25588989257812, 145.8343048095703, 1.0]], "is_left": 0}