{"hand_pts": [[362.3497619628906, 227.3655242919922, 1.0], [285.79681396484375, 248.6700897216797, 1.0], [254.1020965576172, 268.72003173828125, 1.0], [221.8294219970703, 230.17054748535156, 1.0], [193.87489318847656, 191.29139709472656, 1.0], [181.51332092285156, 262.80029296875, 1.0], [117.79568481445312, 248.0045166015625, 1.0], [140.3188018798828, 222.09153747558594, 1.0], [153.62789916992188, 196.08241271972656, 1.0], [198.6863555908203, 225.1567840576172, 1.0], [158.87290954589844, 187.59039306640625, 1.0], [156.45518493652344, 166.95196533203125, 1.0], [144.88128662109375, 146.7715606689453, 1.0], [216.59881591796875, 191.30764770507812, 1.0], [161.82162475585938, 156.08155822753906, 1.0], [143.12913513183594, 135.79281616210938, 1.0], [127.01675415039062, 116.54942321777344, 1.0], [243.47364807128906, 159.02073669433594, 1.0], [205.39852905273438, 117.74794006347656, 1.0], [192.87893676757812, 96.00436401367188, 1.0], [200.8304443359375, 97.78626251220703, 1.0]], "is_left": 0}