{"hand_pts": [[356.13128662109375, 214.6568145751953, 1.0], [281.1608581542969, 215.52691650390625, 1.0], [236.4014129638672, 230.81396484375, 1.0], [184.46963500976562, 242.99993896484375, 1.0], [140.4819793701172, 246.92666625976562, 1.0], [202.9635772705078, 159.67691040039062, 1.0], [127.75750732421875, 152.94163513183594, 1.0], [127.90544891357422, 176.34579467773438, 1.0], [137.63491821289062, 199.6275177001953, 1.0], [221.3563690185547, 151.82894897460938, 1.0], [157.3436279296875, 163.31028747558594, 1.0], [152.6186981201172, 189.7021484375, 1.0], [149.4390411376953, 214.50636291503906, 1.0], [235.96316528320312, 150.69418334960938, 1.0], [166.9069061279297, 156.77847290039062, 1.0], [153.825927734375, 178.4490509033203, 1.0], [174.5376739501953, 203.8182830810547, 1.0], [256.4491271972656, 154.93505859375, 1.0], [222.44125366210938, 154.2107696533203, 1.0], [202.4363250732422, 162.46409606933594, 1.0], [188.44790649414062, 179.56344604492188, 1.0]], "is_left": 0}