{"hand_pts": [[236.76918029785156, 167.91375732421875, 1.0], [179.44415283203125, 150.15090942382812, 1.0], [149.83602905273438, 115.78521728515625, 1.0], [129.87649536132812, 136.71661376953125, 1.0], [134.1429443359375, 172.70875549316406, 1.0], [216.65773010253906, 140.96156311035156, 1.0], [168.6806182861328, 143.64193725585938, 1.0], [121.2505111694336, 158.7059326171875, 1.0], [101.66935729980469, 173.08338928222656, 1.0], [239.13389587402344, 166.43780517578125, 1.0], [148.13438415527344, 189.592529296875, 1.0], [93.42316436767578, 201.62486267089844, 1.0], [73.48806762695312, 201.32846069335938, 1.0], [249.01016235351562, 189.01658630371094, 1.0], [246.7579803466797, 198.3244171142578, 1.0], [220.72430419921875, 207.2083282470703, 1.0], [171.5674591064453, 214.5625457763672, 1.0], [255.00234985351562, 210.67929077148438, 1.0], [266.2464294433594, 230.84066772460938, 1.0], [263.23004150390625, 244.5023956298828, 1.0], [216.9512481689453, 242.0370635986328, 1.0]], "is_left": 0}