{"hand_pts": [[260.5006103515625, 102.15686798095703, 1.0], [214.00611877441406, 92.18993377685547, 1.0], [189.993408203125, 66.86266326904297, 1.0], [151.3687286376953, 86.74681854248047, 1.0], [138.1381072998047, 126.92041015625, 1.0], [231.8445281982422, 141.804931640625, 1.0], [172.9455108642578, 149.4747772216797, 1.0], [130.98361206054688, 149.0722198486328, 1.0], [105.42174530029297, 138.42869567871094, 1.0], [242.7583770751953, 174.14926147460938, 1.0], [216.63565063476562, 214.84243774414062, 1.0], [171.5168914794922, 223.04873657226562, 1.0], [127.31039428710938, 224.76824951171875, 1.0], [245.17205810546875, 197.43588256835938, 1.0], [218.90597534179688, 246.21063232421875, 1.0], [183.59706115722656, 262.69085693359375, 1.0], [142.63360595703125, 260.1527404785156, 1.0], [246.0530548095703, 213.97007751464844, 1.0], [211.6171417236328, 244.5072784423828, 1.0], [179.02108764648438, 233.8257598876953, 1.0], [154.26295471191406, 210.22262573242188, 1.0]], "is_left": 0}