{"hand_pts": [[340.38201904296875, 230.6208038330078, 1.0], [291.6210021972656, 175.20440673828125, 1.0], [270.1194763183594, 124.1436538696289, 1.0], [223.7791748046875, 105.30277252197266, 1.0], [178.8258819580078, 123.1888427734375, 1.0], [244.9486846923828, 155.087646484375, 1.0], [193.62612915039062, 129.92649841308594, 1.0], [156.62081909179688, 124.52296447753906, 1.0], [124.85778045654297, 125.45626068115234, 1.0], [238.56283569335938, 195.1890411376953, 1.0], [166.0522003173828, 181.55746459960938, 1.0], [131.96421813964844, 175.8404541015625, 1.0], [113.09485626220703, 172.51107788085938, 1.0], [231.6825408935547, 227.27484130859375, 1.0], [163.7698516845703, 220.2252960205078, 1.0], [136.07858276367188, 215.57745361328125, 1.0], [132.06614685058594, 211.1985321044922, 1.0], [230.16729736328125, 258.5072937011719, 1.0], [181.5013885498047, 266.45135498046875, 1.0], [160.07200622558594, 262.9803466796875, 1.0], [161.78619384765625, 251.74935913085938, 1.0]], "is_left": 0}