{"hand_pts": [[114.31666564941406, 254.18128967285156, 1.0], [142.7300567626953, 181.1770477294922, 1.0], [173.55966186523438, 116.5249252319336, 1.0], [209.65802001953125, 108.81514739990234, 1.0], [231.3053741455078, 133.40530395507812, 1.0], [111.93670654296875, 159.10328674316406, 1.0], [164.92263793945312, 119.40283966064453, 1.0], [211.3841552734375, 102.89053344726562, 1.0], [256.7867126464844, 89.05612182617188, 1.0], [114.16732025146484, 209.19544982910156, 1.0], [135.84788513183594, 168.41754150390625, 1.0], [189.44174194335938, 150.3003692626953, 1.0], [238.22360229492188, 137.56317138671875, 1.0], [123.17230224609375, 248.17994689941406, 1.0], [162.0124053955078, 227.75875854492188, 1.0], [208.01214599609375, 213.91143798828125, 1.0], [234.09335327148438, 206.56114196777344, 1.0], [133.94638061523438, 285.6976623535156, 1.0], [183.847900390625, 285.31964111328125, 1.0], [223.68714904785156, 277.3961181640625, 1.0], [260.38018798828125, 263.7339782714844, 1.0]], "is_left": 0}