{"hand_pts": [[138.7263946533203, 293.2164001464844, 1.0], [112.59674072265625, 238.88124084472656, 1.0], [90.9400863647461, 197.47378540039062, 1.0], [74.2690200805664, 174.354736328125, 1.0], [64.1224594116211, 164.24087524414062, 1.0], [183.76649475097656, 170.9259033203125, 1.0], [163.4401397705078, 154.5537567138672, 1.0], [131.32266235351562, 172.12939453125, 1.0], [104.6244125366211, 182.34812927246094, 1.0], [209.31956481933594, 194.3108367919922, 1.0], [228.90029907226562, 149.04627990722656, 1.0], [214.5115966796875, 133.12997436523438, 1.0], [182.65206909179688, 132.78558349609375, 1.0], [221.7362823486328, 216.3268280029297, 1.0], [245.6673126220703, 184.44961547851562, 1.0], [220.64366149902344, 182.0135040283203, 1.0], [184.8047332763672, 187.8446502685547, 1.0], [226.3389129638672, 242.89002990722656, 1.0], [259.2513732910156, 227.06982421875, 1.0], [264.2954406738281, 213.48846435546875, 1.0], [267.7137756347656, 197.87229919433594, 1.0]], "is_left": 0}