{"hand_pts": [[136.80838012695312, 163.24241638183594, 1.0], [120.36459350585938, 144.95266723632812, 1.0], [84.57342529296875, 109.33675384521484, 1.0], [89.02565002441406, 145.6684112548828, 1.0], [118.77728271484375, 196.5513916015625, 1.0], [208.91746520996094, 97.88475036621094, 1.0], [184.7643585205078, 137.09344482421875, 1.0], [145.2790069580078, 172.74546813964844, 1.0], [129.85714721679688, 179.51812744140625, 1.0], [239.16062927246094, 125.08975219726562, 1.0], [230.70384216308594, 183.10195922851562, 1.0], [177.56019592285156, 217.22979736328125, 1.0], [145.4760284423828, 208.3538055419922, 1.0], [255.2748565673828, 153.1051025390625, 1.0], [249.0384979248047, 218.70803833007812, 1.0], [199.9403839111328, 243.39247131347656, 1.0], [171.38662719726562, 224.71331787109375, 1.0], [261.5273132324219, 183.03704833984375, 1.0], [265.3197021484375, 234.30470275878906, 1.0], [222.12205505371094, 252.63124084472656, 1.0], [187.18960571289062, 232.34742736816406, 1.0]], "is_left": 0}