{"hand_pts": [[277.7604064941406, 179.39491271972656, 1.0], [231.3388214111328, 208.91697692871094, 1.0], [211.50245666503906, 258.95269775390625, 1.0], [181.64346313476562, 276.5527038574219, 1.0], [153.09938049316406, 264.28253173828125, 1.0], [252.00741577148438, 228.38742065429688, 1.0], [173.81378173828125, 212.8641357421875, 1.0], [119.88359832763672, 197.6146697998047, 1.0], [105.2362289428711, 180.37771606445312, 1.0], [259.74078369140625, 195.61703491210938, 1.0], [162.82431030273438, 169.84857177734375, 1.0], [106.26243591308594, 154.91966247558594, 1.0], [95.60221862792969, 152.753173828125, 1.0], [258.5596923828125, 166.98553466796875, 1.0], [215.79055786132812, 170.13265991210938, 1.0], [162.2301788330078, 163.02015686035156, 1.0], [122.01239776611328, 156.5066375732422, 1.0], [255.83555603027344, 139.0587615966797, 1.0], [241.37791442871094, 116.97359466552734, 1.0], [200.32620239257812, 118.43019104003906, 1.0], [171.96717834472656, 131.21554565429688, 1.0]], "is_left": 0}