{"hand_pts": [[229.94920349121094, 251.03628540039062, 1.0], [242.5160369873047, 182.62770080566406, 1.0], [262.6334533691406, 122.31414031982422, 1.0], [242.8365478515625, 90.89543151855469, 1.0], [200.12371826171875, 103.20333862304688, 1.0], [267.8343811035156, 194.083740234375, 1.0], [248.9339141845703, 160.6076202392578, 1.0], [211.78334045410156, 132.4645538330078, 1.0], [171.4641571044922, 111.15235137939453, 1.0], [234.19717407226562, 232.52426147460938, 1.0], [194.12962341308594, 192.86679077148438, 1.0], [155.98130798339844, 155.8117218017578, 1.0], [127.91620635986328, 126.99061584472656, 1.0], [201.72488403320312, 258.77081298828125, 1.0], [167.6111602783203, 232.08889770507812, 1.0], [134.0557403564453, 198.7963409423828, 1.0], [108.37882232666016, 167.482666015625, 1.0], [169.4437255859375, 282.36669921875, 1.0], [131.0491485595703, 273.13006591796875, 1.0], [103.01472473144531, 245.5242462158203, 1.0], [86.29002380371094, 211.80149841308594, 1.0]], "is_left": 0}