{"hand_pts": [[331.4706726074219, 160.63536071777344, 1.0], [290.5813293457031, 216.16783142089844, 1.0], [269.47540283203125, 267.37176513671875, 1.0], [220.93814086914062, 271.4209899902344, 1.0], [189.90890502929688, 235.1262664794922, 1.0], [196.5573272705078, 221.8957977294922, 1.0], [150.5933380126953, 243.43780517578125, 1.0], [164.93896484375, 242.5819091796875, 1.0], [200.9263153076172, 229.7582550048828, 1.0], [189.58421325683594, 176.63906860351562, 1.0], [114.28536224365234, 188.24964904785156, 1.0], [122.92121124267578, 197.1244354248047, 1.0], [160.8538360595703, 200.93701171875, 1.0], [188.29551696777344, 141.50743103027344, 1.0], [160.346435546875, 128.6839599609375, 1.0], [198.45602416992188, 133.9139862060547, 1.0], [239.29969787597656, 142.20220947265625, 1.0], [196.47930908203125, 109.08745574951172, 1.0], [153.40406799316406, 98.94568634033203, 1.0], [146.29104614257812, 105.66679382324219, 1.0], [167.6562957763672, 123.84349822998047, 1.0]], "is_left": 0}