{"hand_pts": [[68.32992553710938, 107.10113525390625, 1.0], [82.15361785888672, 166.5536346435547, 1.0], [78.92366027832031, 208.21885681152344, 1.0], [117.83860778808594, 238.8463134765625, 1.0], [151.27651977539062, 227.09329223632812, 1.0], [142.97012329101562, 150.04400634765625, 1.0], [164.15501403808594, 212.83981323242188, 1.0], [154.4807891845703, 247.35850524902344, 1.0], [140.03103637695312, 269.73455810546875, 1.0], [164.56655883789062, 126.264892578125, 1.0], [210.5145263671875, 181.70591735839844, 1.0], [209.5367431640625, 231.23684692382812, 1.0], [179.90284729003906, 241.22654724121094, 1.0], [179.8892059326172, 112.97993469238281, 1.0], [241.12435913085938, 123.85026550292969, 1.0], [272.1548767089844, 148.93643188476562, 1.0], [272.399658203125, 192.7767333984375, 1.0], [188.17733764648438, 101.74644470214844, 1.0], [225.61004638671875, 137.1149139404297, 1.0], [244.37486267089844, 168.855712890625, 1.0], [235.30113220214844, 207.1135711669922, 1.0]], "is_left": 0}