{"hand_pts": [[173.03260803222656, 97.32503509521484, 1.0], [135.97622680664062, 145.67538452148438, 1.0], [87.5078125, 187.17213439941406, 1.0], [88.3607406616211, 203.22210693359375, 1.0], [126.40331268310547, 186.90286254882812, 1.0], [193.09071350097656, 221.90061950683594, 1.0], [178.68357849121094, 248.86102294921875, 1.0], [151.5198974609375, 232.0767822265625, 1.0], [123.96483612060547, 201.2305450439453, 1.0], [227.9645233154297, 198.18495178222656, 1.0], [215.26673889160156, 238.60446166992188, 1.0], [171.54965209960938, 213.99191284179688, 1.0], [142.22804260253906, 177.07546997070312, 1.0], [249.24264526367188, 174.35238647460938, 1.0], [225.30455017089844, 174.63388061523438, 1.0], [191.5033416748047, 155.85215759277344, 1.0], [152.1940155029297, 130.6395263671875, 1.0], [263.26007080078125, 145.31710815429688, 1.0], [278.0513610839844, 147.3711700439453, 1.0], [250.31446838378906, 136.92974853515625, 1.0], [208.5894317626953, 125.28921508789062, 1.0]], "is_left": 0}