{"hand_pts": [[103.36200714111328, 37.38167953491211, 1.0], [101.85507202148438, 76.543701171875, 1.0], [122.49974822998047, 75.96931457519531, 1.0], [159.04550170898438, 127.36250305175781, 1.0], [188.98956298828125, 177.5270538330078, 1.0], [216.2738494873047, 125.19572448730469, 1.0], [252.14454650878906, 174.34779357910156, 1.0], [211.0869903564453, 206.6657257080078, 1.0], [161.67709350585938, 200.59860229492188, 1.0], [231.57395935058594, 138.8225555419922, 1.0], [221.04592895507812, 223.62841796875, 1.0], [159.1289825439453, 246.16867065429688, 1.0], [100.85025024414062, 263.26007080078125, 1.0], [232.53817749023438, 150.99136352539062, 1.0], [246.4209442138672, 228.5985107421875, 1.0], [194.4092254638672, 250.6864776611328, 1.0], [136.07418823242188, 230.42864990234375, 1.0], [222.06002807617188, 156.992919921875, 1.0], [205.34271240234375, 211.26890563964844, 1.0], [152.91275024414062, 211.3992919921875, 1.0], [99.90697479248047, 197.2181396484375, 1.0]], "is_left": 0}