{"hand_pts": [[43.152191162109375, 176.72999572753906, 1.0], [64.26708221435547, 209.22589111328125, 1.0], [75.77832794189453, 234.47084045410156, 1.0], [102.15406036376953, 251.29580688476562, 1.0], [132.43592834472656, 262.5082092285156, 1.0], [144.31082153320312, 163.18812561035156, 1.0], [180.10606384277344, 153.5526885986328, 1.0], [201.6596221923828, 154.26168823242188, 1.0], [222.06333923339844, 150.39456176757812, 1.0], [157.68531799316406, 159.80661010742188, 1.0], [207.31361389160156, 151.872802734375, 1.0], [232.11199951171875, 160.8294219970703, 1.0], [255.50021362304688, 164.09783935546875, 1.0], [164.4583282470703, 165.3054656982422, 1.0], [214.83477783203125, 165.1954803466797, 1.0], [234.2002716064453, 186.80332946777344, 1.0], [249.68016052246094, 212.5419464111328, 1.0], [163.38609313964844, 174.62918090820312, 1.0], [201.58969116210938, 183.82008361816406, 1.0], [222.0975799560547, 201.8309326171875, 1.0], [239.0247802734375, 226.1314239501953, 1.0]], "is_left": 0}