{"hand_pts": [[188.17161560058594, 61.09325408935547, 1.0], [204.16278076171875, 60.48063659667969, 1.0], [217.94590759277344, 54.08590316772461, 1.0], [214.33432006835938, 70.64570617675781, 1.0], [201.99105834960938, 97.50904083251953, 1.0], [242.02886962890625, 143.98028564453125, 1.0], [253.99085998535156, 176.00338745117188, 1.0], [243.7724609375, 189.9195098876953, 1.0], [229.68673706054688, 201.80918884277344, 1.0], [205.57582092285156, 170.26895141601562, 1.0], [210.94384765625, 215.70260620117188, 1.0], [195.7512664794922, 227.55845642089844, 1.0], [178.9513397216797, 234.87794494628906, 1.0], [169.97012329101562, 185.1182403564453, 1.0], [164.5708465576172, 232.9867706298828, 1.0], [144.7445526123047, 241.9917449951172, 1.0], [122.71050262451172, 243.5567169189453, 1.0], [134.27459716796875, 190.6858367919922, 1.0], [117.82147216796875, 224.37106323242188, 1.0], [100.53929901123047, 236.3020782470703, 1.0], [81.91521453857422, 237.48521423339844, 1.0]], "is_left": 0}