{"hand_pts": [[285.18255615234375, 223.1136932373047, 1.0], [241.65554809570312, 252.1437225341797, 1.0], [206.98165893554688, 290.2119140625, 1.0], [166.7878875732422, 306.8064880371094, 1.0], [125.49974822998047, 306.3013000488281, 1.0], [230.46189880371094, 224.3625946044922, 1.0], [213.1413116455078, 214.80560302734375, 1.0], [198.85797119140625, 206.69699096679688, 1.0], [179.2955780029297, 196.35508728027344, 1.0], [236.15963745117188, 185.26454162597656, 1.0], [186.93338012695312, 159.20111083984375, 1.0], [142.0903778076172, 150.89016723632812, 1.0], [97.24295806884766, 152.18902587890625, 1.0], [236.83026123046875, 156.462158203125, 1.0], [175.59628295898438, 133.42953491210938, 1.0], [136.78726196289062, 138.63113403320312, 1.0], [104.86357879638672, 150.01219177246094, 1.0], [238.849365234375, 133.5596466064453, 1.0], [203.6107635498047, 105.87216186523438, 1.0], [169.9551544189453, 104.46449279785156, 1.0], [134.77792358398438, 108.850341796875, 1.0]], "is_left": 0}