{"hand_pts": [[287.60125732421875, 286.2717590332031, 1.0], [230.58712768554688, 286.42132568359375, 1.0], [191.67469787597656, 309.3243103027344, 1.0], [145.92376708984375, 317.5785827636719, 1.0], [109.88375854492188, 292.05615234375, 1.0], [222.3289337158203, 217.66079711914062, 1.0], [176.50357055664062, 171.19334411621094, 1.0], [140.2835693359375, 146.3458251953125, 1.0], [106.87664031982422, 136.88150024414062, 1.0], [240.67433166503906, 186.06903076171875, 1.0], [180.4141082763672, 137.84759521484375, 1.0], [136.5858612060547, 139.7463836669922, 1.0], [108.20433044433594, 160.2967071533203, 1.0], [251.0394287109375, 164.6608123779297, 1.0], [189.79104614257812, 133.6976776123047, 1.0], [157.26806640625, 132.27989196777344, 1.0], [134.9561767578125, 151.2936553955078, 1.0], [261.4830627441406, 152.16001892089844, 1.0], [230.40968322753906, 118.17428588867188, 1.0], [217.8104705810547, 148.7145538330078, 1.0], [237.8461456298828, 177.72682189941406, 1.0]], "is_left": 0}