{"hand_pts": [[83.37127685546875, 278.52105712890625, 1.0], [167.23739624023438, 274.1157531738281, 1.0], [236.07565307617188, 284.2279357910156, 1.0], [263.6871032714844, 265.0027770996094, 1.0], [227.65536499023438, 246.24658203125, 1.0], [213.71766662597656, 186.268310546875, 1.0], [262.6292724609375, 164.76260375976562, 1.0], [253.31089782714844, 191.98165893554688, 1.0], [217.7510986328125, 220.4224395751953, 1.0], [173.6842803955078, 158.23304748535156, 1.0], [211.69482421875, 126.79417419433594, 1.0], [205.10438537597656, 168.51327514648438, 1.0], [184.1446533203125, 212.64854431152344, 1.0], [142.29747009277344, 141.25213623046875, 1.0], [167.7118377685547, 100.3155288696289, 1.0], [160.54409790039062, 145.3241424560547, 1.0], [149.03489685058594, 183.3739776611328, 1.0], [108.8644027709961, 134.2880096435547, 1.0], [107.18954467773438, 123.64804077148438, 1.0], [104.2803955078125, 163.4308319091797, 1.0], [105.89292907714844, 185.58106994628906, 1.0]], "is_left": 0}