{"hand_pts": [[215.81439208984375, 150.8798065185547, 1.0], [212.01393127441406, 121.78743743896484, 1.0], [203.66603088378906, 77.05144500732422, 1.0], [212.7942657470703, 85.18768310546875, 1.0], [227.34246826171875, 129.03480529785156, 1.0], [129.2906036376953, 143.56187438964844, 1.0], [140.9182891845703, 152.1392364501953, 1.0], [180.39599609375, 155.30084228515625, 1.0], [212.32327270507812, 154.88677978515625, 1.0], [128.70335388183594, 182.85494995117188, 1.0], [144.22018432617188, 204.5115966796875, 1.0], [188.94866943359375, 197.86280822753906, 1.0], [221.45730590820312, 180.78248596191406, 1.0], [136.5416717529297, 212.82672119140625, 1.0], [157.5749053955078, 244.4000701904297, 1.0], [197.18031311035156, 234.58880615234375, 1.0], [216.23748779296875, 210.84500122070312, 1.0], [151.4372100830078, 237.7999725341797, 1.0], [170.37704467773438, 266.341552734375, 1.0], [201.6665496826172, 256.3423156738281, 1.0], [215.96945190429688, 227.55056762695312, 1.0]], "is_left": 0}