{"hand_pts": [[89.0767822265625, 341.5734558105469, 1.0], [133.8107452392578, 271.9865417480469, 1.0], [148.1033935546875, 223.7032470703125, 1.0], [202.4368896484375, 183.3297119140625, 1.0], [238.39768981933594, 182.42027282714844, 1.0], [106.1880874633789, 158.59405517578125, 1.0], [168.96963500976562, 98.84542846679688, 1.0], [220.46131896972656, 120.17730712890625, 1.0], [239.91714477539062, 169.0288848876953, 1.0], [102.97205352783203, 173.12083435058594, 1.0], [180.03367614746094, 108.30406188964844, 1.0], [231.6318359375, 141.1156463623047, 1.0], [239.0539093017578, 192.26449584960938, 1.0], [108.70582580566406, 190.2527313232422, 1.0], [197.73934936523438, 155.45559692382812, 1.0], [232.1617431640625, 194.89617919921875, 1.0], [218.61000061035156, 237.31214904785156, 1.0], [116.21409606933594, 217.2740020751953, 1.0], [177.26036071777344, 204.0672149658203, 1.0], [206.24093627929688, 231.56704711914062, 1.0], [180.937255859375, 255.94943237304688, 1.0]], "is_left": 0}