{"hand_pts": [[16.541229248046875, 193.71363830566406, 1.0], [87.28305053710938, 217.44949340820312, 1.0], [124.84950256347656, 249.3650360107422, 1.0], [163.57730102539062, 240.1031494140625, 1.0], [171.28396606445312, 206.755126953125, 1.0], [200.08682250976562, 227.7119140625, 1.0], [256.00384521484375, 219.39691162109375, 1.0], [237.62060546875, 205.7710723876953, 1.0], [191.74742126464844, 196.87123107910156, 1.0], [192.09837341308594, 200.79635620117188, 1.0], [248.39266967773438, 177.90426635742188, 1.0], [208.44729614257812, 172.2883758544922, 1.0], [162.02647399902344, 183.1863555908203, 1.0], [181.40721130371094, 177.78883361816406, 1.0], [230.78501892089844, 148.20956420898438, 1.0], [200.3793182373047, 142.83474731445312, 1.0], [158.47959899902344, 153.3599090576172, 1.0], [160.81166076660156, 155.7088165283203, 1.0], [186.549560546875, 130.70516967773438, 1.0], [164.46728515625, 131.38116455078125, 1.0], [139.5925750732422, 150.46102905273438, 1.0]], "is_left": 0}