{"hand_pts": [[19.12928581237793, 158.32749938964844, 1.0], [69.88825225830078, 137.86781311035156, 1.0], [91.50540161132812, 127.86714172363281, 1.0], [138.017578125, 122.98287200927734, 1.0], [182.351318359375, 121.20919799804688, 1.0], [135.27587890625, 197.98631286621094, 1.0], [188.80990600585938, 206.7046661376953, 1.0], [224.78810119628906, 193.77708435058594, 1.0], [257.4435729980469, 176.70877075195312, 1.0], [136.4127655029297, 212.36880493164062, 1.0], [205.80662536621094, 221.40655517578125, 1.0], [238.0241241455078, 193.86090087890625, 1.0], [259.72906494140625, 161.6995849609375, 1.0], [136.9290313720703, 216.50552368164062, 1.0], [202.55638122558594, 228.71072387695312, 1.0], [228.25933837890625, 202.1958465576172, 1.0], [248.77755737304688, 173.2118682861328, 1.0], [130.8711395263672, 214.70779418945312, 1.0], [173.3932647705078, 207.3328399658203, 1.0], [189.86537170410156, 182.73550415039062, 1.0], [196.90037536621094, 152.73959350585938, 1.0]], "is_left": 0}