{"hand_pts": [[234.20225524902344, 92.852294921875, 1.0], [169.5708465576172, 95.09544372558594, 1.0], [107.4840316772461, 94.13661193847656, 1.0], [84.73435974121094, 113.0585708618164, 1.0], [83.89269256591797, 136.64283752441406, 1.0], [153.99978637695312, 182.11111450195312, 1.0], [130.59475708007812, 220.8394775390625, 1.0], [126.89856719970703, 205.91561889648438, 1.0], [124.57490539550781, 192.23944091796875, 1.0], [202.57235717773438, 193.52857971191406, 1.0], [190.8265838623047, 244.76564025878906, 1.0], [179.39723205566406, 252.9730987548828, 1.0], [167.2274627685547, 245.0361785888672, 1.0], [240.54364013671875, 195.0235137939453, 1.0], [224.9677276611328, 207.99537658691406, 1.0], [214.01934814453125, 185.27928161621094, 1.0], [203.2235107421875, 147.89837646484375, 1.0], [276.5314636230469, 188.1310577392578, 1.0], [281.0648193359375, 204.79624938964844, 1.0], [270.3591613769531, 183.25390625, 1.0], [252.4743194580078, 146.50897216796875, 1.0]], "is_left": 0}