{"hand_pts": [[305.4056396484375, 86.11661529541016, 1.0], [284.6119079589844, 144.6597137451172, 1.0], [291.99456787109375, 191.7813720703125, 1.0], [268.0050048828125, 219.61952209472656, 1.0], [234.93702697753906, 211.76327514648438, 1.0], [227.4219512939453, 191.90809631347656, 1.0], [199.87649536132812, 207.44989013671875, 1.0], [190.49993896484375, 207.83741760253906, 1.0], [201.99468994140625, 189.9752197265625, 1.0], [209.85635375976562, 166.36744689941406, 1.0], [148.08071899414062, 194.92684936523438, 1.0], [117.26457977294922, 211.57164001464844, 1.0], [97.23917388916016, 224.3457794189453, 1.0], [197.3339385986328, 145.1037139892578, 1.0], [145.3077850341797, 179.9679412841797, 1.0], [133.8291015625, 191.5589141845703, 1.0], [149.6088104248047, 188.2964630126953, 1.0], [191.70535278320312, 121.05036926269531, 1.0], [152.18785095214844, 139.30662536621094, 1.0], [139.28677368164062, 153.32733154296875, 1.0], [136.68980407714844, 166.51028442382812, 1.0]], "is_left": 0}