{"hand_pts": [[214.554443359375, 340.2635803222656, 1.0], [182.14060974121094, 285.82879638671875, 1.0], [133.15682983398438, 254.82034301757812, 1.0], [117.2323989868164, 204.06976318359375, 1.0], [131.19094848632812, 158.7117462158203, 1.0], [159.2064666748047, 234.2666015625, 1.0], [139.7525177001953, 169.93077087402344, 1.0], [136.4449005126953, 129.0079803466797, 1.0], [141.05361938476562, 94.59196472167969, 1.0], [188.16258239746094, 238.8013153076172, 1.0], [164.4232635498047, 168.700927734375, 1.0], [162.6804962158203, 124.59062957763672, 1.0], [171.65904235839844, 109.29331970214844, 1.0], [213.1580810546875, 241.68109130859375, 1.0], [205.33352661132812, 178.08633422851562, 1.0], [206.55780029296875, 137.31503295898438, 1.0], [208.51513671875, 103.46766662597656, 1.0], [238.0116424560547, 249.62692260742188, 1.0], [261.8627624511719, 206.3219451904297, 1.0], [273.3235778808594, 185.478759765625, 1.0], [269.92340087890625, 187.67823791503906, 1.0]], "is_left": 0}