{"hand_pts": [[184.71690368652344, 223.8900146484375, 1.0], [140.43707275390625, 214.9451141357422, 1.0], [86.87571716308594, 220.4881591796875, 1.0], [75.9350357055664, 196.4375, 1.0], [105.43580627441406, 164.9941864013672, 1.0], [165.52740478515625, 248.2431640625, 1.0], [154.15650939941406, 220.8421630859375, 1.0], [143.2560272216797, 183.05947875976562, 1.0], [136.14617919921875, 150.2609405517578, 1.0], [206.22808837890625, 238.4058837890625, 1.0], [203.88092041015625, 199.04420471191406, 1.0], [182.62574768066406, 159.01585388183594, 1.0], [159.94302368164062, 132.4285125732422, 1.0], [235.26077270507812, 224.5255584716797, 1.0], [245.7578582763672, 184.1261749267578, 1.0], [226.16839599609375, 149.01861572265625, 1.0], [200.533935546875, 130.36659240722656, 1.0], [259.1671142578125, 208.9175567626953, 1.0], [273.07147216796875, 174.18692016601562, 1.0], [256.0291442871094, 145.89315795898438, 1.0], [225.17637634277344, 136.01866149902344, 1.0]], "is_left": 0}