{"hand_pts": [[93.56135559082031, 153.10890197753906, 1.0], [101.5313491821289, 137.88778686523438, 1.0], [67.3702392578125, 149.27191162109375, 1.0], [73.97700500488281, 166.03225708007812, 1.0], [107.27023315429688, 182.00892639160156, 1.0], [140.88461303710938, 209.49008178710938, 1.0], [168.30274963378906, 234.46340942382812, 1.0], [196.30592346191406, 210.77809143066406, 1.0], [220.91758728027344, 182.19113159179688, 1.0], [168.3878631591797, 224.57449340820312, 1.0], [216.20994567871094, 199.50778198242188, 1.0], [224.8731689453125, 155.3437957763672, 1.0], [233.97840881347656, 114.38431549072266, 1.0], [190.2176513671875, 228.83827209472656, 1.0], [255.3583221435547, 205.9478759765625, 1.0], [256.75836181640625, 165.5577392578125, 1.0], [218.13751220703125, 149.53834533691406, 1.0], [205.89356994628906, 226.0792694091797, 1.0], [239.1064910888672, 197.3484649658203, 1.0], [215.67868041992188, 169.746826171875, 1.0], [186.61373901367188, 143.84754943847656, 1.0]], "is_left": 0}