{"hand_pts": [[286.3621520996094, 115.08130645751953, 1.0], [223.55392456054688, 98.01019287109375, 1.0], [173.986083984375, 71.89042663574219, 1.0], [146.68650817871094, 86.74214172363281, 1.0], [151.2980194091797, 122.71138000488281, 1.0], [151.36660766601562, 162.53733825683594, 1.0], [116.28009796142578, 176.29652404785156, 1.0], [126.96385192871094, 164.59744262695312, 1.0], [152.66281127929688, 146.5306396484375, 1.0], [182.79566955566406, 196.17897033691406, 1.0], [150.9733428955078, 213.3043975830078, 1.0], [166.2098846435547, 187.26748657226562, 1.0], [195.22659301757812, 151.58587646484375, 1.0], [211.9012908935547, 218.66131591796875, 1.0], [182.6219482421875, 257.611083984375, 1.0], [191.50796508789062, 240.994873046875, 1.0], [211.23658752441406, 205.8184051513672, 1.0], [246.05743408203125, 233.29647827148438, 1.0], [238.4485321044922, 263.87188720703125, 1.0], [242.3233642578125, 250.20834350585938, 1.0], [249.90403747558594, 214.52981567382812, 1.0]], "is_left": 0}