{"hand_pts": [[55.09811782836914, 71.1695327758789, 1.0], [121.54851531982422, 90.90864562988281, 1.0], [177.65548706054688, 100.76509857177734, 1.0], [227.44815063476562, 122.37969207763672, 1.0], [267.8712158203125, 149.84368896484375, 1.0], [142.27352905273438, 156.93484497070312, 1.0], [182.7223663330078, 200.06430053710938, 1.0], [221.75924682617188, 219.45657348632812, 1.0], [258.8897705078125, 232.37399291992188, 1.0], [122.91148376464844, 164.7599639892578, 1.0], [177.8147430419922, 215.98907470703125, 1.0], [226.11712646484375, 227.5303192138672, 1.0], [269.18853759765625, 230.34521484375, 1.0], [111.15193939208984, 167.1630096435547, 1.0], [172.90533447265625, 210.41661071777344, 1.0], [213.75613403320312, 211.02549743652344, 1.0], [246.48826599121094, 200.2410430908203, 1.0], [98.18138122558594, 162.99058532714844, 1.0], [128.44967651367188, 197.08473205566406, 1.0], [162.54469299316406, 207.273681640625, 1.0], [198.78121948242188, 205.91957092285156, 1.0]], "is_left": 0}