{"hand_pts": [[258.9024658203125, 205.2745819091797, 1.0], [234.81202697753906, 235.46319580078125, 1.0], [196.5113525390625, 283.12255859375, 1.0], [149.18719482421875, 306.6785583496094, 1.0], [109.45076751708984, 276.56414794921875, 1.0], [259.3567199707031, 197.695556640625, 1.0], [237.98793029785156, 199.98912048339844, 1.0], [199.15000915527344, 206.11302185058594, 1.0], [154.4047393798828, 213.97206115722656, 1.0], [253.22621154785156, 162.29995727539062, 1.0], [204.53323364257812, 161.6460418701172, 1.0], [154.86387634277344, 181.9821014404297, 1.0], [109.52980041503906, 205.22108459472656, 1.0], [241.8495330810547, 137.9355926513672, 1.0], [186.16383361816406, 119.86101531982422, 1.0], [141.30117797851562, 123.37403106689453, 1.0], [107.17618560791016, 150.11822509765625, 1.0], [229.573486328125, 119.72310638427734, 1.0], [173.91748046875, 105.47266387939453, 1.0], [161.1110076904297, 131.76724243164062, 1.0], [168.12551879882812, 163.85536193847656, 1.0]], "is_left": 0}