{"hand_pts": [[169.0882110595703, 340.51641845703125, 1.0], [125.6228256225586, 276.7283020019531, 1.0], [75.46231079101562, 234.78309631347656, 1.0], [79.52324676513672, 192.11488342285156, 1.0], [96.7193374633789, 159.32029724121094, 1.0], [156.0380096435547, 215.4892120361328, 1.0], [144.1860809326172, 153.49609375, 1.0], [134.04798889160156, 124.44808197021484, 1.0], [128.14385986328125, 121.3569107055664, 1.0], [199.53225708007812, 231.53196716308594, 1.0], [212.56634521484375, 162.7200927734375, 1.0], [198.84593200683594, 134.3932342529297, 1.0], [188.8479766845703, 104.31339263916016, 1.0], [230.37937927246094, 244.6531982421875, 1.0], [236.91455078125, 178.04248046875, 1.0], [219.16481018066406, 157.43310546875, 1.0], [197.30508422851562, 152.63316345214844, 1.0], [255.26919555664062, 262.5703125, 1.0], [270.0097351074219, 222.18170166015625, 1.0], [271.10943603515625, 193.9755096435547, 1.0], [251.13821411132812, 175.62307739257812, 1.0]], "is_left": 0}