{"hand_pts": [[44.391258239746094, 220.3133087158203, 1.0], [73.88719940185547, 204.25648498535156, 1.0], [87.40363311767578, 198.20921325683594, 1.0], [115.91423797607422, 194.192626953125, 1.0], [160.97935485839844, 194.51622009277344, 1.0], [143.0030517578125, 140.8871307373047, 1.0], [166.56719970703125, 175.03863525390625, 1.0], [168.4225311279297, 207.3395233154297, 1.0], [153.97586059570312, 242.38023376464844, 1.0], [156.39808654785156, 153.8268585205078, 1.0], [224.62721252441406, 120.09921264648438, 1.0], [258.7457275390625, 128.73448181152344, 1.0], [262.927001953125, 157.71804809570312, 1.0], [164.89071655273438, 170.7154998779297, 1.0], [226.2565460205078, 192.70724487304688, 1.0], [221.84860229492188, 226.2669677734375, 1.0], [184.48733520507812, 237.95848083496094, 1.0], [165.69691467285156, 192.1547088623047, 1.0], [213.581298828125, 183.7499542236328, 1.0], [241.497802734375, 188.16712951660156, 1.0], [268.8474426269531, 192.9399871826172, 1.0]], "is_left": 0}