{"hand_pts": [[170.3131561279297, 332.164794921875, 1.0], [199.91676330566406, 300.7822570800781, 1.0], [234.51901245117188, 291.5272521972656, 1.0], [241.64463806152344, 262.1601257324219, 1.0], [221.26968383789062, 225.7658233642578, 1.0], [230.7527313232422, 214.38197326660156, 1.0], [235.52127075195312, 173.42984008789062, 1.0], [224.87571716308594, 159.87078857421875, 1.0], [205.26608276367188, 160.02381896972656, 1.0], [198.8841094970703, 205.7085418701172, 1.0], [200.00369262695312, 144.68214416503906, 1.0], [189.35641479492188, 126.4256591796875, 1.0], [177.42819213867188, 115.51509094238281, 1.0], [169.98861694335938, 202.95928955078125, 1.0], [162.251220703125, 145.3138885498047, 1.0], [148.75546264648438, 140.69338989257812, 1.0], [136.94955444335938, 153.28915405273438, 1.0], [140.77818298339844, 208.87693786621094, 1.0], [123.78268432617188, 171.01605224609375, 1.0], [112.43868255615234, 159.95684814453125, 1.0], [109.0038070678711, 170.93450927734375, 1.0]], "is_left": 0}