{"hand_pts": [[33.97158432006836, 121.73136138916016, 1.0], [87.53216552734375, 111.41119384765625, 1.0], [116.250732421875, 70.4067153930664, 1.0], [157.1232147216797, 92.37336730957031, 1.0], [170.4097900390625, 143.0140380859375, 1.0], [193.3887176513672, 128.17681884765625, 1.0], [236.3558349609375, 157.60308837890625, 1.0], [220.00106811523438, 173.4440155029297, 1.0], [179.9750518798828, 170.89981079101562, 1.0], [195.4965362548828, 163.0602569580078, 1.0], [225.9923858642578, 202.14068603515625, 1.0], [193.04278564453125, 203.2010040283203, 1.0], [148.97756958007812, 180.3120574951172, 1.0], [192.2899627685547, 192.02464294433594, 1.0], [239.30227661132812, 243.29469299316406, 1.0], [221.81080627441406, 251.56788635253906, 1.0], [183.310546875, 234.26841735839844, 1.0], [179.15017700195312, 216.7431182861328, 1.0], [199.8843994140625, 260.8520812988281, 1.0], [174.2238311767578, 251.01780700683594, 1.0], [144.8034210205078, 217.70333862304688, 1.0]], "is_left": 0}