{"hand_pts": [[243.42874145507812, 277.9296875, 1.0], [254.10887145996094, 203.8922119140625, 1.0], [277.0403747558594, 139.40957641601562, 1.0], [286.52825927734375, 105.56941223144531, 1.0], [280.1290283203125, 113.78646850585938, 1.0], [152.98895263671875, 168.66043090820312, 1.0], [148.3350067138672, 128.54617309570312, 1.0], [179.13827514648438, 117.46409606933594, 1.0], [221.37197875976562, 128.28367614746094, 1.0], [132.29661560058594, 208.6441192626953, 1.0], [126.00691986083984, 174.035888671875, 1.0], [171.4795379638672, 161.12705993652344, 1.0], [224.42990112304688, 161.1415252685547, 1.0], [125.36476135253906, 239.9033966064453, 1.0], [109.0837173461914, 214.106201171875, 1.0], [151.6124725341797, 202.5589141845703, 1.0], [199.77110290527344, 200.17581176757812, 1.0], [128.57150268554688, 272.0069580078125, 1.0], [132.5975799560547, 267.7517395019531, 1.0], [167.3309783935547, 258.99212646484375, 1.0], [208.46408081054688, 249.2879180908203, 1.0]], "is_left": 0}