{"hand_pts": [[138.30941772460938, 56.57671356201172, 1.0], [112.90789031982422, 123.3367691040039, 1.0], [90.86824798583984, 181.6138916015625, 1.0], [105.43819427490234, 208.70457458496094, 1.0], [129.92364501953125, 198.84396362304688, 1.0], [191.34310913085938, 210.12973022460938, 1.0], [190.75970458984375, 253.9827880859375, 1.0], [157.17213439941406, 225.3419952392578, 1.0], [126.0115737915039, 190.83607482910156, 1.0], [223.13865661621094, 184.9966583251953, 1.0], [232.402099609375, 244.0450439453125, 1.0], [189.90907287597656, 233.27700805664062, 1.0], [151.22650146484375, 195.8609619140625, 1.0], [240.91844177246094, 160.8673553466797, 1.0], [213.57408142089844, 169.2734832763672, 1.0], [171.27951049804688, 138.96502685546875, 1.0], [155.9476776123047, 117.20838928222656, 1.0], [249.8108367919922, 130.3094940185547, 1.0], [273.63775634765625, 156.78903198242188, 1.0], [253.5213623046875, 164.34947204589844, 1.0], [211.63401794433594, 157.53575134277344, 1.0]], "is_left": 0}