{"hand_pts": [[140.16200256347656, 156.3739013671875, 1.0], [192.7978057861328, 136.0750274658203, 1.0], [243.78794860839844, 112.60163879394531, 1.0], [284.2970275878906, 106.03041076660156, 1.0], [312.4549255371094, 115.57527923583984, 1.0], [166.00894165039062, 144.5782470703125, 1.0], [171.17556762695312, 130.4889373779297, 1.0], [183.1984100341797, 127.0337142944336, 1.0], [187.6881866455078, 121.45606994628906, 1.0], [146.21099853515625, 180.79673767089844, 1.0], [165.43695068359375, 183.50885009765625, 1.0], [203.46498107910156, 189.46807861328125, 1.0], [234.62840270996094, 194.39845275878906, 1.0], [137.8502197265625, 210.30860900878906, 1.0], [139.68994140625, 225.33070373535156, 1.0], [163.72657775878906, 236.96514892578125, 1.0], [191.92950439453125, 248.44772338867188, 1.0], [132.6063690185547, 235.8173370361328, 1.0], [139.4853515625, 256.7370300292969, 1.0], [160.2791290283203, 269.8403625488281, 1.0], [188.24557495117188, 280.68243408203125, 1.0]], "is_left": 0}