{"hand_pts": [[216.97232055664062, 259.4123840332031, 1.0], [181.75802612304688, 200.31761169433594, 1.0], [130.18841552734375, 154.00396728515625, 1.0], [84.96049499511719, 116.82271575927734, 1.0], [73.02883911132812, 116.78003692626953, 1.0], [236.01303100585938, 152.59547424316406, 1.0], [180.15609741210938, 139.65170288085938, 1.0], [159.14987182617188, 166.82537841796875, 1.0], [176.50418090820312, 188.69383239746094, 1.0], [254.88258361816406, 183.0498046875, 1.0], [201.97393798828125, 164.86070251464844, 1.0], [155.67288208007812, 162.35513305664062, 1.0], [108.6877212524414, 167.74075317382812, 1.0], [262.00054931640625, 208.55674743652344, 1.0], [236.78919982910156, 179.0055694580078, 1.0], [194.82862854003906, 186.52627563476562, 1.0], [190.5472869873047, 201.36322021484375, 1.0], [263.6183166503906, 236.2622528076172, 1.0], [231.945556640625, 248.8408660888672, 1.0], [197.3162384033203, 257.8236083984375, 1.0], [171.86984252929688, 259.61627197265625, 1.0]], "is_left": 0}