{"hand_pts": [[88.18853759765625, 151.55152893066406, 1.0], [159.25045776367188, 180.22308349609375, 1.0], [206.91952514648438, 204.84130859375, 1.0], [249.69032287597656, 220.10403442382812, 1.0], [286.7942810058594, 229.57215881347656, 1.0], [161.8358917236328, 206.9835662841797, 1.0], [191.4353485107422, 218.3061981201172, 1.0], [217.8652801513672, 218.6470947265625, 1.0], [246.6555938720703, 208.4954071044922, 1.0], [135.6094512939453, 184.5972900390625, 1.0], [157.1699676513672, 199.0027313232422, 1.0], [180.1160125732422, 204.906005859375, 1.0], [208.728759765625, 207.21633911132812, 1.0], [119.36601257324219, 164.26065063476562, 1.0], [158.7866668701172, 169.81947326660156, 1.0], [193.782470703125, 162.5640411376953, 1.0], [214.8010711669922, 154.82516479492188, 1.0], [103.66542053222656, 142.90126037597656, 1.0], [142.27757263183594, 133.92120361328125, 1.0], [169.72288513183594, 127.37773132324219, 1.0], [184.37173461914062, 124.91728210449219, 1.0]], "is_left": 0}