{"hand_pts": [[92.04588317871094, 76.32966613769531, 1.0], [155.8306121826172, 97.3345718383789, 1.0], [211.6780242919922, 87.60586547851562, 1.0], [257.176025390625, 99.12704467773438, 1.0], [290.2497253417969, 118.07311248779297, 1.0], [158.67340087890625, 184.34365844726562, 1.0], [210.0978546142578, 199.17990112304688, 1.0], [242.35084533691406, 203.06817626953125, 1.0], [255.29144287109375, 176.04275512695312, 1.0], [132.98440551757812, 194.3047332763672, 1.0], [156.54730224609375, 255.91836547851562, 1.0], [189.93902587890625, 231.34432983398438, 1.0], [208.4148712158203, 195.31338500976562, 1.0], [117.28287506103516, 196.75265502929688, 1.0], [159.6459197998047, 224.5518035888672, 1.0], [181.1218719482422, 195.16229248046875, 1.0], [194.65570068359375, 160.83322143554688, 1.0], [102.54893493652344, 190.66064453125, 1.0], [122.36890411376953, 216.21395874023438, 1.0], [142.30203247070312, 226.59310913085938, 1.0], [170.39869689941406, 207.48757934570312, 1.0]], "is_left": 0}