{"hand_pts": [[306.5251159667969, 107.67328643798828, 1.0], [260.2326965332031, 98.48226165771484, 1.0], [247.95217895507812, 82.98426055908203, 1.0], [215.64678955078125, 89.27513122558594, 1.0], [175.36163330078125, 110.75023651123047, 1.0], [263.9677734375, 176.76429748535156, 1.0], [196.43653869628906, 168.36282348632812, 1.0], [154.07302856445312, 149.42042541503906, 1.0], [148.1134796142578, 125.5834732055664, 1.0], [257.5802917480469, 208.28097534179688, 1.0], [176.74159240722656, 236.59768676757812, 1.0], [146.47422790527344, 202.8114776611328, 1.0], [121.83405303955078, 169.8334197998047, 1.0], [245.5575714111328, 227.7597198486328, 1.0], [165.73931884765625, 254.87930297851562, 1.0], [128.53582763671875, 230.27777099609375, 1.0], [125.67507934570312, 194.2685546875, 1.0], [234.64556884765625, 238.12908935546875, 1.0], [180.9042510986328, 258.4728088378906, 1.0], [144.02224731445312, 243.93775939941406, 1.0], [141.59088134765625, 209.6984100341797, 1.0]], "is_left": 0}