{"hand_pts": [[264.00567626953125, 260.6977233886719, 1.0], [205.24307250976562, 199.0271453857422, 1.0], [169.08432006835938, 136.6630401611328, 1.0], [123.948974609375, 139.00408935546875, 1.0], [127.91595458984375, 188.5994873046875, 1.0], [244.251220703125, 124.0589828491211, 1.0], [183.73377990722656, 118.1717758178711, 1.0], [137.6057891845703, 133.38401794433594, 1.0], [94.02218627929688, 154.1465301513672, 1.0], [266.9186706542969, 159.359619140625, 1.0], [209.58877563476562, 124.61634826660156, 1.0], [152.39816284179688, 137.38365173339844, 1.0], [116.46125793457031, 165.01390075683594, 1.0], [276.3057861328125, 192.09011840820312, 1.0], [209.9480438232422, 213.15817260742188, 1.0], [164.75892639160156, 238.8935089111328, 1.0], [123.88806915283203, 264.2856750488281, 1.0], [281.5915832519531, 228.99832153320312, 1.0], [241.40142822265625, 247.13937377929688, 1.0], [202.49778747558594, 263.35504150390625, 1.0], [168.87213134765625, 274.5649108886719, 1.0]], "is_left": 0}