{"hand_pts": [[141.86888122558594, 334.2730407714844, 1.0], [125.2185287475586, 285.34625244140625, 1.0], [102.10411071777344, 245.3805389404297, 1.0], [101.70213317871094, 204.58596801757812, 1.0], [115.13660430908203, 168.24490356445312, 1.0], [151.35353088378906, 215.67820739746094, 1.0], [153.83660888671875, 158.21145629882812, 1.0], [158.0133514404297, 124.7506103515625, 1.0], [162.89793395996094, 92.20780944824219, 1.0], [179.12728881835938, 227.88621520996094, 1.0], [193.65675354003906, 161.56613159179688, 1.0], [198.67535400390625, 126.55003356933594, 1.0], [203.2744598388672, 94.15958404541016, 1.0], [199.59542846679688, 240.44021606445312, 1.0], [222.34942626953125, 180.89918518066406, 1.0], [230.02296447753906, 151.9216766357422, 1.0], [235.5994110107422, 126.1492919921875, 1.0], [215.5364227294922, 258.61517333984375, 1.0], [237.9489288330078, 223.95652770996094, 1.0], [247.7582550048828, 202.0692138671875, 1.0], [252.41802978515625, 181.02455139160156, 1.0]], "is_left": 0}