{"hand_pts": [[96.30526733398438, 267.73828125, 1.0], [157.80746459960938, 278.1650390625, 1.0], [207.80075073242188, 301.4009094238281, 1.0], [228.04428100585938, 285.1033935546875, 1.0], [213.0382537841797, 248.5703125, 1.0], [231.5100860595703, 215.53134155273438, 1.0], [259.0391540527344, 193.64833068847656, 1.0], [244.3966522216797, 196.11758422851562, 1.0], [214.17701721191406, 208.11077880859375, 1.0], [196.61477661132812, 181.7249755859375, 1.0], [221.55960083007812, 146.56976318359375, 1.0], [206.48519897460938, 157.790771484375, 1.0], [181.4074249267578, 185.06658935546875, 1.0], [163.96511840820312, 158.23362731933594, 1.0], [173.92459106445312, 119.09695434570312, 1.0], [156.7185821533203, 132.02645874023438, 1.0], [137.09634399414062, 162.6422576904297, 1.0], [126.58529663085938, 142.65167236328125, 1.0], [121.71018981933594, 112.55994415283203, 1.0], [111.17247772216797, 121.86582946777344, 1.0], [104.03282928466797, 154.2274627685547, 1.0]], "is_left": 0}