{"hand_pts": [[149.76870727539062, 247.15660095214844, 1.0], [194.53329467773438, 190.73899841308594, 1.0], [205.96023559570312, 129.4403076171875, 1.0], [230.568603515625, 85.63453674316406, 1.0], [265.9111328125, 96.55209350585938, 1.0], [143.93089294433594, 142.12977600097656, 1.0], [141.23670959472656, 106.32528686523438, 1.0], [181.63011169433594, 113.343994140625, 1.0], [223.09664916992188, 132.36143493652344, 1.0], [125.81134033203125, 180.8519744873047, 1.0], [150.7042236328125, 173.27284240722656, 1.0], [199.68519592285156, 186.56338500976562, 1.0], [248.50721740722656, 198.71771240234375, 1.0], [120.31852722167969, 214.57489013671875, 1.0], [192.76634216308594, 230.0927734375, 1.0], [204.29042053222656, 239.71202087402344, 1.0], [164.66090393066406, 227.47462463378906, 1.0], [119.88323974609375, 249.9533233642578, 1.0], [149.40199279785156, 267.1544494628906, 1.0], [188.4451904296875, 272.7032165527344, 1.0], [221.82138061523438, 270.38690185546875, 1.0]], "is_left": 0}