{"hand_pts": [[218.01402282714844, 116.25886535644531, 1.0], [153.94317626953125, 149.89515686035156, 1.0], [88.2676773071289, 153.33538818359375, 1.0], [89.57608795166016, 192.08737182617188, 1.0], [133.6352996826172, 219.20108032226562, 1.0], [145.831787109375, 117.1166000366211, 1.0], [130.63389587402344, 155.02117919921875, 1.0], [130.5811767578125, 200.07371520996094, 1.0], [136.74806213378906, 236.07264709472656, 1.0], [192.7786407470703, 117.7596206665039, 1.0], [188.0709991455078, 180.773193359375, 1.0], [180.5835418701172, 224.6553497314453, 1.0], [173.38352966308594, 247.37940979003906, 1.0], [228.86273193359375, 126.00254821777344, 1.0], [239.5885009765625, 180.82984924316406, 1.0], [229.98171997070312, 216.9557647705078, 1.0], [216.16360473632812, 209.56765747070312, 1.0], [262.6736755371094, 136.23460388183594, 1.0], [273.29205322265625, 175.4364776611328, 1.0], [257.4880065917969, 204.27032470703125, 1.0], [240.48367309570312, 191.4677276611328, 1.0]], "is_left": 0}