{"hand_pts": [[227.2698516845703, 287.2645263671875, 1.0], [241.2751007080078, 210.7263946533203, 1.0], [269.2806091308594, 154.63453674316406, 1.0], [253.72352600097656, 108.25187683105469, 1.0], [208.57252502441406, 110.83078002929688, 1.0], [257.3277282714844, 207.43511962890625, 1.0], [235.15554809570312, 155.8086395263672, 1.0], [204.44461059570312, 127.94894409179688, 1.0], [184.85308837890625, 125.26275634765625, 1.0], [224.59225463867188, 240.29702758789062, 1.0], [189.6143035888672, 189.87962341308594, 1.0], [160.6839141845703, 149.05763244628906, 1.0], [154.71315002441406, 137.83612060546875, 1.0], [194.54931640625, 261.3863220214844, 1.0], [146.2192840576172, 205.6326904296875, 1.0], [128.36837768554688, 179.4232940673828, 1.0], [139.5979766845703, 183.72450256347656, 1.0], [165.83724975585938, 281.3236389160156, 1.0], [122.40771484375, 253.43179321289062, 1.0], [104.16252136230469, 225.94581604003906, 1.0], [112.229736328125, 210.65493774414062, 1.0]], "is_left": 0}