{"hand_pts": [[41.628787994384766, 287.07928466796875, 1.0], [95.59971618652344, 291.54791259765625, 1.0], [135.4285125732422, 307.8506774902344, 1.0], [178.0819091796875, 296.997314453125, 1.0], [213.03994750976562, 270.3545227050781, 1.0], [147.64942932128906, 197.71876525878906, 1.0], [196.45230102539062, 169.31036376953125, 1.0], [226.90736389160156, 168.25997924804688, 1.0], [254.26123046875, 173.2667999267578, 1.0], [138.40989685058594, 177.96397399902344, 1.0], [196.50619506835938, 139.25254821777344, 1.0], [229.7805633544922, 146.112060546875, 1.0], [258.068603515625, 162.23565673828125, 1.0], [130.68370056152344, 169.76113891601562, 1.0], [184.9061737060547, 128.3472137451172, 1.0], [213.58314514160156, 135.7687530517578, 1.0], [236.74525451660156, 156.71420288085938, 1.0], [118.28343200683594, 170.6009979248047, 1.0], [153.5506134033203, 143.92657470703125, 1.0], [177.76966857910156, 146.98980712890625, 1.0], [198.20748901367188, 168.95999145507812, 1.0]], "is_left": 0}