{"hand_pts": [[126.2900390625, 80.95772552490234, 1.0], [104.17062377929688, 140.4918670654297, 1.0], [70.35486602783203, 186.7681884765625, 1.0], [78.65023803710938, 231.01614379882812, 1.0], [120.66986846923828, 250.36134338378906, 1.0], [130.79380798339844, 149.0968780517578, 1.0], [146.5928192138672, 196.83242797851562, 1.0], [158.46827697753906, 231.95376586914062, 1.0], [169.4079132080078, 260.97760009765625, 1.0], [169.9679412841797, 128.07943725585938, 1.0], [201.60459899902344, 186.93453979492188, 1.0], [204.0227508544922, 223.8163299560547, 1.0], [193.97312927246094, 242.94424438476562, 1.0], [200.72213745117188, 114.99992370605469, 1.0], [242.7718048095703, 163.17633056640625, 1.0], [245.5248565673828, 195.83621215820312, 1.0], [229.8305206298828, 211.60064697265625, 1.0], [226.4362335205078, 101.77930450439453, 1.0], [263.97650146484375, 129.4022979736328, 1.0], [269.3515930175781, 159.2911834716797, 1.0], [251.42823791503906, 181.63230895996094, 1.0]], "is_left": 0}