{"hand_pts": [[297.47998046875, 152.07301330566406, 1.0], [270.6221618652344, 150.1423797607422, 1.0], [270.22772216796875, 133.55224609375, 1.0], [247.11968994140625, 107.1654281616211, 1.0], [219.11083984375, 90.36177062988281, 1.0], [212.86239624023438, 242.56039428710938, 1.0], [175.395263671875, 210.85060119628906, 1.0], [181.35784912109375, 157.4091033935547, 1.0], [203.13771057128906, 119.86843872070312, 1.0], [198.63314819335938, 249.09336853027344, 1.0], [136.61521911621094, 232.96920776367188, 1.0], [112.2379379272461, 199.5581817626953, 1.0], [109.90702056884766, 150.1642303466797, 1.0], [188.80247497558594, 243.20787048339844, 1.0], [118.42081451416016, 288.5599670410156, 1.0], [116.3180923461914, 233.9582061767578, 1.0], [152.62010192871094, 194.31504821777344, 1.0], [186.23944091796875, 227.78060913085938, 1.0], [168.45428466796875, 170.18605041503906, 1.0], [195.12448120117188, 132.8637237548828, 1.0], [227.5658721923828, 129.3063201904297, 1.0]], "is_left": 0}