{"hand_pts": [[337.8271484375, 175.91094970703125, 1.0], [284.11090087890625, 228.08006286621094, 1.0], [246.53945922851562, 282.22662353515625, 1.0], [199.5121612548828, 290.0531311035156, 1.0], [161.70484924316406, 272.780029296875, 1.0], [190.9044189453125, 213.66041564941406, 1.0], [135.35475158691406, 219.68515014648438, 1.0], [135.1931610107422, 223.33151245117188, 1.0], [163.47549438476562, 223.75108337402344, 1.0], [198.9761505126953, 167.3889617919922, 1.0], [140.35813903808594, 179.0252227783203, 1.0], [161.92689514160156, 196.45115661621094, 1.0], [199.5185089111328, 210.50770568847656, 1.0], [209.8836212158203, 132.86004638671875, 1.0], [142.82772827148438, 116.03959655761719, 1.0], [142.387939453125, 129.68759155273438, 1.0], [159.6094970703125, 149.51979064941406, 1.0], [228.97840881347656, 102.6998519897461, 1.0], [194.57984924316406, 93.56715393066406, 1.0], [199.51431274414062, 110.45604705810547, 1.0], [223.72824096679688, 136.045654296875, 1.0]], "is_left": 0}