{"hand_pts": [[130.20594787597656, 72.34558868408203, 1.0], [198.52906799316406, 111.64060974121094, 1.0], [256.83367919921875, 113.37398529052734, 1.0], [270.77947998046875, 122.86454010009766, 1.0], [244.82382202148438, 132.8483123779297, 1.0], [202.86839294433594, 213.42269897460938, 1.0], [242.9788818359375, 228.48106384277344, 1.0], [263.02935791015625, 219.0942840576172, 1.0], [268.4513854980469, 189.10736083984375, 1.0], [158.7514190673828, 208.9242706298828, 1.0], [179.6534423828125, 200.8454132080078, 1.0], [185.81858825683594, 157.44778442382812, 1.0], [181.79795837402344, 135.96456909179688, 1.0], [125.41788482666016, 198.1049041748047, 1.0], [120.66399383544922, 253.7618408203125, 1.0], [140.57107543945312, 240.71685791015625, 1.0], [160.81219482421875, 222.05963134765625, 1.0], [93.91495513916016, 178.2994384765625, 1.0], [100.1433334350586, 201.57833862304688, 1.0], [121.32701873779297, 184.1051483154297, 1.0], [144.01646423339844, 159.9644012451172, 1.0]], "is_left": 0}