{"hand_pts": [[108.13516235351562, 156.5045623779297, 1.0], [108.51619720458984, 125.53015899658203, 1.0], [92.62310028076172, 74.99883270263672, 1.0], [84.5864028930664, 109.7777328491211, 1.0], [92.82831573486328, 165.9630889892578, 1.0], [222.501220703125, 111.95611572265625, 1.0], [193.92796325683594, 140.5594482421875, 1.0], [145.81503295898438, 156.91258239746094, 1.0], [132.1797637939453, 151.84814453125, 1.0], [247.40052795410156, 152.14453125, 1.0], [243.6022186279297, 204.38099670410156, 1.0], [182.83078002929688, 209.00840759277344, 1.0], [152.55601501464844, 183.9849090576172, 1.0], [258.0738830566406, 186.69508361816406, 1.0], [260.3821105957031, 244.73257446289062, 1.0], [206.1353302001953, 251.3675994873047, 1.0], [177.10476684570312, 221.98947143554688, 1.0], [257.16851806640625, 219.3907470703125, 1.0], [249.05316162109375, 267.0257263183594, 1.0], [202.671875, 259.2411804199219, 1.0], [204.02261352539062, 222.62913513183594, 1.0]], "is_left": 0}