{"hand_pts": [[114.13424682617188, 36.00199890136719, 1.0], [158.75921630859375, 78.7018051147461, 1.0], [177.86199951171875, 98.27295684814453, 1.0], [190.66744995117188, 151.3472137451172, 1.0], [196.8583221435547, 204.9844207763672, 1.0], [251.44509887695312, 151.99349975585938, 1.0], [301.3574523925781, 217.2462921142578, 1.0], [280.0892333984375, 246.34564208984375, 1.0], [238.59556579589844, 222.49169921875, 1.0], [231.7494659423828, 165.2927703857422, 1.0], [195.3078155517578, 217.37586975097656, 1.0], [153.09359741210938, 217.53598022460938, 1.0], [120.97002410888672, 172.2736358642578, 1.0], [208.7924041748047, 174.8571319580078, 1.0], [169.3426971435547, 230.2689208984375, 1.0], [130.9722442626953, 197.26519775390625, 1.0], [95.32270050048828, 162.47874450683594, 1.0], [178.71768188476562, 176.25416564941406, 1.0], [148.94821166992188, 216.73672485351562, 1.0], [121.00180053710938, 195.73622131347656, 1.0], [136.4512481689453, 160.23403930664062, 1.0]], "is_left": 0}