{"hand_pts": [[176.20506286621094, 12.12640380859375, 1.0], [137.04502868652344, 70.2860336303711, 1.0], [95.10960388183594, 97.47393035888672, 1.0], [80.60863494873047, 146.2982940673828, 1.0], [97.65111541748047, 180.78225708007812, 1.0], [189.31051635742188, 145.82315063476562, 1.0], [170.6010284423828, 206.82467651367188, 1.0], [142.96218872070312, 216.46798706054688, 1.0], [119.21755981445312, 209.83815002441406, 1.0], [222.3043212890625, 145.47531127929688, 1.0], [228.96405029296875, 224.0489959716797, 1.0], [201.0908203125, 252.86233520507812, 1.0], [165.44195556640625, 254.52552795410156, 1.0], [242.29942321777344, 144.2206573486328, 1.0], [246.46524047851562, 216.4087677001953, 1.0], [215.55055236816406, 226.97349548339844, 1.0], [182.5274200439453, 204.93048095703125, 1.0], [255.8013458251953, 135.46026611328125, 1.0], [259.0934143066406, 180.10699462890625, 1.0], [232.91322326660156, 190.87637329101562, 1.0], [198.72909545898438, 177.718994140625, 1.0]], "is_left": 0}