{"hand_pts": [[344.25823974609375, 208.5523223876953, 1.0], [272.4673156738281, 230.71287536621094, 1.0], [228.15721130371094, 242.74075317382812, 1.0], [184.054443359375, 216.526123046875, 1.0], [188.3845672607422, 190.36280822753906, 1.0], [207.84889221191406, 160.89979553222656, 1.0], [146.6825408935547, 178.60791015625, 1.0], [123.52114868164062, 204.3911590576172, 1.0], [102.89241027832031, 228.62120056152344, 1.0], [221.0224609375, 138.681396484375, 1.0], [141.83375549316406, 158.92926025390625, 1.0], [114.75365447998047, 196.95254516601562, 1.0], [113.90498352050781, 238.6329345703125, 1.0], [231.02398681640625, 128.67172241210938, 1.0], [170.20338439941406, 152.46983337402344, 1.0], [168.70724487304688, 190.577392578125, 1.0], [203.55349731445312, 204.39407348632812, 1.0], [246.5582275390625, 126.109375, 1.0], [219.48287963867188, 147.60610961914062, 1.0], [207.85365295410156, 170.96450805664062, 1.0], [227.70272827148438, 197.94764709472656, 1.0]], "is_left": 0}