{"hand_pts": [[92.42315673828125, 249.44247436523438, 1.0], [168.7934112548828, 229.12820434570312, 1.0], [230.6914520263672, 217.11563110351562, 1.0], [265.8203125, 211.1001434326172, 1.0], [262.04248046875, 212.41873168945312, 1.0], [191.541259765625, 160.5244140625, 1.0], [232.22024536132812, 158.50926208496094, 1.0], [242.32391357421875, 179.55303955078125, 1.0], [238.265625, 206.60389709472656, 1.0], [149.99473571777344, 162.5037078857422, 1.0], [188.91571044921875, 127.46517944335938, 1.0], [220.26031494140625, 129.95440673828125, 1.0], [245.298095703125, 146.65408325195312, 1.0], [119.49678039550781, 168.9305877685547, 1.0], [147.4086456298828, 171.86947631835938, 1.0], [156.7572784423828, 197.53871154785156, 1.0], [155.07949829101562, 221.27664184570312, 1.0], [89.59724426269531, 181.32467651367188, 1.0], [102.68563079833984, 184.61956787109375, 1.0], [115.52748107910156, 204.1862030029297, 1.0], [119.55567932128906, 219.596435546875, 1.0]], "is_left": 0}