{"hand_pts": [[58.8345947265625, 171.4619903564453, 1.0], [121.470458984375, 160.16232299804688, 1.0], [173.5716094970703, 143.57162475585938, 1.0], [221.10975646972656, 124.80079650878906, 1.0], [239.8882293701172, 112.015869140625, 1.0], [161.26034545898438, 217.75607299804688, 1.0], [217.72286987304688, 193.2539825439453, 1.0], [249.71371459960938, 167.82327270507812, 1.0], [277.7095031738281, 140.03469848632812, 1.0], [138.99871826171875, 221.21087646484375, 1.0], [198.1864013671875, 229.0522918701172, 1.0], [229.7256317138672, 195.75387573242188, 1.0], [244.5020751953125, 155.52572631835938, 1.0], [122.25394439697266, 216.88702392578125, 1.0], [163.9909210205078, 217.78257751464844, 1.0], [183.6153106689453, 182.12677001953125, 1.0], [198.83314514160156, 145.72454833984375, 1.0], [103.09102630615234, 207.7658233642578, 1.0], [121.59455108642578, 213.60708618164062, 1.0], [141.13726806640625, 206.45225524902344, 1.0], [165.97955322265625, 192.340576171875, 1.0]], "is_left": 0}