{"hand_pts": [[138.30361938476562, 39.01252746582031, 1.0], [200.66830444335938, 75.42540740966797, 1.0], [249.4214324951172, 94.60706329345703, 1.0], [276.5735778808594, 131.1774444580078, 1.0], [249.1169891357422, 162.9542999267578, 1.0], [203.5691680908203, 159.3612060546875, 1.0], [204.8751983642578, 216.4298095703125, 1.0], [211.05453491210938, 249.6521759033203, 1.0], [219.00619506835938, 263.0482482910156, 1.0], [162.8040771484375, 168.09588623046875, 1.0], [193.78070068359375, 215.12071228027344, 1.0], [208.94642639160156, 195.73223876953125, 1.0], [210.1679229736328, 158.33135986328125, 1.0], [133.1244354248047, 171.60496520996094, 1.0], [159.3551483154297, 205.99417114257812, 1.0], [163.5509796142578, 170.87130737304688, 1.0], [151.84942626953125, 150.71168518066406, 1.0], [105.90250396728516, 166.5526885986328, 1.0], [108.9732666015625, 210.87347412109375, 1.0], [113.42882537841797, 241.24131774902344, 1.0], [137.00625610351562, 240.6178436279297, 1.0]], "is_left": 0}