{"hand_pts": [[45.90262222290039, 120.73602294921875, 1.0], [128.6677703857422, 155.61070251464844, 1.0], [186.4417724609375, 175.90322875976562, 1.0], [227.5841064453125, 200.39413452148438, 1.0], [226.92343139648438, 212.4003143310547, 1.0], [208.42201232910156, 133.49546813964844, 1.0], [231.63499450683594, 188.6235809326172, 1.0], [242.368408203125, 224.2308807373047, 1.0], [240.06594848632812, 257.75054931640625, 1.0], [172.51036071777344, 129.98446655273438, 1.0], [218.76271057128906, 187.7669677734375, 1.0], [188.4809112548828, 204.34249877929688, 1.0], [156.09742736816406, 209.7223358154297, 1.0], [140.12879943847656, 133.5721893310547, 1.0], [185.0911865234375, 137.53134155273438, 1.0], [211.75994873046875, 159.0694580078125, 1.0], [237.1646728515625, 183.12310791015625, 1.0], [101.84977722167969, 138.7598114013672, 1.0], [111.63131713867188, 182.76800537109375, 1.0], [115.76319122314453, 214.53347778320312, 1.0], [106.48277282714844, 234.33615112304688, 1.0]], "is_left": 0}