{"hand_pts": [[131.20713806152344, 318.7707824707031, 1.0], [153.2281036376953, 263.6391296386719, 1.0], [160.70297241210938, 229.14285278320312, 1.0], [204.62039184570312, 202.58792114257812, 1.0], [245.3228302001953, 183.5950469970703, 1.0], [117.35665893554688, 194.416015625, 1.0], [114.16024017333984, 140.05332946777344, 1.0], [133.46798706054688, 108.61357879638672, 1.0], [148.4912109375, 77.69890594482422, 1.0], [128.2765655517578, 209.5643768310547, 1.0], [157.56512451171875, 151.1687469482422, 1.0], [198.30422973632812, 124.20529174804688, 1.0], [237.5368194580078, 100.69911193847656, 1.0], [145.16123962402344, 224.30667114257812, 1.0], [187.20126342773438, 173.4307403564453, 1.0], [233.99461364746094, 167.78298950195312, 1.0], [276.6844787597656, 168.48226928710938, 1.0], [163.68368530273438, 244.7300567626953, 1.0], [220.9891815185547, 230.1428985595703, 1.0], [243.5876007080078, 242.55845642089844, 1.0], [230.42283630371094, 263.0705871582031, 1.0]], "is_left": 0}