{"hand_pts": [[251.84571838378906, 301.40802001953125, 1.0], [266.1330871582031, 243.95681762695312, 1.0], [293.4640808105469, 212.47879028320312, 1.0], [279.77655029296875, 161.1202392578125, 1.0], [247.12075805664062, 144.2687530517578, 1.0], [197.84556579589844, 222.10809326171875, 1.0], [187.5203857421875, 157.25743103027344, 1.0], [207.3600311279297, 139.4224090576172, 1.0], [230.48162841796875, 156.96954345703125, 1.0], [162.4820556640625, 232.0667266845703, 1.0], [141.33978271484375, 155.9495849609375, 1.0], [176.2386932373047, 143.58885192871094, 1.0], [212.71426391601562, 169.1890411376953, 1.0], [138.86228942871094, 236.52456665039062, 1.0], [107.69230651855469, 167.7873992919922, 1.0], [139.48863220214844, 155.18380737304688, 1.0], [176.45782470703125, 179.0224151611328, 1.0], [123.7335205078125, 243.11380004882812, 1.0], [101.91252136230469, 200.9925079345703, 1.0], [129.57919311523438, 187.42779541015625, 1.0], [165.92333984375, 205.3638916015625, 1.0]], "is_left": 0}