{"hand_pts": [[41.98583984375, 180.5072479248047, 1.0], [104.83834838867188, 223.19956970214844, 1.0], [129.9231414794922, 267.1009826660156, 1.0], [174.09658813476562, 297.13250732421875, 1.0], [210.10299682617188, 281.5958557128906, 1.0], [137.39381408691406, 191.43417358398438, 1.0], [186.91847229003906, 194.2110595703125, 1.0], [223.80506896972656, 198.33485412597656, 1.0], [253.27964782714844, 211.2147979736328, 1.0], [133.13449096679688, 157.98019409179688, 1.0], [213.39207458496094, 173.165771484375, 1.0], [217.58558654785156, 196.7085418701172, 1.0], [174.62185668945312, 198.17578125, 1.0], [133.34922790527344, 135.64077758789062, 1.0], [199.53396606445312, 122.97162628173828, 1.0], [223.27874755859375, 148.03805541992188, 1.0], [216.59567260742188, 173.46450805664062, 1.0], [129.98309326171875, 117.91370391845703, 1.0], [165.4969024658203, 99.77272033691406, 1.0], [196.69386291503906, 121.70417022705078, 1.0], [215.3070831298828, 151.97032165527344, 1.0]], "is_left": 0}