{"hand_pts": [[125.8589859008789, 136.88702392578125, 1.0], [112.05757141113281, 171.4993133544922, 1.0], [84.22502899169922, 209.94775390625, 1.0], [81.51422119140625, 210.5345916748047, 1.0], [102.9249038696289, 179.88864135742188, 1.0], [207.07090759277344, 229.9918212890625, 1.0], [197.78639221191406, 230.91368103027344, 1.0], [156.9323272705078, 201.15643310546875, 1.0], [133.0725860595703, 178.55484008789062, 1.0], [236.95533752441406, 212.80673217773438, 1.0], [234.43067932128906, 206.75991821289062, 1.0], [178.74942016601562, 178.19544982910156, 1.0], [145.95684814453125, 165.89242553710938, 1.0], [252.73577880859375, 195.32095336914062, 1.0], [257.3050231933594, 182.64791870117188, 1.0], [206.74295043945312, 158.90194702148438, 1.0], [178.7428436279297, 155.87179565429688, 1.0], [258.29327392578125, 173.9288330078125, 1.0], [261.22088623046875, 156.0104522705078, 1.0], [217.9996795654297, 139.770751953125, 1.0], [192.19703674316406, 144.98013305664062, 1.0]], "is_left": 0}