{"hand_pts": [[278.810302734375, 69.07942199707031, 1.0], [221.94790649414062, 130.11843872070312, 1.0], [167.35916137695312, 153.09893798828125, 1.0], [144.4073486328125, 193.8972930908203, 1.0], [159.4346160888672, 220.03807067871094, 1.0], [154.6975860595703, 130.76499938964844, 1.0], [131.54530334472656, 194.26873779296875, 1.0], [142.5232391357422, 237.74928283691406, 1.0], [170.3444366455078, 262.9397888183594, 1.0], [189.11936950683594, 119.93071746826172, 1.0], [144.25267028808594, 161.2835693359375, 1.0], [127.63433837890625, 204.63551330566406, 1.0], [123.98834228515625, 251.9632110595703, 1.0], [220.65704345703125, 117.4851303100586, 1.0], [191.61489868164062, 162.1677703857422, 1.0], [186.6800537109375, 205.15855407714844, 1.0], [193.69744873046875, 246.37586975097656, 1.0], [255.62127685546875, 114.7537612915039, 1.0], [259.6510009765625, 153.8275909423828, 1.0], [267.025634765625, 188.77574157714844, 1.0], [271.9931945800781, 209.9046173095703, 1.0]], "is_left": 0}