{"hand_pts": [[335.7228698730469, 186.1388397216797, 1.0], [285.9676513671875, 154.1615753173828, 1.0], [263.52288818359375, 111.83973693847656, 1.0], [219.79742431640625, 104.52631378173828, 1.0], [181.97178649902344, 104.57283020019531, 1.0], [213.66851806640625, 201.22508239746094, 1.0], [155.4125518798828, 221.22030639648438, 1.0], [115.0514907836914, 229.3048553466797, 1.0], [92.88291931152344, 209.9601287841797, 1.0], [212.71234130859375, 226.2425079345703, 1.0], [144.24168395996094, 198.4812774658203, 1.0], [126.3564682006836, 162.282958984375, 1.0], [136.6107940673828, 124.04994201660156, 1.0], [213.45101928710938, 240.3562469482422, 1.0], [168.60086059570312, 195.365966796875, 1.0], [193.03659057617188, 162.2110595703125, 1.0], [230.42442321777344, 139.8240203857422, 1.0], [221.33363342285156, 248.9975128173828, 1.0], [178.83901977539062, 234.52293395996094, 1.0], [159.432373046875, 212.90341186523438, 1.0], [181.9818572998047, 181.28382873535156, 1.0]], "is_left": 0}