{"hand_pts": [[48.177669525146484, 179.98226928710938, 1.0], [110.8822250366211, 135.57752990722656, 1.0], [149.7749481201172, 91.86033630371094, 1.0], [176.5106964111328, 78.24815368652344, 1.0], [161.64697265625, 105.15676879882812, 1.0], [219.09463500976562, 184.49624633789062, 1.0], [247.41773986816406, 161.427490234375, 1.0], [208.3712615966797, 143.7508544921875, 1.0], [168.822021484375, 145.65663146972656, 1.0], [210.91452026367188, 223.12606811523438, 1.0], [242.32223510742188, 205.06692504882812, 1.0], [199.81471252441406, 174.52243041992188, 1.0], [163.759521484375, 166.93397521972656, 1.0], [199.59544372558594, 247.71141052246094, 1.0], [220.96791076660156, 238.81283569335938, 1.0], [181.0404815673828, 211.3108367919922, 1.0], [160.47740173339844, 205.76470947265625, 1.0], [178.83917236328125, 265.52783203125, 1.0], [186.7389678955078, 266.3403015136719, 1.0], [160.52842712402344, 237.41331481933594, 1.0], [146.96112060546875, 226.17063903808594, 1.0]], "is_left": 0}