{"hand_pts": [[104.83677673339844, 91.91148376464844, 1.0], [115.72423553466797, 97.29058837890625, 1.0], [110.55933380126953, 85.5099105834961, 1.0], [112.83255004882812, 98.64167785644531, 1.0], [127.77948760986328, 148.44461059570312, 1.0], [218.49781799316406, 128.94406127929688, 1.0], [278.6180114746094, 138.9586181640625, 1.0], [283.32177734375, 167.0062255859375, 1.0], [260.12847900390625, 197.0609588623047, 1.0], [222.67579650878906, 159.56146240234375, 1.0], [190.12498474121094, 217.52471923828125, 1.0], [142.57371520996094, 233.4321746826172, 1.0], [93.1032485961914, 235.82501220703125, 1.0], [216.65029907226562, 185.0222625732422, 1.0], [251.08958435058594, 225.50221252441406, 1.0], [220.96908569335938, 240.66871643066406, 1.0], [176.67835998535156, 228.17771911621094, 1.0], [201.37379455566406, 205.0028533935547, 1.0], [176.2066650390625, 247.68661499023438, 1.0], [139.6155242919922, 233.2174835205078, 1.0], [134.3862762451172, 195.45468139648438, 1.0]], "is_left": 0}