{"hand_pts": [[196.98342895507812, 293.82830810546875, 1.0], [168.64230346679688, 235.98486328125, 1.0], [140.41114807128906, 189.17440795898438, 1.0], [116.14152526855469, 149.0328369140625, 1.0], [94.26265716552734, 112.6163330078125, 1.0], [213.8857879638672, 185.98388671875, 1.0], [222.55508422851562, 139.1605987548828, 1.0], [217.97665405273438, 110.59400177001953, 1.0], [218.7993621826172, 83.2574462890625, 1.0], [224.6312713623047, 210.6246795654297, 1.0], [183.35914611816406, 174.50106811523438, 1.0], [143.33193969726562, 165.01937866210938, 1.0], [105.0001449584961, 164.7797088623047, 1.0], [226.1824188232422, 231.20509338378906, 1.0], [237.00929260253906, 210.62464904785156, 1.0], [204.3168487548828, 199.324462890625, 1.0], [169.89976501464844, 193.60252380371094, 1.0], [223.62281799316406, 254.69078063964844, 1.0], [216.72386169433594, 238.82489013671875, 1.0], [187.5452880859375, 229.9012451171875, 1.0], [158.04042053222656, 223.2783660888672, 1.0]], "is_left": 0}