{"hand_pts": [[88.65705108642578, 255.25856018066406, 1.0], [151.5565185546875, 265.42657470703125, 1.0], [194.3726043701172, 291.8824157714844, 1.0], [235.8696746826172, 291.4945373535156, 1.0], [264.3631591796875, 259.3614807128906, 1.0], [144.41513061523438, 230.2076873779297, 1.0], [180.34393310546875, 221.0294952392578, 1.0], [207.8075714111328, 212.61453247070312, 1.0], [242.72409057617188, 200.58148193359375, 1.0], [124.5082778930664, 195.3494415283203, 1.0], [159.7269287109375, 174.04295349121094, 1.0], [194.30006408691406, 161.6272735595703, 1.0], [239.40267944335938, 153.35812377929688, 1.0], [114.65164947509766, 168.1943359375, 1.0], [174.49290466308594, 129.77352905273438, 1.0], [212.5770721435547, 131.0763702392578, 1.0], [245.2760009765625, 137.57528686523438, 1.0], [105.8767318725586, 146.77169799804688, 1.0], [130.50880432128906, 108.35194396972656, 1.0], [166.10891723632812, 97.64464569091797, 1.0], [204.0398406982422, 100.2445068359375, 1.0]], "is_left": 0}