{"hand_pts": [[45.918487548828125, 119.08282470703125, 1.0], [73.56071472167969, 160.74615478515625, 1.0], [67.82485961914062, 206.2999267578125, 1.0], [114.56887817382812, 221.12811279296875, 1.0], [162.50645446777344, 202.2598114013672, 1.0], [135.4228515625, 244.31692504882812, 1.0], [180.12420654296875, 246.7490692138672, 1.0], [187.30003356933594, 215.2821502685547, 1.0], [165.2494659423828, 181.21820068359375, 1.0], [157.1699981689453, 221.0720672607422, 1.0], [220.00537109375, 202.13108825683594, 1.0], [227.82130432128906, 168.0108642578125, 1.0], [214.14675903320312, 133.2452850341797, 1.0], [174.04161071777344, 196.17982482910156, 1.0], [243.5995330810547, 202.81195068359375, 1.0], [248.22071838378906, 176.17282104492188, 1.0], [216.80467224121094, 153.17514038085938, 1.0], [183.18930053710938, 165.66162109375, 1.0], [229.85264587402344, 144.45323181152344, 1.0], [234.39637756347656, 120.73287963867188, 1.0], [197.1411590576172, 119.66940307617188, 1.0]], "is_left": 0}