{"hand_pts": [[243.02517700195312, 236.14669799804688, 1.0], [217.073486328125, 259.96063232421875, 1.0], [216.2266082763672, 298.2652893066406, 1.0], [195.10086059570312, 300.31488037109375, 1.0], [166.00926208496094, 272.3820495605469, 1.0], [247.93283081054688, 211.21377563476562, 1.0], [216.32803344726562, 202.07040405273438, 1.0], [174.17149353027344, 204.31349182128906, 1.0], [130.15411376953125, 208.60675048828125, 1.0], [245.73423767089844, 175.00868225097656, 1.0], [196.91018676757812, 148.83837890625, 1.0], [146.35023498535156, 157.93675231933594, 1.0], [109.332763671875, 185.31895446777344, 1.0], [237.09837341308594, 150.22254943847656, 1.0], [189.12408447265625, 117.41840362548828, 1.0], [144.68963623046875, 133.02377319335938, 1.0], [113.29862976074219, 161.7412872314453, 1.0], [226.67086791992188, 132.6166534423828, 1.0], [188.29232788085938, 105.17304992675781, 1.0], [151.89218139648438, 116.80170440673828, 1.0], [135.61383056640625, 151.84019470214844, 1.0]], "is_left": 0}