{"hand_pts": [[202.28555297851562, 253.45071411132812, 1.0], [177.4170379638672, 187.02066040039062, 1.0], [165.81752014160156, 126.30635833740234, 1.0], [139.44577026367188, 98.82231903076172, 1.0], [113.57547760009766, 87.29365539550781, 1.0], [239.62474060058594, 158.4867401123047, 1.0], [196.94915771484375, 126.92144775390625, 1.0], [153.5540313720703, 127.33030700683594, 1.0], [112.2135009765625, 131.05613708496094, 1.0], [248.68592834472656, 202.6643829345703, 1.0], [194.0306396484375, 183.3560791015625, 1.0], [146.74661254882812, 183.35670471191406, 1.0], [104.1356201171875, 184.56246948242188, 1.0], [247.31504821777344, 238.00894165039062, 1.0], [243.02903747558594, 219.6726837158203, 1.0], [212.47537231445312, 208.69366455078125, 1.0], [171.6232452392578, 199.9192657470703, 1.0], [240.5024871826172, 273.0017395019531, 1.0], [222.00372314453125, 267.0514831542969, 1.0], [191.29701232910156, 258.5867004394531, 1.0], [155.21070861816406, 247.04420471191406, 1.0]], "is_left": 0}