{"hand_pts": [[142.7954864501953, 24.46581268310547, 1.0], [109.65019226074219, 81.43282318115234, 1.0], [75.6270751953125, 121.54153442382812, 1.0], [83.05675506591797, 168.29600524902344, 1.0], [101.7158432006836, 202.04078674316406, 1.0], [186.57858276367188, 151.50857543945312, 1.0], [231.1349639892578, 206.48287963867188, 1.0], [245.66661071777344, 245.2227783203125, 1.0], [264.7210998535156, 281.3664855957031, 1.0], [216.08592224121094, 142.5034942626953, 1.0], [199.58285522460938, 215.4272003173828, 1.0], [143.79360961914062, 223.46871948242188, 1.0], [88.22183990478516, 220.97186279296875, 1.0], [231.139404296875, 133.77392578125, 1.0], [226.64659118652344, 202.1736297607422, 1.0], [201.2734375, 233.5135498046875, 1.0], [164.86329650878906, 256.863037109375, 1.0], [237.9198760986328, 118.80764770507812, 1.0], [252.13795471191406, 160.864501953125, 1.0], [211.01158142089844, 169.026611328125, 1.0], [176.20986938476562, 144.45057678222656, 1.0]], "is_left": 0}