{"hand_pts": [[43.18643569946289, 216.34608459472656, 1.0], [102.48396301269531, 183.39349365234375, 1.0], [146.32704162597656, 151.54759216308594, 1.0], [193.7037811279297, 134.3968963623047, 1.0], [236.62437438964844, 131.9358673095703, 1.0], [141.7810516357422, 140.0691680908203, 1.0], [202.51998901367188, 126.50569915771484, 1.0], [231.47421264648438, 143.5605926513672, 1.0], [259.50335693359375, 160.3148956298828, 1.0], [129.19851684570312, 167.0892791748047, 1.0], [201.6487274169922, 170.941650390625, 1.0], [240.16751098632812, 181.8144073486328, 1.0], [269.4474182128906, 195.5306396484375, 1.0], [120.91968536376953, 192.5074462890625, 1.0], [187.24037170410156, 204.71592712402344, 1.0], [201.7241973876953, 221.60838317871094, 1.0], [209.277587890625, 237.47882080078125, 1.0], [109.22237396240234, 219.75723266601562, 1.0], [149.69847106933594, 237.12255859375, 1.0], [169.3058319091797, 250.08062744140625, 1.0], [168.1663055419922, 254.0534210205078, 1.0]], "is_left": 0}