{"hand_pts": [[171.38641357421875, 70.56653594970703, 1.0], [198.52638244628906, 75.39118194580078, 1.0], [218.95205688476562, 61.191307067871094, 1.0], [209.71975708007812, 92.66484069824219, 1.0], [187.90066528320312, 133.34214782714844, 1.0], [253.29519653320312, 169.17611694335938, 1.0], [254.5594024658203, 211.42874145507812, 1.0], [225.31906127929688, 204.85943603515625, 1.0], [194.09637451171875, 191.38201904296875, 1.0], [227.0994110107422, 197.52052307128906, 1.0], [215.57601928710938, 236.83538818359375, 1.0], [185.92869567871094, 209.5138397216797, 1.0], [164.8535919189453, 168.49949645996094, 1.0], [200.3759307861328, 214.05528259277344, 1.0], [168.08694458007812, 224.34913635253906, 1.0], [141.97637939453125, 199.7809600830078, 1.0], [121.53497314453125, 162.81051635742188, 1.0], [170.85223388671875, 220.16209411621094, 1.0], [140.3214874267578, 241.31210327148438, 1.0], [116.35738372802734, 229.65402221679688, 1.0], [97.51756286621094, 202.18804931640625, 1.0]], "is_left": 0}