{"hand_pts": [[29.697402954101562, 172.04580688476562, 1.0], [77.10346221923828, 204.08311462402344, 1.0], [98.61316680908203, 216.22802734375, 1.0], [131.16329956054688, 215.85694885253906, 1.0], [163.6260223388672, 213.6616973876953, 1.0], [150.70242309570312, 242.65602111816406, 1.0], [214.69720458984375, 250.21047973632812, 1.0], [250.45181274414062, 233.15283203125, 1.0], [267.89617919921875, 204.87733459472656, 1.0], [152.55148315429688, 209.7195587158203, 1.0], [226.44606018066406, 199.21983337402344, 1.0], [224.4144744873047, 174.0254669189453, 1.0], [185.01206970214844, 163.88436889648438, 1.0], [152.35922241210938, 179.40286254882812, 1.0], [194.01144409179688, 144.85755920410156, 1.0], [203.7173309326172, 122.36019897460938, 1.0], [197.4490203857422, 102.19439697265625, 1.0], [144.9344482421875, 148.24163818359375, 1.0], [190.4044647216797, 149.84422302246094, 1.0], [224.7325897216797, 147.93190002441406, 1.0], [223.20875549316406, 144.0127716064453, 1.0]], "is_left": 0}