{"hand_pts": [[295.5607604980469, 310.1550598144531, 1.0], [285.33563232421875, 237.63401794433594, 1.0], [280.5774841308594, 184.56617736816406, 1.0], [277.4173889160156, 136.0504913330078, 1.0], [275.1548767089844, 97.68106842041016, 1.0], [192.91847229003906, 197.21192932128906, 1.0], [140.50340270996094, 158.25808715820312, 1.0], [119.89754486083984, 128.59506225585938, 1.0], [102.21630096435547, 100.60657501220703, 1.0], [182.6056671142578, 225.13572692871094, 1.0], [185.81094360351562, 161.1383819580078, 1.0], [229.0993194580078, 151.02561950683594, 1.0], [269.8946838378906, 142.37896728515625, 1.0], [181.81741333007812, 246.1466827392578, 1.0], [123.5473403930664, 220.02511596679688, 1.0], [115.96208953857422, 191.40176391601562, 1.0], [137.7888946533203, 164.4828643798828, 1.0], [190.03805541992188, 269.5657653808594, 1.0], [153.06002807617188, 250.0685272216797, 1.0], [132.32159423828125, 231.5363311767578, 1.0], [139.57620239257812, 200.7200927734375, 1.0]], "is_left": 0}