{"hand_pts": [[67.97051239013672, 105.6303939819336, 1.0], [76.85354614257812, 165.1484375, 1.0], [63.11945343017578, 214.25881958007812, 1.0], [75.8128433227539, 251.00071716308594, 1.0], [107.86321258544922, 240.2615966796875, 1.0], [143.88192749023438, 177.8253173828125, 1.0], [175.1910400390625, 215.23876953125, 1.0], [190.70787048339844, 239.99949645996094, 1.0], [210.87570190429688, 262.0003662109375, 1.0], [163.74632263183594, 150.8959197998047, 1.0], [223.73135375976562, 158.8550262451172, 1.0], [257.55224609375, 173.29666137695312, 1.0], [253.19012451171875, 200.72756958007812, 1.0], [175.993896484375, 132.00564575195312, 1.0], [230.7864990234375, 146.9168701171875, 1.0], [246.11972045898438, 166.6168670654297, 1.0], [246.04774475097656, 189.56396484375, 1.0], [180.64976501464844, 113.1614761352539, 1.0], [203.5041961669922, 137.94920349121094, 1.0], [212.3495635986328, 157.85121154785156, 1.0], [207.03939819335938, 181.3130645751953, 1.0]], "is_left": 0}