{"hand_pts": [[74.58463287353516, 34.24683380126953, 1.0], [121.8635482788086, 84.340576171875, 1.0], [154.44618225097656, 105.72106170654297, 1.0], [175.11851501464844, 161.46083068847656, 1.0], [175.1647491455078, 213.3567352294922, 1.0], [239.3647003173828, 112.39350128173828, 1.0], [268.381103515625, 184.61495971679688, 1.0], [230.50146484375, 221.33978271484375, 1.0], [178.86679077148438, 235.32199096679688, 1.0], [224.77867126464844, 118.4507064819336, 1.0], [227.28103637695312, 212.52317810058594, 1.0], [181.74310302734375, 245.89608764648438, 1.0], [130.0662078857422, 235.0099639892578, 1.0], [204.33624267578125, 127.30603790283203, 1.0], [238.6923828125, 209.85316467285156, 1.0], [200.302001953125, 239.328125, 1.0], [157.9524383544922, 230.04696655273438, 1.0], [174.19973754882812, 132.19522094726562, 1.0], [156.85018920898438, 192.96678161621094, 1.0], [120.6047134399414, 203.50401306152344, 1.0], [93.9398422241211, 180.90634155273438, 1.0]], "is_left": 0}