{"hand_pts": [[240.54470825195312, 156.46041870117188, 1.0], [195.96495056152344, 210.36459350585938, 1.0], [182.81541442871094, 266.2397766113281, 1.0], [153.24407958984375, 285.0590515136719, 1.0], [124.0143051147461, 284.98614501953125, 1.0], [224.80218505859375, 232.37957763671875, 1.0], [220.53042602539062, 242.67422485351562, 1.0], [181.46412658691406, 232.8578643798828, 1.0], [151.61380004882812, 218.38070678710938, 1.0], [236.87289428710938, 186.9070281982422, 1.0], [192.94349670410156, 191.7834014892578, 1.0], [150.61163330078125, 187.79527282714844, 1.0], [129.52328491210938, 184.46922302246094, 1.0], [239.16419982910156, 149.58740234375, 1.0], [214.80300903320312, 134.16757202148438, 1.0], [179.96853637695312, 127.00769805908203, 1.0], [142.64817810058594, 131.1817626953125, 1.0], [238.80438232421875, 113.6002197265625, 1.0], [208.41136169433594, 89.47874450683594, 1.0], [176.36062622070312, 92.12605285644531, 1.0], [155.9619598388672, 106.51708984375, 1.0]], "is_left": 0}