{"hand_pts": [[336.1765441894531, 216.91986083984375, 1.0], [279.76763916015625, 168.6823272705078, 1.0], [248.42532348632812, 119.75233459472656, 1.0], [210.61236572265625, 91.75718688964844, 1.0], [178.89576721191406, 96.17748260498047, 1.0], [166.38673400878906, 186.3821563720703, 1.0], [112.13619995117188, 156.10189819335938, 1.0], [121.45755767822266, 136.01126098632812, 1.0], [166.64962768554688, 138.3369903564453, 1.0], [175.0172882080078, 220.19650268554688, 1.0], [119.48260498046875, 208.10601806640625, 1.0], [153.94313049316406, 185.3788604736328, 1.0], [196.12069702148438, 165.43858337402344, 1.0], [188.21534729003906, 243.72747802734375, 1.0], [156.237548828125, 217.81776428222656, 1.0], [191.95440673828125, 196.68365478515625, 1.0], [234.43264770507812, 190.8260955810547, 1.0], [211.38381958007812, 263.9354248046875, 1.0], [178.1905059814453, 258.8018798828125, 1.0], [190.19065856933594, 236.88333129882812, 1.0], [224.53977966308594, 223.70860290527344, 1.0]], "is_left": 0}