{"hand_pts": [[66.45784759521484, 119.06527709960938, 1.0], [119.96892547607422, 110.30757141113281, 1.0], [168.79872131347656, 88.82339477539062, 1.0], [205.76889038085938, 96.25092315673828, 1.0], [225.8477783203125, 123.79412078857422, 1.0], [174.61187744140625, 140.80938720703125, 1.0], [226.71774291992188, 154.10934448242188, 1.0], [252.42506408691406, 166.76931762695312, 1.0], [272.5964660644531, 180.45838928222656, 1.0], [149.19911193847656, 168.9103546142578, 1.0], [200.25062561035156, 197.18609619140625, 1.0], [223.4749298095703, 209.35281372070312, 1.0], [241.6954345703125, 218.5092010498047, 1.0], [127.04082489013672, 189.94664001464844, 1.0], [170.9575653076172, 223.37472534179688, 1.0], [191.91293334960938, 237.6218719482422, 1.0], [208.50820922851562, 246.85366821289062, 1.0], [101.93054962158203, 205.7028045654297, 1.0], [123.20263671875, 235.44039916992188, 1.0], [138.27842712402344, 248.4074249267578, 1.0], [152.1127166748047, 250.06182861328125, 1.0]], "is_left": 0}