{"hand_pts": [[168.56373596191406, 139.46351623535156, 1.0], [191.94236755371094, 185.08811950683594, 1.0], [222.9970703125, 232.66217041015625, 1.0], [243.09445190429688, 275.8063659667969, 1.0], [246.45892333984375, 307.7830505371094, 1.0], [226.8405303955078, 157.11485290527344, 1.0], [252.80992126464844, 176.44935607910156, 1.0], [249.38790893554688, 209.34539794921875, 1.0], [219.9748077392578, 242.5613555908203, 1.0], [200.84991455078125, 131.0281982421875, 1.0], [211.8686981201172, 140.2171630859375, 1.0], [191.634033203125, 187.9360809326172, 1.0], [172.56277465820312, 234.99728393554688, 1.0], [176.76783752441406, 116.55677795410156, 1.0], [133.4975128173828, 154.11483764648438, 1.0], [105.20587158203125, 189.22377014160156, 1.0], [76.40922546386719, 224.3776397705078, 1.0], [152.06314086914062, 106.33050537109375, 1.0], [134.72154235839844, 109.41275024414062, 1.0], [121.90090942382812, 141.89630126953125, 1.0], [120.23873901367188, 177.5034942626953, 1.0]], "is_left": 0}