{"hand_pts": [[56.97236251831055, 93.7036361694336, 1.0], [108.51483917236328, 91.14632415771484, 1.0], [146.06903076171875, 75.4092788696289, 1.0], [193.48587036132812, 88.35650634765625, 1.0], [232.29141235351562, 118.24986267089844, 1.0], [123.90103912353516, 164.31417846679688, 1.0], [175.5630645751953, 191.84925842285156, 1.0], [220.35580444335938, 192.9132080078125, 1.0], [262.32073974609375, 186.47779846191406, 1.0], [117.13262176513672, 184.7683563232422, 1.0], [179.35687255859375, 223.81085205078125, 1.0], [229.65013122558594, 218.06358337402344, 1.0], [272.84765625, 199.9217987060547, 1.0], [115.9634017944336, 195.2281494140625, 1.0], [174.62220764160156, 236.44757080078125, 1.0], [218.37632751464844, 230.21055603027344, 1.0], [254.55648803710938, 208.98838806152344, 1.0], [113.09506225585938, 197.59886169433594, 1.0], [154.50648498535156, 224.31961059570312, 1.0], [190.12889099121094, 221.75830078125, 1.0], [220.78565979003906, 200.39913940429688, 1.0]], "is_left": 0}