{"hand_pts": [[333.84564208984375, 228.24807739257812, 1.0], [271.98687744140625, 212.0684356689453, 1.0], [234.52490234375, 217.38832092285156, 1.0], [198.26443481445312, 181.88015747070312, 1.0], [188.88963317871094, 136.65223693847656, 1.0], [197.0902557373047, 264.8887023925781, 1.0], [140.01712036132812, 249.456298828125, 1.0], [120.52550506591797, 204.67491149902344, 1.0], [113.07017517089844, 156.3358612060547, 1.0], [210.6146697998047, 253.72996520996094, 1.0], [148.67262268066406, 210.64816284179688, 1.0], [136.474365234375, 156.84251403808594, 1.0], [152.4645538330078, 118.49878692626953, 1.0], [223.68115234375, 235.2812957763672, 1.0], [167.6373291015625, 218.5467987060547, 1.0], [149.7059783935547, 172.33212280273438, 1.0], [138.67466735839844, 128.12120056152344, 1.0], [243.2732696533203, 213.66033935546875, 1.0], [226.4597930908203, 156.087158203125, 1.0], [227.49655151367188, 115.48086547851562, 1.0], [235.00698852539062, 84.51323699951172, 1.0]], "is_left": 0}