{"hand_pts": [[158.64796447753906, 175.85997009277344, 1.0], [189.3535614013672, 135.39295959472656, 1.0], [200.39727783203125, 82.55692291259766, 1.0], [243.25076293945312, 97.6218490600586, 1.0], [248.3527069091797, 146.58383178710938, 1.0], [136.10415649414062, 125.62129974365234, 1.0], [194.95892333984375, 142.0539093017578, 1.0], [212.28244018554688, 152.04718017578125, 1.0], [184.62265014648438, 147.323974609375, 1.0], [124.13841247558594, 168.39630126953125, 1.0], [188.85630798339844, 201.0651092529297, 1.0], [211.88829040527344, 197.14781188964844, 1.0], [183.99842834472656, 176.28965759277344, 1.0], [122.94635772705078, 203.51821899414062, 1.0], [182.68836975097656, 245.76278686523438, 1.0], [200.41497802734375, 236.6577911376953, 1.0], [170.5498809814453, 210.2495574951172, 1.0], [126.8552017211914, 236.14544677734375, 1.0], [164.34698486328125, 274.1430969238281, 1.0], [184.04367065429688, 261.48175048828125, 1.0], [159.32518005371094, 231.80198669433594, 1.0]], "is_left": 0}