{"hand_pts": [[286.8242492675781, 185.24710083007812, 1.0], [278.9288635253906, 197.25653076171875, 1.0], [300.65826416015625, 202.0782470703125, 1.0], [271.0612487792969, 221.1070556640625, 1.0], [222.33253479003906, 236.3318328857422, 1.0], [229.03749084472656, 132.4762725830078, 1.0], [198.87213134765625, 160.96218872070312, 1.0], [203.6360626220703, 198.42337036132812, 1.0], [210.11077880859375, 231.33267211914062, 1.0], [200.54957580566406, 126.85487365722656, 1.0], [161.68606567382812, 158.44505310058594, 1.0], [144.65203857421875, 188.19017028808594, 1.0], [141.10548400878906, 226.90882873535156, 1.0], [178.9258270263672, 130.1144256591797, 1.0], [114.16002655029297, 140.28013610839844, 1.0], [129.1622772216797, 177.75270080566406, 1.0], [164.90354919433594, 193.76795959472656, 1.0], [164.43751525878906, 138.99661254882812, 1.0], [130.29273986816406, 174.28485107421875, 1.0], [122.42240142822266, 206.0714111328125, 1.0], [135.14077758789062, 238.52902221679688, 1.0]], "is_left": 0}