{"hand_pts": [[265.56463623046875, 65.23368835449219, 1.0], [226.4165496826172, 82.83673095703125, 1.0], [221.8720245361328, 82.32478332519531, 1.0], [179.36770629882812, 114.69465637207031, 1.0], [144.003173828125, 145.03890991210938, 1.0], [245.01431274414062, 169.684326171875, 1.0], [194.04127502441406, 207.69052124023438, 1.0], [147.841064453125, 204.0511474609375, 1.0], [130.92196655273438, 173.0562744140625, 1.0], [247.98753356933594, 188.9717559814453, 1.0], [173.40234375, 221.23965454101562, 1.0], [141.21298217773438, 181.53704833984375, 1.0], [135.8092041015625, 136.28671264648438, 1.0], [243.83993530273438, 199.54637145996094, 1.0], [195.13525390625, 260.8334655761719, 1.0], [148.58026123046875, 260.92041015625, 1.0], [132.1591796875, 219.401611328125, 1.0], [238.60984802246094, 200.75245666503906, 1.0], [191.66162109375, 233.02841186523438, 1.0], [164.65557861328125, 205.2638702392578, 1.0], [184.2550048828125, 168.8967742919922, 1.0]], "is_left": 0}