{"hand_pts": [[203.81094360351562, 291.36151123046875, 1.0], [201.07546997070312, 224.992431640625, 1.0], [194.43487548828125, 166.39198303222656, 1.0], [193.4438018798828, 126.13365936279297, 1.0], [195.63296508789062, 103.9368896484375, 1.0], [160.3093719482422, 201.4408721923828, 1.0], [148.80287170410156, 151.62680053710938, 1.0], [162.2644805908203, 119.0503158569336, 1.0], [181.16375732421875, 91.10408020019531, 1.0], [168.92091369628906, 232.5084686279297, 1.0], [152.56790161132812, 187.40333557128906, 1.0], [164.35231018066406, 149.22903442382812, 1.0], [181.6064910888672, 113.57283020019531, 1.0], [181.381103515625, 255.90655517578125, 1.0], [174.74241638183594, 218.70082092285156, 1.0], [187.57717895507812, 187.2901153564453, 1.0], [205.56423950195312, 155.25498962402344, 1.0], [196.91038513183594, 280.2301940917969, 1.0], [205.96676635742188, 255.7838592529297, 1.0], [222.86257934570312, 229.6348114013672, 1.0], [243.27206420898438, 200.66928100585938, 1.0]], "is_left": 0}