{"hand_pts": [[169.31175231933594, 347.91973876953125, 1.0], [142.15296936035156, 281.5272521972656, 1.0], [107.89105224609375, 238.5632781982422, 1.0], [108.16334533691406, 190.79742431640625, 1.0], [135.5697479248047, 156.59889221191406, 1.0], [120.88375091552734, 202.8813934326172, 1.0], [125.53361511230469, 139.2549285888672, 1.0], [146.6153564453125, 120.6392822265625, 1.0], [172.3925323486328, 126.98853302001953, 1.0], [157.41192626953125, 218.8148956298828, 1.0], [171.76290893554688, 144.24676513671875, 1.0], [190.9789276123047, 117.66004180908203, 1.0], [209.26405334472656, 103.99752807617188, 1.0], [189.7572479248047, 233.55642700195312, 1.0], [222.0390167236328, 174.00616455078125, 1.0], [240.1582489013672, 171.45849609375, 1.0], [243.57907104492188, 192.7336883544922, 1.0], [220.88685607910156, 254.7786865234375, 1.0], [251.30966186523438, 221.2058868408203, 1.0], [266.6092529296875, 211.9091033935547, 1.0], [270.97381591796875, 214.86170959472656, 1.0]], "is_left": 0}