{"hand_pts": [[315.1148376464844, 190.52374267578125, 1.0], [220.845458984375, 181.68064880371094, 1.0], [161.64369201660156, 158.24766540527344, 1.0], [118.392822265625, 184.1644744873047, 1.0], [152.30657958984375, 210.3698272705078, 1.0], [168.5378875732422, 107.85545349121094, 1.0], [108.65837097167969, 149.67227172851562, 1.0], [130.615966796875, 182.84994506835938, 1.0], [174.09310913085938, 180.8426971435547, 1.0], [202.50392150878906, 120.13529205322266, 1.0], [138.22006225585938, 172.89125061035156, 1.0], [151.9396514892578, 208.25735473632812, 1.0], [187.9009246826172, 210.5337371826172, 1.0], [226.72564697265625, 137.57708740234375, 1.0], [176.1084442138672, 192.94363403320312, 1.0], [185.86302185058594, 224.3218536376953, 1.0], [215.23683166503906, 204.39463806152344, 1.0], [253.55372619628906, 159.70562744140625, 1.0], [236.23309326171875, 202.88262939453125, 1.0], [240.79664611816406, 227.05001831054688, 1.0], [254.84214782714844, 210.74771118164062, 1.0]], "is_left": 0}