{"hand_pts": [[259.3564453125, 38.76128005981445, 1.0], [280.2095642089844, 90.67146301269531, 1.0], [304.76904296875, 132.74423217773438, 1.0], [302.8623962402344, 172.43783569335938, 1.0], [282.75030517578125, 205.67039489746094, 1.0], [220.71327209472656, 157.27842712402344, 1.0], [204.0742645263672, 210.5113067626953, 1.0], [195.42398071289062, 242.75616455078125, 1.0], [186.6277618408203, 272.63983154296875, 1.0], [189.14125061035156, 142.1007537841797, 1.0], [156.1433563232422, 201.9829864501953, 1.0], [148.90069580078125, 236.15023803710938, 1.0], [146.2510528564453, 265.59442138671875, 1.0], [169.26211547851562, 127.55134582519531, 1.0], [132.45826721191406, 179.94964599609375, 1.0], [125.36206817626953, 206.5000762939453, 1.0], [125.87515258789062, 228.74363708496094, 1.0], [156.85415649414062, 107.91719818115234, 1.0], [128.5672149658203, 140.8006134033203, 1.0], [122.79564666748047, 162.57972717285156, 1.0], [121.15457153320312, 185.37095642089844, 1.0]], "is_left": 0}