{"hand_pts": [[49.511783599853516, 183.276123046875, 1.0], [111.60784149169922, 155.11839294433594, 1.0], [164.58071899414062, 136.8880615234375, 1.0], [210.22515869140625, 117.255615234375, 1.0], [220.8884735107422, 109.54256439208984, 1.0], [177.51234436035156, 210.9870147705078, 1.0], [232.47708129882812, 224.48057556152344, 1.0], [258.3865051269531, 210.47317504882812, 1.0], [277.4291687011719, 191.6952667236328, 1.0], [157.76068115234375, 229.98565673828125, 1.0], [207.831787109375, 185.5422821044922, 1.0], [200.84861755371094, 139.0309600830078, 1.0], [186.79022216796875, 97.25255584716797, 1.0], [140.505126953125, 237.89405822753906, 1.0], [194.48373413085938, 242.58370971679688, 1.0], [200.59645080566406, 203.16616821289062, 1.0], [199.8585205078125, 162.84471130371094, 1.0], [118.49282836914062, 239.99267578125, 1.0], [131.05783081054688, 213.4656982421875, 1.0], [132.42601013183594, 184.43443298339844, 1.0], [132.12356567382812, 150.29037475585938, 1.0]], "is_left": 0}