{"hand_pts": [[271.665283203125, 256.2039489746094, 1.0], [221.85850524902344, 267.3951721191406, 1.0], [189.683837890625, 297.4061279296875, 1.0], [141.39804077148438, 265.25799560546875, 1.0], [133.07810974121094, 213.37155151367188, 1.0], [265.779296875, 259.7702331542969, 1.0], [217.81265258789062, 226.14942932128906, 1.0], [157.73538208007812, 196.4464874267578, 1.0], [117.39187622070312, 180.80149841308594, 1.0], [273.4682922363281, 222.62916564941406, 1.0], [209.14517211914062, 165.9998779296875, 1.0], [150.5313720703125, 153.57440185546875, 1.0], [146.3179168701172, 175.17477416992188, 1.0], [269.35894775390625, 190.66693115234375, 1.0], [185.40737915039062, 126.18241119384766, 1.0], [133.01071166992188, 113.49349212646484, 1.0], [132.29859924316406, 138.90139770507812, 1.0], [261.82080078125, 162.66014099121094, 1.0], [210.51780700683594, 115.03608703613281, 1.0], [166.53634643554688, 108.93355560302734, 1.0], [179.18641662597656, 142.97080993652344, 1.0]], "is_left": 0}