{"hand_pts": [[314.8739929199219, 111.68955993652344, 1.0], [290.81695556640625, 185.62229919433594, 1.0], [280.9876403808594, 251.71240234375, 1.0], [223.3546905517578, 249.75909423828125, 1.0], [170.12652587890625, 236.5621337890625, 1.0], [195.13536071777344, 188.3125457763672, 1.0], [151.818359375, 220.80499267578125, 1.0], [167.04356384277344, 232.96176147460938, 1.0], [173.75119018554688, 245.48985290527344, 1.0], [177.08055114746094, 144.47694396972656, 1.0], [114.97254180908203, 198.1337127685547, 1.0], [144.67691040039062, 223.823974609375, 1.0], [175.53207397460938, 244.23562622070312, 1.0], [167.94940185546875, 113.23777770996094, 1.0], [153.40428161621094, 164.26490783691406, 1.0], [176.83990478515625, 190.49647521972656, 1.0], [201.90234375, 214.83078002929688, 1.0], [169.11341857910156, 84.40206146240234, 1.0], [158.13580322265625, 83.49848937988281, 1.0], [197.544189453125, 98.51209259033203, 1.0], [226.13162231445312, 109.0527572631836, 1.0]], "is_left": 0}