{"hand_pts": [[263.5081481933594, 264.6339416503906, 1.0], [198.35055541992188, 229.83392333984375, 1.0], [139.4475860595703, 215.6528778076172, 1.0], [89.77645111083984, 203.58627319335938, 1.0], [93.07997131347656, 203.72064208984375, 1.0], [207.26361083984375, 154.13699340820312, 1.0], [158.4754638671875, 143.4946746826172, 1.0], [126.71807861328125, 146.8287353515625, 1.0], [115.09063720703125, 176.97010803222656, 1.0], [239.76634216308594, 164.98191833496094, 1.0], [197.5016326904297, 157.80360412597656, 1.0], [165.9801788330078, 176.65740966796875, 1.0], [137.3116912841797, 198.23516845703125, 1.0], [259.8551940917969, 177.9955291748047, 1.0], [225.3202667236328, 168.75375366210938, 1.0], [199.92967224121094, 173.52862548828125, 1.0], [176.7840576171875, 197.4144287109375, 1.0], [277.161376953125, 196.39369201660156, 1.0], [257.5122985839844, 192.2350311279297, 1.0], [231.957275390625, 205.04116821289062, 1.0], [203.6568145751953, 219.1760711669922, 1.0]], "is_left": 0}