{"hand_pts": [[294.5633239746094, 316.949951171875, 1.0], [243.60775756835938, 302.2578430175781, 1.0], [195.2775115966797, 310.398193359375, 1.0], [160.8618621826172, 298.4164733886719, 1.0], [150.743408203125, 266.82513427734375, 1.0], [178.44493103027344, 225.3933868408203, 1.0], [128.85980224609375, 184.13963317871094, 1.0], [109.6363296508789, 161.6196746826172, 1.0], [103.36800384521484, 145.7434539794922, 1.0], [205.4568328857422, 205.62216186523438, 1.0], [157.34808349609375, 152.04812622070312, 1.0], [144.15985107421875, 137.2725067138672, 1.0], [136.87232971191406, 129.34408569335938, 1.0], [230.9345245361328, 194.01852416992188, 1.0], [189.69027709960938, 132.30397033691406, 1.0], [181.78265380859375, 119.27212524414062, 1.0], [187.75759887695312, 130.15277099609375, 1.0], [260.3740234375, 191.08059692382812, 1.0], [253.25209045410156, 148.2147216796875, 1.0], [250.60415649414062, 131.0879669189453, 1.0], [249.41921997070312, 133.82229614257812, 1.0]], "is_left": 0}