{"hand_pts": [[68.95796966552734, 280.2563171386719, 1.0], [139.430908203125, 276.7795104980469, 1.0], [195.78839111328125, 272.94677734375, 1.0], [236.46627807617188, 253.84417724609375, 1.0], [267.0584716796875, 230.3718719482422, 1.0], [174.7129669189453, 224.44473266601562, 1.0], [221.46682739257812, 197.14804077148438, 1.0], [251.30323791503906, 180.07955932617188, 1.0], [278.463134765625, 163.0207061767578, 1.0], [140.9173583984375, 206.3328857421875, 1.0], [192.13766479492188, 169.43202209472656, 1.0], [227.85763549804688, 151.87315368652344, 1.0], [260.61993408203125, 135.5975341796875, 1.0], [113.94585418701172, 194.64784240722656, 1.0], [152.5248565673828, 152.14109802246094, 1.0], [180.6533966064453, 132.49954223632812, 1.0], [209.0384063720703, 115.9922866821289, 1.0], [85.04560089111328, 188.8919677734375, 1.0], [107.4972915649414, 156.902099609375, 1.0], [129.48193359375, 140.3982696533203, 1.0], [155.50001525878906, 126.45521545410156, 1.0]], "is_left": 0}