{"hand_pts": [[87.50513458251953, 246.0906524658203, 1.0], [104.46414184570312, 255.78836059570312, 1.0], [112.18020629882812, 280.58306884765625, 1.0], [154.24887084960938, 263.322021484375, 1.0], [195.11105346679688, 236.39561462402344, 1.0], [119.2426528930664, 181.38792419433594, 1.0], [152.9950714111328, 189.36181640625, 1.0], [179.24749755859375, 210.72532653808594, 1.0], [197.31448364257812, 241.7865753173828, 1.0], [137.8673858642578, 160.8574981689453, 1.0], [166.47706604003906, 104.3492431640625, 1.0], [196.9247283935547, 88.3482894897461, 1.0], [229.52288818359375, 96.22664642333984, 1.0], [155.6580810546875, 151.16427612304688, 1.0], [212.76861572265625, 157.1682891845703, 1.0], [239.99752807617188, 182.1829071044922, 1.0], [260.429443359375, 213.54385375976562, 1.0], [170.2990264892578, 149.3749237060547, 1.0], [216.86810302734375, 155.51438903808594, 1.0], [235.7817840576172, 182.0557098388672, 1.0], [243.05389404296875, 216.8880615234375, 1.0]], "is_left": 0}