{"hand_pts": [[304.8123779296875, 84.13961791992188, 1.0], [289.7856750488281, 116.02921295166016, 1.0], [297.79583740234375, 132.2505645751953, 1.0], [274.6488952636719, 172.5178680419922, 1.0], [235.8594512939453, 212.78392028808594, 1.0], [194.21878051757812, 103.8873291015625, 1.0], [164.1767120361328, 160.19480895996094, 1.0], [174.38194274902344, 206.06101989746094, 1.0], [201.7132568359375, 238.79107666015625, 1.0], [175.99850463867188, 111.23722839355469, 1.0], [135.77711486816406, 182.85836791992188, 1.0], [153.67613220214844, 231.65145874023438, 1.0], [194.3509979248047, 256.69769287109375, 1.0], [167.64990234375, 123.17711639404297, 1.0], [116.58328247070312, 181.11985778808594, 1.0], [130.52011108398438, 224.08038330078125, 1.0], [165.30567932128906, 250.6548309326172, 1.0], [169.23851013183594, 134.68312072753906, 1.0], [137.75506591796875, 181.78475952148438, 1.0], [149.707275390625, 216.64991760253906, 1.0], [184.57192993164062, 230.5723114013672, 1.0]], "is_left": 0}