{"hand_pts": [[299.1719970703125, 121.14385986328125, 1.0], [241.62364196777344, 99.01044464111328, 1.0], [189.80670166015625, 65.15645599365234, 1.0], [164.42041015625, 74.23410034179688, 1.0], [158.09298706054688, 100.20970916748047, 1.0], [160.07005310058594, 155.57919311523438, 1.0], [126.61714935302734, 164.9055938720703, 1.0], [126.70354461669922, 161.76785278320312, 1.0], [141.82093811035156, 153.53488159179688, 1.0], [190.66151428222656, 189.65225219726562, 1.0], [157.85537719726562, 209.2291717529297, 1.0], [165.44223022460938, 196.33934020996094, 1.0], [184.45431518554688, 173.84181213378906, 1.0], [220.47314453125, 212.32278442382812, 1.0], [171.14845275878906, 248.8714141845703, 1.0], [163.9123077392578, 247.16795349121094, 1.0], [165.0626983642578, 236.4442138671875, 1.0], [255.68482971191406, 227.68902587890625, 1.0], [242.9132537841797, 259.7777404785156, 1.0], [244.34304809570312, 253.1345977783203, 1.0], [250.44705200195312, 227.90321350097656, 1.0]], "is_left": 0}