{"hand_pts": [[110.83009338378906, 109.34571075439453, 1.0], [128.6719970703125, 181.36456298828125, 1.0], [119.09650421142578, 238.54995727539062, 1.0], [164.39593505859375, 243.30734252929688, 1.0], [208.83306884765625, 235.35238647460938, 1.0], [109.76011657714844, 208.31069946289062, 1.0], [159.732421875, 244.9371795654297, 1.0], [194.94345092773438, 265.17303466796875, 1.0], [228.2063446044922, 286.19952392578125, 1.0], [127.98844146728516, 163.63978576660156, 1.0], [161.62281799316406, 192.97332763671875, 1.0], [204.06954956054688, 211.36117553710938, 1.0], [246.4392547607422, 224.60958862304688, 1.0], [149.03407287597656, 128.27162170410156, 1.0], [183.4027099609375, 161.12884521484375, 1.0], [222.01113891601562, 175.5090789794922, 1.0], [229.37258911132812, 169.95425415039062, 1.0], [169.83299255371094, 92.95140075683594, 1.0], [199.9669952392578, 83.2278823852539, 1.0], [224.51211547851562, 78.58763885498047, 1.0], [253.20407104492188, 78.3711929321289, 1.0]], "is_left": 0}