{"hand_pts": [[113.18306732177734, 179.185302734375, 1.0], [178.7017822265625, 215.5588836669922, 1.0], [236.54739379882812, 246.80821228027344, 1.0], [273.16217041015625, 225.49432373046875, 1.0], [276.5221862792969, 188.70143127441406, 1.0], [154.3236083984375, 257.66131591796875, 1.0], [209.9600067138672, 229.08392333984375, 1.0], [239.59140014648438, 199.79861450195312, 1.0], [249.5140380859375, 175.1302947998047, 1.0], [122.228515625, 224.57781982421875, 1.0], [159.37649536132812, 204.03407287597656, 1.0], [202.49583435058594, 178.53277587890625, 1.0], [216.5639190673828, 171.82138061523438, 1.0], [103.2803726196289, 193.97097778320312, 1.0], [164.05088806152344, 162.35145568847656, 1.0], [192.6802215576172, 143.96817016601562, 1.0], [193.1138458251953, 143.53900146484375, 1.0], [87.86082458496094, 161.99200439453125, 1.0], [115.40458679199219, 123.40272521972656, 1.0], [139.15054321289062, 111.38412475585938, 1.0], [130.02186584472656, 136.51368713378906, 1.0]], "is_left": 0}