{"hand_pts": [[41.70521926879883, 230.14450073242188, 1.0], [86.8656234741211, 169.4093475341797, 1.0], [99.9576187133789, 117.27263641357422, 1.0], [127.0431137084961, 107.90594482421875, 1.0], [126.4115219116211, 145.7372283935547, 1.0], [201.391357421875, 151.5590362548828, 1.0], [226.28271484375, 135.17010498046875, 1.0], [185.3506317138672, 147.02320861816406, 1.0], [155.74627685546875, 161.89089965820312, 1.0], [215.6344451904297, 186.9599609375, 1.0], [247.6649169921875, 176.62010192871094, 1.0], [195.35398864746094, 180.39292907714844, 1.0], [164.38235473632812, 184.54733276367188, 1.0], [221.8103790283203, 213.7769317626953, 1.0], [251.92373657226562, 213.01573181152344, 1.0], [204.36964416503906, 213.76028442382812, 1.0], [183.22271728515625, 211.45407104492188, 1.0], [216.41554260253906, 239.93560791015625, 1.0], [231.57113647460938, 248.43228149414062, 1.0], [194.44784545898438, 242.51251220703125, 1.0], [179.1112823486328, 234.4750518798828, 1.0]], "is_left": 0}