{"hand_pts": [[262.1143493652344, 274.3033447265625, 1.0], [230.7952423095703, 194.14874267578125, 1.0], [204.0706329345703, 136.0430145263672, 1.0], [209.26046752929688, 93.33759307861328, 1.0], [233.29214477539062, 114.5975570678711, 1.0], [116.7708511352539, 183.33302307128906, 1.0], [127.10392761230469, 125.09056091308594, 1.0], [181.36767578125, 121.53728485107422, 1.0], [211.79049682617188, 150.8450927734375, 1.0], [120.9864501953125, 222.1314239501953, 1.0], [135.75950622558594, 162.28656005859375, 1.0], [196.0304718017578, 154.12387084960938, 1.0], [216.5553436279297, 178.1769561767578, 1.0], [133.32888793945312, 248.9123992919922, 1.0], [151.92259216308594, 203.3574676513672, 1.0], [203.84800720214844, 195.82630920410156, 1.0], [212.19784545898438, 213.15672302246094, 1.0], [155.70599365234375, 274.7135314941406, 1.0], [177.4128875732422, 254.0229034423828, 1.0], [217.8076171875, 238.91795349121094, 1.0], [218.3663330078125, 246.01788330078125, 1.0]], "is_left": 0}