{"hand_pts": [[133.05435180664062, 100.8705062866211, 1.0], [115.00163269042969, 120.29949951171875, 1.0], [68.87145233154297, 125.36614227294922, 1.0], [59.89356231689453, 177.1049346923828, 1.0], [95.11151123046875, 197.73728942871094, 1.0], [190.56695556640625, 114.73382568359375, 1.0], [219.0286407470703, 141.2178497314453, 1.0], [205.94407653808594, 181.46084594726562, 1.0], [181.26368713378906, 217.62069702148438, 1.0], [216.7077178955078, 129.4671630859375, 1.0], [221.97084045410156, 188.71922302246094, 1.0], [188.47271728515625, 227.95033264160156, 1.0], [148.45423889160156, 230.28591918945312, 1.0], [230.38902282714844, 146.07557678222656, 1.0], [244.4523162841797, 197.555419921875, 1.0], [206.077392578125, 224.7229461669922, 1.0], [169.0264129638672, 222.2925262451172, 1.0], [235.78054809570312, 161.48521423339844, 1.0], [255.96621704101562, 198.55657958984375, 1.0], [230.965087890625, 224.70529174804688, 1.0], [191.82301330566406, 224.52639770507812, 1.0]], "is_left": 0}