{"hand_pts": [[284.5721740722656, 114.4096908569336, 1.0], [254.2657470703125, 128.2619171142578, 1.0], [265.0645751953125, 133.19410705566406, 1.0], [264.3065185546875, 171.4235382080078, 1.0], [258.22607421875, 206.85960388183594, 1.0], [159.76095581054688, 135.24722290039062, 1.0], [151.87782287597656, 173.3350372314453, 1.0], [195.3682098388672, 183.18930053710938, 1.0], [235.7969512939453, 194.24102783203125, 1.0], [162.9933624267578, 146.79598999023438, 1.0], [148.1524200439453, 191.96273803710938, 1.0], [176.2490692138672, 212.97576904296875, 1.0], [222.02139282226562, 209.57241821289062, 1.0], [172.0404815673828, 158.29971313476562, 1.0], [101.97771453857422, 178.8485107421875, 1.0], [72.60078430175781, 198.32693481445312, 1.0], [95.27823638916016, 215.40342712402344, 1.0], [189.20101928710938, 167.6906280517578, 1.0], [180.04281616210938, 203.46530151367188, 1.0], [190.5007781982422, 225.19395446777344, 1.0], [207.78823852539062, 243.57557678222656, 1.0]], "is_left": 0}