{"hand_pts": [[73.26921081542969, 199.03948974609375, 1.0], [149.52586364746094, 181.22543334960938, 1.0], [218.23297119140625, 191.6929168701172, 1.0], [246.9364471435547, 154.90467834472656, 1.0], [243.3809356689453, 114.74266815185547, 1.0], [192.36439514160156, 238.62353515625, 1.0], [225.53343200683594, 265.6622009277344, 1.0], [245.59774780273438, 256.913330078125, 1.0], [260.99041748046875, 236.67686462402344, 1.0], [154.2259063720703, 235.60598754882812, 1.0], [214.66937255859375, 224.28660583496094, 1.0], [230.52186584472656, 175.40406799316406, 1.0], [224.83984375, 134.1250457763672, 1.0], [124.4776382446289, 224.78997802734375, 1.0], [148.8822479248047, 172.1519012451172, 1.0], [159.9681396484375, 131.66119384765625, 1.0], [160.42288208007812, 99.31517791748047, 1.0], [93.54412078857422, 210.13467407226562, 1.0], [111.55481719970703, 169.23880004882812, 1.0], [118.24308776855469, 137.95985412597656, 1.0], [124.06622314453125, 110.88164520263672, 1.0]], "is_left": 0}