{"hand_pts": [[294.32781982421875, 124.48633575439453, 1.0], [287.2994384765625, 179.7532958984375, 1.0], [283.9825439453125, 226.6170654296875, 1.0], [268.90631103515625, 260.2120666503906, 1.0], [239.0233612060547, 274.0027160644531, 1.0], [190.72801208496094, 219.7373504638672, 1.0], [141.77108764648438, 240.7791748046875, 1.0], [124.30394744873047, 244.37832641601562, 1.0], [105.47584533691406, 247.79022216796875, 1.0], [174.5120849609375, 179.3091583251953, 1.0], [116.57886505126953, 210.77188110351562, 1.0], [131.10397338867188, 210.6864776611328, 1.0], [159.9611053466797, 203.62448120117188, 1.0], [169.16229248046875, 144.53256225585938, 1.0], [150.376708984375, 136.88975524902344, 1.0], [187.9579620361328, 127.71867370605469, 1.0], [227.96212768554688, 122.30435180664062, 1.0], [173.45358276367188, 108.87728118896484, 1.0], [162.0406494140625, 103.77420806884766, 1.0], [189.6047821044922, 102.5932846069336, 1.0], [221.0767822265625, 106.64322662353516, 1.0]], "is_left": 0}