{"hand_pts": [[49.821651458740234, 100.92122650146484, 1.0], [74.29422760009766, 160.44921875, 1.0], [69.10576629638672, 202.52708435058594, 1.0], [108.19558715820312, 249.5592041015625, 1.0], [149.47703552246094, 264.9677429199219, 1.0], [147.31716918945312, 135.93450927734375, 1.0], [197.4964141845703, 185.97225952148438, 1.0], [203.3831329345703, 229.8871612548828, 1.0], [183.5455322265625, 246.83145141601562, 1.0], [167.2701873779297, 113.18930053710938, 1.0], [231.05770874023438, 176.1722412109375, 1.0], [217.62635803222656, 223.7056121826172, 1.0], [176.46478271484375, 231.4974365234375, 1.0], [180.85044860839844, 102.16272735595703, 1.0], [252.1622772216797, 147.78724670410156, 1.0], [246.19541931152344, 193.5700225830078, 1.0], [210.15830993652344, 215.3009490966797, 1.0], [186.08334350585938, 93.987548828125, 1.0], [230.03367614746094, 129.73094177246094, 1.0], [226.89688110351562, 168.6418914794922, 1.0], [194.4891357421875, 193.542236328125, 1.0]], "is_left": 0}