{"hand_pts": [[151.7315673828125, 298.21527099609375, 1.0], [119.4853744506836, 265.8749694824219, 1.0], [74.25472259521484, 245.89732360839844, 1.0], [99.76295471191406, 221.3188018798828, 1.0], [151.3951873779297, 211.31216430664062, 1.0], [111.67138671875, 148.42527770996094, 1.0], [127.27750396728516, 107.56551361083984, 1.0], [151.41207885742188, 128.10052490234375, 1.0], [174.72662353515625, 167.61781311035156, 1.0], [156.51438903808594, 147.03611755371094, 1.0], [205.8290252685547, 132.34933471679688, 1.0], [208.5772247314453, 190.9006805419922, 1.0], [179.9807586669922, 210.8236541748047, 1.0], [194.50408935546875, 154.51516723632812, 1.0], [244.34983825683594, 125.3336181640625, 1.0], [249.1474151611328, 173.05638122558594, 1.0], [231.43202209472656, 216.19149780273438, 1.0], [229.60427856445312, 172.6258087158203, 1.0], [267.8257751464844, 193.65428161621094, 1.0], [264.2355041503906, 234.7892608642578, 1.0], [232.0694580078125, 239.14801025390625, 1.0]], "is_left": 0}