{"hand_pts": [[347.8355712890625, 143.74327087402344, 1.0], [306.76873779296875, 197.6470947265625, 1.0], [286.94000244140625, 249.9480438232422, 1.0], [250.9164276123047, 274.1874694824219, 1.0], [210.194580078125, 267.1401672363281, 1.0], [217.80181884765625, 233.0538330078125, 1.0], [162.7141876220703, 242.89329528808594, 1.0], [144.25477600097656, 232.82186889648438, 1.0], [140.93182373046875, 214.16905212402344, 1.0], [211.7755889892578, 186.02914428710938, 1.0], [139.61306762695312, 201.1813201904297, 1.0], [126.77899169921875, 194.22360229492188, 1.0], [120.47029113769531, 186.21774291992188, 1.0], [210.85134887695312, 145.35037231445312, 1.0], [148.64756774902344, 148.449462890625, 1.0], [150.42483520507812, 140.020751953125, 1.0], [180.0291290283203, 132.30514526367188, 1.0], [218.83326721191406, 104.69943237304688, 1.0], [171.35768127441406, 100.2440185546875, 1.0], [156.6639862060547, 98.71083068847656, 1.0], [159.40745544433594, 100.75312805175781, 1.0]], "is_left": 0}