{"hand_pts": [[316.6831970214844, 182.30587768554688, 1.0], [294.561279296875, 162.18365478515625, 1.0], [278.2604064941406, 123.02857208251953, 1.0], [242.43478393554688, 112.08468627929688, 1.0], [209.92428588867188, 130.877197265625, 1.0], [193.2015380859375, 136.966552734375, 1.0], [166.8714141845703, 142.06060791015625, 1.0], [156.25433349609375, 150.0120391845703, 1.0], [150.96165466308594, 161.2760772705078, 1.0], [182.31922912597656, 163.6970977783203, 1.0], [164.0555419921875, 196.754150390625, 1.0], [175.48622131347656, 220.00418090820312, 1.0], [210.52227783203125, 236.92202758789062, 1.0], [180.37391662597656, 188.2767791748047, 1.0], [120.9710693359375, 193.74887084960938, 1.0], [125.49932098388672, 207.9700469970703, 1.0], [161.3713836669922, 217.21217346191406, 1.0], [188.4351043701172, 212.768798828125, 1.0], [171.25839233398438, 232.94337463378906, 1.0], [170.38909912109375, 247.6514892578125, 1.0], [192.81837463378906, 257.09613037109375, 1.0]], "is_left": 0}