{"hand_pts": [[106.86348724365234, 262.38482666015625, 1.0], [161.29490661621094, 236.5487060546875, 1.0], [220.2452850341797, 218.12644958496094, 1.0], [264.2727966308594, 204.2129364013672, 1.0], [300.1765441894531, 192.6282501220703, 1.0], [157.78167724609375, 188.09117126464844, 1.0], [174.17007446289062, 143.23135375976562, 1.0], [188.30809020996094, 115.11180877685547, 1.0], [197.99234008789062, 86.45221710205078, 1.0], [136.5557861328125, 203.61492919921875, 1.0], [174.65023803710938, 162.56419372558594, 1.0], [216.13479614257812, 145.52987670898438, 1.0], [256.1462097167969, 128.16336059570312, 1.0], [124.61299133300781, 219.6544952392578, 1.0], [146.30047607421875, 182.70814514160156, 1.0], [182.8021697998047, 172.30706787109375, 1.0], [217.70985412597656, 160.07656860351562, 1.0], [113.88346862792969, 238.86766052246094, 1.0], [133.33741760253906, 226.90505981445312, 1.0], [166.36314392089844, 225.64651489257812, 1.0], [206.90721130371094, 228.55128479003906, 1.0]], "is_left": 0}