{"hand_pts": [[226.5519561767578, 51.972999572753906, 1.0], [256.2091369628906, 81.32461547851562, 1.0], [300.9076232910156, 87.75824737548828, 1.0], [303.91912841796875, 119.18860626220703, 1.0], [277.2393798828125, 151.66465759277344, 1.0], [195.6008758544922, 163.98226928710938, 1.0], [185.11761474609375, 208.0619354248047, 1.0], [193.42193603515625, 216.48597717285156, 1.0], [207.27993774414062, 209.89662170410156, 1.0], [161.90109252929688, 172.28602600097656, 1.0], [141.6177520751953, 226.61956787109375, 1.0], [160.55621337890625, 229.7291717529297, 1.0], [189.69520568847656, 212.75692749023438, 1.0], [141.44493103027344, 174.85516357421875, 1.0], [120.38426208496094, 224.9454803466797, 1.0], [141.43820190429688, 221.6159210205078, 1.0], [170.1258087158203, 205.25819396972656, 1.0], [128.3348388671875, 169.86380004882812, 1.0], [116.58915710449219, 196.72982788085938, 1.0], [133.4653778076172, 194.25222778320312, 1.0], [164.67227172851562, 175.33499145507812, 1.0]], "is_left": 0}