{"hand_pts": [[93.05308532714844, 144.95582580566406, 1.0], [88.57109069824219, 190.14161682128906, 1.0], [84.60982513427734, 227.45314025878906, 1.0], [100.0001449584961, 253.8019561767578, 1.0], [124.94046020507812, 271.18182373046875, 1.0], [127.62017059326172, 169.85293579101562, 1.0], [143.5890350341797, 182.36570739746094, 1.0], [159.2946319580078, 199.98654174804688, 1.0], [173.50885009765625, 212.48220825195312, 1.0], [161.7685089111328, 152.94744873046875, 1.0], [190.614501953125, 169.4097900390625, 1.0], [208.03146362304688, 189.38052368164062, 1.0], [223.98768615722656, 209.1765594482422, 1.0], [188.51406860351562, 145.06195068359375, 1.0], [220.64004516601562, 149.5731201171875, 1.0], [239.7602996826172, 166.47537231445312, 1.0], [257.9801025390625, 183.08290100097656, 1.0], [209.17529296875, 139.4434051513672, 1.0], [242.7908935546875, 149.87039184570312, 1.0], [263.6197814941406, 165.46458435058594, 1.0], [279.9828186035156, 188.5316619873047, 1.0]], "is_left": 0}