{"hand_pts": [[121.89361572265625, 122.81429290771484, 1.0], [109.37699890136719, 177.17758178710938, 1.0], [91.12548828125, 236.63877868652344, 1.0], [93.6569595336914, 259.2968444824219, 1.0], [107.48262023925781, 253.5137481689453, 1.0], [192.7545928955078, 227.49754333496094, 1.0], [181.4913330078125, 244.43116760253906, 1.0], [150.490478515625, 231.5391082763672, 1.0], [114.67605590820312, 205.26235961914062, 1.0], [217.98095703125, 189.61651611328125, 1.0], [206.3251495361328, 193.15834045410156, 1.0], [169.80380249023438, 182.2761688232422, 1.0], [122.86937713623047, 164.37571716308594, 1.0], [230.6587371826172, 156.266357421875, 1.0], [275.6708068847656, 168.18080139160156, 1.0], [261.7661437988281, 164.77748107910156, 1.0], [219.82125854492188, 156.9790496826172, 1.0], [234.23989868164062, 121.0760498046875, 1.0], [255.03500366210938, 109.08040618896484, 1.0], [230.08175659179688, 103.607177734375, 1.0], [188.8407745361328, 107.81584930419922, 1.0]], "is_left": 0}