{"hand_pts": [[211.43043518066406, 271.16448974609375, 1.0], [153.1820831298828, 239.2855987548828, 1.0], [94.27457427978516, 232.26622009277344, 1.0], [75.3060302734375, 201.7369842529297, 1.0], [116.26726531982422, 182.37423706054688, 1.0], [127.34021759033203, 210.2104034423828, 1.0], [123.38133239746094, 167.14376831054688, 1.0], [137.65213012695312, 156.7315216064453, 1.0], [152.03489685058594, 168.3489532470703, 1.0], [173.39437866210938, 206.39093017578125, 1.0], [189.19894409179688, 157.9117889404297, 1.0], [195.65618896484375, 165.12106323242188, 1.0], [190.939697265625, 191.3153533935547, 1.0], [210.5248565673828, 201.99270629882812, 1.0], [230.9382781982422, 155.00057983398438, 1.0], [235.18617248535156, 153.9554443359375, 1.0], [228.5039825439453, 171.4914093017578, 1.0], [246.2203826904297, 201.10731506347656, 1.0], [272.2930908203125, 174.92018127441406, 1.0], [273.1262512207031, 176.32144165039062, 1.0], [255.06564331054688, 194.79920959472656, 1.0]], "is_left": 0}