{"hand_pts": [[70.32598876953125, 204.0357666015625, 1.0], [141.32325744628906, 167.20948791503906, 1.0], [204.75424194335938, 133.25148010253906, 1.0], [239.25283813476562, 113.02371978759766, 1.0], [242.3376922607422, 109.58072662353516, 1.0], [197.94418334960938, 225.5423583984375, 1.0], [240.84927368164062, 201.3751220703125, 1.0], [246.93417358398438, 160.91751098632812, 1.0], [243.75723266601562, 119.44595336914062, 1.0], [161.38650512695312, 241.03221130371094, 1.0], [201.01759338378906, 222.40789794921875, 1.0], [213.8075714111328, 177.45681762695312, 1.0], [213.97698974609375, 128.19410705566406, 1.0], [130.720947265625, 244.48443603515625, 1.0], [164.80601501464844, 237.6428680419922, 1.0], [178.1885986328125, 200.25804138183594, 1.0], [185.5465545654297, 155.71969604492188, 1.0], [97.37969207763672, 242.4686279296875, 1.0], [104.24702453613281, 230.20851135253906, 1.0], [112.24746704101562, 197.7237091064453, 1.0], [121.69615173339844, 157.51220703125, 1.0]], "is_left": 0}