{"hand_pts": [[183.0748748779297, 242.6408233642578, 1.0], [170.5715789794922, 180.63912963867188, 1.0], [157.3209686279297, 124.88751220703125, 1.0], [157.05186462402344, 87.35895538330078, 1.0], [168.38848876953125, 72.28060150146484, 1.0], [148.94879150390625, 190.2705841064453, 1.0], [134.58607482910156, 162.84207153320312, 1.0], [134.552734375, 138.6430206298828, 1.0], [136.9794921875, 114.83979797363281, 1.0], [173.85415649414062, 225.5902862548828, 1.0], [164.56396484375, 203.73622131347656, 1.0], [172.2291259765625, 170.8185272216797, 1.0], [184.0571746826172, 134.61276245117188, 1.0], [197.90769958496094, 249.18557739257812, 1.0], [202.003173828125, 226.29742431640625, 1.0], [212.91322326660156, 198.28143310546875, 1.0], [223.84689331054688, 170.30166625976562, 1.0], [221.83721923828125, 269.91912841796875, 1.0], [237.9359893798828, 258.4386291503906, 1.0], [252.42828369140625, 238.3486328125, 1.0], [266.9976806640625, 210.87945556640625, 1.0]], "is_left": 0}