{"hand_pts": [[23.54796028137207, 239.81842041015625, 1.0], [81.20879364013672, 218.32537841796875, 1.0], [100.7519302368164, 189.28512573242188, 1.0], [156.1923828125, 206.5048065185547, 1.0], [162.00650024414062, 236.4417724609375, 1.0], [148.18772888183594, 119.70625305175781, 1.0], [211.9297332763672, 148.4105224609375, 1.0], [189.06007385253906, 194.15765380859375, 1.0], [144.7924346923828, 212.4219207763672, 1.0], [155.63490295410156, 123.25540924072266, 1.0], [250.72410583496094, 129.75328063964844, 1.0], [240.6323699951172, 183.830078125, 1.0], [192.56423950195312, 216.23712158203125, 1.0], [162.46469116210938, 135.151611328125, 1.0], [249.54139709472656, 159.71188354492188, 1.0], [239.90956115722656, 208.4606170654297, 1.0], [190.28317260742188, 224.0703582763672, 1.0], [161.5360107421875, 156.15924072265625, 1.0], [219.78939819335938, 173.19720458984375, 1.0], [215.68858337402344, 209.88296508789062, 1.0], [172.16802978515625, 207.5026092529297, 1.0]], "is_left": 0}