{"hand_pts": [[179.9210662841797, 253.28126525878906, 1.0], [169.05841064453125, 267.94451904296875, 1.0], [152.8612518310547, 289.7249755859375, 1.0], [149.9014892578125, 263.31744384765625, 1.0], [148.5231170654297, 234.84877014160156, 1.0], [225.62820434570312, 199.71372985839844, 1.0], [203.45187377929688, 193.24720764160156, 1.0], [185.76223754882812, 190.60519409179688, 1.0], [144.056640625, 218.1317138671875, 1.0], [224.50564575195312, 174.71090698242188, 1.0], [266.42474365234375, 114.57416534423828, 1.0], [263.7195129394531, 96.82673645019531, 1.0], [236.38992309570312, 103.63806915283203, 1.0], [215.651123046875, 161.6355743408203, 1.0], [179.03717041015625, 142.87652587890625, 1.0], [147.7571258544922, 144.58033752441406, 1.0], [107.58108520507812, 171.6270751953125, 1.0], [202.33563232421875, 156.9788360595703, 1.0], [159.54641723632812, 165.69332885742188, 1.0], [132.72048950195312, 198.33346557617188, 1.0], [134.27503967285156, 223.05303955078125, 1.0]], "is_left": 0}