{"hand_pts": [[39.69575119018555, 163.188232421875, 1.0], [83.0854263305664, 211.05239868164062, 1.0], [114.75123596191406, 251.84446716308594, 1.0], [157.8428497314453, 270.1470947265625, 1.0], [199.2191162109375, 259.0349426269531, 1.0], [143.1578826904297, 199.9936065673828, 1.0], [188.21847534179688, 216.07386779785156, 1.0], [216.03567504882812, 227.345703125, 1.0], [246.4886474609375, 238.24069213867188, 1.0], [146.19549560546875, 164.2317657470703, 1.0], [214.84542846679688, 165.12461853027344, 1.0], [248.81033325195312, 175.49014282226562, 1.0], [285.111083984375, 182.5547332763672, 1.0], [148.0195770263672, 138.22996520996094, 1.0], [192.93714904785156, 152.5531463623047, 1.0], [199.22671508789062, 165.50865173339844, 1.0], [209.82455444335938, 177.53158569335938, 1.0], [143.66529846191406, 115.21281433105469, 1.0], [182.6129608154297, 108.51414489746094, 1.0], [187.2562255859375, 123.32275390625, 1.0], [158.91302490234375, 139.3085479736328, 1.0]], "is_left": 0}