{"hand_pts": [[75.12181854248047, 158.27821350097656, 1.0], [78.54774475097656, 190.65896606445312, 1.0], [61.756317138671875, 210.89752197265625, 1.0], [85.041015625, 229.85971069335938, 1.0], [113.14801025390625, 245.49729919433594, 1.0], [135.60992431640625, 157.05331420898438, 1.0], [156.83221435546875, 159.09463500976562, 1.0], [173.1567840576172, 177.22401428222656, 1.0], [189.45216369628906, 193.143310546875, 1.0], [163.6572723388672, 148.56033325195312, 1.0], [204.2619171142578, 173.20291137695312, 1.0], [220.80931091308594, 201.55947875976562, 1.0], [232.08389282226562, 231.75791931152344, 1.0], [183.8929443359375, 148.14602661132812, 1.0], [233.85389709472656, 157.98541259765625, 1.0], [245.6085968017578, 189.0355987548828, 1.0], [240.60214233398438, 223.0302276611328, 1.0], [197.1584930419922, 150.5875244140625, 1.0], [237.99429321289062, 152.9639434814453, 1.0], [256.6826477050781, 170.66329956054688, 1.0], [258.4594421386719, 198.80284118652344, 1.0]], "is_left": 0}