{"hand_pts": [[71.28828430175781, 194.71917724609375, 1.0], [110.16717529296875, 233.94866943359375, 1.0], [135.18206787109375, 276.3326721191406, 1.0], [157.8794708251953, 273.4805603027344, 1.0], [163.5253448486328, 235.6083221435547, 1.0], [191.3960418701172, 214.73825073242188, 1.0], [244.60438537597656, 224.7557373046875, 1.0], [268.5207824707031, 231.1235809326172, 1.0], [297.0277099609375, 235.69174194335938, 1.0], [176.9152069091797, 178.28543090820312, 1.0], [233.6366729736328, 164.8161163330078, 1.0], [258.0315246582031, 163.81985473632812, 1.0], [251.48294067382812, 176.08543395996094, 1.0], [159.65025329589844, 151.5356903076172, 1.0], [187.60728454589844, 134.97039794921875, 1.0], [173.11843872070312, 144.6917724609375, 1.0], [152.0309295654297, 159.6943817138672, 1.0], [135.9565887451172, 128.786865234375, 1.0], [130.5439453125, 117.90730285644531, 1.0], [120.84888458251953, 115.61430358886719, 1.0], [99.43714904785156, 132.19549560546875, 1.0]], "is_left": 0}