{"hand_pts": [[38.0830192565918, 136.26242065429688, 1.0], [62.181053161621094, 182.2137451171875, 1.0], [70.68828582763672, 224.50918579101562, 1.0], [108.90025329589844, 232.85682678222656, 1.0], [147.1873016357422, 230.7633514404297, 1.0], [144.61056518554688, 221.00051879882812, 1.0], [179.83323669433594, 241.8184051513672, 1.0], [189.9634246826172, 241.5472869873047, 1.0], [190.6937255859375, 232.37367248535156, 1.0], [158.13778686523438, 185.32675170898438, 1.0], [216.16485595703125, 189.33718872070312, 1.0], [238.82920837402344, 185.95553588867188, 1.0], [244.2299346923828, 178.43296813964844, 1.0], [164.81781005859375, 154.1133575439453, 1.0], [226.79922485351562, 166.9065704345703, 1.0], [247.37623596191406, 167.4088897705078, 1.0], [246.4341278076172, 164.02960205078125, 1.0], [162.87918090820312, 121.93611145019531, 1.0], [200.47918701171875, 115.18396759033203, 1.0], [213.79275512695312, 110.61294555664062, 1.0], [211.92665100097656, 109.01640319824219, 1.0]], "is_left": 0}