{"hand_pts": [[316.63970947265625, 137.3341064453125, 1.0], [244.27679443359375, 111.49933624267578, 1.0], [198.2232208251953, 72.56806945800781, 1.0], [145.94943237304688, 78.90721130371094, 1.0], [102.76880645751953, 101.51020812988281, 1.0], [215.6090545654297, 134.89816284179688, 1.0], [186.67156982421875, 139.21994018554688, 1.0], [162.6393585205078, 145.72076416015625, 1.0], [136.40704345703125, 154.88002014160156, 1.0], [234.0629425048828, 175.762939453125, 1.0], [197.15345764160156, 198.67921447753906, 1.0], [151.35989379882812, 210.68287658691406, 1.0], [111.3918685913086, 214.5081787109375, 1.0], [245.17327880859375, 207.68765258789062, 1.0], [196.2031707763672, 240.60723876953125, 1.0], [155.7064666748047, 253.55120849609375, 1.0], [117.45938110351562, 267.9228515625, 1.0], [258.4737243652344, 234.57545471191406, 1.0], [232.62109375, 255.82763671875, 1.0], [199.12342834472656, 253.09588623046875, 1.0], [195.8797149658203, 235.1665802001953, 1.0]], "is_left": 0}