{"hand_pts": [[257.7685852050781, 151.26524353027344, 1.0], [196.5668182373047, 164.2766571044922, 1.0], [139.27972412109375, 167.40667724609375, 1.0], [98.20997619628906, 175.60372924804688, 1.0], [84.81922149658203, 187.63844299316406, 1.0], [170.13804626464844, 158.778564453125, 1.0], [140.6273956298828, 163.729736328125, 1.0], [124.98371887207031, 173.9723358154297, 1.0], [113.38910675048828, 187.14111328125, 1.0], [210.71466064453125, 163.23594665527344, 1.0], [183.22206115722656, 183.05345153808594, 1.0], [167.3640594482422, 201.87472534179688, 1.0], [153.97923278808594, 220.6537322998047, 1.0], [241.80755615234375, 169.29225158691406, 1.0], [226.60049438476562, 183.43801879882812, 1.0], [215.69003295898438, 200.08546447753906, 1.0], [204.97706604003906, 217.11578369140625, 1.0], [271.7408752441406, 174.9630889892578, 1.0], [266.2204895019531, 186.5070037841797, 1.0], [255.7183380126953, 199.87631225585938, 1.0], [241.76626586914062, 213.63937377929688, 1.0]], "is_left": 0}