{"hand_pts": [[268.4618835449219, 159.9160919189453, 1.0], [278.435302734375, 199.2545623779297, 1.0], [300.0078125, 222.9593505859375, 1.0], [268.04541015625, 206.96473693847656, 1.0], [231.3161163330078, 184.26907348632812, 1.0], [200.82704162597656, 232.8791961669922, 1.0], [195.40611267089844, 246.963134765625, 1.0], [198.65342712402344, 248.58065795898438, 1.0], [194.92552185058594, 254.19775390625, 1.0], [177.8131103515625, 198.5095977783203, 1.0], [119.63587951660156, 209.16761779785156, 1.0], [107.50337219238281, 207.28518676757812, 1.0], [117.2657241821289, 200.72193908691406, 1.0], [166.36253356933594, 168.16427612304688, 1.0], [173.0848846435547, 147.79978942871094, 1.0], [192.7349853515625, 133.72842407226562, 1.0], [227.06298828125, 126.91988372802734, 1.0], [162.9689178466797, 137.46278381347656, 1.0], [133.3615264892578, 122.62063598632812, 1.0], [137.3889923095703, 116.13990020751953, 1.0], [142.88275146484375, 111.51736450195312, 1.0]], "is_left": 0}