{"hand_pts": [[334.2616882324219, 200.4091033935547, 1.0], [266.7693786621094, 154.02005004882812, 1.0], [210.25692749023438, 119.58928680419922, 1.0], [154.79415893554688, 104.98968505859375, 1.0], [127.48213195800781, 129.60049438476562, 1.0], [237.7694549560547, 144.82337951660156, 1.0], [178.80667114257812, 118.69135284423828, 1.0], [136.43641662597656, 117.1261978149414, 1.0], [115.59654235839844, 129.07054138183594, 1.0], [248.18113708496094, 185.69920349121094, 1.0], [167.64422607421875, 182.10887145996094, 1.0], [123.45479583740234, 178.75222778320312, 1.0], [131.03656005859375, 175.62109375, 1.0], [252.42245483398438, 218.3925323486328, 1.0], [215.53814697265625, 240.30259704589844, 1.0], [179.27413940429688, 249.9832763671875, 1.0], [141.92039489746094, 258.37054443359375, 1.0], [259.4701232910156, 249.06570434570312, 1.0], [224.60986328125, 251.3056640625, 1.0], [187.63455200195312, 246.4357452392578, 1.0], [159.51663208007812, 235.10923767089844, 1.0]], "is_left": 0}