{"hand_pts": [[295.52783203125, 242.20982360839844, 1.0], [280.0855712890625, 210.74514770507812, 1.0], [274.98040771484375, 190.50970458984375, 1.0], [240.40191650390625, 176.31137084960938, 1.0], [206.07305908203125, 164.35487365722656, 1.0], [209.3457489013672, 237.49752807617188, 1.0], [211.36781311035156, 179.71041870117188, 1.0], [239.13954162597656, 154.5768585205078, 1.0], [261.8681945800781, 123.49565887451172, 1.0], [192.10348510742188, 242.33753967285156, 1.0], [150.4088134765625, 181.76942443847656, 1.0], [148.76187133789062, 134.95736694335938, 1.0], [145.53936767578125, 91.16727447509766, 1.0], [181.8783721923828, 240.0194091796875, 1.0], [120.28650665283203, 213.12017822265625, 1.0], [90.58659362792969, 188.58628845214844, 1.0], [93.63496398925781, 148.9263916015625, 1.0], [179.3950653076172, 235.6297149658203, 1.0], [144.62750244140625, 205.11317443847656, 1.0], [150.82044982910156, 171.84521484375, 1.0], [181.94525146484375, 153.05274963378906, 1.0]], "is_left": 0}