{"hand_pts": [[324.054443359375, 109.62135314941406, 1.0], [240.8074493408203, 104.93694305419922, 1.0], [189.0182647705078, 73.65149688720703, 1.0], [145.38096618652344, 112.14936065673828, 1.0], [115.4480972290039, 153.91612243652344, 1.0], [208.78919982910156, 132.19964599609375, 1.0], [137.6197967529297, 150.43966674804688, 1.0], [121.29830169677734, 157.9911346435547, 1.0], [121.01152038574219, 162.60861206054688, 1.0], [234.012939453125, 163.49566650390625, 1.0], [167.82249450683594, 209.5418243408203, 1.0], [183.46029663085938, 189.9342498779297, 1.0], [217.42933654785156, 158.37022399902344, 1.0], [250.5323944091797, 188.8582763671875, 1.0], [195.13442993164062, 234.2775115966797, 1.0], [157.47523498535156, 259.3013000488281, 1.0], [133.44590759277344, 255.65306091308594, 1.0], [269.1692199707031, 209.37127685546875, 1.0], [241.9790802001953, 248.2488250732422, 1.0], [207.55490112304688, 254.24172973632812, 1.0], [182.64144897460938, 242.23052978515625, 1.0]], "is_left": 0}