{"hand_pts": [[90.10665130615234, 242.1192169189453, 1.0], [135.3441619873047, 259.84002685546875, 1.0], [181.3140106201172, 294.75177001953125, 1.0], [197.08993530273438, 293.7283630371094, 1.0], [183.86639404296875, 268.6985168457031, 1.0], [203.7353057861328, 216.09486389160156, 1.0], [248.66119384765625, 198.7517852783203, 1.0], [264.8309631347656, 188.00848388671875, 1.0], [282.8422546386719, 175.9205780029297, 1.0], [182.4945068359375, 183.7461395263672, 1.0], [170.039794921875, 167.07275390625, 1.0], [140.19508361816406, 188.1121063232422, 1.0], [125.71932983398438, 213.8374481201172, 1.0], [161.20208740234375, 160.80401611328125, 1.0], [206.8985137939453, 124.3551025390625, 1.0], [207.9468231201172, 128.17994689941406, 1.0], [209.4418487548828, 131.45806884765625, 1.0], [135.0744171142578, 144.08477783203125, 1.0], [140.8834228515625, 105.0965347290039, 1.0], [141.83145141601562, 102.9603500366211, 1.0], [139.1366729736328, 135.419677734375, 1.0]], "is_left": 0}