{"hand_pts": [[148.90872192382812, 33.77183532714844, 1.0], [139.59658813476562, 95.17292785644531, 1.0], [128.7003173828125, 146.08262634277344, 1.0], [133.5971221923828, 193.912109375, 1.0], [147.1257781982422, 234.9213409423828, 1.0], [147.82406616210938, 150.75262451171875, 1.0], [145.41468811035156, 204.53375244140625, 1.0], [153.24917602539062, 241.3211669921875, 1.0], [162.5462646484375, 276.14117431640625, 1.0], [174.9373016357422, 133.32901000976562, 1.0], [180.4288330078125, 193.24508666992188, 1.0], [187.77052307128906, 233.72825622558594, 1.0], [194.74122619628906, 271.3182678222656, 1.0], [197.81272888183594, 119.00144958496094, 1.0], [209.1727752685547, 175.62303161621094, 1.0], [219.9659423828125, 211.69725036621094, 1.0], [229.83053588867188, 246.02696228027344, 1.0], [217.7742919921875, 100.41581726074219, 1.0], [234.31930541992188, 135.48849487304688, 1.0], [246.83958435058594, 164.20504760742188, 1.0], [258.2003479003906, 195.41354370117188, 1.0]], "is_left": 0}