{"hand_pts": [[286.0616455078125, 68.9813003540039, 1.0], [256.2131042480469, 99.55386352539062, 1.0], [240.9570770263672, 99.74187469482422, 1.0], [217.68943786621094, 153.7415313720703, 1.0], [203.4792938232422, 216.67816162109375, 1.0], [163.15814208984375, 96.88938903808594, 1.0], [131.44497680664062, 166.89646911621094, 1.0], [163.0556182861328, 206.5487823486328, 1.0], [204.44436645507812, 208.0741424560547, 1.0], [162.0537109375, 110.87010955810547, 1.0], [126.12200927734375, 201.1333465576172, 1.0], [154.5618438720703, 249.49407958984375, 1.0], [200.86056518554688, 241.9954071044922, 1.0], [166.66802978515625, 127.67830657958984, 1.0], [150.2403106689453, 223.75717163085938, 1.0], [190.287841796875, 238.5791778564453, 1.0], [225.00881958007812, 205.95008850097656, 1.0], [179.58432006835938, 142.58892822265625, 1.0], [163.3103485107422, 206.33950805664062, 1.0], [184.24984741210938, 236.29351806640625, 1.0], [212.92662048339844, 216.08006286621094, 1.0]], "is_left": 0}