{"hand_pts": [[94.33663177490234, 78.60091400146484, 1.0], [168.2272186279297, 92.47607421875, 1.0], [230.59674072265625, 80.08403778076172, 1.0], [266.1672058105469, 115.34426879882812, 1.0], [241.59597778320312, 149.61659240722656, 1.0], [176.40614318847656, 162.02978515625, 1.0], [226.75624084472656, 197.6721954345703, 1.0], [238.89645385742188, 186.85287475585938, 1.0], [222.60923767089844, 159.7217254638672, 1.0], [141.21273803710938, 183.8747100830078, 1.0], [197.5476837158203, 231.1105194091797, 1.0], [222.9271697998047, 212.9175262451172, 1.0], [215.3538055419922, 174.91015625, 1.0], [118.00164794921875, 197.9185333251953, 1.0], [151.82296752929688, 250.8608856201172, 1.0], [169.39903259277344, 225.59661865234375, 1.0], [161.73414611816406, 188.85171508789062, 1.0], [96.30403137207031, 203.64706420898438, 1.0], [113.95590209960938, 237.53076171875, 1.0], [136.73635864257812, 222.41464233398438, 1.0], [147.56768798828125, 187.89964294433594, 1.0]], "is_left": 0}