{"hand_pts": [[148.53147888183594, 240.5702362060547, 1.0], [151.4918212890625, 261.283447265625, 1.0], [133.8758544921875, 285.05010986328125, 1.0], [123.48296356201172, 285.05523681640625, 1.0], [120.19285583496094, 266.4617004394531, 1.0], [225.0826416015625, 234.39202880859375, 1.0], [226.066650390625, 207.22055053710938, 1.0], [183.85330200195312, 202.3890838623047, 1.0], [144.1815643310547, 202.2774658203125, 1.0], [225.57656860351562, 197.09449768066406, 1.0], [221.03729248046875, 185.00921630859375, 1.0], [185.1304473876953, 188.25503540039062, 1.0], [141.30288696289062, 198.85720825195312, 1.0], [218.53970336914062, 168.4228515625, 1.0], [226.06900024414062, 128.31092834472656, 1.0], [210.77301025390625, 111.76558685302734, 1.0], [172.04246520996094, 127.91246795654297, 1.0], [205.23919677734375, 145.14865112304688, 1.0], [198.50820922851562, 108.38995361328125, 1.0], [185.98947143554688, 87.07022094726562, 1.0], [154.6287384033203, 91.94816589355469, 1.0]], "is_left": 0}