{"hand_pts": [[57.076011657714844, 236.5750274658203, 1.0], [123.07499694824219, 218.79550170898438, 1.0], [172.7165069580078, 218.37620544433594, 1.0], [205.614990234375, 196.1760711669922, 1.0], [225.4134521484375, 170.506591796875, 1.0], [205.51422119140625, 227.16795349121094, 1.0], [257.69195556640625, 212.85147094726562, 1.0], [276.3958740234375, 192.47579956054688, 1.0], [261.46368408203125, 170.07447814941406, 1.0], [180.46133422851562, 222.68186950683594, 1.0], [200.1884002685547, 180.07252502441406, 1.0], [199.0316619873047, 154.53720092773438, 1.0], [203.88877868652344, 129.84642028808594, 1.0], [156.71453857421875, 215.54957580566406, 1.0], [159.7200469970703, 172.42356872558594, 1.0], [136.10569763183594, 154.08876037597656, 1.0], [110.80052185058594, 150.9204864501953, 1.0], [127.11205291748047, 208.4512176513672, 1.0], [144.46621704101562, 181.41734313964844, 1.0], [148.15371704101562, 161.4788055419922, 1.0], [151.95782470703125, 140.8582000732422, 1.0]], "is_left": 0}