{"hand_pts": [[95.36641693115234, 37.82332992553711, 1.0], [131.83673095703125, 92.21238708496094, 1.0], [164.6437530517578, 102.2784423828125, 1.0], [211.44798278808594, 119.21098327636719, 1.0], [240.09600830078125, 130.67347717285156, 1.0], [124.28948974609375, 192.45965576171875, 1.0], [177.97215270996094, 232.06761169433594, 1.0], [208.0706787109375, 206.08621215820312, 1.0], [218.72987365722656, 166.99021911621094, 1.0], [124.76339721679688, 179.30531311035156, 1.0], [157.58221435546875, 245.9181671142578, 1.0], [198.4524688720703, 268.6727600097656, 1.0], [226.30711364746094, 244.81488037109375, 1.0], [130.49488830566406, 164.35948181152344, 1.0], [185.85508728027344, 204.71730041503906, 1.0], [224.06106567382812, 201.46035766601562, 1.0], [239.80621337890625, 173.06509399414062, 1.0], [135.886962890625, 141.88096618652344, 1.0], [155.516357421875, 183.43931579589844, 1.0], [180.99449157714844, 205.75405883789062, 1.0], [203.1662139892578, 194.5242156982422, 1.0]], "is_left": 0}