{"hand_pts": [[117.27167510986328, 314.5571594238281, 1.0], [138.26675415039062, 287.95074462890625, 1.0], [165.04360961914062, 297.4093933105469, 1.0], [181.2144317626953, 262.95867919921875, 1.0], [172.23379516601562, 212.11630249023438, 1.0], [235.67852783203125, 233.84182739257812, 1.0], [229.7020263671875, 185.0200653076172, 1.0], [184.87669372558594, 182.08062744140625, 1.0], [154.35202026367188, 206.49147033691406, 1.0], [230.2859344482422, 213.19728088378906, 1.0], [251.92225646972656, 141.89537048339844, 1.0], [211.37533569335938, 128.61268615722656, 1.0], [166.51953125, 147.41844177246094, 1.0], [217.64344787597656, 196.71446228027344, 1.0], [205.62030029296875, 121.74383544921875, 1.0], [166.50662231445312, 109.1761245727539, 1.0], [131.14544677734375, 136.01739501953125, 1.0], [196.98104858398438, 187.3043670654297, 1.0], [172.9014129638672, 140.2315216064453, 1.0], [138.72206115722656, 142.88323974609375, 1.0], [127.77890014648438, 181.17465209960938, 1.0]], "is_left": 0}