{"hand_pts": [[184.2176971435547, 333.57635498046875, 1.0], [224.306884765625, 283.8211364746094, 1.0], [260.9173278808594, 258.2962646484375, 1.0], [280.1764831542969, 220.22195434570312, 1.0], [294.9471740722656, 184.51791381835938, 1.0], [167.8031768798828, 204.56936645507812, 1.0], [145.33995056152344, 149.51002502441406, 1.0], [175.119140625, 135.7428436279297, 1.0], [198.44158935546875, 115.17676544189453, 1.0], [141.5047149658203, 206.79275512695312, 1.0], [181.6470184326172, 157.6922149658203, 1.0], [221.965576171875, 186.7689971923828, 1.0], [255.96658325195312, 216.73556518554688, 1.0], [128.28497314453125, 211.5641326904297, 1.0], [102.1070327758789, 145.510498046875, 1.0], [127.493408203125, 118.37751770019531, 1.0], [172.17604064941406, 126.11647033691406, 1.0], [121.46566772460938, 224.32566833496094, 1.0], [122.96735382080078, 190.1334228515625, 1.0], [158.78489685058594, 186.86639404296875, 1.0], [199.711181640625, 192.69989013671875, 1.0]], "is_left": 0}