{"hand_pts": [[115.1668472290039, 50.99178695678711, 1.0], [120.77399444580078, 135.91073608398438, 1.0], [106.24816131591797, 197.20639038085938, 1.0], [121.53646850585938, 232.0392608642578, 1.0], [144.52508544921875, 248.15843200683594, 1.0], [224.31687927246094, 182.02169799804688, 1.0], [192.4053192138672, 239.33645629882812, 1.0], [146.08291625976562, 239.31671142578125, 1.0], [103.38389587402344, 224.47486877441406, 1.0], [234.66220092773438, 145.04400634765625, 1.0], [252.02450561523438, 208.0823516845703, 1.0], [222.4093475341797, 240.2221221923828, 1.0], [172.31948852539062, 233.65829467773438, 1.0], [233.6990966796875, 116.15999603271484, 1.0], [225.54493713378906, 157.284912109375, 1.0], [178.27085876464844, 162.8098602294922, 1.0], [132.16555786132812, 159.42214965820312, 1.0], [222.65846252441406, 84.49256134033203, 1.0], [231.5496063232422, 118.08114624023438, 1.0], [226.30184936523438, 143.7896270751953, 1.0], [188.50987243652344, 161.3133087158203, 1.0]], "is_left": 0}