{"hand_pts": [[297.4856872558594, 110.32337951660156, 1.0], [240.72958374023438, 89.1441879272461, 1.0], [193.09591674804688, 62.29521560668945, 1.0], [161.27261352539062, 69.6468276977539, 1.0], [151.72689819335938, 98.99710083007812, 1.0], [161.51097106933594, 159.0225067138672, 1.0], [114.18778991699219, 176.70973205566406, 1.0], [110.33536529541016, 172.26239013671875, 1.0], [122.979736328125, 160.62197875976562, 1.0], [192.3040008544922, 193.26605224609375, 1.0], [144.1102752685547, 224.09767150878906, 1.0], [139.16561889648438, 214.9695587158203, 1.0], [148.64793395996094, 192.61691284179688, 1.0], [222.09117126464844, 214.78573608398438, 1.0], [193.60476684570312, 246.39984130859375, 1.0], [199.56410217285156, 233.79627990722656, 1.0], [215.90379333496094, 205.56936645507812, 1.0], [257.09246826171875, 227.76016235351562, 1.0], [247.56178283691406, 251.55528259277344, 1.0], [250.8249969482422, 242.86622619628906, 1.0], [260.1051025390625, 213.4712677001953, 1.0]], "is_left": 0}