{"hand_pts": [[37.63512420654297, 308.5631408691406, 1.0], [73.02962493896484, 231.34620666503906, 1.0], [79.32263946533203, 175.16273498535156, 1.0], [131.81884765625, 133.30447387695312, 1.0], [181.22897338867188, 134.95806884765625, 1.0], [112.89112091064453, 174.84033203125, 1.0], [180.99107360839844, 119.26712036132812, 1.0], [208.00137329101562, 115.50859069824219, 1.0], [205.50982666015625, 137.49807739257812, 1.0], [129.7416229248047, 209.40576171875, 1.0], [217.82382202148438, 151.68711853027344, 1.0], [238.43821716308594, 146.3402862548828, 1.0], [219.7714385986328, 164.47006225585938, 1.0], [145.5688934326172, 237.12600708007812, 1.0], [233.00576782226562, 192.42967224121094, 1.0], [247.66802978515625, 189.13198852539062, 1.0], [222.06983947753906, 203.43992614746094, 1.0], [155.3787078857422, 267.939453125, 1.0], [214.6815643310547, 249.32211303710938, 1.0], [229.64622497558594, 241.59527587890625, 1.0], [204.25091552734375, 244.98326110839844, 1.0]], "is_left": 0}