{"hand_pts": [[225.5310821533203, 227.51661682128906, 1.0], [243.1404571533203, 245.93995666503906, 1.0], [258.4681396484375, 280.89483642578125, 1.0], [269.5074157714844, 254.83151245117188, 1.0], [272.9263610839844, 213.6847381591797, 1.0], [163.27308654785156, 242.25161743164062, 1.0], [191.8104248046875, 223.09373474121094, 1.0], [229.58457946777344, 210.20138549804688, 1.0], [262.47381591796875, 199.96456909179688, 1.0], [145.426513671875, 206.79530334472656, 1.0], [95.68120574951172, 196.39122009277344, 1.0], [79.22684478759766, 186.17242431640625, 1.0], [86.34019470214844, 172.97775268554688, 1.0], [139.6419677734375, 176.57460021972656, 1.0], [169.46835327148438, 140.61380004882812, 1.0], [197.2543487548828, 122.49664306640625, 1.0], [235.2397918701172, 125.93822479248047, 1.0], [141.62158203125, 149.1434326171875, 1.0], [135.5621795654297, 112.40321350097656, 1.0], [167.93385314941406, 110.35916900634766, 1.0], [201.77342224121094, 123.49408721923828, 1.0]], "is_left": 0}