{"hand_pts": [[74.38079071044922, 93.45831298828125, 1.0], [146.4082794189453, 105.01911926269531, 1.0], [189.326171875, 96.50756072998047, 1.0], [182.6162567138672, 126.19257354736328, 1.0], [148.0440216064453, 147.3677978515625, 1.0], [217.8903045654297, 145.56581115722656, 1.0], [264.8089294433594, 175.0152587890625, 1.0], [264.42877197265625, 188.75030517578125, 1.0], [232.6936798095703, 183.98133850097656, 1.0], [182.7033233642578, 165.00146484375, 1.0], [197.51914978027344, 199.97970581054688, 1.0], [173.59315490722656, 189.38619995117188, 1.0], [150.7510528564453, 178.44935607910156, 1.0], [150.55325317382812, 180.06988525390625, 1.0], [200.1420440673828, 221.54635620117188, 1.0], [201.43539428710938, 229.36270141601562, 1.0], [204.63922119140625, 238.61924743652344, 1.0], [113.53656005859375, 189.91708374023438, 1.0], [138.86094665527344, 221.8386993408203, 1.0], [150.29591369628906, 234.80149841308594, 1.0], [158.05809020996094, 239.79019165039062, 1.0]], "is_left": 0}