{"hand_pts": [[190.29408264160156, 44.61506652832031, 1.0], [140.97369384765625, 98.60533905029297, 1.0], [90.56790924072266, 118.16943359375, 1.0], [86.77287292480469, 145.49119567871094, 1.0], [116.27699279785156, 164.3838348388672, 1.0], [156.7395477294922, 191.03781127929688, 1.0], [138.9698028564453, 232.30755615234375, 1.0], [131.2413330078125, 220.57797241210938, 1.0], [134.9141845703125, 182.90260314941406, 1.0], [201.48301696777344, 182.04124450683594, 1.0], [187.86936950683594, 218.82447814941406, 1.0], [173.74977111816406, 224.4885711669922, 1.0], [156.778564453125, 207.43728637695312, 1.0], [235.0697021484375, 170.51229858398438, 1.0], [220.31259155273438, 208.76632690429688, 1.0], [206.49301147460938, 173.22462463378906, 1.0], [205.7469940185547, 142.01296997070312, 1.0], [264.482177734375, 150.83255004882812, 1.0], [284.2364196777344, 190.76870727539062, 1.0], [281.2453308105469, 209.77980041503906, 1.0], [273.8590393066406, 228.50729370117188, 1.0]], "is_left": 0}