{"hand_pts": [[225.6173095703125, 362.965576171875, 1.0], [233.28543090820312, 295.4368896484375, 1.0], [269.60284423828125, 252.4573974609375, 1.0], [247.3633575439453, 203.38104248046875, 1.0], [222.78648376464844, 161.47340393066406, 1.0], [248.0896759033203, 212.96121215820312, 1.0], [212.3057098388672, 156.9371337890625, 1.0], [187.1693878173828, 122.82485961914062, 1.0], [155.9008331298828, 117.52523040771484, 1.0], [221.12710571289062, 226.4287567138672, 1.0], [182.46778869628906, 156.07310485839844, 1.0], [153.61328125, 126.08423614501953, 1.0], [127.31986999511719, 114.3843002319336, 1.0], [195.8346405029297, 239.08509826660156, 1.0], [188.6505126953125, 176.58567810058594, 1.0], [167.04502868652344, 140.85418701171875, 1.0], [145.35572814941406, 113.80205535888672, 1.0], [171.67303466796875, 258.6737976074219, 1.0], [133.51190185546875, 225.6436004638672, 1.0], [109.01420593261719, 213.23651123046875, 1.0], [86.56767272949219, 203.6306610107422, 1.0]], "is_left": 0}