{"hand_pts": [[156.15968322753906, 293.844482421875, 1.0], [145.0475616455078, 225.9214324951172, 1.0], [115.39286041259766, 178.2685546875, 1.0], [154.50802612304688, 132.5240020751953, 1.0], [205.81448364257812, 125.60138702392578, 1.0], [120.47640228271484, 212.3208770751953, 1.0], [112.16873168945312, 161.1269073486328, 1.0], [127.0422592163086, 117.97962951660156, 1.0], [163.77548217773438, 88.81805419921875, 1.0], [149.22686767578125, 238.5822296142578, 1.0], [184.1922607421875, 187.55369567871094, 1.0], [212.3083038330078, 147.98448181152344, 1.0], [243.29136657714844, 112.29215240478516, 1.0], [177.0446014404297, 255.51318359375, 1.0], [210.1385955810547, 186.55055236816406, 1.0], [227.8206024169922, 172.1589813232422, 1.0], [213.1455841064453, 202.2281494140625, 1.0], [204.51187133789062, 272.5793762207031, 1.0], [223.93011474609375, 256.9913024902344, 1.0], [244.1939697265625, 220.8065643310547, 1.0], [262.9954528808594, 180.90176391601562, 1.0]], "is_left": 0}