{"hand_pts": [[302.3721923828125, 152.35342407226562, 1.0], [240.11094665527344, 161.49436950683594, 1.0], [196.4892120361328, 163.2450408935547, 1.0], [177.7467498779297, 184.3314971923828, 1.0], [173.21087646484375, 202.76258850097656, 1.0], [178.1410675048828, 138.34376525878906, 1.0], [132.49099731445312, 157.59840393066406, 1.0], [105.52071380615234, 172.74020385742188, 1.0], [81.2832260131836, 188.9898223876953, 1.0], [202.03013610839844, 146.42030334472656, 1.0], [172.1439666748047, 186.55035400390625, 1.0], [167.82470703125, 211.09678649902344, 1.0], [186.60385131835938, 222.0611114501953, 1.0], [222.4416961669922, 157.28012084960938, 1.0], [193.7386932373047, 181.65869140625, 1.0], [182.05662536621094, 205.87989807128906, 1.0], [185.8638916015625, 222.2730712890625, 1.0], [246.77647399902344, 168.99554443359375, 1.0], [224.1940460205078, 185.22314453125, 1.0], [222.56898498535156, 199.5384521484375, 1.0], [223.9659423828125, 210.44801330566406, 1.0]], "is_left": 0}