{"hand_pts": [[141.0579833984375, 173.78335571289062, 1.0], [112.35388946533203, 180.23577880859375, 1.0], [73.81804656982422, 185.4404296875, 1.0], [82.72354125976562, 174.25042724609375, 1.0], [120.98810577392578, 158.76947021484375, 1.0], [142.47447204589844, 229.95269775390625, 1.0], [152.5060577392578, 219.52392578125, 1.0], [153.3087615966797, 192.19378662109375, 1.0], [150.3351287841797, 165.38365173339844, 1.0], [183.26986694335938, 222.73367309570312, 1.0], [207.0237579345703, 214.0599822998047, 1.0], [197.84896850585938, 183.65231323242188, 1.0], [178.85855102539062, 159.44822692871094, 1.0], [213.9877166748047, 211.47836303710938, 1.0], [246.89852905273438, 194.0618896484375, 1.0], [239.70993041992188, 166.67227172851562, 1.0], [214.96246337890625, 149.9743194580078, 1.0], [238.89117431640625, 196.45465087890625, 1.0], [267.3536682128906, 180.56964111328125, 1.0], [261.7015075683594, 159.51202392578125, 1.0], [232.73252868652344, 148.91168212890625, 1.0]], "is_left": 0}