{"hand_pts": [[220.41444396972656, 57.93736267089844, 1.0], [186.6156768798828, 75.80762481689453, 1.0], [164.54330444335938, 64.89398956298828, 1.0], [178.99732971191406, 96.24835205078125, 1.0], [204.6124725341797, 135.0728759765625, 1.0], [116.7085952758789, 156.48155212402344, 1.0], [130.02093505859375, 181.02951049804688, 1.0], [166.29701232910156, 166.7809600830078, 1.0], [202.38722229003906, 142.63284301757812, 1.0], [143.8186798095703, 178.23548889160156, 1.0], [133.74984741210938, 232.6990966796875, 1.0], [150.62205505371094, 245.5154571533203, 1.0], [176.278076171875, 242.86471557617188, 1.0], [171.70263671875, 191.9287872314453, 1.0], [188.35081481933594, 246.5737762451172, 1.0], [218.34765625, 242.252685546875, 1.0], [247.12185668945312, 222.06602478027344, 1.0], [203.5026092529297, 196.58103942871094, 1.0], [220.5127716064453, 234.09249877929688, 1.0], [239.76368713378906, 218.0377960205078, 1.0], [236.15489196777344, 182.50209045410156, 1.0]], "is_left": 0}