{"hand_pts": [[172.95648193359375, 121.79917907714844, 1.0], [155.63046264648438, 102.0232925415039, 1.0], [149.28016662597656, 68.6422348022461, 1.0], [138.8116455078125, 95.3917465209961, 1.0], [132.91342163085938, 142.7574462890625, 1.0], [220.5760040283203, 135.91868591308594, 1.0], [230.60289001464844, 145.79136657714844, 1.0], [211.16867065429688, 157.2018585205078, 1.0], [172.26795959472656, 168.38282775878906, 1.0], [227.49282836914062, 175.8287811279297, 1.0], [247.5889129638672, 196.25396728515625, 1.0], [209.23585510253906, 202.1254425048828, 1.0], [163.00811767578125, 200.03155517578125, 1.0], [224.73146057128906, 206.58346557617188, 1.0], [187.781982421875, 236.689453125, 1.0], [143.78871154785156, 227.64373779296875, 1.0], [115.29364776611328, 205.58279418945312, 1.0], [216.2666778564453, 231.4619598388672, 1.0], [201.28904724121094, 263.5919494628906, 1.0], [169.06813049316406, 266.9078369140625, 1.0], [138.8495635986328, 243.05258178710938, 1.0]], "is_left": 0}