{"hand_pts": [[230.21585083007812, 227.32432556152344, 1.0], [209.87318420410156, 168.37379455566406, 1.0], [171.19052124023438, 118.26985168457031, 1.0], [137.05052185058594, 82.22736358642578, 1.0], [113.78113555908203, 73.20271301269531, 1.0], [132.47328186035156, 183.78274536132812, 1.0], [104.80391693115234, 166.30599975585938, 1.0], [122.16676330566406, 145.2576904296875, 1.0], [142.94924926757812, 125.41017150878906, 1.0], [146.88731384277344, 222.47854614257812, 1.0], [185.89622497558594, 189.52706909179688, 1.0], [224.41957092285156, 162.26837158203125, 1.0], [266.8652648925781, 140.94761657714844, 1.0], [165.97750854492188, 249.12159729003906, 1.0], [177.9788360595703, 245.97821044921875, 1.0], [218.78062438964844, 219.02569580078125, 1.0], [238.28506469726562, 198.99383544921875, 1.0], [190.8203887939453, 272.20953369140625, 1.0], [230.5708465576172, 256.7756042480469, 1.0], [260.4017028808594, 234.5359344482422, 1.0], [271.9505615234375, 217.3409423828125, 1.0]], "is_left": 0}