{"hand_pts": [[160.50347900390625, 319.1268615722656, 1.0], [178.55039978027344, 240.36383056640625, 1.0], [193.5624237060547, 186.19610595703125, 1.0], [195.8931121826172, 155.1140899658203, 1.0], [187.18768310546875, 171.87103271484375, 1.0], [252.93927001953125, 204.6503448486328, 1.0], [269.1978454589844, 160.3522186279297, 1.0], [229.41661071777344, 129.71810913085938, 1.0], [186.9610595703125, 108.35554504394531, 1.0], [231.02139282226562, 225.85891723632812, 1.0], [252.49649047851562, 171.65699768066406, 1.0], [210.96876525878906, 137.9915771484375, 1.0], [177.5638885498047, 140.3937530517578, 1.0], [205.5352325439453, 239.19647216796875, 1.0], [169.28070068359375, 165.54933166503906, 1.0], [140.28074645996094, 171.0467071533203, 1.0], [117.43401336669922, 184.72206115722656, 1.0], [175.71786499023438, 255.0499725341797, 1.0], [125.81868743896484, 224.67909240722656, 1.0], [99.70760345458984, 223.54061889648438, 1.0], [94.04249572753906, 235.19085693359375, 1.0]], "is_left": 0}