{"hand_pts": [[298.23828125, 142.90008544921875, 1.0], [257.5330505371094, 180.8589630126953, 1.0], [244.68408203125, 214.86245727539062, 1.0], [173.21485900878906, 210.6416015625, 1.0], [128.56956481933594, 180.1611328125, 1.0], [265.3526306152344, 251.16075134277344, 1.0], [173.56155395507812, 243.77557373046875, 1.0], [153.04013061523438, 204.9057159423828, 1.0], [198.85459899902344, 194.81564331054688, 1.0], [255.56973266601562, 230.34982299804688, 1.0], [137.69137573242188, 201.15586853027344, 1.0], [146.02406311035156, 168.4405059814453, 1.0], [203.81077575683594, 166.64756774902344, 1.0], [240.17567443847656, 207.7260284423828, 1.0], [123.15311431884766, 169.91014099121094, 1.0], [118.63910675048828, 138.8048858642578, 1.0], [171.84149169921875, 140.38262939453125, 1.0], [225.5264892578125, 179.57167053222656, 1.0], [148.07748413085938, 142.54275512695312, 1.0], [151.9703369140625, 125.67900085449219, 1.0], [205.36318969726562, 145.8605499267578, 1.0]], "is_left": 0}