{"hand_pts": [[294.1607360839844, 225.37197875976562, 1.0], [299.35491943359375, 206.86305236816406, 1.0], [313.66180419921875, 196.4741973876953, 1.0], [302.7618103027344, 181.12640380859375, 1.0], [276.6450500488281, 164.48049926757812, 1.0], [225.3092498779297, 219.40162658691406, 1.0], [195.17388916015625, 213.60252380371094, 1.0], [181.8270263671875, 196.28981018066406, 1.0], [168.5706329345703, 178.6956787109375, 1.0], [198.043212890625, 213.2541046142578, 1.0], [151.53749084472656, 200.64251708984375, 1.0], [141.2410125732422, 176.56289672851562, 1.0], [135.9795684814453, 151.84036254882812, 1.0], [181.49107360839844, 203.74298095703125, 1.0], [131.07972717285156, 184.96826171875, 1.0], [121.21528625488281, 160.3218536376953, 1.0], [119.46312713623047, 133.90187072753906, 1.0], [173.53834533691406, 193.9615478515625, 1.0], [134.14207458496094, 174.28524780273438, 1.0], [121.40619659423828, 152.94346618652344, 1.0], [122.14671325683594, 128.53433227539062, 1.0]], "is_left": 0}