{"hand_pts": [[284.22674560546875, 312.24102783203125, 1.0], [239.40390014648438, 283.112060546875, 1.0], [214.20152282714844, 273.3282775878906, 1.0], [174.444091796875, 248.1422576904297, 1.0], [138.15196228027344, 224.57054138183594, 1.0], [229.59115600585938, 183.00106811523438, 1.0], [197.94252014160156, 128.0247039794922, 1.0], [165.8434295654297, 104.8670654296875, 1.0], [133.82293701171875, 113.53968811035156, 1.0], [234.81149291992188, 179.5206298828125, 1.0], [171.2869873046875, 168.7460479736328, 1.0], [143.89756774902344, 197.33192443847656, 1.0], [161.6705322265625, 235.18661499023438, 1.0], [234.78677368164062, 183.14674377441406, 1.0], [198.21592712402344, 127.6828384399414, 1.0], [168.0516815185547, 143.5242919921875, 1.0], [155.14651489257812, 175.30369567871094, 1.0], [236.0275421142578, 195.94032287597656, 1.0], [199.2101593017578, 182.71380615234375, 1.0], [172.3022918701172, 180.80645751953125, 1.0], [143.2858428955078, 181.32586669921875, 1.0]], "is_left": 0}