{"hand_pts": [[148.68527221679688, 354.9034729003906, 1.0], [128.71876525878906, 280.7491149902344, 1.0], [94.05490112304688, 237.26431274414062, 1.0], [99.27067565917969, 185.58279418945312, 1.0], [136.213134765625, 152.92550659179688, 1.0], [104.46330261230469, 211.6947021484375, 1.0], [124.78813171386719, 146.92922973632812, 1.0], [158.0646514892578, 127.2148208618164, 1.0], [191.5650634765625, 118.24934387207031, 1.0], [142.78614807128906, 228.6421661376953, 1.0], [169.32733154296875, 151.17762756347656, 1.0], [198.5301971435547, 127.51677703857422, 1.0], [220.70802307128906, 127.4002456665039, 1.0], [178.6340789794922, 242.6035614013672, 1.0], [211.9896240234375, 172.9409637451172, 1.0], [238.14723205566406, 155.34130859375, 1.0], [247.75291442871094, 165.1598663330078, 1.0], [213.68966674804688, 262.6257629394531, 1.0], [255.5721893310547, 224.00160217285156, 1.0], [280.32476806640625, 207.2141571044922, 1.0], [281.3863525390625, 213.47630310058594, 1.0]], "is_left": 0}