{"hand_pts": [[249.64599609375, 272.7374572753906, 1.0], [198.46046447753906, 268.8366394042969, 1.0], [157.0266571044922, 293.1680908203125, 1.0], [138.3064727783203, 298.3902893066406, 1.0], [141.70411682128906, 287.4076843261719, 1.0], [144.50839233398438, 187.05030822753906, 1.0], [131.37474060058594, 184.69073486328125, 1.0], [138.1787567138672, 197.37530517578125, 1.0], [151.20774841308594, 213.9424285888672, 1.0], [174.94158935546875, 164.48495483398438, 1.0], [151.45021057128906, 111.05108642578125, 1.0], [158.7963104248047, 127.26224517822266, 1.0], [170.16647338867188, 155.10232543945312, 1.0], [202.380615234375, 152.13751220703125, 1.0], [205.12254333496094, 133.2576904296875, 1.0], [219.2969970703125, 163.22845458984375, 1.0], [225.5355682373047, 195.47898864746094, 1.0], [232.56414794921875, 148.78622436523438, 1.0], [244.85968017578125, 126.77102661132812, 1.0], [253.90626525878906, 129.97744750976562, 1.0], [259.3607177734375, 150.4608917236328, 1.0]], "is_left": 0}