{"hand_pts": [[324.149658203125, 223.4662628173828, 1.0], [245.31668090820312, 195.64389038085938, 1.0], [183.0205535888672, 167.0145721435547, 1.0], [128.10214233398438, 147.50144958496094, 1.0], [113.82694244384766, 152.0950164794922, 1.0], [204.5514678955078, 143.70379638671875, 1.0], [153.0365447998047, 105.99720001220703, 1.0], [115.09963989257812, 117.45362854003906, 1.0], [116.53653717041016, 152.75271606445312, 1.0], [233.56057739257812, 169.56517028808594, 1.0], [200.01731872558594, 147.57203674316406, 1.0], [164.9927978515625, 145.56773376464844, 1.0], [130.45684814453125, 163.8634490966797, 1.0], [253.876708984375, 194.42166137695312, 1.0], [192.91993713378906, 222.1128387451172, 1.0], [162.6122283935547, 242.08694458007812, 1.0], [131.6421356201172, 261.2928771972656, 1.0], [275.9662170410156, 221.10394287109375, 1.0], [246.23095703125, 239.890869140625, 1.0], [228.0238037109375, 256.8464050292969, 1.0], [226.6298065185547, 261.3869323730469, 1.0]], "is_left": 0}