{"hand_pts": [[251.97232055664062, 203.11415100097656, 1.0], [243.82420349121094, 242.6549530029297, 1.0], [238.6115264892578, 285.4901428222656, 1.0], [230.65985107421875, 294.25286865234375, 1.0], [222.0918731689453, 277.612548828125, 1.0], [141.55430603027344, 222.9910888671875, 1.0], [124.85028839111328, 226.8545684814453, 1.0], [151.62940979003906, 226.63427734375, 1.0], [187.77467346191406, 224.5098876953125, 1.0], [147.26287841796875, 179.16001892089844, 1.0], [131.77296447753906, 173.50367736816406, 1.0], [164.21156311035156, 178.61463928222656, 1.0], [202.67103576660156, 185.5089874267578, 1.0], [162.66665649414062, 146.02685546875, 1.0], [149.34873962402344, 128.2626953125, 1.0], [178.98692321777344, 129.51837158203125, 1.0], [222.08213806152344, 138.8424835205078, 1.0], [186.2377166748047, 117.8531494140625, 1.0], [189.97384643554688, 97.14046478271484, 1.0], [214.7256317138672, 96.39390563964844, 1.0], [251.10264587402344, 109.21467590332031, 1.0]], "is_left": 0}