{"hand_pts": [[295.29901123046875, 271.32684326171875, 1.0], [299.0547790527344, 220.56024169921875, 1.0], [309.1972961425781, 200.3148651123047, 1.0], [297.6563720703125, 178.11827087402344, 1.0], [279.5890197753906, 157.42767333984375, 1.0], [224.42584228515625, 219.59738159179688, 1.0], [199.80621337890625, 184.3509979248047, 1.0], [187.5592498779297, 155.4807586669922, 1.0], [178.11158752441406, 125.06505584716797, 1.0], [194.29946899414062, 229.91058349609375, 1.0], [150.1835174560547, 192.98712158203125, 1.0], [131.34194946289062, 161.8255615234375, 1.0], [116.54292297363281, 130.83509826660156, 1.0], [174.8964080810547, 233.33590698242188, 1.0], [131.45803833007812, 191.6495361328125, 1.0], [136.7626190185547, 157.03314208984375, 1.0], [159.01083374023438, 131.48025512695312, 1.0], [164.16648864746094, 236.94888305664062, 1.0], [128.8717803955078, 217.59510803222656, 1.0], [123.51954650878906, 189.88340759277344, 1.0], [125.70905303955078, 159.6526641845703, 1.0]], "is_left": 0}