{"hand_pts": [[192.6697998046875, 48.08891296386719, 1.0], [228.0717010498047, 72.605712890625, 1.0], [263.6815185546875, 82.5503158569336, 1.0], [254.27117919921875, 136.68389892578125, 1.0], [222.206787109375, 145.14732360839844, 1.0], [182.7618408203125, 123.84770965576172, 1.0], [164.04454040527344, 164.50320434570312, 1.0], [160.2584686279297, 197.4638214111328, 1.0], [184.8760528564453, 232.40354919433594, 1.0], [162.702880859375, 141.6692657470703, 1.0], [179.02777099609375, 213.38101196289062, 1.0], [225.65818786621094, 219.67994689941406, 1.0], [239.668701171875, 182.8950958251953, 1.0], [153.71505737304688, 155.49880981445312, 1.0], [157.92141723632812, 219.7383270263672, 1.0], [179.6951446533203, 254.41317749023438, 1.0], [220.2169189453125, 251.0006866455078, 1.0], [149.68814086914062, 162.81134033203125, 1.0], [129.697265625, 207.81105041503906, 1.0], [119.03627014160156, 240.15377807617188, 1.0], [137.02459716796875, 270.044189453125, 1.0]], "is_left": 0}