{"hand_pts": [[257.7878723144531, 316.52911376953125, 1.0], [194.96096801757812, 299.3834533691406, 1.0], [134.18991088867188, 304.2049865722656, 1.0], [104.54611206054688, 276.6611022949219, 1.0], [108.707275390625, 233.9123992919922, 1.0], [152.1304931640625, 224.31529235839844, 1.0], [123.87339782714844, 196.56854248046875, 1.0], [125.88458251953125, 196.04385375976562, 1.0], [136.42376708984375, 201.87855529785156, 1.0], [194.15469360351562, 201.7923583984375, 1.0], [173.5698699951172, 137.08946228027344, 1.0], [171.27972412109375, 125.66896057128906, 1.0], [175.23165893554688, 136.90682983398438, 1.0], [229.96243286132812, 187.09515380859375, 1.0], [211.462890625, 122.58876037597656, 1.0], [210.6435546875, 125.95083618164062, 1.0], [213.52386474609375, 149.81463623046875, 1.0], [267.00604248046875, 181.16571044921875, 1.0], [264.8480529785156, 140.3435516357422, 1.0], [261.6245422363281, 126.24287414550781, 1.0], [254.8844757080078, 143.9473114013672, 1.0]], "is_left": 0}