{"hand_pts": [[162.2502899169922, 332.9501647949219, 1.0], [150.31402587890625, 279.593505859375, 1.0], [149.0074005126953, 254.52796936035156, 1.0], [124.02240753173828, 202.6039581298828, 1.0], [103.76953887939453, 176.76954650878906, 1.0], [261.3175964355469, 205.9474639892578, 1.0], [223.08555603027344, 142.8551788330078, 1.0], [158.93548583984375, 151.61085510253906, 1.0], [126.19718933105469, 190.2025909423828, 1.0], [272.72186279296875, 205.0288848876953, 1.0], [235.85662841796875, 127.52704620361328, 1.0], [161.6559295654297, 135.5376434326172, 1.0], [118.57754516601562, 177.09767150878906, 1.0], [269.6323547363281, 205.2874298095703, 1.0], [228.480712890625, 136.37918090820312, 1.0], [163.93075561523438, 149.50086975097656, 1.0], [133.1056671142578, 189.21511840820312, 1.0], [256.5033264160156, 212.88882446289062, 1.0], [223.87713623046875, 172.76156616210938, 1.0], [172.0150146484375, 182.106689453125, 1.0], [155.90972900390625, 214.52723693847656, 1.0]], "is_left": 0}