{"hand_pts": [[326.5231018066406, 206.1336669921875, 1.0], [245.75575256347656, 185.62245178222656, 1.0], [182.9585418701172, 186.3159637451172, 1.0], [136.3008270263672, 193.65899658203125, 1.0], [126.19139862060547, 201.70339965820312, 1.0], [205.11611938476562, 125.6127700805664, 1.0], [137.75650024414062, 137.4171600341797, 1.0], [139.92189025878906, 170.6288604736328, 1.0], [140.3491668701172, 203.22337341308594, 1.0], [233.5140838623047, 143.66526794433594, 1.0], [174.55117797851562, 185.25030517578125, 1.0], [144.87261962890625, 217.30569458007812, 1.0], [114.75438690185547, 245.64007568359375, 1.0], [253.63050842285156, 163.8597412109375, 1.0], [191.40061950683594, 169.22264099121094, 1.0], [154.4151611328125, 184.6829833984375, 1.0], [136.09942626953125, 210.2127227783203, 1.0], [275.99249267578125, 187.6139678955078, 1.0], [264.0531311035156, 186.1181640625, 1.0], [242.90057373046875, 189.91262817382812, 1.0], [213.8180694580078, 198.99717712402344, 1.0]], "is_left": 0}