{"hand_pts": [[64.24954986572266, 67.64759826660156, 1.0], [113.41374206542969, 129.14566040039062, 1.0], [120.02740478515625, 199.6410675048828, 1.0], [159.8140411376953, 235.95018005371094, 1.0], [200.69525146484375, 252.1715850830078, 1.0], [139.45443725585938, 202.34130859375, 1.0], [167.16934204101562, 243.92822265625, 1.0], [207.20066833496094, 238.69790649414062, 1.0], [243.94606018066406, 222.40281677246094, 1.0], [138.93788146972656, 165.4029998779297, 1.0], [186.07379150390625, 220.103759765625, 1.0], [224.27915954589844, 244.19833374023438, 1.0], [256.8887939453125, 229.48770141601562, 1.0], [141.6380157470703, 131.19107055664062, 1.0], [186.60394287109375, 156.752685546875, 1.0], [221.7057647705078, 165.18104553222656, 1.0], [259.8109130859375, 162.79100036621094, 1.0], [141.34889221191406, 92.89342498779297, 1.0], [172.2358856201172, 107.27933502197266, 1.0], [199.413818359375, 115.93132781982422, 1.0], [233.42031860351562, 121.61312103271484, 1.0]], "is_left": 0}