{"hand_pts": [[323.8489074707031, 155.86891174316406, 1.0], [310.92462158203125, 157.44044494628906, 1.0], [311.7066650390625, 155.89306640625, 1.0], [287.6705017089844, 168.5372772216797, 1.0], [251.76466369628906, 187.8904266357422, 1.0], [224.57119750976562, 134.5050811767578, 1.0], [182.32138061523438, 137.2977752685547, 1.0], [163.82228088378906, 156.00067138671875, 1.0], [150.59835815429688, 179.74087524414062, 1.0], [205.08352661132812, 153.69992065429688, 1.0], [149.3702392578125, 162.01278686523438, 1.0], [133.25148010253906, 184.5521697998047, 1.0], [127.44404602050781, 209.95401000976562, 1.0], [194.83905029296875, 173.71812438964844, 1.0], [140.7440948486328, 191.10235595703125, 1.0], [131.42628479003906, 215.5090789794922, 1.0], [131.34239196777344, 240.76527404785156, 1.0], [193.86236572265625, 193.62693786621094, 1.0], [155.548095703125, 212.24456787109375, 1.0], [140.42593383789062, 231.36048889160156, 1.0], [139.8655548095703, 251.83827209472656, 1.0]], "is_left": 0}