{"hand_pts": [[170.40589904785156, 63.06704330444336, 1.0], [197.68019104003906, 82.4225082397461, 1.0], [247.7978057861328, 91.75990295410156, 1.0], [247.3523406982422, 133.10494995117188, 1.0], [238.55752563476562, 171.61166381835938, 1.0], [222.2565155029297, 173.69189453125, 1.0], [234.1173553466797, 230.2428436279297, 1.0], [223.83828735351562, 247.31605529785156, 1.0], [216.61021423339844, 269.4405212402344, 1.0], [194.65274047851562, 186.9149627685547, 1.0], [195.95123291015625, 209.09097290039062, 1.0], [191.89227294921875, 201.8455047607422, 1.0], [182.66873168945312, 165.54222106933594, 1.0], [169.99383544921875, 191.57167053222656, 1.0], [139.364990234375, 189.7715606689453, 1.0], [123.5869369506836, 163.19155883789062, 1.0], [115.30741882324219, 125.64022064208984, 1.0], [145.24513244628906, 187.03631591796875, 1.0], [131.01210021972656, 212.30760192871094, 1.0], [122.51776885986328, 208.9054412841797, 1.0], [115.84760284423828, 201.45614624023438, 1.0]], "is_left": 0}