{"hand_pts": [[141.43795776367188, 195.44610595703125, 1.0], [144.60433959960938, 236.17587280273438, 1.0], [114.34806060791016, 277.33856201171875, 1.0], [97.39521026611328, 277.1417541503906, 1.0], [115.2506332397461, 224.26316833496094, 1.0], [238.3076171875, 229.72927856445312, 1.0], [199.91091918945312, 224.5188751220703, 1.0], [157.44586181640625, 218.2893524169922, 1.0], [101.00877380371094, 210.5056915283203, 1.0], [237.4269561767578, 186.58547973632812, 1.0], [220.31834411621094, 180.79248046875, 1.0], [198.9016876220703, 179.86343383789062, 1.0], [182.14930725097656, 178.3651580810547, 1.0], [226.9882049560547, 152.71168518066406, 1.0], [282.4691467285156, 135.36221313476562, 1.0], [273.1127624511719, 131.8036651611328, 1.0], [250.81637573242188, 132.1674041748047, 1.0], [208.6490020751953, 122.50721740722656, 1.0], [169.36880493164062, 110.76351165771484, 1.0], [127.95918273925781, 125.9922103881836, 1.0], [89.37644958496094, 146.51699829101562, 1.0]], "is_left": 0}