{"hand_pts": [[96.2927474975586, 273.9660339355469, 1.0], [176.8275909423828, 257.1056213378906, 1.0], [248.77423095703125, 250.40322875976562, 1.0], [261.2591857910156, 208.39808654785156, 1.0], [207.54859924316406, 197.6968994140625, 1.0], [177.07508850097656, 227.24365234375, 1.0], [225.9671173095703, 184.5688018798828, 1.0], [243.14437866210938, 174.96749877929688, 1.0], [243.91000366210938, 178.75901794433594, 1.0], [134.36276245117188, 210.72715759277344, 1.0], [193.89569091796875, 160.7147674560547, 1.0], [215.68527221679688, 163.58546447753906, 1.0], [200.8341827392578, 193.4517059326172, 1.0], [104.25614929199219, 196.51492309570312, 1.0], [162.49107360839844, 148.71998596191406, 1.0], [196.21923828125, 136.2783203125, 1.0], [224.87994384765625, 132.8994903564453, 1.0], [75.89127349853516, 186.41163635253906, 1.0], [111.6346435546875, 151.54942321777344, 1.0], [131.2607421875, 161.91629028320312, 1.0], [133.85325622558594, 186.87217712402344, 1.0]], "is_left": 0}