{"hand_pts": [[316.4451904296875, 100.05646514892578, 1.0], [292.4928283691406, 166.68263244628906, 1.0], [278.1096496582031, 218.0433807373047, 1.0], [255.91769409179688, 259.6740417480469, 1.0], [222.228515625, 272.7168273925781, 1.0], [205.51002502441406, 178.62022399902344, 1.0], [153.83267211914062, 204.8839874267578, 1.0], [121.4530029296875, 224.07568359375, 1.0], [118.45849609375, 244.864990234375, 1.0], [198.7776641845703, 146.10597229003906, 1.0], [134.24713134765625, 172.39520263671875, 1.0], [105.11280059814453, 201.78366088867188, 1.0], [112.44703674316406, 231.30007934570312, 1.0], [199.1903076171875, 123.34815216064453, 1.0], [173.32467651367188, 148.46395874023438, 1.0], [168.7914276123047, 165.2806854248047, 1.0], [185.4915771484375, 184.37457275390625, 1.0], [207.91822814941406, 101.38957214355469, 1.0], [192.844482421875, 124.71446228027344, 1.0], [189.79930114746094, 143.2683868408203, 1.0], [203.4605255126953, 166.17347717285156, 1.0]], "is_left": 0}