{"hand_pts": [[244.29908752441406, 271.033935546875, 1.0], [263.9130859375, 261.39471435546875, 1.0], [294.2984619140625, 264.55340576171875, 1.0], [292.7247314453125, 235.2030792236328, 1.0], [280.75775146484375, 199.90963745117188, 1.0], [183.85488891601562, 253.969482421875, 1.0], [185.5504150390625, 220.1278533935547, 1.0], [203.91883850097656, 188.1244354248047, 1.0], [223.53573608398438, 155.5681610107422, 1.0], [158.61514282226562, 227.47988891601562, 1.0], [147.73487854003906, 188.03794860839844, 1.0], [172.7845001220703, 156.1676483154297, 1.0], [210.79290771484375, 129.8355255126953, 1.0], [146.35934448242188, 202.55862426757812, 1.0], [112.31920623779297, 175.28846740722656, 1.0], [121.52820587158203, 147.78036499023438, 1.0], [145.6550750732422, 121.12174224853516, 1.0], [142.63040161132812, 180.67813110351562, 1.0], [121.66087341308594, 141.56227111816406, 1.0], [137.2888946533203, 115.2925796508789, 1.0], [171.84461975097656, 100.81758117675781, 1.0]], "is_left": 0}