{"hand_pts": [[34.07676315307617, 146.76425170898438, 1.0], [76.08487701416016, 134.10922241210938, 1.0], [106.09351348876953, 111.20670318603516, 1.0], [145.84176635742188, 106.69520568847656, 1.0], [185.3506622314453, 109.19517517089844, 1.0], [161.4368133544922, 138.69822692871094, 1.0], [212.5602569580078, 156.2405242919922, 1.0], [242.35018920898438, 169.7601318359375, 1.0], [274.1703186035156, 180.53814697265625, 1.0], [160.54852294921875, 167.1984100341797, 1.0], [228.37037658691406, 183.3126678466797, 1.0], [244.60635375976562, 198.86392211914062, 1.0], [235.68882751464844, 209.32711791992188, 1.0], [155.6125946044922, 191.3827667236328, 1.0], [213.6829833984375, 216.74827575683594, 1.0], [209.1252899169922, 227.36488342285156, 1.0], [188.72564697265625, 230.0579071044922, 1.0], [142.76556396484375, 212.88592529296875, 1.0], [167.06504821777344, 244.8557586669922, 1.0], [156.5369873046875, 250.0905303955078, 1.0], [145.22694396972656, 253.55027770996094, 1.0]], "is_left": 0}