{"hand_pts": [[28.718374252319336, 128.2221221923828, 1.0], [93.46239471435547, 166.03836059570312, 1.0], [133.98892211914062, 194.48976135253906, 1.0], [190.9276885986328, 199.69284057617188, 1.0], [211.17860412597656, 176.29246520996094, 1.0], [137.8750762939453, 216.2382354736328, 1.0], [199.1295166015625, 216.46514892578125, 1.0], [212.97853088378906, 196.2209014892578, 1.0], [199.447021484375, 170.00941467285156, 1.0], [131.20669555664062, 190.5347442626953, 1.0], [198.19281005859375, 216.24021911621094, 1.0], [245.55914306640625, 213.97447204589844, 1.0], [257.3372802734375, 194.0182342529297, 1.0], [128.230712890625, 166.4378662109375, 1.0], [175.89950561523438, 194.63694763183594, 1.0], [214.3083038330078, 204.15130615234375, 1.0], [249.57745361328125, 213.85296630859375, 1.0], [121.04869079589844, 139.9384002685547, 1.0], [164.9690399169922, 137.6832733154297, 1.0], [191.81204223632812, 130.5813751220703, 1.0], [204.32992553710938, 124.92268371582031, 1.0]], "is_left": 0}