{"hand_pts": [[64.2562484741211, 99.48452758789062, 1.0], [128.88601684570312, 137.1179656982422, 1.0], [185.173828125, 158.7774658203125, 1.0], [217.18881225585938, 174.5741424560547, 1.0], [233.32151794433594, 184.42799377441406, 1.0], [136.4231414794922, 206.99105834960938, 1.0], [157.41639709472656, 250.8753662109375, 1.0], [179.73480224609375, 274.23046875, 1.0], [222.1082305908203, 267.5584411621094, 1.0], [121.89263153076172, 188.01992797851562, 1.0], [208.5251922607422, 186.17149353027344, 1.0], [254.4773406982422, 168.53689575195312, 1.0], [263.75482177734375, 140.00123596191406, 1.0], [115.95723724365234, 168.28744506835938, 1.0], [158.4935760498047, 201.07864379882812, 1.0], [203.44912719726562, 202.65489196777344, 1.0], [248.12969970703125, 202.78289794921875, 1.0], [109.48004150390625, 144.02830505371094, 1.0], [157.1872100830078, 149.41751098632812, 1.0], [176.3812713623047, 133.2935791015625, 1.0], [185.3397674560547, 116.56724548339844, 1.0]], "is_left": 0}