{"hand_pts": [[94.13929748535156, 253.23922729492188, 1.0], [165.235595703125, 199.8467559814453, 1.0], [199.44033813476562, 144.04421997070312, 1.0], [216.2548828125, 130.37686157226562, 1.0], [200.2081756591797, 164.54454040527344, 1.0], [149.63243103027344, 135.78851318359375, 1.0], [190.7263946533203, 97.12415313720703, 1.0], [223.94847106933594, 77.92285919189453, 1.0], [265.18096923828125, 70.87910461425781, 1.0], [122.34154510498047, 172.159912109375, 1.0], [215.49436950683594, 180.0358428955078, 1.0], [248.9016876220703, 205.9903106689453, 1.0], [232.22308349609375, 223.72738647460938, 1.0], [107.98704528808594, 205.75315856933594, 1.0], [149.26446533203125, 205.61058044433594, 1.0], [198.40647888183594, 222.2661895751953, 1.0], [245.9044189453125, 239.22508239746094, 1.0], [96.03572082519531, 242.4847869873047, 1.0], [113.92790222167969, 253.77207946777344, 1.0], [152.76487731933594, 263.2239074707031, 1.0], [197.6939697265625, 268.3983154296875, 1.0]], "is_left": 0}