{"hand_pts": [[139.64830017089844, 169.4564971923828, 1.0], [132.4259033203125, 209.59939575195312, 1.0], [96.56664276123047, 248.7670440673828, 1.0], [75.31507873535156, 252.06846618652344, 1.0], [60.38477325439453, 246.5858612060547, 1.0], [215.4733123779297, 222.03257751464844, 1.0], [219.9319610595703, 242.438720703125, 1.0], [198.2159423828125, 244.42001342773438, 1.0], [180.1722412109375, 246.51022338867188, 1.0], [233.5946502685547, 185.1001434326172, 1.0], [204.35919189453125, 180.96005249023438, 1.0], [166.87806701660156, 178.94400024414062, 1.0], [124.00331115722656, 177.89695739746094, 1.0], [240.27210998535156, 154.85934448242188, 1.0], [230.40907287597656, 147.11387634277344, 1.0], [187.89260864257812, 146.88392639160156, 1.0], [156.5302734375, 153.33509826660156, 1.0], [238.16546630859375, 126.21609497070312, 1.0], [260.26116943359375, 101.00995635986328, 1.0], [244.28660583496094, 96.83375549316406, 1.0], [207.45468139648438, 112.41790008544922, 1.0]], "is_left": 0}