{"hand_pts": [[316.13580322265625, 278.8207702636719, 1.0], [256.7581481933594, 253.03176879882812, 1.0], [206.11595153808594, 236.35304260253906, 1.0], [163.15771484375, 204.7769775390625, 1.0], [129.31712341308594, 174.5257110595703, 1.0], [224.8856658935547, 170.52276611328125, 1.0], [163.0540313720703, 162.92042541503906, 1.0], [133.23536682128906, 180.7308807373047, 1.0], [109.94513702392578, 203.69076538085938, 1.0], [239.59056091308594, 172.88186645507812, 1.0], [175.82534790039062, 123.06208038330078, 1.0], [130.72909545898438, 115.59182739257812, 1.0], [88.22388458251953, 107.65386199951172, 1.0], [248.79396057128906, 180.42665100097656, 1.0], [188.85572814941406, 196.442138671875, 1.0], [181.3240966796875, 230.28509521484375, 1.0], [199.03482055664062, 263.3108215332031, 1.0], [260.36309814453125, 194.97091674804688, 1.0], [220.224609375, 172.99708557128906, 1.0], [191.02586364746094, 178.5015411376953, 1.0], [164.4817657470703, 192.0080108642578, 1.0]], "is_left": 0}