{"hand_pts": [[269.3470153808594, 180.7252197265625, 1.0], [219.05517578125, 230.6316680908203, 1.0], [172.60324096679688, 269.4389343261719, 1.0], [151.27459716796875, 288.8853454589844, 1.0], [172.86038208007812, 271.8778381347656, 1.0], [139.99888610839844, 187.17840576171875, 1.0], [114.1396713256836, 204.98269653320312, 1.0], [137.64686584472656, 226.5345458984375, 1.0], [171.55335998535156, 235.12130737304688, 1.0], [162.0702667236328, 146.20277404785156, 1.0], [150.7215576171875, 152.1224365234375, 1.0], [167.16213989257812, 177.0908203125, 1.0], [193.78636169433594, 207.37135314941406, 1.0], [184.9551239013672, 119.3857192993164, 1.0], [181.4927215576172, 131.21884155273438, 1.0], [206.86297607421875, 160.9506072998047, 1.0], [225.95469665527344, 180.43470764160156, 1.0], [213.43252563476562, 98.87128448486328, 1.0], [225.9073028564453, 99.27938842773438, 1.0], [244.26637268066406, 124.53705596923828, 1.0], [258.6167297363281, 155.58938598632812, 1.0]], "is_left": 0}