{"hand_pts": [[123.9358139038086, 209.5738525390625, 1.0], [120.81785583496094, 170.05126953125, 1.0], [112.6605453491211, 127.96733093261719, 1.0], [141.5904083251953, 131.71922302246094, 1.0], [175.35061645507812, 159.433837890625, 1.0], [102.08888244628906, 203.0431365966797, 1.0], [129.1165771484375, 188.8678741455078, 1.0], [157.60415649414062, 173.15496826171875, 1.0], [180.21829223632812, 163.28147888183594, 1.0], [130.7711181640625, 226.82272338867188, 1.0], [180.3958740234375, 189.7114715576172, 1.0], [215.6055145263672, 149.5558624267578, 1.0], [227.33424377441406, 123.81527709960938, 1.0], [158.35525512695312, 239.75038146972656, 1.0], [209.7851104736328, 205.1353759765625, 1.0], [238.5591278076172, 169.24066162109375, 1.0], [263.3041687011719, 135.08929443359375, 1.0], [184.4525604248047, 248.29620361328125, 1.0], [228.9916229248047, 232.81690979003906, 1.0], [260.9857482910156, 216.66030883789062, 1.0], [292.90460205078125, 195.30674743652344, 1.0]], "is_left": 0}