{"hand_pts": [[127.66777801513672, 293.85589599609375, 1.0], [119.67697143554688, 270.9415588378906, 1.0], [81.7527847290039, 267.6266174316406, 1.0], [128.12855529785156, 259.98760986328125, 1.0], [182.33851623535156, 258.3443298339844, 1.0], [94.14680480957031, 160.1088409423828, 1.0], [154.9651336669922, 155.63558959960938, 1.0], [180.300537109375, 195.0804443359375, 1.0], [162.19021606445312, 221.55142211914062, 1.0], [128.45272827148438, 141.44235229492188, 1.0], [207.39736938476562, 117.760498046875, 1.0], [215.95289611816406, 170.79661560058594, 1.0], [175.9047088623047, 199.54922485351562, 1.0], [162.45176696777344, 133.5178680419922, 1.0], [245.76397705078125, 110.6059799194336, 1.0], [247.33106994628906, 159.18687438964844, 1.0], [205.44381713867188, 186.55775451660156, 1.0], [196.1654815673828, 137.18247985839844, 1.0], [262.02734375, 134.19464111328125, 1.0], [264.66375732421875, 174.10061645507812, 1.0], [217.0901641845703, 188.9759979248047, 1.0]], "is_left": 0}