{"hand_pts": [[264.8460388183594, 139.73765563964844, 1.0], [277.73394775390625, 188.10308837890625, 1.0], [306.3847351074219, 230.45675659179688, 1.0], [266.4754333496094, 240.0326385498047, 1.0], [215.21827697753906, 213.1160430908203, 1.0], [247.425537109375, 194.8826446533203, 1.0], [219.39620971679688, 225.8361358642578, 1.0], [210.044921875, 234.75918579101562, 1.0], [205.3900146484375, 236.60572814941406, 1.0], [206.75830078125, 164.1949462890625, 1.0], [139.62754821777344, 176.35044860839844, 1.0], [116.55450439453125, 193.301025390625, 1.0], [118.39286041259766, 208.09742736816406, 1.0], [173.54229736328125, 140.79754638671875, 1.0], [128.0471954345703, 163.49766540527344, 1.0], [139.00759887695312, 171.76539611816406, 1.0], [170.1841278076172, 172.6821746826172, 1.0], [146.20143127441406, 118.33936309814453, 1.0], [106.61878967285156, 128.0763702392578, 1.0], [131.98948669433594, 138.31744384765625, 1.0], [169.6478271484375, 137.20668029785156, 1.0]], "is_left": 0}