{"hand_pts": [[56.143795013427734, 183.82534790039062, 1.0], [88.8439712524414, 207.36859130859375, 1.0], [95.72686767578125, 221.78054809570312, 1.0], [128.24057006835938, 202.57691955566406, 1.0], [160.27284240722656, 180.1699676513672, 1.0], [166.3500213623047, 222.84765625, 1.0], [218.04800415039062, 236.16220092773438, 1.0], [234.9682159423828, 223.9392547607422, 1.0], [246.6044921875, 208.33392333984375, 1.0], [170.21337890625, 193.862548828125, 1.0], [234.13548278808594, 210.37440490722656, 1.0], [257.7249450683594, 204.40577697753906, 1.0], [285.0937805175781, 201.2649688720703, 1.0], [169.64385986328125, 168.62562561035156, 1.0], [188.85215759277344, 145.90219116210938, 1.0], [153.78286743164062, 145.134765625, 1.0], [124.56336975097656, 156.08238220214844, 1.0], [161.57627868652344, 144.3485107421875, 1.0], [203.03390502929688, 134.0618133544922, 1.0], [199.3275146484375, 131.5601043701172, 1.0], [183.1187744140625, 133.5987091064453, 1.0]], "is_left": 0}