{"hand_pts": [[314.52362060546875, 65.92666625976562, 1.0], [267.76727294921875, 89.11701202392578, 1.0], [259.0138244628906, 94.14164733886719, 1.0], [202.84400939941406, 101.48133850097656, 1.0], [164.0651397705078, 104.01053619384766, 1.0], [251.88645935058594, 209.74176025390625, 1.0], [189.81666564941406, 240.00035095214844, 1.0], [154.6735382080078, 209.90736389160156, 1.0], [159.04168701171875, 167.06666564941406, 1.0], [244.9314422607422, 224.095703125, 1.0], [163.38189697265625, 249.36668395996094, 1.0], [134.79306030273438, 203.87823486328125, 1.0], [137.1867218017578, 150.64688110351562, 1.0], [234.43704223632812, 227.12062072753906, 1.0], [150.49285888671875, 237.0142822265625, 1.0], [138.55674743652344, 188.7329559326172, 1.0], [163.88943481445312, 145.03359985351562, 1.0], [226.76785278320312, 218.27146911621094, 1.0], [172.8877716064453, 241.94752502441406, 1.0], [152.3836212158203, 209.93275451660156, 1.0], [170.30572509765625, 171.5836639404297, 1.0]], "is_left": 0}