{"hand_pts": [[71.68346405029297, 49.814640045166016, 1.0], [75.07742309570312, 119.20612335205078, 1.0], [66.90882873535156, 164.14723205566406, 1.0], [82.28177642822266, 207.8656005859375, 1.0], [114.19602966308594, 239.0142822265625, 1.0], [143.94314575195312, 158.20970153808594, 1.0], [184.4144287109375, 196.17562866210938, 1.0], [210.69912719726562, 223.20803833007812, 1.0], [236.90367126464844, 244.24188232421875, 1.0], [165.787109375, 136.13519287109375, 1.0], [215.09585571289062, 187.7232666015625, 1.0], [225.22254943847656, 228.12110900878906, 1.0], [230.32737731933594, 266.0687561035156, 1.0], [179.29408264160156, 120.20538330078125, 1.0], [228.16964721679688, 167.80860900878906, 1.0], [240.6975860595703, 204.1417999267578, 1.0], [229.13023376464844, 230.4830322265625, 1.0], [185.0833740234375, 101.35407257080078, 1.0], [218.25482177734375, 131.6211395263672, 1.0], [221.6294708251953, 158.35977172851562, 1.0], [198.82388305664062, 174.7853240966797, 1.0]], "is_left": 0}