{"hand_pts": [[41.17341995239258, 134.34588623046875, 1.0], [90.45825958251953, 119.57984161376953, 1.0], [130.8639678955078, 103.39994812011719, 1.0], [174.9348602294922, 120.27487182617188, 1.0], [212.62213134765625, 144.1001434326172, 1.0], [130.29891967773438, 175.85789489746094, 1.0], [188.3657989501953, 168.66143798828125, 1.0], [217.73313903808594, 145.5848388671875, 1.0], [250.1008758544922, 126.86226654052734, 1.0], [127.1714096069336, 195.64588928222656, 1.0], [191.66067504882812, 220.8295135498047, 1.0], [237.4142303466797, 219.57276916503906, 1.0], [279.20465087890625, 226.02166748046875, 1.0], [126.32344818115234, 205.79830932617188, 1.0], [190.33445739746094, 228.3246612548828, 1.0], [223.4477081298828, 208.48550415039062, 1.0], [249.00469970703125, 183.14344787597656, 1.0], [121.42925262451172, 209.6265411376953, 1.0], [161.06993103027344, 231.3420867919922, 1.0], [192.14340209960938, 221.28465270996094, 1.0], [207.01873779296875, 192.94839477539062, 1.0]], "is_left": 0}