{"hand_pts": [[207.34268188476562, 172.08935546875, 1.0], [246.5131378173828, 157.2255096435547, 1.0], [291.3970642089844, 135.440185546875, 1.0], [303.19708251953125, 139.6256866455078, 1.0], [288.07513427734375, 160.80596923828125, 1.0], [198.554931640625, 128.53099060058594, 1.0], [200.0457763671875, 126.04975128173828, 1.0], [212.43951416015625, 145.6860809326172, 1.0], [227.0722198486328, 172.15391540527344, 1.0], [161.55702209472656, 156.78590393066406, 1.0], [153.1451416015625, 164.2947540283203, 1.0], [173.40261840820312, 187.61305236816406, 1.0], [200.38531494140625, 213.475830078125, 1.0], [137.85581970214844, 183.767333984375, 1.0], [120.83470153808594, 200.8702850341797, 1.0], [138.08387756347656, 225.15081787109375, 1.0], [165.60757446289062, 249.60975646972656, 1.0], [120.95513916015625, 210.6578826904297, 1.0], [106.25347900390625, 234.82778930664062, 1.0], [117.42385864257812, 255.7637481689453, 1.0], [145.85618591308594, 273.20037841796875, 1.0]], "is_left": 0}