{"hand_pts": [[27.8565673828125, 197.0010528564453, 1.0], [87.2566146850586, 230.61265563964844, 1.0], [125.14352416992188, 263.7085876464844, 1.0], [167.59669494628906, 281.5444030761719, 1.0], [203.20556640625, 252.9781494140625, 1.0], [164.86451721191406, 199.80409240722656, 1.0], [198.2301788330078, 214.6644287109375, 1.0], [192.82159423828125, 226.80873107910156, 1.0], [169.27272033691406, 236.50375366210938, 1.0], [156.82955932617188, 164.5088653564453, 1.0], [220.4879150390625, 175.42367553710938, 1.0], [251.6174774169922, 188.4348602294922, 1.0], [281.5833435058594, 200.69479370117188, 1.0], [148.60415649414062, 139.42202758789062, 1.0], [217.67041015625, 114.26229858398438, 1.0], [229.11744689941406, 128.52023315429688, 1.0], [200.71270751953125, 152.21694946289062, 1.0], [133.2997283935547, 119.37793731689453, 1.0], [159.0431671142578, 120.71043395996094, 1.0], [171.9514617919922, 125.64225769042969, 1.0], [161.69204711914062, 146.26438903808594, 1.0]], "is_left": 0}