{"hand_pts": [[278.9736633300781, 56.097251892089844, 1.0], [225.97702026367188, 97.67988586425781, 1.0], [189.22433471679688, 121.4468994140625, 1.0], [141.85391235351562, 134.77047729492188, 1.0], [106.07865905761719, 140.9642791748047, 1.0], [233.44232177734375, 196.3848876953125, 1.0], [214.58001708984375, 256.0667419433594, 1.0], [181.80526733398438, 275.8591613769531, 1.0], [143.06101989746094, 250.5694580078125, 1.0], [244.9078826904297, 186.70098876953125, 1.0], [181.75375366210938, 224.61849975585938, 1.0], [143.01344299316406, 185.19326782226562, 1.0], [149.20904541015625, 144.01409912109375, 1.0], [248.05987548828125, 172.205322265625, 1.0], [209.87966918945312, 227.64891052246094, 1.0], [166.0919647216797, 206.52442932128906, 1.0], [142.52101135253906, 170.0183868408203, 1.0], [250.6288299560547, 149.2721405029297, 1.0], [206.10157775878906, 168.13795471191406, 1.0], [171.90127563476562, 176.6471710205078, 1.0], [131.44992065429688, 167.14663696289062, 1.0]], "is_left": 0}