{"hand_pts": [[27.396902084350586, 110.21653747558594, 1.0], [91.74825286865234, 115.88219451904297, 1.0], [128.2941131591797, 106.17477416992188, 1.0], [170.78338623046875, 114.81237030029297, 1.0], [207.15249633789062, 131.5519561767578, 1.0], [162.94480895996094, 171.29232788085938, 1.0], [218.7650909423828, 191.0981903076172, 1.0], [253.14199829101562, 201.9073486328125, 1.0], [285.1928405761719, 213.21377563476562, 1.0], [152.5601043701172, 185.9859161376953, 1.0], [215.521484375, 222.83547973632812, 1.0], [224.93161010742188, 211.69229125976562, 1.0], [237.37692260742188, 204.30157470703125, 1.0], [143.05162048339844, 194.13751220703125, 1.0], [201.44573974609375, 220.8517303466797, 1.0], [207.25624084472656, 208.97341918945312, 1.0], [181.8892822265625, 185.6724395751953, 1.0], [127.54370880126953, 196.4437713623047, 1.0], [154.42947387695312, 212.92393493652344, 1.0], [157.77561950683594, 201.9144287109375, 1.0], [139.94650268554688, 181.469970703125, 1.0]], "is_left": 0}