{"hand_pts": [[162.6016845703125, 109.29691314697266, 1.0], [125.8203353881836, 169.66717529296875, 1.0], [98.22565460205078, 215.8181610107422, 1.0], [78.79994201660156, 219.60195922851562, 1.0], [94.56377410888672, 183.71926879882812, 1.0], [196.6719512939453, 239.36866760253906, 1.0], [166.00828552246094, 243.563232421875, 1.0], [142.1175079345703, 212.71746826171875, 1.0], [150.83253479003906, 197.30764770507812, 1.0], [233.08766174316406, 211.73158264160156, 1.0], [204.5975341796875, 209.30760192871094, 1.0], [170.70204162597656, 181.33457946777344, 1.0], [176.48098754882812, 177.89352416992188, 1.0], [254.46034240722656, 186.41656494140625, 1.0], [238.3033905029297, 178.97731018066406, 1.0], [206.030029296875, 157.32339477539062, 1.0], [210.630615234375, 162.09765625, 1.0], [267.36553955078125, 156.5167694091797, 1.0], [257.6840515136719, 139.63522338867188, 1.0], [226.89859008789062, 126.54923248291016, 1.0], [229.27532958984375, 138.07017517089844, 1.0]], "is_left": 0}