{"hand_pts": [[25.93412971496582, 187.89083862304688, 1.0], [75.510009765625, 226.4871826171875, 1.0], [112.61517333984375, 259.5091857910156, 1.0], [155.62774658203125, 276.2013854980469, 1.0], [199.6279296875, 283.8440246582031, 1.0], [162.42977905273438, 215.65594482421875, 1.0], [216.97886657714844, 211.8915252685547, 1.0], [234.9223175048828, 209.0290069580078, 1.0], [259.32220458984375, 204.7933807373047, 1.0], [161.2188262939453, 179.18101501464844, 1.0], [225.50193786621094, 187.07579040527344, 1.0], [194.5284423828125, 196.83822631835938, 1.0], [151.80288696289062, 201.88031005859375, 1.0], [157.06626892089844, 151.62416076660156, 1.0], [227.22622680664062, 132.44271850585938, 1.0], [265.2858581542969, 127.09107208251953, 1.0], [265.6219177246094, 140.80010986328125, 1.0], [144.6831512451172, 127.5162582397461, 1.0], [160.89195251464844, 108.98430633544922, 1.0], [150.98886108398438, 111.29759979248047, 1.0], [128.52703857421875, 126.23857116699219, 1.0]], "is_left": 0}