{"hand_pts": [[118.25072479248047, 178.9246368408203, 1.0], [104.44149780273438, 164.2498779296875, 1.0], [77.875, 152.74813842773438, 1.0], [77.97663879394531, 159.96884155273438, 1.0], [101.18138885498047, 180.08499145507812, 1.0], [173.69737243652344, 131.02687072753906, 1.0], [183.20965576171875, 141.67543029785156, 1.0], [174.9718017578125, 162.09991455078125, 1.0], [164.3141326904297, 184.43580627441406, 1.0], [203.21641540527344, 152.01620483398438, 1.0], [212.046875, 182.44712829589844, 1.0], [178.67990112304688, 204.31924438476562, 1.0], [145.21070861816406, 214.38397216796875, 1.0], [221.20338439941406, 173.04934692382812, 1.0], [266.48309326171875, 179.32666015625, 1.0], [255.8224334716797, 198.6526641845703, 1.0], [232.6709747314453, 216.55609130859375, 1.0], [231.12278747558594, 195.2406463623047, 1.0], [242.34561157226562, 216.35520935058594, 1.0], [227.86561584472656, 233.25685119628906, 1.0], [196.10427856445312, 235.6333465576172, 1.0]], "is_left": 0}