{"hand_pts": [[352.1065368652344, 212.09910583496094, 1.0], [276.92376708984375, 234.42257690429688, 1.0], [227.13571166992188, 264.74957275390625, 1.0], [168.73495483398438, 267.93505859375, 1.0], [119.59825134277344, 259.9515075683594, 1.0], [203.4384307861328, 194.96597290039062, 1.0], [128.57070922851562, 192.3861846923828, 1.0], [106.68794250488281, 201.88331604003906, 1.0], [137.34356689453125, 211.8792266845703, 1.0], [218.838134765625, 166.59706115722656, 1.0], [130.65069580078125, 154.2761993408203, 1.0], [128.51629638671875, 176.58799743652344, 1.0], [143.3963623046875, 199.0526123046875, 1.0], [231.688232421875, 147.64918518066406, 1.0], [187.93679809570312, 149.5517578125, 1.0], [213.6972198486328, 171.79368591308594, 1.0], [240.82118225097656, 193.81961059570312, 1.0], [250.677734375, 134.1474151611328, 1.0], [212.21534729003906, 109.3948974609375, 1.0], [189.02914428710938, 117.59475708007812, 1.0], [182.25881958007812, 142.55589294433594, 1.0]], "is_left": 0}