{"hand_pts": [[197.42532348632812, 32.484073638916016, 1.0], [148.5898895263672, 108.18362426757812, 1.0], [130.1439208984375, 168.18768310546875, 1.0], [117.410888671875, 228.6193389892578, 1.0], [120.64447021484375, 243.59539794921875, 1.0], [211.1439208984375, 192.4439239501953, 1.0], [188.0933837890625, 253.02835083007812, 1.0], [144.3831024169922, 246.5999755859375, 1.0], [104.13566589355469, 225.81405639648438, 1.0], [245.685302734375, 166.8230743408203, 1.0], [180.35198974609375, 219.31796264648438, 1.0], [120.21261596679688, 214.1601104736328, 1.0], [89.40530395507812, 172.96481323242188, 1.0], [264.7084655761719, 143.3417510986328, 1.0], [266.7215270996094, 194.1807098388672, 1.0], [215.51808166503906, 191.92117309570312, 1.0], [168.92613220214844, 170.18893432617188, 1.0], [276.3229064941406, 113.29586029052734, 1.0], [257.5216369628906, 136.21534729003906, 1.0], [215.26731872558594, 136.37698364257812, 1.0], [188.60592651367188, 116.78006744384766, 1.0]], "is_left": 0}