{"hand_pts": [[293.08294677734375, 50.22089767456055, 1.0], [286.1632385253906, 129.37596130371094, 1.0], [301.06884765625, 184.46791076660156, 1.0], [281.3294982910156, 233.0514373779297, 1.0], [246.52587890625, 255.46983337402344, 1.0], [207.15164184570312, 160.0494384765625, 1.0], [170.48916625976562, 217.47317504882812, 1.0], [176.9383544921875, 240.2650604248047, 1.0], [188.96087646484375, 253.03451538085938, 1.0], [181.07846069335938, 132.09335327148438, 1.0], [122.679443359375, 186.0880126953125, 1.0], [132.8254852294922, 219.27890014648438, 1.0], [164.98101806640625, 225.57199096679688, 1.0], [165.12925720214844, 113.32744598388672, 1.0], [130.89598083496094, 173.55291748046875, 1.0], [149.06544494628906, 194.2436981201172, 1.0], [184.28221130371094, 188.63409423828125, 1.0], [158.4708251953125, 93.24847412109375, 1.0], [134.6201934814453, 127.62971496582031, 1.0], [147.11639404296875, 148.47787475585938, 1.0], [174.2470703125, 160.83338928222656, 1.0]], "is_left": 0}