{"hand_pts": [[72.3567123413086, 138.94761657714844, 1.0], [80.21126556396484, 175.8700714111328, 1.0], [65.63114929199219, 197.27432250976562, 1.0], [93.09139251708984, 203.71156311035156, 1.0], [122.28376007080078, 208.30996704101562, 1.0], [148.2137451171875, 213.96087646484375, 1.0], [194.62802124023438, 237.2156524658203, 1.0], [226.552490234375, 248.74090576171875, 1.0], [253.78562927246094, 251.85166931152344, 1.0], [176.22897338867188, 191.7498016357422, 1.0], [216.16285705566406, 184.10971069335938, 1.0], [193.468994140625, 168.98231506347656, 1.0], [154.079345703125, 163.97901916503906, 1.0], [195.84527587890625, 171.7711181640625, 1.0], [225.75772094726562, 179.10272216796875, 1.0], [211.15432739257812, 172.443359375, 1.0], [176.1797637939453, 163.45712280273438, 1.0], [206.94219970703125, 149.72430419921875, 1.0], [240.11309814453125, 139.29196166992188, 1.0], [258.93914794921875, 131.1075897216797, 1.0], [231.8912811279297, 127.76174926757812, 1.0]], "is_left": 0}