{"hand_pts": [[124.49864959716797, 268.74365234375, 1.0], [113.73949432373047, 209.90074157714844, 1.0], [90.83411407470703, 153.22752380371094, 1.0], [89.43727111816406, 103.63297271728516, 1.0], [120.33621215820312, 71.91728973388672, 1.0], [137.3982391357422, 204.39886474609375, 1.0], [159.4928436279297, 158.75787353515625, 1.0], [179.4420166015625, 126.22767639160156, 1.0], [198.52474975585938, 100.11802673339844, 1.0], [172.39443969726562, 231.49658203125, 1.0], [199.1103057861328, 168.55796813964844, 1.0], [203.30752563476562, 132.75314331054688, 1.0], [189.9094696044922, 131.22857666015625, 1.0], [200.2184295654297, 249.15084838867188, 1.0], [241.1022186279297, 237.46630859375, 1.0], [249.39959716796875, 204.2909698486328, 1.0], [226.7651824951172, 201.19175720214844, 1.0], [222.6355743408203, 265.71337890625, 1.0], [260.4684753417969, 247.01341247558594, 1.0], [237.2416229248047, 241.78907775878906, 1.0], [201.43035888671875, 250.5497283935547, 1.0]], "is_left": 0}