{"hand_pts": [[197.1586456298828, 229.27622985839844, 1.0], [226.33645629882812, 226.62606811523438, 1.0], [262.6054382324219, 249.99838256835938, 1.0], [289.4170837402344, 238.5050048828125, 1.0], [302.9840087890625, 206.09828186035156, 1.0], [173.11666870117188, 248.3325958251953, 1.0], [200.4987030029297, 214.90118408203125, 1.0], [228.96241760253906, 183.35833740234375, 1.0], [254.1470489501953, 155.67349243164062, 1.0], [144.83529663085938, 230.3410186767578, 1.0], [165.17298889160156, 178.9812774658203, 1.0], [202.86471557617188, 150.68453979492188, 1.0], [225.43380737304688, 154.73013305664062, 1.0], [128.08123779296875, 211.0355224609375, 1.0], [104.2172622680664, 167.38221740722656, 1.0], [134.0366973876953, 136.39830017089844, 1.0], [169.724365234375, 115.50367736816406, 1.0], [117.67139434814453, 191.4985809326172, 1.0], [99.00670623779297, 155.45431518554688, 1.0], [111.38304138183594, 126.79053497314453, 1.0], [148.4414520263672, 124.72965240478516, 1.0]], "is_left": 0}