{"hand_pts": [[165.29434204101562, 94.94622802734375, 1.0], [126.13782501220703, 138.94204711914062, 1.0], [88.96529388427734, 171.62928771972656, 1.0], [76.1204605102539, 196.9408721923828, 1.0], [92.10948181152344, 203.33726501464844, 1.0], [166.45924377441406, 200.921630859375, 1.0], [155.7954559326172, 226.02378845214844, 1.0], [140.6959686279297, 218.67169189453125, 1.0], [126.86518859863281, 197.74447631835938, 1.0], [207.54913330078125, 183.2294921875, 1.0], [215.52169799804688, 221.61932373046875, 1.0], [198.71192932128906, 223.95884704589844, 1.0], [172.72572326660156, 206.87454223632812, 1.0], [236.5855712890625, 165.42193603515625, 1.0], [247.1111297607422, 191.7444610595703, 1.0], [223.39492797851562, 178.90676879882812, 1.0], [196.78314208984375, 158.1156463623047, 1.0], [259.5006408691406, 142.68263244628906, 1.0], [274.56402587890625, 149.9414520263672, 1.0], [254.10919189453125, 142.46363830566406, 1.0], [223.0126953125, 131.6617431640625, 1.0]], "is_left": 0}