{"hand_pts": [[93.50634002685547, 222.48077392578125, 1.0], [154.25042724609375, 250.09228515625, 1.0], [203.35400390625, 287.1475830078125, 1.0], [219.04747009277344, 286.2637023925781, 1.0], [188.7964324951172, 255.64906311035156, 1.0], [226.4130859375, 190.45396423339844, 1.0], [248.0015869140625, 196.67445373535156, 1.0], [218.66896057128906, 217.8275146484375, 1.0], [187.07664489746094, 227.6276092529297, 1.0], [202.5706787109375, 152.68539428710938, 1.0], [221.57847595214844, 149.24830627441406, 1.0], [192.53839111328125, 184.4671630859375, 1.0], [170.58969116210938, 205.1904296875, 1.0], [180.45602416992188, 127.74968719482422, 1.0], [188.64048767089844, 115.61434936523438, 1.0], [164.15603637695312, 149.45681762695312, 1.0], [153.24404907226562, 170.35494995117188, 1.0], [153.12448120117188, 110.71874237060547, 1.0], [146.83139038085938, 99.24701690673828, 1.0], [132.41793823242188, 130.73944091796875, 1.0], [132.3400421142578, 152.24098205566406, 1.0]], "is_left": 0}