{"hand_pts": [[287.7310791015625, 88.88793182373047, 1.0], [228.0369873046875, 157.5970001220703, 1.0], [189.49655151367188, 209.69175720214844, 1.0], [154.93345642089844, 249.5109100341797, 1.0], [133.8087615966797, 262.651611328125, 1.0], [235.492431640625, 214.49110412597656, 1.0], [186.11654663085938, 259.51251220703125, 1.0], [152.99752807617188, 239.4809112548828, 1.0], [128.90757751464844, 214.09364318847656, 1.0], [249.94696044921875, 171.1816864013672, 1.0], [191.37228393554688, 211.49899291992188, 1.0], [140.6630859375, 224.63430786132812, 1.0], [94.49532318115234, 225.55215454101562, 1.0], [254.85098266601562, 133.25686645507812, 1.0], [216.67660522460938, 169.51739501953125, 1.0], [172.2188720703125, 168.73463439941406, 1.0], [139.82176208496094, 160.77195739746094, 1.0], [259.018310546875, 92.7556381225586, 1.0], [228.01681518554688, 90.38167572021484, 1.0], [192.8219451904297, 90.59599304199219, 1.0], [151.99441528320312, 94.55658721923828, 1.0]], "is_left": 0}