{"hand_pts": [[322.1952209472656, 113.85340118408203, 1.0], [257.12799072265625, 106.0216293334961, 1.0], [212.72015380859375, 74.63163757324219, 1.0], [160.54913330078125, 100.10675811767578, 1.0], [162.05528259277344, 140.61050415039062, 1.0], [216.98849487304688, 184.92091369628906, 1.0], [150.4647979736328, 180.45599365234375, 1.0], [154.71115112304688, 149.45599365234375, 1.0], [186.18563842773438, 123.97775268554688, 1.0], [227.61964416503906, 212.7665557861328, 1.0], [143.7204132080078, 237.8788299560547, 1.0], [111.31809997558594, 207.83291625976562, 1.0], [119.16986083984375, 163.9618377685547, 1.0], [233.67921447753906, 229.00448608398438, 1.0], [160.7450408935547, 248.237548828125, 1.0], [167.36546325683594, 205.02346801757812, 1.0], [203.8095703125, 174.8295135498047, 1.0], [243.4796600341797, 236.3269500732422, 1.0], [201.4680938720703, 265.1933288574219, 1.0], [188.80044555664062, 230.5616455078125, 1.0], [213.54771423339844, 198.2164764404297, 1.0]], "is_left": 0}