{"hand_pts": [[258.228759765625, 172.45614624023438, 1.0], [270.5285949707031, 133.02639770507812, 1.0], [291.9015197753906, 94.96463775634766, 1.0], [271.6677551269531, 85.65363311767578, 1.0], [242.30857849121094, 86.70585632324219, 1.0], [237.6985626220703, 193.9178924560547, 1.0], [224.85765075683594, 206.70765686035156, 1.0], [206.32061767578125, 188.04736328125, 1.0], [187.45359802246094, 170.67994689941406, 1.0], [201.32174682617188, 215.08792114257812, 1.0], [183.55145263671875, 239.08741760253906, 1.0], [171.32969665527344, 235.38844299316406, 1.0], [160.71925354003906, 238.26934814453125, 1.0], [172.8636016845703, 223.36691284179688, 1.0], [140.93255615234375, 214.00204467773438, 1.0], [128.00961303710938, 182.90594482421875, 1.0], [118.7016372680664, 146.8247833251953, 1.0], [149.94747924804688, 225.62542724609375, 1.0], [111.68602752685547, 217.04444885253906, 1.0], [99.32936096191406, 186.26394653320312, 1.0], [98.79391479492188, 145.68707275390625, 1.0]], "is_left": 0}