{"hand_pts": [[149.97068786621094, 264.6086730957031, 1.0], [216.95338439941406, 234.4371795654297, 1.0], [277.8089904785156, 231.50262451171875, 1.0], [286.60595703125, 185.87493896484375, 1.0], [241.56033325195312, 166.25291442871094, 1.0], [215.49595642089844, 237.3922576904297, 1.0], [242.22947692871094, 183.4008331298828, 1.0], [242.06114196777344, 168.32456970214844, 1.0], [226.63711547851562, 185.58375549316406, 1.0], [167.93869018554688, 230.4373321533203, 1.0], [186.02395629882812, 161.82655334472656, 1.0], [192.92474365234375, 160.0906982421875, 1.0], [189.82388305664062, 193.60284423828125, 1.0], [132.3032989501953, 219.97134399414062, 1.0], [131.28041076660156, 152.9311981201172, 1.0], [140.88890075683594, 146.86236572265625, 1.0], [150.58546447753906, 171.72735595703125, 1.0], [99.47561645507812, 210.40782165527344, 1.0], [93.22787475585938, 165.14208984375, 1.0], [107.80872344970703, 149.03646850585938, 1.0], [124.43495178222656, 171.6575469970703, 1.0]], "is_left": 0}