{"hand_pts": [[291.97711181640625, 305.9234924316406, 1.0], [270.8560485839844, 292.3603820800781, 1.0], [287.953857421875, 290.5455627441406, 1.0], [251.8262176513672, 254.16244506835938, 1.0], [203.4557647705078, 213.4905242919922, 1.0], [255.8038330078125, 205.17361450195312, 1.0], [221.38571166992188, 161.9586639404297, 1.0], [182.5636749267578, 148.12184143066406, 1.0], [140.41978454589844, 146.89566040039062, 1.0], [236.9695281982422, 189.28402709960938, 1.0], [165.3887481689453, 142.46340942382812, 1.0], [140.23992919921875, 175.09478759765625, 1.0], [142.15957641601562, 219.6929168701172, 1.0], [218.59580993652344, 182.24212646484375, 1.0], [147.0646514892578, 130.39234924316406, 1.0], [116.41655731201172, 149.53355407714844, 1.0], [129.82855224609375, 193.66680908203125, 1.0], [203.95042419433594, 184.53224182128906, 1.0], [150.54818725585938, 145.04151916503906, 1.0], [110.91584777832031, 131.43045043945312, 1.0], [96.8398208618164, 155.09109497070312, 1.0]], "is_left": 0}