{"hand_pts": [[258.6786804199219, 41.672183990478516, 1.0], [218.08155822753906, 98.18168640136719, 1.0], [188.74241638183594, 142.66920471191406, 1.0], [151.114501953125, 183.65667724609375, 1.0], [116.18017578125, 214.69424438476562, 1.0], [257.5758972167969, 155.21591186523438, 1.0], [235.34844970703125, 212.4608154296875, 1.0], [191.6628875732422, 243.0159454345703, 1.0], [142.55043029785156, 267.0456848144531, 1.0], [253.1331329345703, 138.6246795654297, 1.0], [224.79229736328125, 205.11680603027344, 1.0], [171.28692626953125, 239.20533752441406, 1.0], [115.2228012084961, 264.528564453125, 1.0], [239.1599578857422, 123.85892486572266, 1.0], [203.50250244140625, 183.0336456298828, 1.0], [148.53192138671875, 210.03541564941406, 1.0], [92.35668182373047, 230.10919189453125, 1.0], [223.01698303222656, 104.51741790771484, 1.0], [182.17410278320312, 138.06430053710938, 1.0], [136.99066162109375, 160.1625518798828, 1.0], [86.68019104003906, 179.49624633789062, 1.0]], "is_left": 0}