{"hand_pts": [[87.55664825439453, 249.78982543945312, 1.0], [130.20645141601562, 194.6208038330078, 1.0], [141.8985137939453, 138.21107482910156, 1.0], [149.0140380859375, 91.53881072998047, 1.0], [152.38160705566406, 60.31201934814453, 1.0], [207.33465576171875, 208.33013916015625, 1.0], [231.6051025390625, 158.301513671875, 1.0], [223.882568359375, 122.02538299560547, 1.0], [193.60986328125, 98.23684692382812, 1.0], [190.7030792236328, 234.35748291015625, 1.0], [259.806396484375, 221.3561553955078, 1.0], [270.841796875, 182.43399047851562, 1.0], [242.48854064941406, 150.8772430419922, 1.0], [172.61863708496094, 249.85621643066406, 1.0], [210.0496368408203, 243.19142150878906, 1.0], [198.908203125, 206.94300842285156, 1.0], [187.33963012695312, 171.69268798828125, 1.0], [148.96189880371094, 262.8996887207031, 1.0], [133.63299560546875, 234.33941650390625, 1.0], [109.34295654296875, 213.47006225585938, 1.0], [108.18305969238281, 222.79576110839844, 1.0]], "is_left": 0}