{"hand_pts": [[254.1051483154297, 66.61405181884766, 1.0], [185.99253845214844, 77.71416473388672, 1.0], [129.85557556152344, 72.28468322753906, 1.0], [94.500732421875, 102.03585815429688, 1.0], [77.22004699707031, 140.80422973632812, 1.0], [186.91586303710938, 142.95660400390625, 1.0], [160.35980224609375, 192.09039306640625, 1.0], [140.47998046875, 194.15225219726562, 1.0], [122.96939086914062, 195.1064910888672, 1.0], [224.55462646484375, 165.18251037597656, 1.0], [208.4518585205078, 219.05909729003906, 1.0], [172.5431365966797, 234.45156860351562, 1.0], [149.88214111328125, 219.30921936035156, 1.0], [250.6298370361328, 180.09938049316406, 1.0], [204.4069366455078, 223.9029541015625, 1.0], [184.17178344726562, 201.32923889160156, 1.0], [162.9742431640625, 180.3359375, 1.0], [274.64642333984375, 187.43858337402344, 1.0], [266.82293701171875, 230.6318817138672, 1.0], [254.69468688964844, 257.9947204589844, 1.0], [222.86996459960938, 247.0198974609375, 1.0]], "is_left": 0}