{"hand_pts": [[320.6730041503906, 270.8689270019531, 1.0], [269.786865234375, 225.10311889648438, 1.0], [227.1510467529297, 189.82791137695312, 1.0], [169.731689453125, 174.2928466796875, 1.0], [116.75282287597656, 164.4911346435547, 1.0], [245.54779052734375, 176.03012084960938, 1.0], [181.4669189453125, 148.4357147216797, 1.0], [135.84547424316406, 137.7529754638672, 1.0], [92.89472961425781, 124.15618896484375, 1.0], [247.7768096923828, 200.82498168945312, 1.0], [178.95375061035156, 166.78396606445312, 1.0], [128.88034057617188, 159.9210205078125, 1.0], [99.85033416748047, 168.8096160888672, 1.0], [245.99920654296875, 222.68421936035156, 1.0], [208.08819580078125, 188.45204162597656, 1.0], [166.72515869140625, 173.1449737548828, 1.0], [123.72796630859375, 162.85159301757812, 1.0], [247.0125732421875, 247.05935668945312, 1.0], [217.5196533203125, 231.89398193359375, 1.0], [187.42611694335938, 220.17906188964844, 1.0], [152.88272094726562, 206.13198852539062, 1.0]], "is_left": 0}