{"hand_pts": [[245.680419921875, 140.8845977783203, 1.0], [262.3442077636719, 151.36721801757812, 1.0], [294.04278564453125, 153.72283935546875, 1.0], [300.4955139160156, 169.95326232910156, 1.0], [287.7948303222656, 193.22850036621094, 1.0], [196.1829071044922, 124.3111572265625, 1.0], [190.7108917236328, 142.0692596435547, 1.0], [197.12843322753906, 169.9256134033203, 1.0], [205.23353576660156, 200.5323028564453, 1.0], [165.0161590576172, 137.74691772460938, 1.0], [142.9076385498047, 169.61895751953125, 1.0], [165.67955017089844, 205.05213928222656, 1.0], [198.0250701904297, 220.30560302734375, 1.0], [145.73391723632812, 154.2029266357422, 1.0], [120.50927734375, 188.1897430419922, 1.0], [139.89036560058594, 219.31480407714844, 1.0], [160.5824432373047, 248.98565673828125, 1.0], [134.660888671875, 171.3363494873047, 1.0], [107.36143493652344, 196.03443908691406, 1.0], [118.91751861572266, 220.34634399414062, 1.0], [151.06512451171875, 232.12344360351562, 1.0]], "is_left": 0}