{"hand_pts": [[46.720848083496094, 228.7545166015625, 1.0], [87.37889099121094, 178.33856201171875, 1.0], [95.81420135498047, 134.67568969726562, 1.0], [124.92437744140625, 96.58441925048828, 1.0], [170.59727478027344, 98.96160888671875, 1.0], [144.60220336914062, 192.1294403076172, 1.0], [194.3944091796875, 141.02273559570312, 1.0], [212.23988342285156, 109.4917221069336, 1.0], [198.1382293701172, 104.1582260131836, 1.0], [150.5759735107422, 223.19418334960938, 1.0], [213.10610961914062, 214.69993591308594, 1.0], [257.2008972167969, 199.01553344726562, 1.0], [280.4080810546875, 165.98748779296875, 1.0], [155.0902099609375, 243.52005004882812, 1.0], [211.5482940673828, 220.82896423339844, 1.0], [211.88832092285156, 201.74842834472656, 1.0], [194.19065856933594, 184.2227783203125, 1.0], [153.34043884277344, 260.5994567871094, 1.0], [201.08447265625, 259.89654541015625, 1.0], [214.7994842529297, 236.51461791992188, 1.0], [201.3319854736328, 207.90345764160156, 1.0]], "is_left": 0}