{"hand_pts": [[209.47190856933594, 35.08766555786133, 1.0], [174.8766632080078, 77.78790283203125, 1.0], [143.94766235351562, 96.8680191040039, 1.0], [112.87446594238281, 137.7109375, 1.0], [92.90156555175781, 174.4680938720703, 1.0], [217.36293029785156, 147.49429321289062, 1.0], [215.43479919433594, 205.68780517578125, 1.0], [209.4297332763672, 243.1085662841797, 1.0], [172.27285766601562, 259.2810363769531, 1.0], [229.73753356933594, 150.40577697753906, 1.0], [157.99623107910156, 188.49200439453125, 1.0], [109.27461242675781, 198.0871124267578, 1.0], [63.70180892944336, 197.67459106445312, 1.0], [232.23069763183594, 150.78648376464844, 1.0], [249.75369262695312, 215.1409912109375, 1.0], [231.7644805908203, 251.64657592773438, 1.0], [195.2400665283203, 273.8169860839844, 1.0], [230.70384216308594, 144.1203155517578, 1.0], [233.59645080566406, 189.7298126220703, 1.0], [198.25343322753906, 198.15045166015625, 1.0], [184.66119384765625, 167.7003173828125, 1.0]], "is_left": 0}