{"hand_pts": [[287.8518371582031, 337.21099853515625, 1.0], [234.01657104492188, 300.8031005859375, 1.0], [196.4374542236328, 284.15948486328125, 1.0], [154.33934020996094, 256.8938293457031, 1.0], [118.02920532226562, 229.13816833496094, 1.0], [221.9931182861328, 210.46694946289062, 1.0], [189.48358154296875, 154.682861328125, 1.0], [156.0183563232422, 132.7493438720703, 1.0], [123.24354553222656, 114.79766082763672, 1.0], [236.0137481689453, 211.58456420898438, 1.0], [181.5291290283203, 157.9579620361328, 1.0], [141.74307250976562, 137.18186950683594, 1.0], [106.05298614501953, 112.31995391845703, 1.0], [243.19656372070312, 217.51451110839844, 1.0], [202.45260620117188, 159.3802032470703, 1.0], [167.6974639892578, 143.0593719482422, 1.0], [133.43887329101562, 140.1153564453125, 1.0], [251.0966796875, 231.48779296875, 1.0], [229.30758666992188, 193.85690307617188, 1.0], [205.30032348632812, 173.56228637695312, 1.0], [177.87713623046875, 153.45639038085938, 1.0]], "is_left": 0}