{"hand_pts": [[296.9174499511719, 162.763671875, 1.0], [242.94732666015625, 128.068603515625, 1.0], [215.9715576171875, 77.98445129394531, 1.0], [199.35581970214844, 82.036376953125, 1.0], [209.31546020507812, 125.39105224609375, 1.0], [155.58468627929688, 163.77255249023438, 1.0], [116.5627670288086, 161.375244140625, 1.0], [130.16778564453125, 153.07057189941406, 1.0], [164.05259704589844, 146.4436492919922, 1.0], [167.4879150390625, 202.1761932373047, 1.0], [134.6060791015625, 211.18048095703125, 1.0], [161.82701110839844, 190.7601776123047, 1.0], [196.65313720703125, 168.12744140625, 1.0], [180.9310760498047, 229.30384826660156, 1.0], [167.11184692382812, 237.99545288085938, 1.0], [197.8432159423828, 216.8207550048828, 1.0], [225.16632080078125, 195.4989471435547, 1.0], [201.66197204589844, 250.6399688720703, 1.0], [192.0124053955078, 268.0025634765625, 1.0], [204.17684936523438, 253.71470642089844, 1.0], [222.06199645996094, 225.26736450195312, 1.0]], "is_left": 0}