{"hand_pts": [[326.7422180175781, 264.8343200683594, 1.0], [287.1266784667969, 221.88162231445312, 1.0], [266.385009765625, 187.12245178222656, 1.0], [218.31825256347656, 168.61715698242188, 1.0], [172.4776153564453, 173.96128845214844, 1.0], [245.2105712890625, 160.311767578125, 1.0], [208.29025268554688, 112.15338897705078, 1.0], [169.76605224609375, 116.0405502319336, 1.0], [141.24337768554688, 137.67984008789062, 1.0], [235.4742431640625, 185.80792236328125, 1.0], [162.08595275878906, 162.91505432128906, 1.0], [128.26939392089844, 175.72189331054688, 1.0], [97.2263412475586, 188.24154663085938, 1.0], [226.15087890625, 210.11611938476562, 1.0], [155.51202392578125, 191.8539276123047, 1.0], [135.90194702148438, 208.136474609375, 1.0], [150.20965576171875, 228.5200653076172, 1.0], [221.97137451171875, 237.8048553466797, 1.0], [184.37998962402344, 221.0925750732422, 1.0], [152.3274688720703, 211.55714416503906, 1.0], [125.8551025390625, 208.91685485839844, 1.0]], "is_left": 0}