{"hand_pts": [[59.67850875854492, 181.75453186035156, 1.0], [126.67420959472656, 218.70578002929688, 1.0], [146.7814178466797, 265.2840270996094, 1.0], [184.0443115234375, 247.91932678222656, 1.0], [198.51063537597656, 208.82432556152344, 1.0], [140.58053588867188, 214.89822387695312, 1.0], [176.70068359375, 229.150146484375, 1.0], [218.1339569091797, 231.2293243408203, 1.0], [252.47434997558594, 224.19496154785156, 1.0], [128.79168701171875, 181.15945434570312, 1.0], [210.3982391357422, 191.77330017089844, 1.0], [236.58743286132812, 198.85569763183594, 1.0], [266.6771545410156, 205.7808380126953, 1.0], [124.26905059814453, 154.6226043701172, 1.0], [145.859130859375, 131.57928466796875, 1.0], [182.4720458984375, 125.64897155761719, 1.0], [222.14730834960938, 123.86602020263672, 1.0], [118.29925537109375, 130.28273010253906, 1.0], [171.1470184326172, 125.70594787597656, 1.0], [207.30760192871094, 129.641845703125, 1.0], [227.57826232910156, 142.6680145263672, 1.0]], "is_left": 0}