{"hand_pts": [[90.47076416015625, 274.1643371582031, 1.0], [100.0685043334961, 243.89573669433594, 1.0], [89.75222778320312, 228.9158477783203, 1.0], [91.09638977050781, 184.70718383789062, 1.0], [97.54479217529297, 138.3340301513672, 1.0], [182.4583282470703, 238.9197540283203, 1.0], [238.66421508789062, 215.0997772216797, 1.0], [227.30804443359375, 175.52285766601562, 1.0], [189.77052307128906, 171.42782592773438, 1.0], [194.98309326171875, 233.54905700683594, 1.0], [196.9007568359375, 160.73208618164062, 1.0], [151.35272216796875, 150.42666625976562, 1.0], [112.6552963256836, 131.01348876953125, 1.0], [198.84811401367188, 225.3521270751953, 1.0], [252.38385009765625, 185.6443328857422, 1.0], [270.488525390625, 152.6683807373047, 1.0], [290.0057678222656, 121.0067367553711, 1.0], [194.4269256591797, 218.80796813964844, 1.0], [220.9537353515625, 180.24281311035156, 1.0], [196.9920654296875, 159.39724731445312, 1.0], [166.16326904296875, 145.13429260253906, 1.0]], "is_left": 0}