{"hand_pts": [[86.29846954345703, 305.5122985839844, 1.0], [88.20526885986328, 226.93792724609375, 1.0], [83.51187133789062, 166.20443725585938, 1.0], [99.09229278564453, 127.44929504394531, 1.0], [115.36840057373047, 145.72958374023438, 1.0], [182.34693908691406, 174.53456115722656, 1.0], [211.15460205078125, 119.05587005615234, 1.0], [201.58746337890625, 100.44098663330078, 1.0], [167.6736602783203, 115.44989776611328, 1.0], [206.52134704589844, 209.8844451904297, 1.0], [231.85433959960938, 151.78182983398438, 1.0], [185.69671630859375, 155.0236358642578, 1.0], [143.70098876953125, 182.60009765625, 1.0], [218.6637420654297, 237.96707153320312, 1.0], [263.54241943359375, 199.93177795410156, 1.0], [237.94558715820312, 188.8989715576172, 1.0], [192.1163787841797, 193.5131072998047, 1.0], [220.59136962890625, 268.57891845703125, 1.0], [236.49545288085938, 251.93643188476562, 1.0], [204.4286346435547, 246.10580444335938, 1.0], [163.25424194335938, 246.38278198242188, 1.0]], "is_left": 0}