{"hand_pts": [[85.7977294921875, 147.69766235351562, 1.0], [76.4886474609375, 171.11318969726562, 1.0], [59.7031364440918, 196.2135009765625, 1.0], [79.10014343261719, 207.64071655273438, 1.0], [120.14591217041016, 204.34698486328125, 1.0], [146.9221649169922, 212.23265075683594, 1.0], [168.56198120117188, 223.98158264160156, 1.0], [174.84896850585938, 219.58030700683594, 1.0], [171.7399139404297, 203.6936492919922, 1.0], [176.90969848632812, 190.95985412597656, 1.0], [219.29502868652344, 203.12002563476562, 1.0], [221.5137481689453, 194.7315673828125, 1.0], [217.7445526123047, 183.9003448486328, 1.0], [195.7379913330078, 169.90676879882812, 1.0], [236.0498504638672, 178.1414337158203, 1.0], [249.7547149658203, 176.87408447265625, 1.0], [245.89939880371094, 168.6822509765625, 1.0], [205.9113006591797, 146.8408966064453, 1.0], [231.48892211914062, 141.1533966064453, 1.0], [231.3192138671875, 132.76133728027344, 1.0], [210.98255920410156, 123.59911346435547, 1.0]], "is_left": 0}