{"hand_pts": [[199.65475463867188, 195.56954956054688, 1.0], [239.33688354492188, 194.0893096923828, 1.0], [280.7786865234375, 197.2078094482422, 1.0], [299.34814453125, 207.18431091308594, 1.0], [267.70733642578125, 217.9846954345703, 1.0], [214.6835479736328, 146.8327178955078, 1.0], [219.763427734375, 156.3504638671875, 1.0], [227.35227966308594, 180.21688842773438, 1.0], [235.6017303466797, 211.66392517089844, 1.0], [178.14926147460938, 154.30441284179688, 1.0], [152.64309692382812, 122.65533447265625, 1.0], [166.1236114501953, 148.46817016601562, 1.0], [179.70611572265625, 173.71119689941406, 1.0], [152.28060913085938, 166.1249237060547, 1.0], [146.8036346435547, 206.50802612304688, 1.0], [149.01853942871094, 235.24742126464844, 1.0], [151.1339874267578, 263.2264099121094, 1.0], [131.13771057128906, 181.2805938720703, 1.0], [107.03758239746094, 176.8418426513672, 1.0], [92.1324234008789, 175.99610900878906, 1.0], [100.35399627685547, 189.54208374023438, 1.0]], "is_left": 0}