{"hand_pts": [[222.6510467529297, 67.96351623535156, 1.0], [192.99806213378906, 140.98046875, 1.0], [169.53224182128906, 200.9210205078125, 1.0], [166.00418090820312, 244.6103515625, 1.0], [176.41461181640625, 262.3753967285156, 1.0], [143.70651245117188, 154.0290069580078, 1.0], [119.11663818359375, 194.03549194335938, 1.0], [120.94910430908203, 228.5557098388672, 1.0], [127.73212432861328, 261.796142578125, 1.0], [171.3196258544922, 125.05549621582031, 1.0], [159.40586853027344, 182.34349060058594, 1.0], [175.34500122070312, 227.50369262695312, 1.0], [192.4254913330078, 268.8587646484375, 1.0], [198.28196716308594, 106.03644561767578, 1.0], [193.70628356933594, 155.69821166992188, 1.0], [207.58580017089844, 194.9290313720703, 1.0], [226.67047119140625, 230.61541748046875, 1.0], [227.42233276367188, 87.09266662597656, 1.0], [235.73452758789062, 112.85755157470703, 1.0], [248.28709411621094, 143.8534393310547, 1.0], [261.4177551269531, 178.45518493652344, 1.0]], "is_left": 0}