{"hand_pts": [[246.9038543701172, 337.13189697265625, 1.0], [208.70553588867188, 293.02685546875, 1.0], [187.5498809814453, 279.5392150878906, 1.0], [144.05859375, 232.68353271484375, 1.0], [123.33018493652344, 202.5066680908203, 1.0], [241.6925811767578, 191.67562866210938, 1.0], [188.41285705566406, 138.07545471191406, 1.0], [150.6511688232422, 155.27255249023438, 1.0], [144.26686096191406, 197.71890258789062, 1.0], [250.1062774658203, 182.7872772216797, 1.0], [188.1554718017578, 120.781494140625, 1.0], [149.07159423828125, 149.61492919921875, 1.0], [146.64120483398438, 200.9553680419922, 1.0], [249.6485137939453, 179.76779174804688, 1.0], [193.565185546875, 123.11896514892578, 1.0], [161.789794921875, 151.24732971191406, 1.0], [162.59835815429688, 197.07716369628906, 1.0], [246.6588134765625, 186.3280792236328, 1.0], [209.86187744140625, 152.581787109375, 1.0], [180.08509826660156, 168.7947540283203, 1.0], [178.83763122558594, 206.07923889160156, 1.0]], "is_left": 0}