{"hand_pts": [[333.1448059082031, 124.75019836425781, 1.0], [299.3138427734375, 165.3171844482422, 1.0], [292.7674560546875, 195.71270751953125, 1.0], [235.9645538330078, 227.21829223632812, 1.0], [199.1240234375, 226.19520568847656, 1.0], [216.95535278320312, 120.15982818603516, 1.0], [151.95217895507812, 163.57577514648438, 1.0], [150.1609649658203, 213.37786865234375, 1.0], [165.8943328857422, 251.5237274169922, 1.0], [201.9887237548828, 107.06012725830078, 1.0], [131.53211975097656, 172.47108459472656, 1.0], [148.8257598876953, 225.99203491210938, 1.0], [188.04638671875, 255.85366821289062, 1.0], [192.95281982421875, 105.18922424316406, 1.0], [122.9763412475586, 162.0823974609375, 1.0], [128.10043334960938, 212.73663330078125, 1.0], [153.3651123046875, 252.438232421875, 1.0], [192.9871826171875, 107.45795440673828, 1.0], [156.15838623046875, 154.0530548095703, 1.0], [173.36097717285156, 190.3795623779297, 1.0], [213.03372192382812, 177.3928985595703, 1.0]], "is_left": 0}