{"hand_pts": [[167.3592529296875, 312.7969055175781, 1.0], [125.82406616210938, 257.3661193847656, 1.0], [68.1346435546875, 218.47540283203125, 1.0], [82.2225112915039, 193.09764099121094, 1.0], [133.337158203125, 206.0098419189453, 1.0], [158.49508666992188, 171.8391571044922, 1.0], [167.82037353515625, 126.46613311767578, 1.0], [169.50660705566406, 113.90739440917969, 1.0], [169.39547729492188, 112.37958526611328, 1.0], [199.90232849121094, 185.1796417236328, 1.0], [193.28355407714844, 117.22882843017578, 1.0], [169.3401336669922, 128.46534729003906, 1.0], [147.05947875976562, 141.03221130371094, 1.0], [228.92303466796875, 199.5734100341797, 1.0], [243.468017578125, 195.2158203125, 1.0], [238.08203125, 211.3201446533203, 1.0], [232.5738525390625, 227.09857177734375, 1.0], [252.0435028076172, 220.82626342773438, 1.0], [253.8990478515625, 211.58425903320312, 1.0], [231.37832641601562, 228.52767944335938, 1.0], [202.890625, 252.14520263671875, 1.0]], "is_left": 0}