{"hand_pts": [[291.76116943359375, 138.46041870117188, 1.0], [252.24771118164062, 143.34693908691406, 1.0], [220.7978973388672, 146.6054229736328, 1.0], [186.63388061523438, 158.59107971191406, 1.0], [155.433837890625, 174.6075897216797, 1.0], [157.7418670654297, 128.48602294921875, 1.0], [88.26307678222656, 123.77669525146484, 1.0], [76.4973373413086, 146.17942810058594, 1.0], [113.7214584350586, 178.62655639648438, 1.0], [177.39842224121094, 144.2717742919922, 1.0], [164.41265869140625, 188.9276123046875, 1.0], [173.75975036621094, 220.42276000976562, 1.0], [213.26837158203125, 241.68045043945312, 1.0], [199.33299255371094, 160.2982177734375, 1.0], [186.9483184814453, 202.05409240722656, 1.0], [199.6613311767578, 230.0347442626953, 1.0], [215.97149658203125, 256.6460876464844, 1.0], [227.0826416015625, 175.34130859375, 1.0], [223.3629913330078, 205.57913208007812, 1.0], [237.9591522216797, 228.65086364746094, 1.0], [253.8584747314453, 251.15182495117188, 1.0]], "is_left": 0}