{"hand_pts": [[75.60243225097656, 324.2287902832031, 1.0], [105.71446228027344, 270.7611083984375, 1.0], [103.89723205566406, 230.7114715576172, 1.0], [118.77767944335938, 191.2809600830078, 1.0], [168.24879455566406, 165.44033813476562, 1.0], [121.85149383544922, 171.15614318847656, 1.0], [176.92234802246094, 166.61587524414062, 1.0], [211.6763153076172, 169.55752563476562, 1.0], [214.0410614013672, 211.0988006591797, 1.0], [138.17005920410156, 183.31832885742188, 1.0], [159.3487548828125, 98.16876983642578, 1.0], [206.43362426757812, 88.44235229492188, 1.0], [228.87835693359375, 122.07437133789062, 1.0], [155.40589904785156, 198.89495849609375, 1.0], [239.71075439453125, 179.16781616210938, 1.0], [253.800048828125, 213.9972686767578, 1.0], [212.128662109375, 239.15420532226562, 1.0], [169.25901794433594, 223.15533447265625, 1.0], [215.65945434570312, 185.64266967773438, 1.0], [243.57806396484375, 189.1314697265625, 1.0], [233.7235565185547, 216.24453735351562, 1.0]], "is_left": 0}