{"hand_pts": [[177.0618896484375, 133.9658966064453, 1.0], [163.4522705078125, 192.300537109375, 1.0], [153.05923461914062, 255.0782928466797, 1.0], [133.0171356201172, 281.0804138183594, 1.0], [120.6212158203125, 260.4414367675781, 1.0], [244.28237915039062, 185.30490112304688, 1.0], [220.62619018554688, 220.70159912109375, 1.0], [169.1678924560547, 237.07034301757812, 1.0], [126.41578674316406, 237.50901794433594, 1.0], [254.7803497314453, 146.2843017578125, 1.0], [224.30108642578125, 179.32473754882812, 1.0], [162.35577392578125, 206.7381134033203, 1.0], [119.0578384399414, 219.41615295410156, 1.0], [253.4130859375, 118.3907699584961, 1.0], [226.1378631591797, 137.20651245117188, 1.0], [170.1709442138672, 162.9744110107422, 1.0], [132.97006225585938, 180.0908966064453, 1.0], [244.03753662109375, 93.52054595947266, 1.0], [221.1517791748047, 94.80631256103516, 1.0], [176.16062927246094, 119.69491577148438, 1.0], [144.6042022705078, 146.54678344726562, 1.0]], "is_left": 0}