{"hand_pts": [[304.5623779296875, 212.36680603027344, 1.0], [295.35772705078125, 179.845947265625, 1.0], [291.3479309082031, 170.4450225830078, 1.0], [272.14459228515625, 161.40957641601562, 1.0], [250.65330505371094, 153.564208984375, 1.0], [219.37698364257812, 185.476806640625, 1.0], [184.011474609375, 170.3726348876953, 1.0], [167.2376251220703, 157.55746459960938, 1.0], [151.7113800048828, 145.3594207763672, 1.0], [201.8057403564453, 198.090087890625, 1.0], [145.49053955078125, 199.2236328125, 1.0], [123.48430633544922, 186.985107421875, 1.0], [103.4031753540039, 175.84925842285156, 1.0], [192.25196838378906, 205.45802307128906, 1.0], [138.29562377929688, 208.07533264160156, 1.0], [140.7178955078125, 189.59959411621094, 1.0], [166.53350830078125, 176.361083984375, 1.0], [190.2192840576172, 212.052490234375, 1.0], [153.69766235351562, 211.932861328125, 1.0], [154.20883178710938, 196.0921173095703, 1.0], [163.31570434570312, 178.466064453125, 1.0]], "is_left": 0}