{"hand_pts": [[344.127685546875, 264.1535949707031, 1.0], [271.3404541015625, 260.0096130371094, 1.0], [214.83187866210938, 274.7218017578125, 1.0], [173.5253143310547, 240.13217163085938, 1.0], [200.85464477539062, 211.076904296875, 1.0], [185.050537109375, 244.568603515625, 1.0], [120.32527160644531, 212.92239379882812, 1.0], [116.54534912109375, 184.2924041748047, 1.0], [154.7764434814453, 185.22047424316406, 1.0], [206.33705139160156, 217.09840393066406, 1.0], [173.7569580078125, 166.88035583496094, 1.0], [184.76651000976562, 153.13478088378906, 1.0], [205.9956512451172, 149.90127563476562, 1.0], [226.1534881591797, 192.974365234375, 1.0], [157.6486053466797, 160.23892211914062, 1.0], [141.78269958496094, 138.55722045898438, 1.0], [132.4273223876953, 120.91397094726562, 1.0], [252.79954528808594, 172.82427978515625, 1.0], [209.26991271972656, 146.08094787597656, 1.0], [195.30886840820312, 135.70993041992188, 1.0], [205.35130310058594, 142.18838500976562, 1.0]], "is_left": 0}