{"hand_pts": [[53.0228271484375, 227.40093994140625, 1.0], [85.62985229492188, 165.18765258789062, 1.0], [98.87592315673828, 109.23628234863281, 1.0], [145.70108032226562, 95.63285064697266, 1.0], [190.450927734375, 115.17185974121094, 1.0], [106.34374237060547, 175.48805236816406, 1.0], [161.2821807861328, 139.1753387451172, 1.0], [192.74266052246094, 122.37659454345703, 1.0], [213.18118286132812, 114.39514923095703, 1.0], [122.12757110595703, 219.15924072265625, 1.0], [201.83103942871094, 191.85211181640625, 1.0], [236.30592346191406, 167.04962158203125, 1.0], [254.51490783691406, 145.7337646484375, 1.0], [138.4122772216797, 250.0194549560547, 1.0], [215.38746643066406, 228.0752410888672, 1.0], [237.30345153808594, 205.72935485839844, 1.0], [220.46365356445312, 193.2499237060547, 1.0], [150.69432067871094, 276.9954528808594, 1.0], [206.59661865234375, 278.7192077636719, 1.0], [236.9495391845703, 262.8822326660156, 1.0], [230.3069305419922, 237.65798950195312, 1.0]], "is_left": 0}