{"hand_pts": [[176.59242248535156, 87.27818298339844, 1.0], [149.63858032226562, 155.89576721191406, 1.0], [121.50202941894531, 207.58547973632812, 1.0], [100.17931365966797, 250.54962158203125, 1.0], [91.07858276367188, 278.82257080078125, 1.0], [207.1593780517578, 203.25650024414062, 1.0], [214.54319763183594, 234.33094787597656, 1.0], [186.2731475830078, 242.5890350341797, 1.0], [168.6258087158203, 254.10401916503906, 1.0], [218.1917266845703, 164.17115783691406, 1.0], [253.00289916992188, 208.5587158203125, 1.0], [235.72406005859375, 236.06927490234375, 1.0], [230.0470428466797, 263.5140380859375, 1.0], [218.73716735839844, 131.5977325439453, 1.0], [234.1547088623047, 150.1657257080078, 1.0], [191.3284149169922, 159.01356506347656, 1.0], [159.87017822265625, 157.475341796875, 1.0], [213.9204559326172, 97.05754089355469, 1.0], [184.7886505126953, 92.34623718261719, 1.0], [151.33131408691406, 89.62059783935547, 1.0], [125.58364868164062, 93.27485656738281, 1.0]], "is_left": 0}