{"hand_pts": [[44.75642013549805, 241.8515167236328, 1.0], [90.32028198242188, 245.60585021972656, 1.0], [116.42118835449219, 269.22869873046875, 1.0], [148.03152465820312, 267.2677307128906, 1.0], [167.23854064941406, 221.30712890625, 1.0], [189.79295349121094, 248.6430206298828, 1.0], [239.03842163085938, 214.14382934570312, 1.0], [223.7139434814453, 182.6083984375, 1.0], [201.22373962402344, 154.9884490966797, 1.0], [185.16445922851562, 218.52635192871094, 1.0], [221.9046173095703, 162.20843505859375, 1.0], [185.894287109375, 148.3729248046875, 1.0], [151.9495391845703, 174.8665771484375, 1.0], [176.11868286132812, 191.16615295410156, 1.0], [241.8605194091797, 167.60926818847656, 1.0], [271.4473876953125, 147.53240966796875, 1.0], [272.09912109375, 126.62676239013672, 1.0], [158.37774658203125, 166.35202026367188, 1.0], [163.76242065429688, 120.14663696289062, 1.0], [137.0348663330078, 121.59806823730469, 1.0], [110.01760864257812, 141.97450256347656, 1.0]], "is_left": 0}