{"hand_pts": [[307.8440856933594, 143.35902404785156, 1.0], [249.69708251953125, 156.78543090820312, 1.0], [201.7620849609375, 149.71141052246094, 1.0], [147.2745819091797, 142.26388549804688, 1.0], [136.87164306640625, 141.7193145751953, 1.0], [232.0429229736328, 201.8333740234375, 1.0], [183.86045837402344, 226.44683837890625, 1.0], [138.5012664794922, 223.0060577392578, 1.0], [100.27857208251953, 209.4761199951172, 1.0], [247.15020751953125, 197.15054321289062, 1.0], [179.4615478515625, 218.79159545898438, 1.0], [125.76795196533203, 219.0511932373047, 1.0], [99.7713851928711, 196.74745178222656, 1.0], [255.42405700683594, 189.71141052246094, 1.0], [200.4035186767578, 202.62269592285156, 1.0], [156.05137634277344, 194.81675720214844, 1.0], [128.08363342285156, 176.02272033691406, 1.0], [265.0909118652344, 178.47134399414062, 1.0], [227.140625, 164.76004028320312, 1.0], [206.14651489257812, 147.08084106445312, 1.0], [208.9170379638672, 134.39356994628906, 1.0]], "is_left": 0}