{"hand_pts": [[155.6946563720703, 250.0152587890625, 1.0], [185.82858276367188, 173.17166137695312, 1.0], [208.3672332763672, 107.32781219482422, 1.0], [250.66970825195312, 88.1750259399414, 1.0], [264.8226623535156, 130.1654052734375, 1.0], [110.76976013183594, 135.79248046875, 1.0], [150.54269409179688, 111.79876708984375, 1.0], [201.53855895996094, 121.9105453491211, 1.0], [220.1879119873047, 144.27171325683594, 1.0], [98.64608001708984, 184.93548583984375, 1.0], [167.77854919433594, 168.0839080810547, 1.0], [222.4092254638672, 173.26686096191406, 1.0], [234.63040161132812, 183.54078674316406, 1.0], [99.415771484375, 224.3865966796875, 1.0], [156.0230255126953, 219.44349670410156, 1.0], [204.508056640625, 221.9916229248047, 1.0], [211.76011657714844, 222.9602508544922, 1.0], [107.04979705810547, 264.0014343261719, 1.0], [151.2771453857422, 278.0557861328125, 1.0], [188.91856384277344, 275.8587646484375, 1.0], [177.7064666748047, 262.7297668457031, 1.0]], "is_left": 0}