{"hand_pts": [[78.51201629638672, 267.4124755859375, 1.0], [152.33775329589844, 232.77853393554688, 1.0], [218.8350830078125, 220.38809204101562, 1.0], [245.57028198242188, 185.05027770996094, 1.0], [243.69068908691406, 154.53558349609375, 1.0], [216.1341094970703, 226.74212646484375, 1.0], [261.6767272949219, 184.86294555664062, 1.0], [245.20278930664062, 165.58087158203125, 1.0], [215.41293334960938, 158.699462890625, 1.0], [176.5729522705078, 229.0087890625, 1.0], [195.21762084960938, 174.48011779785156, 1.0], [188.3145294189453, 146.76939392089844, 1.0], [170.77447509765625, 138.8894500732422, 1.0], [143.60232543945312, 227.37120056152344, 1.0], [165.39898681640625, 177.9709930419922, 1.0], [157.5199432373047, 158.6897430419922, 1.0], [143.65530395507812, 157.1537322998047, 1.0], [108.09932708740234, 226.7443084716797, 1.0], [124.32506561279297, 200.62875366210938, 1.0], [133.64537048339844, 177.80128479003906, 1.0], [139.6354217529297, 161.4611358642578, 1.0]], "is_left": 0}