{"hand_pts": [[315.6946105957031, 153.04766845703125, 1.0], [248.46202087402344, 141.71685791015625, 1.0], [193.92759704589844, 118.00994873046875, 1.0], [147.1323699951172, 112.43061065673828, 1.0], [106.27165222167969, 112.52033996582031, 1.0], [203.73553466796875, 178.60211181640625, 1.0], [146.3614044189453, 185.03469848632812, 1.0], [115.51990509033203, 181.08770751953125, 1.0], [105.9566879272461, 169.40220642089844, 1.0], [231.92626953125, 194.96958923339844, 1.0], [167.46694946289062, 203.026611328125, 1.0], [144.03456115722656, 186.3128662109375, 1.0], [130.85850524902344, 166.37100219726562, 1.0], [253.44798278808594, 204.58438110351562, 1.0], [202.08810424804688, 224.2569122314453, 1.0], [173.46636962890625, 216.38992309570312, 1.0], [162.89053344726562, 196.47581481933594, 1.0], [277.2442626953125, 209.73744201660156, 1.0], [250.59619140625, 226.080078125, 1.0], [225.7410125732422, 228.57046508789062, 1.0], [203.8218536376953, 212.9826202392578, 1.0]], "is_left": 0}