{"hand_pts": [[175.2294464111328, 228.0266571044922, 1.0], [216.87142944335938, 194.36761474609375, 1.0], [262.87786865234375, 156.37156677246094, 1.0], [285.94439697265625, 138.34942626953125, 1.0], [286.8810119628906, 138.5923614501953, 1.0], [167.15541076660156, 130.33175659179688, 1.0], [201.9142608642578, 130.98924255371094, 1.0], [233.6073455810547, 155.2175750732422, 1.0], [258.4096984863281, 190.56356811523438, 1.0], [133.0779571533203, 155.42442321777344, 1.0], [151.9919891357422, 150.6497802734375, 1.0], [187.61068725585938, 170.6129913330078, 1.0], [226.113525390625, 195.8805694580078, 1.0], [112.42913818359375, 181.0331268310547, 1.0], [126.21414947509766, 199.18016052246094, 1.0], [157.32736206054688, 225.52639770507812, 1.0], [193.5400848388672, 251.80435180664062, 1.0], [98.33414459228516, 210.34136962890625, 1.0], [94.4468765258789, 229.5076446533203, 1.0], [126.65462493896484, 247.3944854736328, 1.0], [163.56089782714844, 256.6640930175781, 1.0]], "is_left": 0}