{"hand_pts": [[178.77493286132812, 285.21875, 1.0], [153.60292053222656, 263.000244140625, 1.0], [123.81788635253906, 242.34063720703125, 1.0], [118.95048522949219, 206.84765625, 1.0], [151.38107299804688, 183.17868041992188, 1.0], [145.2022705078125, 176.01356506347656, 1.0], [121.6103286743164, 122.18737030029297, 1.0], [114.46961975097656, 96.01177215576172, 1.0], [106.89668273925781, 68.2396011352539, 1.0], [174.28379821777344, 174.39804077148438, 1.0], [187.4510040283203, 173.3248291015625, 1.0], [194.63914489746094, 195.55609130859375, 1.0], [193.19090270996094, 236.95352172851562, 1.0], [198.72122192382812, 179.5918426513672, 1.0], [228.46810913085938, 155.0482635498047, 1.0], [239.97604370117188, 176.34996032714844, 1.0], [237.5226593017578, 212.34519958496094, 1.0], [221.63180541992188, 192.66497802734375, 1.0], [247.89675903320312, 199.56907653808594, 1.0], [261.6788330078125, 215.78244018554688, 1.0], [263.0630798339844, 245.26426696777344, 1.0]], "is_left": 0}