{"hand_pts": [[191.15476989746094, 161.595703125, 1.0], [143.09288024902344, 169.2931671142578, 1.0], [90.9501724243164, 185.6292724609375, 1.0], [63.357967376708984, 175.49220275878906, 1.0], [63.55580139160156, 151.2371368408203, 1.0], [176.73483276367188, 212.64878845214844, 1.0], [161.478271484375, 222.38748168945312, 1.0], [146.09695434570312, 218.12428283691406, 1.0], [124.00985717773438, 196.6464080810547, 1.0], [211.78363037109375, 196.65509033203125, 1.0], [217.9137420654297, 221.82606506347656, 1.0], [195.3809356689453, 209.67564392089844, 1.0], [169.24359130859375, 192.69261169433594, 1.0], [234.13739013671875, 178.4102325439453, 1.0], [253.34202575683594, 206.79029846191406, 1.0], [237.00416564941406, 197.8189239501953, 1.0], [205.3612518310547, 174.48153686523438, 1.0], [251.28089904785156, 157.94679260253906, 1.0], [260.905029296875, 143.5888671875, 1.0], [235.93173217773438, 121.57794952392578, 1.0], [205.37957763671875, 99.19087982177734, 1.0]], "is_left": 0}