{"hand_pts": [[245.216064453125, 232.77102661132812, 1.0], [263.6194763183594, 209.68626403808594, 1.0], [302.31298828125, 180.55526733398438, 1.0], [297.29400634765625, 165.68060302734375, 1.0], [250.9185791015625, 173.5720977783203, 1.0], [224.40577697753906, 138.60287475585938, 1.0], [209.26278686523438, 145.3380889892578, 1.0], [211.79986572265625, 185.29171752929688, 1.0], [216.22422790527344, 225.9474334716797, 1.0], [187.98666381835938, 153.5836944580078, 1.0], [150.35552978515625, 142.0920867919922, 1.0], [156.01885986328125, 177.55723571777344, 1.0], [173.26145935058594, 215.53665161132812, 1.0], [161.26315307617188, 171.8734893798828, 1.0], [110.1141586303711, 159.899658203125, 1.0], [116.36180114746094, 190.22911071777344, 1.0], [139.95025634765625, 220.57443237304688, 1.0], [140.99293518066406, 195.04638671875, 1.0], [107.8431167602539, 202.06541442871094, 1.0], [116.27903747558594, 224.48464965820312, 1.0], [149.92041015625, 238.52052307128906, 1.0]], "is_left": 0}