{"hand_pts": [[42.33501434326172, 220.37120056152344, 1.0], [81.34952545166016, 171.61598205566406, 1.0], [111.47866821289062, 127.63135528564453, 1.0], [148.96365356445312, 97.86875915527344, 1.0], [184.4517364501953, 129.7977294921875, 1.0], [163.7758331298828, 214.77146911621094, 1.0], [213.97824096679688, 188.68772888183594, 1.0], [245.16844177246094, 165.10877990722656, 1.0], [275.2737121582031, 141.60928344726562, 1.0], [169.70388793945312, 239.24935913085938, 1.0], [229.8181610107422, 200.2108154296875, 1.0], [205.40731811523438, 160.15830993652344, 1.0], [165.66822814941406, 160.38157653808594, 1.0], [171.36163330078125, 250.69664001464844, 1.0], [228.00254821777344, 215.6966094970703, 1.0], [210.42909240722656, 177.14483642578125, 1.0], [174.01304626464844, 181.62318420410156, 1.0], [165.084228515625, 257.2086181640625, 1.0], [194.2578125, 232.10748291015625, 1.0], [173.23526000976562, 203.7803192138672, 1.0], [146.9410400390625, 178.0342254638672, 1.0]], "is_left": 0}