{"hand_pts": [[96.00397491455078, 305.2265319824219, 1.0], [96.77412414550781, 250.4991912841797, 1.0], [81.05337524414062, 210.60594177246094, 1.0], [93.74349212646484, 163.9031524658203, 1.0], [128.0975799560547, 132.29293823242188, 1.0], [177.4473876953125, 228.37106323242188, 1.0], [186.98822021484375, 166.748046875, 1.0], [160.08767700195312, 153.1458282470703, 1.0], [132.27914428710938, 150.95692443847656, 1.0], [201.41175842285156, 238.5940399169922, 1.0], [218.99920654296875, 167.67242431640625, 1.0], [192.2324981689453, 140.48501586914062, 1.0], [153.90672302246094, 136.054931640625, 1.0], [214.6421356201172, 243.2623291015625, 1.0], [268.929931640625, 192.76473999023438, 1.0], [257.06982421875, 157.1843719482422, 1.0], [219.26058959960938, 151.90316772460938, 1.0], [218.66622924804688, 249.9219970703125, 1.0], [243.73013305664062, 209.2565460205078, 1.0], [226.48941040039062, 184.6116180419922, 1.0], [190.41653442382812, 185.41468811035156, 1.0]], "is_left": 0}