{"hand_pts": [[20.560728073120117, 213.7798614501953, 1.0], [84.15351867675781, 178.49105834960938, 1.0], [132.539794921875, 144.69134521484375, 1.0], [180.2002410888672, 123.32124328613281, 1.0], [203.76356506347656, 122.26630401611328, 1.0], [182.27294921875, 206.1319580078125, 1.0], [246.14796447753906, 183.89730834960938, 1.0], [251.23919677734375, 156.92327880859375, 1.0], [233.4510955810547, 132.28988647460938, 1.0], [163.62742614746094, 225.97235107421875, 1.0], [234.40695190429688, 204.6307373046875, 1.0], [236.2576141357422, 170.83876037597656, 1.0], [214.40328979492188, 139.68153381347656, 1.0], [144.4721221923828, 236.47994995117188, 1.0], [203.57870483398438, 219.83363342285156, 1.0], [201.36891174316406, 190.07289123535156, 1.0], [178.8850860595703, 161.79022216796875, 1.0], [117.93299865722656, 243.40478515625, 1.0], [146.2252197265625, 232.65443420410156, 1.0], [147.9198455810547, 208.80865478515625, 1.0], [133.44065856933594, 182.13546752929688, 1.0]], "is_left": 0}