{"hand_pts": [[137.41171264648438, 76.6415023803711, 1.0], [168.1049346923828, 149.2619171142578, 1.0], [186.54861450195312, 212.68092346191406, 1.0], [220.416748046875, 251.57762145996094, 1.0], [254.70375061035156, 263.145263671875, 1.0], [132.21017456054688, 206.88845825195312, 1.0], [170.8545379638672, 236.43374633789062, 1.0], [207.44895935058594, 242.38690185546875, 1.0], [242.82737731933594, 246.0073699951172, 1.0], [126.79643249511719, 167.361083984375, 1.0], [200.26345825195312, 183.33309936523438, 1.0], [247.13063049316406, 180.50257873535156, 1.0], [258.14141845703125, 158.92466735839844, 1.0], [129.41061401367188, 133.87806701660156, 1.0], [120.88382720947266, 173.45089721679688, 1.0], [159.78036499023438, 185.35208129882812, 1.0], [198.259521484375, 195.71279907226562, 1.0], [134.85861206054688, 97.75492858886719, 1.0], [150.3668670654297, 112.72807312011719, 1.0], [182.1186981201172, 123.6878433227539, 1.0], [216.4265899658203, 136.0032501220703, 1.0]], "is_left": 0}