{"hand_pts": [[214.8856658935547, 10.075773239135742, 1.0], [244.9462127685547, 79.00556945800781, 1.0], [276.8101806640625, 130.15956115722656, 1.0], [290.7302551269531, 180.25985717773438, 1.0], [249.6138458251953, 202.1417999267578, 1.0], [203.16876220703125, 156.85787963867188, 1.0], [214.89248657226562, 213.19078063964844, 1.0], [223.1670379638672, 245.10035705566406, 1.0], [235.10003662109375, 253.21241760253906, 1.0], [167.01263427734375, 142.55062866210938, 1.0], [161.5018768310547, 220.52584838867188, 1.0], [175.2060546875, 252.67662048339844, 1.0], [196.0939178466797, 252.89039611816406, 1.0], [142.16452026367188, 129.6111297607422, 1.0], [120.26692962646484, 190.04393005371094, 1.0], [135.27687072753906, 198.31515502929688, 1.0], [156.95896911621094, 195.1792449951172, 1.0], [123.60293579101562, 110.12405395507812, 1.0], [106.12590026855469, 149.24044799804688, 1.0], [121.037353515625, 161.05987548828125, 1.0], [146.19259643554688, 163.18394470214844, 1.0]], "is_left": 0}