{"hand_pts": [[264.33990478515625, 141.19186401367188, 1.0], [272.12255859375, 186.01197814941406, 1.0], [294.8807067871094, 230.02598571777344, 1.0], [280.7837219238281, 222.5809326171875, 1.0], [250.5718536376953, 182.15725708007812, 1.0], [199.18524169921875, 259.7428283691406, 1.0], [177.5086669921875, 255.19927978515625, 1.0], [192.59539794921875, 217.3431854248047, 1.0], [216.76385498046875, 179.78399658203125, 1.0], [166.0815887451172, 228.6366424560547, 1.0], [140.69834899902344, 207.1035919189453, 1.0], [175.0775604248047, 169.4650115966797, 1.0], [211.32814025878906, 156.18743896484375, 1.0], [144.3954620361328, 197.38458251953125, 1.0], [110.88685607910156, 173.9059295654297, 1.0], [141.8148193359375, 142.30223083496094, 1.0], [177.80459594726562, 137.46701049804688, 1.0], [131.56329345703125, 161.7157440185547, 1.0], [105.41036224365234, 139.5012664794922, 1.0], [129.88250732421875, 118.64056396484375, 1.0], [164.820556640625, 122.2009506225586, 1.0]], "is_left": 0}