{"hand_pts": [[332.672119140625, 120.46703338623047, 1.0], [262.2403869628906, 96.78665924072266, 1.0], [204.0494842529297, 71.09317779541016, 1.0], [155.83114624023438, 96.10833740234375, 1.0], [117.50254821777344, 129.39537048339844, 1.0], [215.90435791015625, 151.4426727294922, 1.0], [151.01565551757812, 151.36180114746094, 1.0], [136.1426239013672, 142.91236877441406, 1.0], [158.80799865722656, 139.06886291503906, 1.0], [231.13916015625, 191.0766143798828, 1.0], [174.6394500732422, 240.2769012451172, 1.0], [137.01634216308594, 231.61776733398438, 1.0], [102.45429229736328, 222.41748046875, 1.0], [241.41912841796875, 218.83839416503906, 1.0], [171.6066436767578, 253.7510528564453, 1.0], [158.1011505126953, 230.99639892578125, 1.0], [152.43524169921875, 203.80184936523438, 1.0], [255.62094116210938, 239.0513916015625, 1.0], [216.6318817138672, 246.7705535888672, 1.0], [216.91729736328125, 219.65365600585938, 1.0], [245.04461669921875, 190.4178924560547, 1.0]], "is_left": 0}