{"hand_pts": [[280.49456787109375, 211.59603881835938, 1.0], [257.822021484375, 242.10256958007812, 1.0], [242.37982177734375, 283.2004699707031, 1.0], [218.0438995361328, 270.79901123046875, 1.0], [208.6466522216797, 226.31976318359375, 1.0], [171.3685760498047, 221.89918518066406, 1.0], [114.72295379638672, 226.33425903320312, 1.0], [87.25755310058594, 224.98988342285156, 1.0], [67.78437805175781, 220.8365936279297, 1.0], [169.30776977539062, 184.385986328125, 1.0], [121.74555969238281, 149.7760009765625, 1.0], [158.6031951904297, 160.03575134277344, 1.0], [193.7142791748047, 170.6534423828125, 1.0], [174.11915588378906, 155.79721069335938, 1.0], [191.0482177734375, 139.59434509277344, 1.0], [212.5940704345703, 136.37796020507812, 1.0], [247.68252563476562, 145.27883911132812, 1.0], [186.9478302001953, 131.70538330078125, 1.0], [200.36012268066406, 116.1761474609375, 1.0], [231.44671630859375, 127.86267852783203, 1.0], [257.49774169921875, 153.3805694580078, 1.0]], "is_left": 0}