{"hand_pts": [[333.707275390625, 159.19479370117188, 1.0], [297.9631652832031, 192.3656463623047, 1.0], [278.05029296875, 228.37429809570312, 1.0], [240.5961456298828, 243.75440979003906, 1.0], [199.03341674804688, 236.2080535888672, 1.0], [227.1200714111328, 203.01251220703125, 1.0], [171.422607421875, 218.89517211914062, 1.0], [146.68515014648438, 221.34835815429688, 1.0], [132.15492248535156, 218.9956512451172, 1.0], [222.2639923095703, 176.00430297851562, 1.0], [154.4015350341797, 188.55288696289062, 1.0], [137.32095336914062, 193.8964080810547, 1.0], [126.8309326171875, 198.25961303710938, 1.0], [221.0184326171875, 154.226318359375, 1.0], [152.37986755371094, 155.7101287841797, 1.0], [120.90943145751953, 158.35037231445312, 1.0], [100.04804992675781, 162.40574645996094, 1.0], [226.9869842529297, 133.43222045898438, 1.0], [185.321044921875, 126.80785369873047, 1.0], [171.7493438720703, 128.5489044189453, 1.0], [167.0427703857422, 134.4899139404297, 1.0]], "is_left": 0}