{"hand_pts": [[126.98666381835938, 136.41676330566406, 1.0], [195.27552795410156, 163.82687377929688, 1.0], [253.1907958984375, 175.72637939453125, 1.0], [278.2494812011719, 176.0649871826172, 1.0], [292.16949462890625, 173.94349670410156, 1.0], [186.9618682861328, 217.60963439941406, 1.0], [213.07408142089844, 250.4387664794922, 1.0], [231.7332763671875, 266.0091552734375, 1.0], [254.0421905517578, 255.24136352539062, 1.0], [146.09579467773438, 196.18173217773438, 1.0], [193.3958740234375, 169.75909423828125, 1.0], [224.19859313964844, 148.6212615966797, 1.0], [242.5829315185547, 124.21724700927734, 1.0], [117.70318603515625, 173.9759063720703, 1.0], [109.313720703125, 197.7650146484375, 1.0], [132.04481506347656, 191.80902099609375, 1.0], [161.61410522460938, 178.99749755859375, 1.0], [92.22899627685547, 148.6138458251953, 1.0], [94.44475555419922, 157.1763916015625, 1.0], [115.4557876586914, 153.5792694091797, 1.0], [146.3261260986328, 141.86756896972656, 1.0]], "is_left": 0}