{"hand_pts": [[171.02833557128906, 54.91925048828125, 1.0], [150.1674041748047, 147.79437255859375, 1.0], [111.08438873291016, 209.19146728515625, 1.0], [149.14566040039062, 258.90887451171875, 1.0], [201.1907196044922, 237.47947692871094, 1.0], [90.00900268554688, 190.84535217285156, 1.0], [137.88079833984375, 253.82955932617188, 1.0], [176.06983947753906, 243.34677124023438, 1.0], [174.23358154296875, 201.9701385498047, 1.0], [119.77029418945312, 156.80625915527344, 1.0], [184.36172485351562, 223.27249145507812, 1.0], [215.60086059570312, 215.10113525390625, 1.0], [196.2115936279297, 179.4829864501953, 1.0], [150.75035095214844, 132.6219940185547, 1.0], [219.3618621826172, 185.05516052246094, 1.0], [242.46458435058594, 177.8422393798828, 1.0], [213.27963256835938, 151.34127807617188, 1.0], [184.2901611328125, 106.20280456542969, 1.0], [238.989990234375, 129.63485717773438, 1.0], [256.755615234375, 132.0621337890625, 1.0], [223.1201934814453, 117.48902130126953, 1.0]], "is_left": 0}