{"hand_pts": [[140.20330810546875, 306.6895751953125, 1.0], [105.64286804199219, 255.64495849609375, 1.0], [65.61868286132812, 216.3483123779297, 1.0], [65.53572082519531, 167.892822265625, 1.0], [90.9561767578125, 128.7578887939453, 1.0], [150.1883544921875, 236.0970001220703, 1.0], [143.90069580078125, 196.54965209960938, 1.0], [139.1084442138672, 165.53500366210938, 1.0], [134.31149291992188, 131.5874786376953, 1.0], [188.010986328125, 235.65664672851562, 1.0], [212.23960876464844, 203.8753662109375, 1.0], [218.76290893554688, 169.87904357910156, 1.0], [217.24729919433594, 129.33004760742188, 1.0], [213.43052673339844, 230.88134765625, 1.0], [244.90530395507812, 198.0052490234375, 1.0], [240.77801513671875, 155.72833251953125, 1.0], [237.18170166015625, 114.6208267211914, 1.0], [232.15423583984375, 228.8743438720703, 1.0], [256.0743713378906, 200.7339630126953, 1.0], [258.0411376953125, 168.95278930664062, 1.0], [243.58140563964844, 133.7957763671875, 1.0]], "is_left": 0}