{"hand_pts": [[121.18514251708984, 295.73828125, 1.0], [172.68496704101562, 283.45550537109375, 1.0], [209.8927764892578, 296.3966979980469, 1.0], [260.5173645019531, 289.9705810546875, 1.0], [297.36431884765625, 262.87774658203125, 1.0], [146.8657989501953, 229.9468231201172, 1.0], [164.86363220214844, 192.78408813476562, 1.0], [206.15408325195312, 180.22177124023438, 1.0], [241.39044189453125, 177.30880737304688, 1.0], [128.60763549804688, 210.3885498046875, 1.0], [181.3021240234375, 157.8243865966797, 1.0], [220.121337890625, 129.3628692626953, 1.0], [260.2820739746094, 105.55465698242188, 1.0], [120.83880615234375, 196.4917755126953, 1.0], [145.4278564453125, 143.39451599121094, 1.0], [184.60546875, 123.85912322998047, 1.0], [224.61578369140625, 134.87655639648438, 1.0], [115.78173065185547, 188.96697998046875, 1.0], [123.74822235107422, 149.36123657226562, 1.0], [138.64039611816406, 123.66361236572266, 1.0], [164.86416625976562, 101.71015167236328, 1.0]], "is_left": 0}