{"hand_pts": [[49.561187744140625, 140.29632568359375, 1.0], [111.8070297241211, 128.5851287841797, 1.0], [146.4315185546875, 98.96802520751953, 1.0], [185.1276092529297, 75.26587677001953, 1.0], [208.13241577148438, 73.73087310791016, 1.0], [159.73117065429688, 200.94400024414062, 1.0], [215.25889587402344, 198.1670684814453, 1.0], [239.6130828857422, 174.16851806640625, 1.0], [251.17202758789062, 145.8534393310547, 1.0], [144.07879638671875, 219.97178649902344, 1.0], [194.2608184814453, 186.6143798828125, 1.0], [195.6690216064453, 146.48167419433594, 1.0], [193.7100067138672, 108.63038635253906, 1.0], [132.50921630859375, 228.1615753173828, 1.0], [179.957275390625, 269.6930236816406, 1.0], [213.22769165039062, 265.11322021484375, 1.0], [244.7242431640625, 257.2478942871094, 1.0], [117.26716613769531, 228.82901000976562, 1.0], [152.8551483154297, 237.17294311523438, 1.0], [175.26828002929688, 222.69325256347656, 1.0], [197.44583129882812, 203.17486572265625, 1.0]], "is_left": 0}