{"hand_pts": [[281.06329345703125, 63.04379653930664, 1.0], [222.94607543945312, 100.270263671875, 1.0], [178.1723175048828, 113.44282531738281, 1.0], [168.34677124023438, 160.06089782714844, 1.0], [192.0922393798828, 194.20669555664062, 1.0], [125.26551818847656, 129.54270935058594, 1.0], [89.09222412109375, 181.3982391357422, 1.0], [105.11886596679688, 213.91305541992188, 1.0], [144.71328735351562, 227.75257873535156, 1.0], [155.74266052246094, 136.23387145996094, 1.0], [142.92283630371094, 204.34664916992188, 1.0], [178.40109252929688, 220.68492126464844, 1.0], [216.080810546875, 211.7960968017578, 1.0], [185.85227966308594, 143.8616180419922, 1.0], [187.194580078125, 208.8849639892578, 1.0], [216.372802734375, 228.08612060546875, 1.0], [245.53936767578125, 219.32028198242188, 1.0], [221.67515563964844, 147.5930633544922, 1.0], [224.4389190673828, 190.93312072753906, 1.0], [241.4204864501953, 209.30215454101562, 1.0], [255.70916748046875, 195.13487243652344, 1.0]], "is_left": 0}