{"hand_pts": [[263.0787353515625, 321.48992919921875, 1.0], [216.99705505371094, 293.74200439453125, 1.0], [175.76043701171875, 294.4734191894531, 1.0], [180.52537536621094, 243.7296600341797, 1.0], [211.20228576660156, 193.12274169921875, 1.0], [136.5207977294922, 242.34373474121094, 1.0], [124.62767791748047, 204.2100067138672, 1.0], [150.9751434326172, 192.12208557128906, 1.0], [187.92330932617188, 187.9866180419922, 1.0], [165.52438354492188, 223.30653381347656, 1.0], [145.51681518554688, 147.28179931640625, 1.0], [169.07017517089844, 118.17626953125, 1.0], [200.9501953125, 108.97564697265625, 1.0], [195.5486602783203, 207.8056182861328, 1.0], [150.75473022460938, 145.27255249023438, 1.0], [173.66934204101562, 130.35385131835938, 1.0], [202.9336700439453, 141.60987854003906, 1.0], [230.9270477294922, 198.87266540527344, 1.0], [223.27438354492188, 145.93055725097656, 1.0], [231.16917419433594, 129.78651428222656, 1.0], [240.24497985839844, 150.7735595703125, 1.0]], "is_left": 0}