{"hand_pts": [[87.2986068725586, 70.51439666748047, 1.0], [86.21571350097656, 120.3194808959961, 1.0], [60.6988410949707, 163.79310607910156, 1.0], [85.73503875732422, 191.8905487060547, 1.0], [131.33119201660156, 192.3111572265625, 1.0], [144.06964111328125, 209.5377960205078, 1.0], [176.755859375, 239.33718872070312, 1.0], [176.64065551757812, 214.2523651123047, 1.0], [164.6719970703125, 175.5896453857422, 1.0], [174.80380249023438, 192.94906616210938, 1.0], [219.76693725585938, 232.6368408203125, 1.0], [216.97845458984375, 216.16030883789062, 1.0], [196.0164031982422, 183.55177307128906, 1.0], [196.71986389160156, 174.51620483398438, 1.0], [247.4427032470703, 205.2330780029297, 1.0], [245.23687744140625, 189.30763244628906, 1.0], [221.084716796875, 160.4239959716797, 1.0], [211.0530242919922, 149.22979736328125, 1.0], [250.14926147460938, 159.32118225097656, 1.0], [242.0918731689453, 145.42552185058594, 1.0], [210.61349487304688, 125.71662139892578, 1.0]], "is_left": 0}