{"hand_pts": [[85.0407485961914, 209.38677978515625, 1.0], [154.9188232421875, 199.65614318847656, 1.0], [206.8802490234375, 206.04681396484375, 1.0], [249.70753479003906, 197.91061401367188, 1.0], [283.5149841308594, 184.7272186279297, 1.0], [177.4655303955078, 214.53126525878906, 1.0], [214.34188842773438, 215.96826171875, 1.0], [240.07220458984375, 204.32777404785156, 1.0], [263.4669494628906, 192.897705078125, 1.0], [144.37599182128906, 205.2777862548828, 1.0], [191.5760498046875, 193.47970581054688, 1.0], [220.76895141601562, 169.8233642578125, 1.0], [241.25927734375, 147.1393585205078, 1.0], [119.7464828491211, 193.9342041015625, 1.0], [145.2860565185547, 186.43478393554688, 1.0], [170.8145751953125, 166.44178771972656, 1.0], [192.3699188232422, 146.16970825195312, 1.0], [94.6170883178711, 182.2754669189453, 1.0], [114.74078369140625, 152.0120391845703, 1.0], [122.1465072631836, 144.39573669433594, 1.0], [114.2506332397461, 160.49813842773438, 1.0]], "is_left": 0}