{"hand_pts": [[248.393798828125, 328.118408203125, 1.0], [185.17564392089844, 299.2940368652344, 1.0], [131.35353088378906, 302.142822265625, 1.0], [102.27522277832031, 264.5318298339844, 1.0], [125.15542602539062, 215.8784637451172, 1.0], [186.29690551757812, 249.8622283935547, 1.0], [167.73843383789062, 204.26123046875, 1.0], [147.5941162109375, 163.21578979492188, 1.0], [127.51101684570312, 121.5308837890625, 1.0], [221.33306884765625, 231.2078094482422, 1.0], [179.074462890625, 152.76077270507812, 1.0], [148.23995971679688, 120.43000793457031, 1.0], [126.86668395996094, 124.46942138671875, 1.0], [245.21896362304688, 215.80484008789062, 1.0], [254.8284149169922, 144.1301727294922, 1.0], [221.75503540039062, 119.41777801513672, 1.0], [191.91506958007812, 129.33419799804688, 1.0], [266.9082336425781, 207.01824951171875, 1.0], [243.19229125976562, 155.35076904296875, 1.0], [214.25320434570312, 137.83680725097656, 1.0], [182.34002685546875, 122.3519058227539, 1.0]], "is_left": 0}