{"hand_pts": [[271.147216796875, 82.68049621582031, 1.0], [210.86651611328125, 95.53010559082031, 1.0], [143.76707458496094, 86.06327819824219, 1.0], [118.97289276123047, 119.27115631103516, 1.0], [163.1306610107422, 147.9842529296875, 1.0], [156.85678100585938, 137.63490295410156, 1.0], [114.97518157958984, 167.5325469970703, 1.0], [91.97896575927734, 187.43185424804688, 1.0], [96.79660034179688, 198.14329528808594, 1.0], [194.4641571044922, 154.80487060546875, 1.0], [170.85362243652344, 204.56076049804688, 1.0], [164.02133178710938, 228.46339416503906, 1.0], [159.40792846679688, 249.13821411132812, 1.0], [226.21653747558594, 167.55784606933594, 1.0], [197.5121307373047, 217.68661499023438, 1.0], [190.50047302246094, 238.94012451171875, 1.0], [189.67848205566406, 249.43846130371094, 1.0], [259.60186767578125, 174.86151123046875, 1.0], [275.8828125, 204.2730255126953, 1.0], [288.377685546875, 222.1390380859375, 1.0], [299.03338623046875, 219.5841064453125, 1.0]], "is_left": 0}