{"hand_pts": [[279.4423522949219, 71.78944396972656, 1.0], [209.14727783203125, 94.603271484375, 1.0], [157.91290283203125, 118.651123046875, 1.0], [115.50639343261719, 147.89598083496094, 1.0], [113.0939712524414, 185.07611083984375, 1.0], [201.38140869140625, 193.0165252685547, 1.0], [146.33685302734375, 175.0082550048828, 1.0], [130.02114868164062, 134.63397216796875, 1.0], [110.31775665283203, 98.98638153076172, 1.0], [231.404541015625, 195.18313598632812, 1.0], [212.18064880371094, 271.61981201171875, 1.0], [168.3805694580078, 262.7066955566406, 1.0], [151.6190185546875, 217.25758361816406, 1.0], [251.11924743652344, 189.46620178222656, 1.0], [209.7111358642578, 235.56178283691406, 1.0], [175.1197967529297, 206.88011169433594, 1.0], [163.44227600097656, 164.4753875732422, 1.0], [270.244873046875, 174.75454711914062, 1.0], [254.1626739501953, 196.5153045654297, 1.0], [226.11509704589844, 190.466796875, 1.0], [192.9281005859375, 179.88455200195312, 1.0]], "is_left": 0}