{"hand_pts": [[37.25144577026367, 178.76979064941406, 1.0], [102.83313751220703, 159.3769989013672, 1.0], [140.7389678955078, 133.99652099609375, 1.0], [177.6442108154297, 115.82833862304688, 1.0], [204.05857849121094, 107.18138885498047, 1.0], [182.06500244140625, 195.8655242919922, 1.0], [218.81988525390625, 171.60971069335938, 1.0], [188.6504364013672, 154.75193786621094, 1.0], [151.5876922607422, 144.63291931152344, 1.0], [166.9925994873047, 212.4698028564453, 1.0], [240.7394256591797, 221.07052612304688, 1.0], [273.7087707519531, 209.1133575439453, 1.0], [281.4615173339844, 187.60955810546875, 1.0], [152.60604858398438, 221.4311065673828, 1.0], [219.0590057373047, 231.874755859375, 1.0], [219.99264526367188, 209.38548278808594, 1.0], [210.44964599609375, 186.4308319091797, 1.0], [131.787353515625, 226.30381774902344, 1.0], [148.0810089111328, 212.2652130126953, 1.0], [134.33396911621094, 192.53839111328125, 1.0], [111.2018051147461, 186.53033447265625, 1.0]], "is_left": 0}