{"hand_pts": [[86.14669036865234, 261.5225524902344, 1.0], [88.97955322265625, 211.5701446533203, 1.0], [77.88442993164062, 173.4079132080078, 1.0], [111.28621673583984, 155.43423461914062, 1.0], [151.93092346191406, 159.6556854248047, 1.0], [160.07659912109375, 190.68177795410156, 1.0], [167.6766815185547, 155.5023651123047, 1.0], [158.54844665527344, 141.410888671875, 1.0], [138.0119171142578, 145.9390411376953, 1.0], [183.9654998779297, 211.13807678222656, 1.0], [200.26315307617188, 172.5493927001953, 1.0], [181.5646209716797, 158.82681274414062, 1.0], [149.199951171875, 165.5124969482422, 1.0], [198.43161010742188, 225.72897338867188, 1.0], [253.38137817382812, 209.17649841308594, 1.0], [273.19891357421875, 191.1260223388672, 1.0], [256.9624938964844, 175.52703857421875, 1.0], [204.74160766601562, 240.99404907226562, 1.0], [238.0265655517578, 224.52682495117188, 1.0], [234.85569763183594, 206.78781127929688, 1.0], [219.67982482910156, 190.66268920898438, 1.0]], "is_left": 0}