{"hand_pts": [[96.29248046875, 53.64747619628906, 1.0], [163.9072265625, 78.76952362060547, 1.0], [243.27784729003906, 66.53358459472656, 1.0], [261.85943603515625, 114.64087677001953, 1.0], [251.1822052001953, 166.15333557128906, 1.0], [218.54931640625, 125.72225189208984, 1.0], [247.1449737548828, 160.0883331298828, 1.0], [254.69102478027344, 176.77511596679688, 1.0], [226.3513946533203, 164.4212188720703, 1.0], [177.5873260498047, 147.05274963378906, 1.0], [189.5804901123047, 234.87278747558594, 1.0], [179.8067626953125, 253.4581756591797, 1.0], [167.71441650390625, 236.78053283691406, 1.0], [142.9113311767578, 164.5376434326172, 1.0], [159.30975341796875, 245.55686950683594, 1.0], [153.65914916992188, 253.58506774902344, 1.0], [148.00343322753906, 258.9443054199219, 1.0], [106.44009399414062, 175.3726348876953, 1.0], [117.25537872314453, 230.7895050048828, 1.0], [122.93345642089844, 229.63710021972656, 1.0], [117.950439453125, 188.9703826904297, 1.0]], "is_left": 0}