{"hand_pts": [[340.1494140625, 263.7011413574219, 1.0], [303.751708984375, 205.4598846435547, 1.0], [275.9383239746094, 154.91455078125, 1.0], [233.92369079589844, 121.95313262939453, 1.0], [191.7202911376953, 102.51033020019531, 1.0], [208.84742736816406, 205.58090209960938, 1.0], [153.14381408691406, 169.40928649902344, 1.0], [127.87226104736328, 140.8959197998047, 1.0], [113.37168884277344, 112.29199981689453, 1.0], [208.47105407714844, 233.1334991455078, 1.0], [149.24806213378906, 188.095703125, 1.0], [132.0381317138672, 150.9884796142578, 1.0], [119.00092315673828, 115.39590454101562, 1.0], [213.8506317138672, 251.34332275390625, 1.0], [149.708740234375, 223.76296997070312, 1.0], [144.5869903564453, 191.05520629882812, 1.0], [149.35003662109375, 158.09060668945312, 1.0], [228.0740509033203, 268.3229675292969, 1.0], [195.4900360107422, 246.8896484375, 1.0], [195.45535278320312, 219.3025360107422, 1.0], [214.1664276123047, 189.65310668945312, 1.0]], "is_left": 0}