{"hand_pts": [[108.46725463867188, 57.62087631225586, 1.0], [102.98068237304688, 84.5099105834961, 1.0], [75.18423461914062, 101.1513671875, 1.0], [94.35680389404297, 128.493896484375, 1.0], [135.6726837158203, 152.24378967285156, 1.0], [122.7051773071289, 177.8837127685547, 1.0], [144.3415069580078, 215.66148376464844, 1.0], [165.04090881347656, 225.3873748779297, 1.0], [187.0786590576172, 230.63914489746094, 1.0], [155.1153106689453, 178.0889892578125, 1.0], [186.56678771972656, 223.6391143798828, 1.0], [205.6593475341797, 221.5178985595703, 1.0], [220.385986328125, 208.07662963867188, 1.0], [181.85269165039062, 171.8367462158203, 1.0], [224.14633178710938, 214.11952209472656, 1.0], [245.0581512451172, 212.18055725097656, 1.0], [253.96762084960938, 191.80941772460938, 1.0], [203.91195678710938, 157.3722381591797, 1.0], [240.50880432128906, 179.2755584716797, 1.0], [260.5856018066406, 180.95384216308594, 1.0], [271.4557800292969, 171.4102783203125, 1.0]], "is_left": 0}