{"hand_pts": [[158.1962890625, 84.41331481933594, 1.0], [219.83432006835938, 116.53978729248047, 1.0], [275.8063659667969, 118.4769058227539, 1.0], [288.85565185546875, 122.84233093261719, 1.0], [286.8653869628906, 127.30850982666016, 1.0], [201.6955108642578, 200.3395538330078, 1.0], [225.44500732421875, 237.68780517578125, 1.0], [242.92076110839844, 243.46109008789062, 1.0], [258.8096923828125, 228.58139038085938, 1.0], [156.51708984375, 184.75892639160156, 1.0], [169.32440185546875, 230.80615234375, 1.0], [187.60585021972656, 239.1872100830078, 1.0], [208.31906127929688, 236.69459533691406, 1.0], [124.20413970947266, 165.19171142578125, 1.0], [122.88233947753906, 206.90635681152344, 1.0], [139.67149353027344, 203.3642578125, 1.0], [161.48020935058594, 189.359375, 1.0], [95.98804473876953, 139.425048828125, 1.0], [90.0030746459961, 162.33132934570312, 1.0], [109.820068359375, 155.23049926757812, 1.0], [139.0945587158203, 137.49691772460938, 1.0]], "is_left": 0}