{"hand_pts": [[86.92716979980469, 46.36259460449219, 1.0], [82.33838653564453, 83.38634490966797, 1.0], [67.40647888183594, 112.16510772705078, 1.0], [100.52848815917969, 147.6610107421875, 1.0], [150.35191345214844, 167.96839904785156, 1.0], [125.75999450683594, 173.13931274414062, 1.0], [150.93211364746094, 227.31591796875, 1.0], [171.87924194335938, 237.02029418945312, 1.0], [188.8129119873047, 225.03871154785156, 1.0], [157.5470733642578, 164.5801239013672, 1.0], [195.31304931640625, 230.06639099121094, 1.0], [217.1862335205078, 256.9978332519531, 1.0], [233.8573455810547, 270.1697998046875, 1.0], [181.4250030517578, 151.94686889648438, 1.0], [230.2660675048828, 198.77407836914062, 1.0], [248.81900024414062, 204.78041076660156, 1.0], [258.0130920410156, 199.44729614257812, 1.0], [198.80471801757812, 131.99961853027344, 1.0], [234.81124877929688, 156.94631958007812, 1.0], [241.24615478515625, 154.01583862304688, 1.0], [228.14918518066406, 136.6775360107422, 1.0]], "is_left": 0}