{"hand_pts": [[162.3218231201172, 21.676515579223633, 1.0], [188.89280700683594, 96.91621398925781, 1.0], [210.87342834472656, 147.27890014648438, 1.0], [215.23020935058594, 203.5419921875, 1.0], [204.71456909179688, 244.5052490234375, 1.0], [257.4261169433594, 142.46502685546875, 1.0], [267.2271728515625, 206.51133728027344, 1.0], [230.50880432128906, 239.38693237304688, 1.0], [190.0712432861328, 240.70254516601562, 1.0], [231.68502807617188, 126.64114379882812, 1.0], [203.16664123535156, 210.884033203125, 1.0], [162.52951049804688, 235.32147216796875, 1.0], [139.1401824951172, 214.03944396972656, 1.0], [203.7700958251953, 116.59339904785156, 1.0], [176.51870727539062, 195.39450073242188, 1.0], [141.58010864257812, 219.39605712890625, 1.0], [116.52359008789062, 212.7815704345703, 1.0], [171.85305786132812, 102.57771301269531, 1.0], [143.32591247558594, 145.2895965576172, 1.0], [115.37733459472656, 171.26271057128906, 1.0], [111.210693359375, 163.86593627929688, 1.0]], "is_left": 0}