{"hand_pts": [[221.83245849609375, 328.3748779296875, 1.0], [189.80194091796875, 267.6983642578125, 1.0], [166.94732666015625, 229.56101989746094, 1.0], [165.1503143310547, 185.48129272460938, 1.0], [174.88497924804688, 142.19384765625, 1.0], [144.63438415527344, 225.4798583984375, 1.0], [112.84281158447266, 173.8344268798828, 1.0], [122.82563018798828, 132.05165100097656, 1.0], [157.22059631347656, 128.80393981933594, 1.0], [172.81723022460938, 236.2486114501953, 1.0], [150.9416046142578, 172.26451110839844, 1.0], [155.7360382080078, 122.77251434326172, 1.0], [177.21861267089844, 101.29315185546875, 1.0], [199.97390747070312, 243.19900512695312, 1.0], [188.4798583984375, 179.7575225830078, 1.0], [204.39324951171875, 146.49632263183594, 1.0], [215.4651336669922, 164.32838439941406, 1.0], [229.24314880371094, 254.10667419433594, 1.0], [246.29336547851562, 220.96473693847656, 1.0], [258.04327392578125, 186.46095275878906, 1.0], [267.00665283203125, 150.21327209472656, 1.0]], "is_left": 0}