{"hand_pts": [[239.29039001464844, 251.18954467773438, 1.0], [183.08447265625, 262.93780517578125, 1.0], [117.18597412109375, 267.0699157714844, 1.0], [120.25885772705078, 254.276123046875, 1.0], [162.93211364746094, 241.19805908203125, 1.0], [139.49696350097656, 180.1743927001953, 1.0], [103.654296875, 165.46292114257812, 1.0], [87.23927307128906, 164.00306701660156, 1.0], [79.73657989501953, 171.61122131347656, 1.0], [181.95143127441406, 164.71900939941406, 1.0], [171.4874267578125, 135.8007354736328, 1.0], [169.49542236328125, 138.1068572998047, 1.0], [168.53158569335938, 143.95352172851562, 1.0], [218.4020538330078, 160.97962951660156, 1.0], [246.94691467285156, 187.7842559814453, 1.0], [258.29443359375, 229.60462951660156, 1.0], [244.63357543945312, 232.5793914794922, 1.0], [255.48199462890625, 165.2845916748047, 1.0], [267.3252868652344, 134.71849060058594, 1.0], [265.09088134765625, 145.73585510253906, 1.0], [254.3734893798828, 174.31158447265625, 1.0]], "is_left": 0}