{"hand_pts": [[74.36888122558594, 176.76820373535156, 1.0], [134.8422393798828, 138.74093627929688, 1.0], [179.26287841796875, 85.50723266601562, 1.0], [226.11277770996094, 91.15889739990234, 1.0], [245.9801483154297, 135.08985900878906, 1.0], [125.62345886230469, 125.75943756103516, 1.0], [188.01185607910156, 130.1908416748047, 1.0], [234.22181701660156, 147.184326171875, 1.0], [261.5392761230469, 166.99813842773438, 1.0], [107.73363494873047, 167.6651611328125, 1.0], [178.77066040039062, 179.02886962890625, 1.0], [229.73789978027344, 188.21408081054688, 1.0], [251.51007080078125, 190.94512939453125, 1.0], [100.01113891601562, 202.67018127441406, 1.0], [165.1202392578125, 228.76490783691406, 1.0], [209.55982971191406, 237.35513305664062, 1.0], [232.50839233398438, 234.30926513671875, 1.0], [93.51166534423828, 235.5233612060547, 1.0], [132.4335174560547, 265.0500183105469, 1.0], [172.62400817871094, 273.9034423828125, 1.0], [205.04835510253906, 265.44573974609375, 1.0]], "is_left": 0}