{"hand_pts": [[214.14309692382812, 223.23489379882812, 1.0], [225.45083618164062, 162.26736450195312, 1.0], [237.53709411621094, 109.69833374023438, 1.0], [246.0811767578125, 83.21171569824219, 1.0], [249.45179748535156, 83.4555892944336, 1.0], [155.44615173339844, 163.6344757080078, 1.0], [148.24278259277344, 137.1309051513672, 1.0], [168.97329711914062, 121.3649673461914, 1.0], [194.34254455566406, 108.23347473144531, 1.0], [153.95143127441406, 209.9335174560547, 1.0], [143.37307739257812, 190.8778839111328, 1.0], [165.24758911132812, 171.75164794921875, 1.0], [197.6499786376953, 152.10472106933594, 1.0], [161.5000762939453, 244.46279907226562, 1.0], [147.2394256591797, 238.41436767578125, 1.0], [166.29605102539062, 225.4763946533203, 1.0], [193.86598205566406, 209.58338928222656, 1.0], [174.81178283691406, 275.7063293457031, 1.0], [176.16696166992188, 278.7025146484375, 1.0], [195.6199951171875, 269.3504638671875, 1.0], [224.98936462402344, 251.33518981933594, 1.0]], "is_left": 0}