{"hand_pts": [[48.533203125, 135.38665771484375, 1.0], [76.63609313964844, 186.4790496826172, 1.0], [87.29682922363281, 233.51345825195312, 1.0], [114.01897430419922, 265.50299072265625, 1.0], [147.41429138183594, 252.03160095214844, 1.0], [145.63095092773438, 200.77655029296875, 1.0], [197.52694702148438, 212.960693359375, 1.0], [229.2086944580078, 220.28221130371094, 1.0], [257.6766662597656, 225.93521118164062, 1.0], [154.95501708984375, 167.00379943847656, 1.0], [219.84657287597656, 175.4959716796875, 1.0], [259.9361877441406, 184.1742706298828, 1.0], [271.1683044433594, 197.68157958984375, 1.0], [159.6686248779297, 140.67274475097656, 1.0], [217.12118530273438, 158.88787841796875, 1.0], [243.7744903564453, 175.5365447998047, 1.0], [242.3655242919922, 187.29446411132812, 1.0], [157.1831512451172, 115.07962036132812, 1.0], [182.3550567626953, 116.97261047363281, 1.0], [167.36097717285156, 124.25725555419922, 1.0], [139.8729705810547, 133.08502197265625, 1.0]], "is_left": 0}