{"hand_pts": [[143.4859161376953, 94.4317855834961, 1.0], [158.78335571289062, 91.65154266357422, 1.0], [149.4886474609375, 81.10743713378906, 1.0], [159.8838653564453, 122.89396667480469, 1.0], [171.96768188476562, 152.75050354003906, 1.0], [110.454345703125, 163.04782104492188, 1.0], [139.0924072265625, 170.3631134033203, 1.0], [185.74954223632812, 151.0592803955078, 1.0], [226.81752014160156, 132.44317626953125, 1.0], [123.74252319335938, 187.13304138183594, 1.0], [194.40443420410156, 196.91598510742188, 1.0], [244.7571563720703, 174.77102661132812, 1.0], [287.5726013183594, 149.14256286621094, 1.0], [142.8248291015625, 200.96804809570312, 1.0], [165.20220947265625, 251.05628967285156, 1.0], [209.9743194580078, 239.58731079101562, 1.0], [215.48521423339844, 205.06033325195312, 1.0], [164.06265258789062, 206.44061279296875, 1.0], [178.22671508789062, 247.60858154296875, 1.0], [202.92308044433594, 263.7737121582031, 1.0], [230.53692626953125, 250.57623291015625, 1.0]], "is_left": 0}