{"hand_pts": [[364.5018005371094, 239.1088104248047, 1.0], [299.71905517578125, 199.42172241210938, 1.0], [270.7533874511719, 166.30401611328125, 1.0], [223.65087890625, 128.6497039794922, 1.0], [198.27178955078125, 117.41643524169922, 1.0], [199.3270721435547, 258.8214111328125, 1.0], [143.0436553955078, 207.43975830078125, 1.0], [149.69281005859375, 157.09698486328125, 1.0], [179.8031463623047, 124.49092864990234, 1.0], [202.3329620361328, 269.2232971191406, 1.0], [130.98678588867188, 212.84584045410156, 1.0], [145.6082763671875, 157.15830993652344, 1.0], [177.89633178710938, 118.38449096679688, 1.0], [207.96270751953125, 267.3578186035156, 1.0], [141.84408569335938, 215.86822509765625, 1.0], [151.6523895263672, 164.97177124023438, 1.0], [187.00408935546875, 139.5732421875, 1.0], [223.22752380371094, 260.2739562988281, 1.0], [177.7487335205078, 230.8158721923828, 1.0], [160.35675048828125, 191.08409118652344, 1.0], [165.593017578125, 148.2560577392578, 1.0]], "is_left": 0}