{"hand_pts": [[172.28662109375, 202.9305419921875, 1.0], [208.2318115234375, 235.25119018554688, 1.0], [219.63475036621094, 284.0682373046875, 1.0], [221.65957641601562, 275.0777282714844, 1.0], [212.93246459960938, 226.72280883789062, 1.0], [149.29356384277344, 235.37387084960938, 1.0], [198.70989990234375, 223.6865692138672, 1.0], [234.7834930419922, 213.4905242919922, 1.0], [240.25929260253906, 209.7132110595703, 1.0], [133.86952209472656, 198.2332763671875, 1.0], [124.07740783691406, 174.19650268554688, 1.0], [161.75680541992188, 161.9015655517578, 1.0], [188.19656372070312, 148.70016479492188, 1.0], [130.20199584960938, 167.86993408203125, 1.0], [133.99517822265625, 164.62335205078125, 1.0], [180.15196228027344, 162.99008178710938, 1.0], [218.31771850585938, 164.6965789794922, 1.0], [131.96365356445312, 139.9386444091797, 1.0], [173.65484619140625, 106.86161804199219, 1.0], [206.4622039794922, 87.16620635986328, 1.0], [225.03285217285156, 105.36664581298828, 1.0]], "is_left": 0}