{"hand_pts": [[35.856163024902344, 109.76433563232422, 1.0], [79.26288604736328, 173.20486450195312, 1.0], [97.47535705566406, 211.40386962890625, 1.0], [131.0313720703125, 248.24476623535156, 1.0], [175.95358276367188, 272.2282409667969, 1.0], [166.45419311523438, 146.97471618652344, 1.0], [207.39141845703125, 203.5454864501953, 1.0], [187.3422393798828, 230.03541564941406, 1.0], [147.68797302246094, 213.19784545898438, 1.0], [173.85943603515625, 116.3908920288086, 1.0], [245.45660400390625, 162.94602966308594, 1.0], [240.653564453125, 211.2993927001953, 1.0], [242.214111328125, 259.0108642578125, 1.0], [176.82382202148438, 98.56868743896484, 1.0], [222.3581085205078, 153.4398956298828, 1.0], [209.25294494628906, 190.8663787841797, 1.0], [169.80784606933594, 208.73370361328125, 1.0], [170.87086486816406, 84.18572998046875, 1.0], [201.65496826171875, 125.75800323486328, 1.0], [210.9299774169922, 161.43348693847656, 1.0], [194.83999633789062, 198.7166290283203, 1.0]], "is_left": 0}