{"hand_pts": [[137.35354614257812, 325.47052001953125, 1.0], [174.55770874023438, 268.1036376953125, 1.0], [203.2260284423828, 241.81024169921875, 1.0], [197.80116271972656, 183.63636779785156, 1.0], [171.7526397705078, 169.54837036132812, 1.0], [210.62123107910156, 230.92779541015625, 1.0], [221.6033477783203, 167.28919982910156, 1.0], [212.50457763671875, 143.607421875, 1.0], [205.54598999023438, 115.88926696777344, 1.0], [189.76539611816406, 229.52297973632812, 1.0], [214.4976806640625, 174.9531707763672, 1.0], [224.26651000976562, 129.9964141845703, 1.0], [221.8011016845703, 96.96090698242188, 1.0], [171.3873748779297, 225.42626953125, 1.0], [172.01458740234375, 148.06094360351562, 1.0], [161.82339477539062, 153.67799377441406, 1.0], [160.97286987304688, 196.162109375, 1.0], [151.29086303710938, 225.4668731689453, 1.0], [136.05458068847656, 179.8346405029297, 1.0], [132.48313903808594, 193.38311767578125, 1.0], [142.87313842773438, 229.27450561523438, 1.0]], "is_left": 0}