{"hand_pts": [[20.93131446838379, 184.486328125, 1.0], [82.3960952758789, 150.48330688476562, 1.0], [125.6234359741211, 111.16507720947266, 1.0], [173.64739990234375, 100.25614166259766, 1.0], [215.15328979492188, 98.11288452148438, 1.0], [169.08587646484375, 165.9405975341797, 1.0], [205.68650817871094, 148.02008056640625, 1.0], [219.0021209716797, 137.38377380371094, 1.0], [223.6107177734375, 128.58782958984375, 1.0], [156.957763671875, 199.7377471923828, 1.0], [227.7850799560547, 194.22930908203125, 1.0], [262.7297668457031, 187.16281127929688, 1.0], [267.6765441894531, 175.47299194335938, 1.0], [143.86167907714844, 225.015869140625, 1.0], [186.08253479003906, 221.54335021972656, 1.0], [191.15660095214844, 213.4036102294922, 1.0], [191.00437927246094, 203.9748992919922, 1.0], [123.39372253417969, 246.69375610351562, 1.0], [155.98495483398438, 264.4541931152344, 1.0], [168.20101928710938, 263.5651550292969, 1.0], [156.03330993652344, 242.99835205078125, 1.0]], "is_left": 0}