{"hand_pts": [[249.39801025390625, 50.35448455810547, 1.0], [208.376953125, 68.3043441772461, 1.0], [177.48031616210938, 81.61026000976562, 1.0], [173.5275421142578, 131.6977996826172, 1.0], [182.654052734375, 173.63243103027344, 1.0], [225.59564208984375, 150.48097229003906, 1.0], [176.95458984375, 183.13531494140625, 1.0], [144.8081512451172, 202.42855834960938, 1.0], [110.5193862915039, 211.14723205566406, 1.0], [234.4178466796875, 170.0682830810547, 1.0], [182.6514892578125, 206.6709747314453, 1.0], [149.27957153320312, 180.54380798339844, 1.0], [116.93475341796875, 157.17730712890625, 1.0], [235.66683959960938, 181.52455139160156, 1.0], [222.9888153076172, 250.361328125, 1.0], [185.38890075683594, 249.99830627441406, 1.0], [149.3429412841797, 243.7650604248047, 1.0], [235.50775146484375, 184.06625366210938, 1.0], [210.2146453857422, 223.47010803222656, 1.0], [183.27442932128906, 206.85574340820312, 1.0], [171.31190490722656, 173.80368041992188, 1.0]], "is_left": 0}