{"hand_pts": [[279.8060607910156, 176.47738647460938, 1.0], [239.71739196777344, 232.35813903808594, 1.0], [217.3709716796875, 284.7598571777344, 1.0], [213.6527862548828, 285.3218994140625, 1.0], [229.52114868164062, 243.00709533691406, 1.0], [136.0912322998047, 227.1923828125, 1.0], [134.55992126464844, 232.05023193359375, 1.0], [176.4584503173828, 228.28311157226562, 1.0], [192.9994354248047, 222.9771728515625, 1.0], [138.0074462890625, 179.03004455566406, 1.0], [141.86508178710938, 172.6038055419922, 1.0], [188.32901000976562, 180.95301818847656, 1.0], [194.8972625732422, 188.76576232910156, 1.0], [146.05039978027344, 142.26104736328125, 1.0], [150.42364501953125, 131.34764099121094, 1.0], [190.19729614257812, 142.21669006347656, 1.0], [190.32827758789062, 151.99435424804688, 1.0], [163.37232971191406, 109.2015380859375, 1.0], [174.34124755859375, 91.42192840576172, 1.0], [206.25863647460938, 104.51053619384766, 1.0], [214.86334228515625, 124.91474914550781, 1.0]], "is_left": 0}