{"hand_pts": [[147.12054443359375, 260.22882080078125, 1.0], [209.322509765625, 262.4041442871094, 1.0], [271.7086486816406, 274.5477294921875, 1.0], [280.642822265625, 267.9120788574219, 1.0], [241.26614379882812, 250.98695373535156, 1.0], [244.26914978027344, 164.92649841308594, 1.0], [257.04248046875, 156.14117431640625, 1.0], [242.2178497314453, 186.90553283691406, 1.0], [219.2545623779297, 224.26979064941406, 1.0], [194.7898406982422, 143.66934204101562, 1.0], [195.78231811523438, 128.82237243652344, 1.0], [186.88853454589844, 171.07815551757812, 1.0], [179.57403564453125, 218.9130401611328, 1.0], [153.17828369140625, 134.8722381591797, 1.0], [140.50335693359375, 117.73092651367188, 1.0], [132.85618591308594, 157.20001220703125, 1.0], [134.2565460205078, 201.01727294921875, 1.0], [111.77362823486328, 136.2682647705078, 1.0], [89.55615997314453, 128.7841033935547, 1.0], [86.3052978515625, 159.63296508789062, 1.0], [99.99589538574219, 198.05581665039062, 1.0]], "is_left": 0}