{"hand_pts": [[303.1492004394531, 199.57876586914062, 1.0], [249.571044921875, 160.34909057617188, 1.0], [204.888916015625, 123.3614730834961, 1.0], [168.62918090820312, 105.98722076416016, 1.0], [150.67233276367188, 111.2293472290039, 1.0], [170.6661376953125, 183.82276916503906, 1.0], [116.52722930908203, 165.8116912841797, 1.0], [110.87353515625, 143.8624267578125, 1.0], [112.62724304199219, 122.26235961914062, 1.0], [202.80860900878906, 212.31236267089844, 1.0], [145.8241729736328, 199.93624877929688, 1.0], [138.0901336669922, 173.12974548339844, 1.0], [138.07191467285156, 144.88937377929688, 1.0], [233.28204345703125, 230.40972900390625, 1.0], [186.63059997558594, 236.2254180908203, 1.0], [182.58021545410156, 216.18576049804688, 1.0], [187.3582763671875, 190.7550506591797, 1.0], [268.07586669921875, 244.2718505859375, 1.0], [252.03317260742188, 246.6217041015625, 1.0], [248.24069213867188, 233.7855682373047, 1.0], [250.92225646972656, 209.0054473876953, 1.0]], "is_left": 0}