{"hand_pts": [[254.9446563720703, 326.0008850097656, 1.0], [180.20437622070312, 298.4688720703125, 1.0], [118.64219665527344, 294.161865234375, 1.0], [104.63689422607422, 257.7250061035156, 1.0], [133.6444549560547, 221.40509033203125, 1.0], [130.81419372558594, 216.27841186523438, 1.0], [100.96198272705078, 171.29920959472656, 1.0], [108.01441192626953, 166.38494873046875, 1.0], [126.17647552490234, 173.91461181640625, 1.0], [183.4584197998047, 200.54493713378906, 1.0], [160.45558166503906, 139.38726806640625, 1.0], [158.55020141601562, 128.88494873046875, 1.0], [162.02066040039062, 133.5355682373047, 1.0], [227.4678497314453, 191.60586547851562, 1.0], [227.0393829345703, 136.0205078125, 1.0], [233.19825744628906, 135.7368927001953, 1.0], [238.25950622558594, 161.2792205810547, 1.0], [271.96710205078125, 191.64462280273438, 1.0], [279.0858459472656, 158.9656524658203, 1.0], [281.11614990234375, 161.99154663085938, 1.0], [277.6033630371094, 185.6492156982422, 1.0]], "is_left": 0}