{"hand_pts": [[121.63629913330078, 343.9746398925781, 1.0], [135.16067504882812, 294.6822509765625, 1.0], [129.06365966796875, 271.85400390625, 1.0], [169.03573608398438, 231.0643768310547, 1.0], [213.15335083007812, 208.00216674804688, 1.0], [102.51893615722656, 192.30812072753906, 1.0], [139.48818969726562, 132.11407470703125, 1.0], [186.2969207763672, 131.93682861328125, 1.0], [224.3057861328125, 160.78871154785156, 1.0], [116.0950698852539, 190.20693969726562, 1.0], [169.153076171875, 118.54851531982422, 1.0], [216.89907836914062, 134.2303924560547, 1.0], [239.768798828125, 178.36248779296875, 1.0], [133.90086364746094, 193.2741241455078, 1.0], [194.91319274902344, 130.62506103515625, 1.0], [236.00729370117188, 148.58291625976562, 1.0], [248.8102264404297, 191.08871459960938, 1.0], [153.00225830078125, 206.2059783935547, 1.0], [206.37547302246094, 176.92591857910156, 1.0], [236.49832153320312, 195.14247131347656, 1.0], [228.3369598388672, 232.11184692382812, 1.0]], "is_left": 0}