{"hand_pts": [[3.1090383529663086, 195.7311553955078, 1.0], [66.739501953125, 211.12405395507812, 1.0], [97.98336029052734, 243.85389709472656, 1.0], [150.92062377929688, 227.60919189453125, 1.0], [179.3030242919922, 194.4742889404297, 1.0], [165.71006774902344, 243.89297485351562, 1.0], [224.38084411621094, 225.1739959716797, 1.0], [210.0345458984375, 198.02294921875, 1.0], [169.87998962402344, 185.95724487304688, 1.0], [163.4211883544922, 219.27587890625, 1.0], [236.6462860107422, 198.82879638671875, 1.0], [219.98355102539062, 174.98333740234375, 1.0], [180.234375, 163.63682556152344, 1.0], [158.79962158203125, 195.37643432617188, 1.0], [227.38951110839844, 167.84405517578125, 1.0], [237.6570587158203, 142.81585693359375, 1.0], [216.6500244140625, 129.58486938476562, 1.0], [145.22145080566406, 170.8317108154297, 1.0], [188.7034149169922, 148.02061462402344, 1.0], [204.05645751953125, 128.88711547851562, 1.0], [181.87844848632812, 127.53337860107422, 1.0]], "is_left": 0}