{"hand_pts": [[135.89697265625, 124.04704284667969, 1.0], [166.73309326171875, 109.32807159423828, 1.0], [167.36325073242188, 69.54078674316406, 1.0], [209.74014282226562, 87.2384033203125, 1.0], [233.07443237304688, 132.15042114257812, 1.0], [121.1863784790039, 145.41018676757812, 1.0], [173.06324768066406, 171.59481811523438, 1.0], [209.88607788085938, 169.50267028808594, 1.0], [202.17098999023438, 155.69674682617188, 1.0], [117.65167999267578, 181.5235137939453, 1.0], [174.84983825683594, 223.95721435546875, 1.0], [215.20654296875, 208.09341430664062, 1.0], [199.04176330566406, 178.37762451171875, 1.0], [123.29438018798828, 208.2003631591797, 1.0], [182.2075958251953, 254.6731414794922, 1.0], [221.69708251953125, 243.63597106933594, 1.0], [222.3763885498047, 211.7511749267578, 1.0], [132.2939453125, 228.12619018554688, 1.0], [180.80294799804688, 258.2423400878906, 1.0], [198.6695098876953, 235.39352416992188, 1.0], [181.16871643066406, 201.84385681152344, 1.0]], "is_left": 0}