{"hand_pts": [[39.37659454345703, 247.45452880859375, 1.0], [94.38936614990234, 194.3695526123047, 1.0], [123.49775695800781, 140.05360412597656, 1.0], [157.29269409179688, 91.82979583740234, 1.0], [192.84437561035156, 72.58673095703125, 1.0], [190.32763671875, 215.63992309570312, 1.0], [258.64697265625, 198.2248992919922, 1.0], [258.8857421875, 167.0313720703125, 1.0], [260.7459411621094, 138.24417114257812, 1.0], [184.02354431152344, 241.2868194580078, 1.0], [209.03399658203125, 177.7640838623047, 1.0], [159.44442749023438, 170.56556701660156, 1.0], [112.90974426269531, 172.1094970703125, 1.0], [175.00888061523438, 255.6626434326172, 1.0], [194.98130798339844, 193.0858917236328, 1.0], [177.29132080078125, 158.8866424560547, 1.0], [162.1444091796875, 125.28289031982422, 1.0], [157.56935119628906, 266.84942626953125, 1.0], [197.02005004882812, 267.97918701171875, 1.0], [203.0655517578125, 234.4161376953125, 1.0], [187.90379333496094, 203.61570739746094, 1.0]], "is_left": 0}