{"hand_pts": [[312.30914306640625, 242.530517578125, 1.0], [250.0219268798828, 213.37779235839844, 1.0], [208.6045379638672, 212.7440185546875, 1.0], [164.89280700683594, 214.9449462890625, 1.0], [119.88162994384766, 219.65524291992188, 1.0], [220.5593719482422, 129.67161560058594, 1.0], [161.44757080078125, 135.6577911376953, 1.0], [156.06201171875, 174.61358642578125, 1.0], [185.800048828125, 195.0631103515625, 1.0], [233.3709259033203, 142.65219116210938, 1.0], [163.16290283203125, 160.72198486328125, 1.0], [124.85152435302734, 182.03053283691406, 1.0], [96.62368774414062, 209.97442626953125, 1.0], [240.398193359375, 159.66986083984375, 1.0], [188.22032165527344, 125.30343627929688, 1.0], [162.538330078125, 152.22032165527344, 1.0], [157.3159942626953, 184.1369171142578, 1.0], [249.8866729736328, 182.8472137451172, 1.0], [209.9364776611328, 203.24290466308594, 1.0], [202.01809692382812, 229.1130828857422, 1.0], [213.49993896484375, 246.59127807617188, 1.0]], "is_left": 0}