{"hand_pts": [[361.282958984375, 125.00399017333984, 1.0], [276.7485656738281, 172.96304321289062, 1.0], [229.5359344482422, 195.2896728515625, 1.0], [173.60549926757812, 223.68505859375, 1.0], [147.6815643310547, 237.989501953125, 1.0], [205.90060424804688, 155.34921264648438, 1.0], [139.27401733398438, 180.8275604248047, 1.0], [121.17002868652344, 211.0476837158203, 1.0], [132.52206420898438, 228.7332000732422, 1.0], [224.6728057861328, 138.21493530273438, 1.0], [148.47386169433594, 164.4822998046875, 1.0], [132.4094696044922, 200.19837951660156, 1.0], [136.01400756835938, 226.31097412109375, 1.0], [239.62388610839844, 130.09451293945312, 1.0], [176.21969604492188, 158.8623504638672, 1.0], [170.13247680664062, 188.32862854003906, 1.0], [173.8722686767578, 212.0711212158203, 1.0], [260.1751708984375, 124.00210571289062, 1.0], [221.82196044921875, 151.13218688964844, 1.0], [205.22938537597656, 177.54100036621094, 1.0], [203.68658447265625, 201.00567626953125, 1.0]], "is_left": 0}