{"hand_pts": [[151.34268188476562, 222.01771545410156, 1.0], [145.25753784179688, 240.73214721679688, 1.0], [138.43101501464844, 280.8089599609375, 1.0], [164.8004150390625, 291.5318298339844, 1.0], [206.03567504882812, 264.9190979003906, 1.0], [109.39783477783203, 171.7555694580078, 1.0], [150.62881469726562, 194.11599731445312, 1.0], [183.93980407714844, 215.52069091796875, 1.0], [220.3290252685547, 242.74307250976562, 1.0], [133.0657501220703, 145.3013153076172, 1.0], [146.96580505371094, 133.41517639160156, 1.0], [183.83799743652344, 172.77906799316406, 1.0], [197.23707580566406, 203.0667724609375, 1.0], [157.9728240966797, 130.77378845214844, 1.0], [212.44845581054688, 136.62466430664062, 1.0], [233.20054626464844, 175.24871826171875, 1.0], [239.7704315185547, 209.76834106445312, 1.0], [183.86032104492188, 124.00650787353516, 1.0], [209.32192993164062, 90.22538757324219, 1.0], [228.64218139648438, 116.33293151855469, 1.0], [240.3101043701172, 150.8866729736328, 1.0]], "is_left": 0}