{"hand_pts": [[56.19523620605469, 112.71936798095703, 1.0], [79.5306396484375, 167.35385131835938, 1.0], [70.34917449951172, 228.42218017578125, 1.0], [106.17794036865234, 256.5542297363281, 1.0], [155.7816162109375, 236.77320861816406, 1.0], [128.8455352783203, 215.627685546875, 1.0], [170.2008819580078, 245.5122833251953, 1.0], [192.56436157226562, 247.3806610107422, 1.0], [207.8528289794922, 236.55712890625, 1.0], [149.60198974609375, 178.775634765625, 1.0], [200.7485809326172, 222.68641662597656, 1.0], [235.16390991210938, 228.53843688964844, 1.0], [243.28634643554688, 214.572265625, 1.0], [166.4517059326172, 146.57310485839844, 1.0], [232.54188537597656, 168.53431701660156, 1.0], [263.5018615722656, 171.51385498046875, 1.0], [244.46678161621094, 158.35829162597656, 1.0], [176.8826446533203, 112.48482513427734, 1.0], [217.92745971679688, 83.767578125, 1.0], [222.12928771972656, 65.70024108886719, 1.0], [202.72157287597656, 58.02870178222656, 1.0]], "is_left": 0}