{"hand_pts": [[301.87030029296875, 88.35066223144531, 1.0], [232.02308654785156, 96.53047180175781, 1.0], [167.82223510742188, 91.22785186767578, 1.0], [122.71403503417969, 108.45108032226562, 1.0], [102.17814636230469, 135.65777587890625, 1.0], [185.08326721191406, 185.61636352539062, 1.0], [133.75701904296875, 223.86692810058594, 1.0], [127.5558090209961, 201.6324920654297, 1.0], [128.4479217529297, 174.9970703125, 1.0], [218.0742950439453, 198.83302307128906, 1.0], [162.2171173095703, 216.76011657714844, 1.0], [138.29103088378906, 196.79966735839844, 1.0], [133.7760467529297, 155.33631896972656, 1.0], [244.89080810546875, 202.4580078125, 1.0], [208.31259155273438, 235.09190368652344, 1.0], [200.61920166015625, 201.87725830078125, 1.0], [201.06129455566406, 158.7378387451172, 1.0], [274.19317626953125, 197.2149658203125, 1.0], [254.33055114746094, 228.11410522460938, 1.0], [235.8213653564453, 229.26589965820312, 1.0], [218.3101043701172, 201.78184509277344, 1.0]], "is_left": 0}