{"hand_pts": [[319.10906982421875, 133.81234741210938, 1.0], [251.5146942138672, 120.08432006835938, 1.0], [197.91815185546875, 98.44951629638672, 1.0], [148.66854858398438, 102.5927734375, 1.0], [111.42068481445312, 124.00167083740234, 1.0], [219.54119873046875, 132.23068237304688, 1.0], [169.04905700683594, 140.73765563964844, 1.0], [131.04464721679688, 155.04000854492188, 1.0], [94.8178939819336, 171.11468505859375, 1.0], [241.6137237548828, 164.4654998779297, 1.0], [179.5079345703125, 187.8380889892578, 1.0], [135.3745574951172, 204.53195190429688, 1.0], [95.66983032226562, 219.3197021484375, 1.0], [256.9403076171875, 191.0877685546875, 1.0], [206.25668334960938, 219.32522583007812, 1.0], [167.9437713623047, 237.046142578125, 1.0], [130.7504425048828, 252.3994598388672, 1.0], [274.2887878417969, 214.0873565673828, 1.0], [240.34617614746094, 244.15525817871094, 1.0], [209.61720275878906, 260.142578125, 1.0], [178.43414306640625, 267.93145751953125, 1.0]], "is_left": 0}