{"hand_pts": [[136.9727325439453, 131.2865447998047, 1.0], [197.56797790527344, 144.16456604003906, 1.0], [256.5683288574219, 155.033935546875, 1.0], [285.07427978515625, 161.84991455078125, 1.0], [295.6673583984375, 166.09613037109375, 1.0], [190.61764526367188, 200.86338806152344, 1.0], [220.5646209716797, 227.29306030273438, 1.0], [243.12313842773438, 222.0345001220703, 1.0], [263.2174987792969, 208.51663208007812, 1.0], [151.6243896484375, 187.3191375732422, 1.0], [171.536376953125, 216.63958740234375, 1.0], [194.1023406982422, 218.93907165527344, 1.0], [215.54823303222656, 219.8220672607422, 1.0], [123.97715759277344, 170.34823608398438, 1.0], [126.85301971435547, 197.04629516601562, 1.0], [142.3149871826172, 195.5263214111328, 1.0], [165.69125366210938, 182.97869873046875, 1.0], [99.18708801269531, 149.62109375, 1.0], [106.51659393310547, 147.61109924316406, 1.0], [118.52619934082031, 140.0578155517578, 1.0], [141.18490600585938, 126.12018585205078, 1.0]], "is_left": 0}