{"hand_pts": [[75.00971984863281, 305.78179931640625, 1.0], [74.79725646972656, 244.86997985839844, 1.0], [60.78403854370117, 200.9017791748047, 1.0], [79.1173324584961, 163.70555114746094, 1.0], [111.72669982910156, 146.65374755859375, 1.0], [160.2125701904297, 202.276123046875, 1.0], [183.95086669921875, 155.9808807373047, 1.0], [184.1042022705078, 132.09771728515625, 1.0], [180.09710693359375, 113.14865112304688, 1.0], [183.7705078125, 223.68824768066406, 1.0], [225.61119079589844, 174.086181640625, 1.0], [227.4767608642578, 145.25941467285156, 1.0], [218.13430786132812, 122.77758026123047, 1.0], [196.08743286132812, 240.09190368652344, 1.0], [242.5960235595703, 198.30882263183594, 1.0], [243.15664672851562, 174.39122009277344, 1.0], [226.20260620117188, 157.71603393554688, 1.0], [199.23675537109375, 259.03887939453125, 1.0], [222.3480987548828, 234.69094848632812, 1.0], [219.14505004882812, 217.83596801757812, 1.0], [199.1637420654297, 204.0289764404297, 1.0]], "is_left": 0}