{"hand_pts": [[239.52761840820312, 76.30353546142578, 1.0], [171.90234375, 107.65277862548828, 1.0], [124.18194580078125, 121.4035415649414, 1.0], [84.67660522460938, 143.4481964111328, 1.0], [100.17387390136719, 146.19143676757812, 1.0], [190.8978729248047, 197.5282440185547, 1.0], [140.446044921875, 216.8404541015625, 1.0], [127.76851654052734, 184.32643127441406, 1.0], [147.57456970214844, 151.91421508789062, 1.0], [227.96995544433594, 207.2786407470703, 1.0], [180.67503356933594, 241.2041473388672, 1.0], [161.27615356445312, 198.50048828125, 1.0], [180.20863342285156, 168.9188690185547, 1.0], [251.98634338378906, 210.7045440673828, 1.0], [217.8785400390625, 236.9573974609375, 1.0], [198.96746826171875, 199.09730529785156, 1.0], [207.74972534179688, 171.9545135498047, 1.0], [272.6949768066406, 205.17190551757812, 1.0], [258.9516296386719, 219.64044189453125, 1.0], [235.89315795898438, 191.4751434326172, 1.0], [236.17694091796875, 170.57952880859375, 1.0]], "is_left": 0}