{"hand_pts": [[252.60853576660156, 313.5679016113281, 1.0], [258.4490051269531, 236.1209259033203, 1.0], [267.2648010253906, 178.16500854492188, 1.0], [276.7466125488281, 127.20214080810547, 1.0], [282.0199890136719, 105.50961303710938, 1.0], [148.3434600830078, 193.1649932861328, 1.0], [117.32670593261719, 141.50779724121094, 1.0], [151.9058074951172, 120.14337158203125, 1.0], [204.16744995117188, 126.98193359375, 1.0], [133.30091857910156, 226.5574493408203, 1.0], [124.17144012451172, 168.19766235351562, 1.0], [185.4844207763672, 152.849365234375, 1.0], [248.8430938720703, 146.9029541015625, 1.0], [131.77127075195312, 252.52247619628906, 1.0], [130.1797637939453, 201.1095733642578, 1.0], [169.27272033691406, 176.1838836669922, 1.0], [221.30621337890625, 157.91311645507812, 1.0], [140.7888946533203, 280.9904479980469, 1.0], [135.61033630371094, 255.56275939941406, 1.0], [168.80294799804688, 235.21255493164062, 1.0], [217.7466583251953, 226.54859924316406, 1.0]], "is_left": 0}