{"hand_pts": [[43.09933853149414, 147.27914428710938, 1.0], [94.49798583984375, 210.4152374267578, 1.0], [117.60848999023438, 255.65753173828125, 1.0], [164.18106079101562, 267.9635314941406, 1.0], [192.2957763671875, 254.00112915039062, 1.0], [162.49984741210938, 206.87527465820312, 1.0], [195.87469482421875, 244.1060028076172, 1.0], [166.26194763183594, 240.732177734375, 1.0], [131.28822326660156, 227.96005249023438, 1.0], [161.97732543945312, 164.64462280273438, 1.0], [230.01170349121094, 163.4158935546875, 1.0], [269.05865478515625, 178.23873901367188, 1.0], [288.36456298828125, 199.75927734375, 1.0], [160.2995147705078, 132.9191436767578, 1.0], [200.04806518554688, 164.8676300048828, 1.0], [171.4693145751953, 174.71730041503906, 1.0], [132.9674530029297, 168.91636657714844, 1.0], [151.8845977783203, 103.22196960449219, 1.0], [196.8053741455078, 99.29483032226562, 1.0], [228.554443359375, 99.32562255859375, 1.0], [247.58810424804688, 124.8213119506836, 1.0]], "is_left": 0}