{"hand_pts": [[243.97152709960938, 90.43206024169922, 1.0], [197.54750061035156, 115.2356948852539, 1.0], [182.7417449951172, 131.26890563964844, 1.0], [115.56261444091797, 130.7244873046875, 1.0], [101.87527465820312, 117.83534240722656, 1.0], [254.6605987548828, 228.27072143554688, 1.0], [169.30555725097656, 223.32313537597656, 1.0], [138.8384246826172, 173.50845336914062, 1.0], [176.9473114013672, 156.9129638671875, 1.0], [266.8387145996094, 239.37384033203125, 1.0], [163.7491912841797, 230.6807403564453, 1.0], [136.2895050048828, 171.07733154296875, 1.0], [185.307373046875, 160.42800903320312, 1.0], [266.4937744140625, 240.69371032714844, 1.0], [172.17823791503906, 232.7265167236328, 1.0], [152.4421844482422, 180.3700408935547, 1.0], [201.7405548095703, 180.5801239013672, 1.0], [261.18719482421875, 231.0956268310547, 1.0], [199.38465881347656, 218.34898376464844, 1.0], [175.04928588867188, 174.72842407226562, 1.0], [217.66436767578125, 179.86976623535156, 1.0]], "is_left": 0}