{"hand_pts": [[254.70982360839844, 98.4697036743164, 1.0], [267.807373046875, 131.9105224609375, 1.0], [290.2467346191406, 151.54412841796875, 1.0], [274.7187194824219, 159.44204711914062, 1.0], [250.72601318359375, 148.64788818359375, 1.0], [186.75442504882812, 221.4298858642578, 1.0], [187.9921112060547, 217.12420654296875, 1.0], [213.89053344726562, 183.3845672607422, 1.0], [226.642822265625, 167.2587432861328, 1.0], [152.06463623046875, 221.40199279785156, 1.0], [141.66293334960938, 225.849853515625, 1.0], [177.84271240234375, 188.9801483154297, 1.0], [198.0757293701172, 173.57781982421875, 1.0], [130.3246307373047, 216.18020629882812, 1.0], [121.46366882324219, 209.76199340820312, 1.0], [154.1399688720703, 177.21817016601562, 1.0], [168.95201110839844, 172.91696166992188, 1.0], [117.28768157958984, 203.761474609375, 1.0], [108.2141342163086, 196.22366333007812, 1.0], [137.7823028564453, 170.77041625976562, 1.0], [152.74932861328125, 169.95314025878906, 1.0]], "is_left": 0}