{"hand_pts": [[67.33953857421875, 140.7875518798828, 1.0], [85.16133880615234, 194.958984375, 1.0], [84.84931182861328, 238.9464111328125, 1.0], [111.24996948242188, 270.5607604980469, 1.0], [146.57843017578125, 289.8289794921875, 1.0], [136.23016357421875, 173.18191528320312, 1.0], [169.0208740234375, 217.90234375, 1.0], [177.892578125, 247.1043701171875, 1.0], [165.3893585205078, 256.1898193359375, 1.0], [157.99307250976562, 142.896728515625, 1.0], [220.30116271972656, 152.32582092285156, 1.0], [230.9690399169922, 186.4251708984375, 1.0], [244.24021911621094, 218.06643676757812, 1.0], [174.86854553222656, 123.85514068603516, 1.0], [224.8756561279297, 117.52177429199219, 1.0], [253.6678009033203, 137.521484375, 1.0], [280.083740234375, 159.54537963867188, 1.0], [185.26438903808594, 108.12711334228516, 1.0], [222.6506805419922, 130.2096710205078, 1.0], [212.3436279296875, 154.52891540527344, 1.0], [180.38516235351562, 150.80621337890625, 1.0]], "is_left": 0}