{"hand_pts": [[294.65789794921875, 250.83749389648438, 1.0], [264.93402099609375, 182.03916931152344, 1.0], [274.6082763671875, 119.45325469970703, 1.0], [223.46568298339844, 111.66374969482422, 1.0], [174.7918701171875, 114.73335266113281, 1.0], [248.9441680908203, 157.6002960205078, 1.0], [193.75302124023438, 129.57223510742188, 1.0], [155.5779266357422, 113.80187225341797, 1.0], [116.19300842285156, 101.65971374511719, 1.0], [237.05809020996094, 202.01785278320312, 1.0], [204.87680053710938, 164.0935821533203, 1.0], [172.70274353027344, 137.3301239013672, 1.0], [143.70445251464844, 112.64886474609375, 1.0], [224.2278594970703, 236.68829345703125, 1.0], [157.87803649902344, 234.79420471191406, 1.0], [114.8992919921875, 230.8687286376953, 1.0], [77.76094818115234, 221.54327392578125, 1.0], [214.42176818847656, 270.61383056640625, 1.0], [163.75103759765625, 277.11151123046875, 1.0], [136.707763671875, 279.08001708984375, 1.0], [129.33734130859375, 274.6228332519531, 1.0]], "is_left": 0}