{"hand_pts": [[354.19659423828125, 145.99388122558594, 1.0], [303.31793212890625, 119.37078094482422, 1.0], [271.18804931640625, 93.19230651855469, 1.0], [211.17227172851562, 122.4251937866211, 1.0], [169.02041625976562, 159.48858642578125, 1.0], [208.56626892089844, 128.6036376953125, 1.0], [149.48898315429688, 138.418212890625, 1.0], [126.59529876708984, 148.17446899414062, 1.0], [122.1834716796875, 159.14833068847656, 1.0], [203.9680938720703, 164.00584411621094, 1.0], [161.48306274414062, 189.5150604248047, 1.0], [158.21932983398438, 199.65809631347656, 1.0], [188.78231811523438, 197.49510192871094, 1.0], [203.36605834960938, 191.97035217285156, 1.0], [158.06143188476562, 231.0099639892578, 1.0], [191.68724060058594, 226.8291015625, 1.0], [231.1980438232422, 217.3482666015625, 1.0], [211.5266571044922, 216.51287841796875, 1.0], [169.71751403808594, 242.67431640625, 1.0], [148.54083251953125, 257.47576904296875, 1.0], [132.32275390625, 268.5395202636719, 1.0]], "is_left": 0}