{"hand_pts": [[84.92529296875, 195.35536193847656, 1.0], [130.8556671142578, 148.9348602294922, 1.0], [172.0882110595703, 100.13243103027344, 1.0], [200.16734313964844, 73.43019104003906, 1.0], [213.36212158203125, 68.8025894165039, 1.0], [193.00717163085938, 192.88050842285156, 1.0], [242.8155975341797, 184.9723358154297, 1.0], [261.2342224121094, 166.43991088867188, 1.0], [272.57537841796875, 145.20640563964844, 1.0], [164.19781494140625, 219.23565673828125, 1.0], [210.6822052001953, 214.12237548828125, 1.0], [226.3021697998047, 188.46571350097656, 1.0], [234.63687133789062, 156.95993041992188, 1.0], [136.79261779785156, 232.97386169433594, 1.0], [174.6053924560547, 242.2964630126953, 1.0], [182.81289672851562, 218.8272247314453, 1.0], [189.58660888671875, 194.1710662841797, 1.0], [105.95964813232422, 241.60350036621094, 1.0], [114.62860107421875, 234.8249053955078, 1.0], [116.9920425415039, 217.2994384765625, 1.0], [116.1828842163086, 183.3562469482422, 1.0]], "is_left": 0}