{"hand_pts": [[125.00828552246094, 212.8617706298828, 1.0], [118.43254852294922, 244.1256103515625, 1.0], [131.56793212890625, 288.0173645019531, 1.0], [136.6950225830078, 268.38092041015625, 1.0], [139.1311798095703, 240.67282104492188, 1.0], [197.3400115966797, 237.26148986816406, 1.0], [226.0581512451172, 229.69850158691406, 1.0], [207.5970001220703, 213.22613525390625, 1.0], [189.6734619140625, 196.14077758789062, 1.0], [207.9106903076172, 194.24964904785156, 1.0], [231.4736328125, 183.665771484375, 1.0], [230.18447875976562, 176.6169891357422, 1.0], [218.80007934570312, 170.06521606445312, 1.0], [208.34104919433594, 159.57870483398438, 1.0], [202.50865173339844, 143.8014678955078, 1.0], [172.51121520996094, 139.67388916015625, 1.0], [135.81866455078125, 140.73947143554688, 1.0], [201.30738830566406, 128.98126220703125, 1.0], [190.41705322265625, 92.76826477050781, 1.0], [159.4662628173828, 101.83409881591797, 1.0], [140.12066650390625, 127.8870620727539, 1.0]], "is_left": 0}