{"hand_pts": [[36.6435661315918, 212.36402893066406, 1.0], [119.0034408569336, 216.80419921875, 1.0], [169.56072998046875, 239.45004272460938, 1.0], [221.53536987304688, 225.6639862060547, 1.0], [261.3183898925781, 195.7169189453125, 1.0], [178.68499755859375, 262.4652404785156, 1.0], [232.92913818359375, 223.02294921875, 1.0], [220.89666748046875, 191.24449157714844, 1.0], [184.68463134765625, 184.06716918945312, 1.0], [151.6832733154297, 241.27223205566406, 1.0], [208.89244079589844, 184.87628173828125, 1.0], [209.66424560546875, 148.44268798828125, 1.0], [201.93704223632812, 119.67205810546875, 1.0], [130.929443359375, 217.6682891845703, 1.0], [190.39073181152344, 195.5975799560547, 1.0], [221.2255859375, 165.18646240234375, 1.0], [247.20074462890625, 133.45364379882812, 1.0], [106.13829803466797, 192.23118591308594, 1.0], [124.04503631591797, 145.60133361816406, 1.0], [130.60910034179688, 112.41978454589844, 1.0], [124.50009155273438, 105.13618469238281, 1.0]], "is_left": 0}