{"hand_pts": [[337.5956726074219, 234.01438903808594, 1.0], [285.287109375, 184.2676239013672, 1.0], [275.6934509277344, 154.27716064453125, 1.0], [219.3524627685547, 142.30307006835938, 1.0], [167.6331787109375, 138.74798583984375, 1.0], [223.9482879638672, 179.30567932128906, 1.0], [155.6737823486328, 147.7115936279297, 1.0], [177.7313232421875, 150.44668579101562, 1.0], [224.14822387695312, 169.65220642089844, 1.0], [223.84939575195312, 208.14620971679688, 1.0], [135.35989379882812, 179.06146240234375, 1.0], [98.96358489990234, 156.82191467285156, 1.0], [118.73384094238281, 147.4893798828125, 1.0], [223.46710205078125, 228.8535614013672, 1.0], [137.18479919433594, 204.06661987304688, 1.0], [134.99632263183594, 187.87034606933594, 1.0], [183.11378479003906, 196.9803924560547, 1.0], [229.3822479248047, 248.37777709960938, 1.0], [173.7164764404297, 234.5225067138672, 1.0], [143.8806610107422, 217.9556884765625, 1.0], [163.4220733642578, 205.31674194335938, 1.0]], "is_left": 0}