{"hand_pts": [[204.57485961914062, 163.94500732421875, 1.0], [152.3500518798828, 169.00051879882812, 1.0], [101.37051391601562, 184.52003479003906, 1.0], [78.55123901367188, 195.8954315185547, 1.0], [74.91761016845703, 203.43179321289062, 1.0], [158.4445037841797, 223.1992645263672, 1.0], [162.21484375, 238.19851684570312, 1.0], [164.8699493408203, 224.8416290283203, 1.0], [169.22723388671875, 218.5041046142578, 1.0], [204.01116943359375, 216.78338623046875, 1.0], [183.18995666503906, 193.71495056152344, 1.0], [171.75669860839844, 162.54653930664062, 1.0], [162.51817321777344, 135.7811737060547, 1.0], [239.02597045898438, 205.46212768554688, 1.0], [229.06666564941406, 174.34230041503906, 1.0], [216.3366241455078, 147.7588348388672, 1.0], [205.19371032714844, 129.8562774658203, 1.0], [270.5804138183594, 189.82757568359375, 1.0], [268.0024108886719, 159.19091796875, 1.0], [252.2501220703125, 148.890869140625, 1.0], [238.192626953125, 151.49034118652344, 1.0]], "is_left": 0}