{"hand_pts": [[359.67236328125, 115.59294128417969, 1.0], [292.42840576171875, 176.72506713867188, 1.0], [255.8849639892578, 220.85922241210938, 1.0], [210.0078125, 254.77455139160156, 1.0], [192.33966064453125, 254.5517120361328, 1.0], [179.1537322998047, 142.9170684814453, 1.0], [125.30274963378906, 188.9728240966797, 1.0], [136.27552795410156, 226.42459106445312, 1.0], [170.94581604003906, 246.70657348632812, 1.0], [187.50807189941406, 116.32647705078125, 1.0], [125.85527801513672, 165.71054077148438, 1.0], [137.90785217285156, 211.44749450683594, 1.0], [173.84237670898438, 240.54945373535156, 1.0], [198.7726287841797, 103.28524780273438, 1.0], [145.05686950683594, 145.56141662597656, 1.0], [162.05569458007812, 184.26788330078125, 1.0], [198.02207946777344, 204.99766540527344, 1.0], [219.51016235351562, 94.31153869628906, 1.0], [191.03610229492188, 121.8930435180664, 1.0], [199.67080688476562, 156.0372314453125, 1.0], [226.69061279296875, 176.696533203125, 1.0]], "is_left": 0}