{"hand_pts": [[90.35171508789062, 227.0041046142578, 1.0], [116.05912780761719, 172.7704620361328, 1.0], [125.07916259765625, 117.5811538696289, 1.0], [159.89251708984375, 84.1006088256836, 1.0], [203.8827667236328, 85.8718032836914, 1.0], [120.5307846069336, 182.33096313476562, 1.0], [169.23858642578125, 140.2611083984375, 1.0], [194.2294158935547, 121.19468688964844, 1.0], [197.50579833984375, 122.31131744384766, 1.0], [131.9304962158203, 220.34193420410156, 1.0], [202.16232299804688, 191.03839111328125, 1.0], [200.27842712402344, 179.977783203125, 1.0], [192.982666015625, 171.93983459472656, 1.0], [145.18673706054688, 246.81967163085938, 1.0], [211.63095092773438, 219.5775146484375, 1.0], [241.14382934570312, 200.28208923339844, 1.0], [233.66090393066406, 187.51333618164062, 1.0], [156.2452392578125, 269.65374755859375, 1.0], [190.8854522705078, 281.98876953125, 1.0], [221.90846252441406, 270.7665710449219, 1.0], [232.58505249023438, 241.0651092529297, 1.0]], "is_left": 0}