{"hand_pts": [[120.77775573730469, 305.5284118652344, 1.0], [104.24220275878906, 246.62120056152344, 1.0], [75.42733001708984, 198.18714904785156, 1.0], [63.702964782714844, 153.622314453125, 1.0], [99.17741394042969, 132.4269256591797, 1.0], [147.64224243164062, 196.0396270751953, 1.0], [159.40966796875, 141.61085510253906, 1.0], [167.5657958984375, 108.97515869140625, 1.0], [177.00241088867188, 76.4542007446289, 1.0], [182.037353515625, 218.78350830078125, 1.0], [228.43092346191406, 170.99270629882812, 1.0], [227.38819885253906, 155.03582763671875, 1.0], [207.9790496826172, 158.1023712158203, 1.0], [206.5861053466797, 237.53082275390625, 1.0], [229.3057098388672, 190.83670043945312, 1.0], [217.0311279296875, 185.3075714111328, 1.0], [190.44012451171875, 205.258056640625, 1.0], [224.46893310546875, 259.3941650390625, 1.0], [254.4473419189453, 231.7354736328125, 1.0], [269.69879150390625, 212.1724853515625, 1.0], [249.27333068847656, 205.57342529296875, 1.0]], "is_left": 0}