{"hand_pts": [[172.66944885253906, 157.44483947753906, 1.0], [218.49412536621094, 197.87620544433594, 1.0], [251.94117736816406, 247.8055419921875, 1.0], [274.5478820800781, 278.0698547363281, 1.0], [279.41473388671875, 278.7752990722656, 1.0], [158.83482360839844, 230.0188446044922, 1.0], [185.79298400878906, 248.6119842529297, 1.0], [210.7635955810547, 253.3067169189453, 1.0], [245.24375915527344, 246.71359252929688, 1.0], [132.37677001953125, 187.9613037109375, 1.0], [147.67115783691406, 201.93260192871094, 1.0], [187.74365234375, 197.03555297851562, 1.0], [238.79945373535156, 184.36570739746094, 1.0], [120.0680923461914, 150.7715606689453, 1.0], [129.7877197265625, 136.99192810058594, 1.0], [171.2919921875, 119.91130065917969, 1.0], [215.38644409179688, 103.35053253173828, 1.0], [114.15483093261719, 113.80814361572266, 1.0], [127.61512756347656, 98.21307373046875, 1.0], [152.96237182617188, 86.28543090820312, 1.0], [185.50440979003906, 76.0180892944336, 1.0]], "is_left": 0}