{"hand_pts": [[188.2498016357422, 318.75506591796875, 1.0], [162.40342712402344, 280.153076171875, 1.0], [141.86326599121094, 260.6159973144531, 1.0], [144.57508850097656, 225.40927124023438, 1.0], [167.28695678710938, 192.3682098388672, 1.0], [130.75677490234375, 198.70086669921875, 1.0], [123.9684829711914, 147.5563201904297, 1.0], [152.08287048339844, 160.26766967773438, 1.0], [175.9554443359375, 192.6793975830078, 1.0], [161.00686645507812, 197.55564880371094, 1.0], [144.9512481689453, 125.00467681884766, 1.0], [157.6862335205078, 103.20584106445312, 1.0], [170.98927307128906, 86.30130767822266, 1.0], [189.05113220214844, 200.5740203857422, 1.0], [215.02613830566406, 151.23060607910156, 1.0], [233.393798828125, 172.58258056640625, 1.0], [230.8511199951172, 208.959716796875, 1.0], [217.45858764648438, 211.4083251953125, 1.0], [244.4647216796875, 187.16366577148438, 1.0], [262.9886474609375, 186.1876220703125, 1.0], [264.0903015136719, 212.68992614746094, 1.0]], "is_left": 0}