{"hand_pts": [[76.29230499267578, 242.3058624267578, 1.0], [140.09039306640625, 240.7042999267578, 1.0], [188.32598876953125, 244.25485229492188, 1.0], [223.5533447265625, 238.67555236816406, 1.0], [238.28225708007812, 227.5959014892578, 1.0], [188.93869018554688, 185.95509338378906, 1.0], [234.63560485839844, 168.3233184814453, 1.0], [255.57684326171875, 170.09336853027344, 1.0], [271.5776672363281, 175.49258422851562, 1.0], [152.4582061767578, 179.75563049316406, 1.0], [199.02880859375, 157.60842895507812, 1.0], [222.1538848876953, 163.0765380859375, 1.0], [239.30007934570312, 175.29122924804688, 1.0], [122.72843933105469, 179.7154083251953, 1.0], [157.57650756835938, 155.0657958984375, 1.0], [175.47210693359375, 158.54872131347656, 1.0], [188.97854614257812, 170.97251892089844, 1.0], [91.44612121582031, 185.00558471679688, 1.0], [104.21969604492188, 172.8271484375, 1.0], [115.62476348876953, 175.09866333007812, 1.0], [128.3980255126953, 186.8549041748047, 1.0]], "is_left": 0}