{"hand_pts": [[56.439083099365234, 53.66519546508789, 1.0], [119.19600677490234, 68.67987823486328, 1.0], [165.57823181152344, 63.427181243896484, 1.0], [200.90237426757812, 88.81689453125, 1.0], [213.28610229492188, 135.3774871826172, 1.0], [211.9054718017578, 153.35043334960938, 1.0], [251.01885986328125, 202.6664276123047, 1.0], [227.36822509765625, 199.64199829101562, 1.0], [193.5670623779297, 186.0529022216797, 1.0], [186.43319702148438, 176.20565795898438, 1.0], [246.83984375, 233.1710205078125, 1.0], [244.9182586669922, 234.44615173339844, 1.0], [208.4805908203125, 200.67726135253906, 1.0], [159.9141387939453, 189.92076110839844, 1.0], [194.9819793701172, 242.77169799804688, 1.0], [186.1256103515625, 239.69638061523438, 1.0], [168.43362426757812, 222.8424530029297, 1.0], [126.37487030029297, 194.5441131591797, 1.0], [126.83810424804688, 233.02090454101562, 1.0], [112.00565338134766, 209.8088836669922, 1.0], [98.43572998046875, 176.1000213623047, 1.0]], "is_left": 0}