{"hand_pts": [[261.9859619140625, 104.85060119628906, 1.0], [250.8133087158203, 95.30020141601562, 1.0], [262.64239501953125, 72.32184600830078, 1.0], [223.85040283203125, 84.6496353149414, 1.0], [175.3519287109375, 114.3532485961914, 1.0], [269.8771667480469, 173.55502319335938, 1.0], [224.47169494628906, 195.26016235351562, 1.0], [184.23287963867188, 181.64437866210938, 1.0], [171.60450744628906, 157.0338134765625, 1.0], [247.6424102783203, 207.38282775878906, 1.0], [182.6327667236328, 225.8283233642578, 1.0], [146.05726623535156, 198.60748291015625, 1.0], [141.05206298828125, 161.44229125976562, 1.0], [223.7382354736328, 228.90013122558594, 1.0], [152.30445861816406, 247.63430786132812, 1.0], [124.72218322753906, 218.98472595214844, 1.0], [136.80429077148438, 183.36492919921875, 1.0], [200.37489318847656, 241.19509887695312, 1.0], [145.47021484375, 257.119873046875, 1.0], [120.96638488769531, 234.3591766357422, 1.0], [138.20843505859375, 199.0600128173828, 1.0]], "is_left": 0}