{"hand_pts": [[229.7577667236328, 27.319656372070312, 1.0], [215.5999755859375, 63.26033401489258, 1.0], [200.38926696777344, 75.06270599365234, 1.0], [193.2205352783203, 123.15938568115234, 1.0], [195.96029663085938, 175.24302673339844, 1.0], [139.9876708984375, 119.00859832763672, 1.0], [112.56262969970703, 168.30604553222656, 1.0], [144.6174774169922, 198.77197265625, 1.0], [183.0508575439453, 221.4461212158203, 1.0], [151.56907653808594, 134.5701904296875, 1.0], [134.84898376464844, 206.81686401367188, 1.0], [165.74119567871094, 237.79576110839844, 1.0], [206.80592346191406, 240.78350830078125, 1.0], [168.325439453125, 147.31521606445312, 1.0], [196.03060913085938, 225.37281799316406, 1.0], [235.02859497070312, 241.0702667236328, 1.0], [272.2631530761719, 239.16566467285156, 1.0], [190.41021728515625, 153.20672607421875, 1.0], [184.7855987548828, 205.4122314453125, 1.0], [201.9959716796875, 231.23878479003906, 1.0], [222.45993041992188, 247.80870056152344, 1.0]], "is_left": 0}