{"hand_pts": [[270.69970703125, 190.47027587890625, 1.0], [211.10702514648438, 153.1472625732422, 1.0], [162.5470428466797, 114.41281127929688, 1.0], [117.8997573852539, 102.93064880371094, 1.0], [84.20865631103516, 111.02943420410156, 1.0], [225.5317840576172, 122.20388793945312, 1.0], [169.32972717285156, 120.84210205078125, 1.0], [130.50515747070312, 138.46754455566406, 1.0], [107.52587127685547, 162.51405334472656, 1.0], [248.14346313476562, 159.61166381835938, 1.0], [192.39309692382812, 177.7113037109375, 1.0], [158.8737030029297, 195.15892028808594, 1.0], [162.12525939941406, 196.0101776123047, 1.0], [259.99884033203125, 192.58023071289062, 1.0], [203.15199279785156, 232.7076873779297, 1.0], [181.1854705810547, 245.43014526367188, 1.0], [177.553466796875, 243.0834503173828, 1.0], [269.7987976074219, 225.42420959472656, 1.0], [243.1406707763672, 254.7360076904297, 1.0], [211.5070037841797, 271.1004943847656, 1.0], [191.32379150390625, 264.2274169921875, 1.0]], "is_left": 0}