{"hand_pts": [[126.13359832763672, 182.85955810546875, 1.0], [102.63006591796875, 149.36485290527344, 1.0], [75.04090881347656, 103.72518157958984, 1.0], [112.70284271240234, 86.07783508300781, 1.0], [160.56179809570312, 106.32904815673828, 1.0], [107.66541290283203, 198.90036010742188, 1.0], [108.88067626953125, 180.68663024902344, 1.0], [126.34735107421875, 152.7015380859375, 1.0], [141.16351318359375, 136.5199432373047, 1.0], [149.15579223632812, 223.77220153808594, 1.0], [190.24778747558594, 231.47679138183594, 1.0], [211.63536071777344, 200.81021118164062, 1.0], [231.18368530273438, 171.5145721435547, 1.0], [183.31060791015625, 236.87005615234375, 1.0], [236.94715881347656, 239.55953979492188, 1.0], [267.07611083984375, 228.73516845703125, 1.0], [272.62567138671875, 195.14984130859375, 1.0], [213.29505920410156, 244.08355712890625, 1.0], [243.09046936035156, 223.0037078857422, 1.0], [259.40411376953125, 201.40223693847656, 1.0], [257.9919128417969, 170.61187744140625, 1.0]], "is_left": 0}