{"hand_pts": [[71.19815826416016, 256.1312255859375, 1.0], [99.03462982177734, 194.25941467285156, 1.0], [116.47612762451172, 146.869140625, 1.0], [125.2994384765625, 104.75634002685547, 1.0], [127.52114868164062, 79.00860595703125, 1.0], [198.1511993408203, 201.95999145507812, 1.0], [219.44149780273438, 164.29364013671875, 1.0], [196.80955505371094, 140.20217895507812, 1.0], [173.97422790527344, 118.55245971679688, 1.0], [199.61863708496094, 231.56529235839844, 1.0], [204.90203857421875, 172.36050415039062, 1.0], [163.885498046875, 145.70343017578125, 1.0], [127.16800689697266, 153.35906982421875, 1.0], [193.90142822265625, 250.11367797851562, 1.0], [252.66331481933594, 242.38999938964844, 1.0], [257.1894836425781, 213.41290283203125, 1.0], [251.50933837890625, 181.5038299560547, 1.0], [179.3752899169922, 266.4889831542969, 1.0], [210.66004943847656, 258.03814697265625, 1.0], [194.4807891845703, 228.10006713867188, 1.0], [164.8272705078125, 213.74168395996094, 1.0]], "is_left": 0}