{"hand_pts": [[120.03519439697266, 280.48724365234375, 1.0], [109.26446533203125, 219.61607360839844, 1.0], [77.90794372558594, 166.2183837890625, 1.0], [73.08203125, 115.89307403564453, 1.0], [107.04419708251953, 82.04930877685547, 1.0], [131.89266967773438, 212.98794555664062, 1.0], [129.005615234375, 183.7235107421875, 1.0], [136.48028564453125, 156.03717041015625, 1.0], [142.1906280517578, 132.7950439453125, 1.0], [167.580810546875, 236.8894500732422, 1.0], [209.75741577148438, 193.48939514160156, 1.0], [235.8040313720703, 154.45184326171875, 1.0], [253.14328002929688, 113.15538024902344, 1.0], [196.22825622558594, 251.60328674316406, 1.0], [228.67041015625, 219.22647094726562, 1.0], [246.40728759765625, 179.6218719482422, 1.0], [251.4265594482422, 144.66213989257812, 1.0], [219.5584716796875, 265.7403564453125, 1.0], [259.896484375, 235.57493591308594, 1.0], [266.8382263183594, 204.62759399414062, 1.0], [265.5665283203125, 173.44395446777344, 1.0]], "is_left": 0}