{"hand_pts": [[192.6107177734375, 319.8631896972656, 1.0], [197.9270477294922, 298.0233154296875, 1.0], [197.0695037841797, 289.4507751464844, 1.0], [191.2518768310547, 245.60745239257812, 1.0], [184.6105194091797, 198.61972045898438, 1.0], [143.2792205810547, 231.63784790039062, 1.0], [153.1756134033203, 182.0283660888672, 1.0], [189.2265625, 178.14060974121094, 1.0], [215.89674377441406, 199.2124481201172, 1.0], [143.73390197753906, 211.21377563476562, 1.0], [139.47254943847656, 154.4849853515625, 1.0], [168.6310272216797, 138.10438537597656, 1.0], [204.77752685546875, 138.9785919189453, 1.0], [150.8513641357422, 196.80593872070312, 1.0], [166.6183624267578, 128.44125366210938, 1.0], [196.4578399658203, 108.345947265625, 1.0], [228.78811645507812, 126.89987182617188, 1.0], [162.53793334960938, 190.24838256835938, 1.0], [193.47857666015625, 156.26150512695312, 1.0], [223.88929748535156, 159.32203674316406, 1.0], [251.89776611328125, 178.387451171875, 1.0]], "is_left": 0}