{"hand_pts": [[123.23909759521484, 334.9098815917969, 1.0], [105.16779327392578, 266.88177490234375, 1.0], [73.77010345458984, 220.11204528808594, 1.0], [64.95785522460938, 171.5391082763672, 1.0], [105.68741607666016, 142.70535278320312, 1.0], [166.44720458984375, 198.1736297607422, 1.0], [184.40103149414062, 132.8773956298828, 1.0], [173.65414428710938, 124.3697280883789, 1.0], [162.32662963867188, 123.05144500732422, 1.0], [200.77369689941406, 213.21636962890625, 1.0], [218.6679229736328, 152.9822235107422, 1.0], [183.6737060546875, 178.50636291503906, 1.0], [160.5128173828125, 216.0927276611328, 1.0], [223.0636749267578, 225.71788024902344, 1.0], [244.040771484375, 170.65020751953125, 1.0], [227.6142120361328, 162.85113525390625, 1.0], [209.79515075683594, 157.65188598632812, 1.0], [237.24856567382812, 243.70428466796875, 1.0], [264.6080627441406, 207.15985107421875, 1.0], [252.98756408691406, 191.99847412109375, 1.0], [217.58201599121094, 205.82752990722656, 1.0]], "is_left": 0}