{"hand_pts": [[274.0727233886719, 150.49908447265625, 1.0], [272.9380798339844, 133.3745880126953, 1.0], [281.16314697265625, 109.21101379394531, 1.0], [252.938232421875, 101.2958755493164, 1.0], [207.4027862548828, 111.034423828125, 1.0], [262.7981872558594, 201.1541748046875, 1.0], [245.8740234375, 214.8258056640625, 1.0], [219.49729919433594, 204.7794952392578, 1.0], [191.3333740234375, 191.8363800048828, 1.0], [230.7154083251953, 219.3751678466797, 1.0], [183.97264099121094, 220.4737548828125, 1.0], [156.34669494628906, 186.01608276367188, 1.0], [139.2598114013672, 147.70120239257812, 1.0], [201.31138610839844, 227.02159118652344, 1.0], [143.46957397460938, 218.92518615722656, 1.0], [113.1683578491211, 192.70657348632812, 1.0], [94.22378540039062, 157.81756591796875, 1.0], [174.80210876464844, 227.83554077148438, 1.0], [129.63461303710938, 221.99244689941406, 1.0], [102.31354522705078, 203.04766845703125, 1.0], [90.51502990722656, 170.47755432128906, 1.0]], "is_left": 0}