{"hand_pts": [[287.2243957519531, 281.6533203125, 1.0], [272.6981506347656, 281.70281982421875, 1.0], [235.20608520507812, 302.8990173339844, 1.0], [212.3411102294922, 302.0972900390625, 1.0], [224.49681091308594, 268.6546630859375, 1.0], [167.78028869628906, 234.21124267578125, 1.0], [138.32748413085938, 195.98648071289062, 1.0], [153.46299743652344, 174.67832946777344, 1.0], [187.49392700195312, 161.67115783691406, 1.0], [172.8372344970703, 206.15835571289062, 1.0], [148.30075073242188, 165.90992736816406, 1.0], [174.4922332763672, 154.6270751953125, 1.0], [223.7843017578125, 164.9742431640625, 1.0], [187.357421875, 185.60621643066406, 1.0], [126.9184341430664, 136.51101684570312, 1.0], [106.34449005126953, 109.07198333740234, 1.0], [135.58509826660156, 108.59091186523438, 1.0], [210.5853271484375, 171.6591339111328, 1.0], [201.9356231689453, 131.2306365966797, 1.0], [217.4571075439453, 116.37156677246094, 1.0], [247.17909240722656, 129.3400421142578, 1.0]], "is_left": 0}