{"hand_pts": [[40.160369873046875, 177.36962890625, 1.0], [90.3662109375, 149.6918487548828, 1.0], [109.6004409790039, 129.273193359375, 1.0], [162.08584594726562, 127.76992797851562, 1.0], [201.34927368164062, 138.7431640625, 1.0], [138.9774627685547, 189.66363525390625, 1.0], [203.8638916015625, 180.97132873535156, 1.0], [244.62083435058594, 166.050048828125, 1.0], [282.2337646484375, 150.5223388671875, 1.0], [135.24765014648438, 214.90907287597656, 1.0], [211.67091369628906, 200.20846557617188, 1.0], [240.0492706298828, 173.1886749267578, 1.0], [259.04876708984375, 145.30519104003906, 1.0], [133.22463989257812, 229.89004516601562, 1.0], [203.1464385986328, 216.51068115234375, 1.0], [199.1178741455078, 187.83096313476562, 1.0], [184.53663635253906, 161.6381378173828, 1.0], [126.4777603149414, 239.4598846435547, 1.0], [173.85610961914062, 241.32992553710938, 1.0], [190.9925994873047, 218.5816192626953, 1.0], [190.35958862304688, 189.55328369140625, 1.0]], "is_left": 0}