{"hand_pts": [[240.38914489746094, 24.60335922241211, 1.0], [185.01470947265625, 78.2431411743164, 1.0], [141.90408325195312, 113.770263671875, 1.0], [115.56668090820312, 154.8434295654297, 1.0], [105.96112060546875, 188.39425659179688, 1.0], [211.47654724121094, 165.1634521484375, 1.0], [185.18954467773438, 220.3928680419922, 1.0], [157.76974487304688, 247.6450958251953, 1.0], [129.08551025390625, 269.8136901855469, 1.0], [236.47039794921875, 155.10104370117188, 1.0], [196.36630249023438, 210.42507934570312, 1.0], [151.52882385253906, 209.49485778808594, 1.0], [115.48783874511719, 188.5210723876953, 1.0], [249.86541748046875, 142.9270782470703, 1.0], [225.57681274414062, 201.8876190185547, 1.0], [188.06971740722656, 215.03927612304688, 1.0], [148.1466827392578, 212.79669189453125, 1.0], [259.96649169921875, 123.06417083740234, 1.0], [250.07078552246094, 160.8406982421875, 1.0], [225.1813507080078, 179.9200897216797, 1.0], [193.37405395507812, 196.24298095703125, 1.0]], "is_left": 0}