{"hand_pts": [[216.02516174316406, 222.89242553710938, 1.0], [177.88314819335938, 257.90936279296875, 1.0], [143.751220703125, 294.00726318359375, 1.0], [140.9534149169922, 292.0672607421875, 1.0], [158.93064880371094, 266.63189697265625, 1.0], [126.72369384765625, 191.70469665527344, 1.0], [118.29054260253906, 192.98089599609375, 1.0], [139.1044464111328, 213.3475799560547, 1.0], [168.2576141357422, 237.43397521972656, 1.0], [161.10520935058594, 154.35435485839844, 1.0], [155.40635681152344, 144.53933715820312, 1.0], [175.88003540039062, 174.16688537597656, 1.0], [199.9828643798828, 211.14305114746094, 1.0], [193.63803100585938, 131.44122314453125, 1.0], [196.96807861328125, 117.74739074707031, 1.0], [215.0765838623047, 141.5608673095703, 1.0], [234.88250732421875, 178.34689331054688, 1.0], [228.17657470703125, 116.6814956665039, 1.0], [242.8270721435547, 106.26261138916016, 1.0], [257.74920654296875, 123.76620483398438, 1.0], [269.4793395996094, 159.38136291503906, 1.0]], "is_left": 0}