{"hand_pts": [[311.5589294433594, 277.955078125, 1.0], [287.97308349609375, 238.35659790039062, 1.0], [275.4603576660156, 204.31378173828125, 1.0], [245.58253479003906, 174.339111328125, 1.0], [207.38746643066406, 148.74549865722656, 1.0], [244.8915557861328, 197.06390380859375, 1.0], [215.3672332763672, 157.7107391357422, 1.0], [182.03282165527344, 135.96817016601562, 1.0], [148.91908264160156, 114.84659576416016, 1.0], [226.72840881347656, 214.96421813964844, 1.0], [173.3249053955078, 171.04766845703125, 1.0], [137.42367553710938, 145.01220703125, 1.0], [103.03787994384766, 123.80392456054688, 1.0], [211.55218505859375, 230.7980499267578, 1.0], [161.4576416015625, 194.24107360839844, 1.0], [126.12065124511719, 173.06973266601562, 1.0], [90.64836120605469, 152.4317626953125, 1.0], [202.14779663085938, 249.30747985839844, 1.0], [159.76766967773438, 228.9844970703125, 1.0], [128.95994567871094, 214.41998291015625, 1.0], [100.27044677734375, 199.4243927001953, 1.0]], "is_left": 0}