{"hand_pts": [[223.50660705566406, 215.8670196533203, 1.0], [206.51544189453125, 158.70440673828125, 1.0], [180.86717224121094, 104.09733581542969, 1.0], [183.86390686035156, 74.47586822509766, 1.0], [207.7452392578125, 78.59485626220703, 1.0], [136.58563232421875, 172.96914672851562, 1.0], [97.38524627685547, 163.72357177734375, 1.0], [120.3607406616211, 148.71078491210938, 1.0], [133.29241943359375, 136.14492797851562, 1.0], [156.1734161376953, 213.60804748535156, 1.0], [160.86268615722656, 197.0342559814453, 1.0], [186.4081573486328, 174.33474731445312, 1.0], [214.04730224609375, 151.19195556640625, 1.0], [179.39369201660156, 241.78834533691406, 1.0], [165.15069580078125, 239.29295349121094, 1.0], [179.32862854003906, 222.3953399658203, 1.0], [212.29641723632812, 194.53265380859375, 1.0], [206.8557586669922, 265.86981201171875, 1.0], [236.9154815673828, 262.697265625, 1.0], [264.0200500488281, 253.1801300048828, 1.0], [291.838623046875, 227.87120056152344, 1.0]], "is_left": 0}