{"hand_pts": [[325.99591064453125, 151.13739013671875, 1.0], [264.04180908203125, 119.11477661132812, 1.0], [221.584228515625, 81.73114776611328, 1.0], [181.5167999267578, 107.87413787841797, 1.0], [195.8793487548828, 148.7637481689453, 1.0], [216.4618377685547, 148.7563934326172, 1.0], [154.6910858154297, 160.18763732910156, 1.0], [120.76951599121094, 160.94845581054688, 1.0], [87.03720092773438, 163.48069763183594, 1.0], [229.57400512695312, 183.37376403808594, 1.0], [158.11151123046875, 186.8069610595703, 1.0], [168.56666564941406, 165.3093719482422, 1.0], [184.34625244140625, 144.55873107910156, 1.0], [238.9500274658203, 208.06314086914062, 1.0], [175.9675750732422, 226.10992431640625, 1.0], [134.30657958984375, 226.0643768310547, 1.0], [120.6311264038086, 205.87094116210938, 1.0], [252.35308837890625, 227.81640625, 1.0], [220.54067993164062, 258.59002685546875, 1.0], [192.96722412109375, 274.3489074707031, 1.0], [162.96168518066406, 260.8134765625, 1.0]], "is_left": 0}