{"hand_pts": [[242.55001831054688, 325.3659973144531, 1.0], [178.5196075439453, 280.66546630859375, 1.0], [126.64309692382812, 245.35379028320312, 1.0], [121.08174896240234, 199.37661743164062, 1.0], [144.67373657226562, 165.36538696289062, 1.0], [148.09921264648438, 238.55796813964844, 1.0], [109.83014678955078, 190.47610473632812, 1.0], [104.4046859741211, 153.75074768066406, 1.0], [96.47109985351562, 117.41626739501953, 1.0], [197.8098602294922, 237.10794067382812, 1.0], [169.53402709960938, 193.23699951171875, 1.0], [156.79489135742188, 150.85968017578125, 1.0], [148.09091186523438, 115.16334533691406, 1.0], [237.9792022705078, 234.6133270263672, 1.0], [219.71511840820312, 168.98611450195312, 1.0], [210.04583740234375, 133.6004638671875, 1.0], [201.11932373046875, 105.29265594482422, 1.0], [276.7933349609375, 236.7708740234375, 1.0], [284.3763427734375, 201.15838623046875, 1.0], [284.50048828125, 171.22752380371094, 1.0], [274.2583923339844, 138.8583984375, 1.0]], "is_left": 0}