{"hand_pts": [[304.78839111328125, 269.83624267578125, 1.0], [300.5466003417969, 217.05897521972656, 1.0], [308.4400329589844, 171.62103271484375, 1.0], [291.3885803222656, 140.0844268798828, 1.0], [261.78118896484375, 123.90988159179688, 1.0], [210.87750244140625, 180.5221405029297, 1.0], [171.4599609375, 145.09234619140625, 1.0], [167.1866912841797, 132.39791870117188, 1.0], [173.13241577148438, 127.90797424316406, 1.0], [188.80758666992188, 209.06272888183594, 1.0], [137.85028076171875, 171.99855041503906, 1.0], [143.48306274414062, 156.1228790283203, 1.0], [164.97943115234375, 148.15029907226562, 1.0], [177.6351318359375, 232.7285919189453, 1.0], [128.8752899169922, 204.81976318359375, 1.0], [130.68826293945312, 191.53245544433594, 1.0], [151.40919494628906, 183.16748046875, 1.0], [176.3628692626953, 258.08624267578125, 1.0], [142.78262329101562, 248.9235382080078, 1.0], [140.180419921875, 239.50173950195312, 1.0], [156.80870056152344, 228.28143310546875, 1.0]], "is_left": 0}