{"hand_pts": [[293.51953125, 87.9673843383789, 1.0], [253.01449584960938, 167.280517578125, 1.0], [229.66722106933594, 236.51214599609375, 1.0], [165.39044189453125, 249.7411346435547, 1.0], [135.9967498779297, 207.6656951904297, 1.0], [271.80511474609375, 226.97459411621094, 1.0], [198.4674530029297, 265.3604431152344, 1.0], [146.06793212890625, 256.2064514160156, 1.0], [129.14141845703125, 223.71145629882812, 1.0], [269.0648193359375, 183.89732360839844, 1.0], [171.69232177734375, 209.55490112304688, 1.0], [135.69711303710938, 192.52523803710938, 1.0], [145.27935791015625, 170.93264770507812, 1.0], [259.330322265625, 147.70028686523438, 1.0], [169.0806884765625, 169.97811889648438, 1.0], [132.2611541748047, 160.2963409423828, 1.0], [146.69773864746094, 146.0944366455078, 1.0], [249.07640075683594, 108.745849609375, 1.0], [191.42483520507812, 109.55123901367188, 1.0], [155.2986297607422, 112.62872314453125, 1.0], [155.9342803955078, 116.95872497558594, 1.0]], "is_left": 0}