{"hand_pts": [[9.891226768493652, 172.0908966064453, 1.0], [73.23419952392578, 179.95704650878906, 1.0], [108.2068099975586, 209.5107879638672, 1.0], [155.84307861328125, 197.7520294189453, 1.0], [199.26206970214844, 184.6691436767578, 1.0], [184.50637817382812, 252.73760986328125, 1.0], [211.25860595703125, 216.00062561035156, 1.0], [192.88446044921875, 176.77627563476562, 1.0], [148.99813842773438, 146.63046264648438, 1.0], [183.40972900390625, 243.51014709472656, 1.0], [238.87461853027344, 218.12876892089844, 1.0], [243.82276916503906, 184.35986328125, 1.0], [237.05218505859375, 148.1479949951172, 1.0], [178.6986083984375, 228.74240112304688, 1.0], [215.4387969970703, 181.7399444580078, 1.0], [217.6014862060547, 145.63758850097656, 1.0], [198.93182373046875, 107.81843566894531, 1.0], [164.11740112304688, 208.97511291503906, 1.0], [185.794189453125, 173.53143310546875, 1.0], [165.4072723388672, 144.18873596191406, 1.0], [130.39013671875, 125.15782928466797, 1.0]], "is_left": 0}