{"hand_pts": [[314.2779235839844, 208.78627014160156, 1.0], [265.848876953125, 166.4980926513672, 1.0], [219.14468383789062, 135.9342498779297, 1.0], [192.42694091796875, 125.59086608886719, 1.0], [189.2949981689453, 130.4197998046875, 1.0], [168.56246948242188, 190.467041015625, 1.0], [109.8229751586914, 187.74618530273438, 1.0], [90.31941223144531, 175.71603393554688, 1.0], [97.65058135986328, 158.19564819335938, 1.0], [181.91114807128906, 217.58670043945312, 1.0], [150.77813720703125, 183.87442016601562, 1.0], [151.84730529785156, 154.38209533691406, 1.0], [175.78140258789062, 124.8626937866211, 1.0], [198.49285888671875, 234.52719116210938, 1.0], [175.9784393310547, 216.1169891357422, 1.0], [203.03370666503906, 190.44105529785156, 1.0], [236.98001098632812, 170.079833984375, 1.0], [223.055908203125, 247.7497100830078, 1.0], [214.51576232910156, 248.26791381835938, 1.0], [230.90753173828125, 223.95742797851562, 1.0], [249.6525421142578, 196.5694122314453, 1.0]], "is_left": 0}