{"hand_pts": [[32.28351593017578, 185.4806365966797, 1.0], [75.93611907958984, 155.9120635986328, 1.0], [90.29467010498047, 129.17103576660156, 1.0], [111.40626525878906, 112.69926452636719, 1.0], [146.02093505859375, 118.15229797363281, 1.0], [155.8787078857422, 159.4691925048828, 1.0], [195.51087951660156, 157.14247131347656, 1.0], [209.86997985839844, 157.17625427246094, 1.0], [216.00428771972656, 158.55821228027344, 1.0], [156.84898376464844, 188.37948608398438, 1.0], [233.0657501220703, 184.9015350341797, 1.0], [237.17361450195312, 179.59005737304688, 1.0], [210.2263641357422, 175.45199584960938, 1.0], [154.5562744140625, 210.70933532714844, 1.0], [225.92872619628906, 223.59371948242188, 1.0], [261.59698486328125, 224.29147338867188, 1.0], [267.2671203613281, 216.20701599121094, 1.0], [144.4156951904297, 230.4971466064453, 1.0], [190.4341583251953, 242.22003173828125, 1.0], [202.72323608398438, 237.5740509033203, 1.0], [179.20767211914062, 222.38185119628906, 1.0]], "is_left": 0}