{"hand_pts": [[160.1957244873047, 314.03240966796875, 1.0], [167.97744750976562, 298.0375671386719, 1.0], [156.234375, 299.04852294921875, 1.0], [165.926513671875, 277.6119079589844, 1.0], [191.68724060058594, 243.27928161621094, 1.0], [118.64258575439453, 215.00086975097656, 1.0], [161.6474151611328, 186.24996948242188, 1.0], [200.50929260253906, 181.30616760253906, 1.0], [240.88706970214844, 190.64205932617188, 1.0], [129.68319702148438, 193.01272583007812, 1.0], [158.8561553955078, 139.59515380859375, 1.0], [200.09751892089844, 134.5066375732422, 1.0], [238.9636993408203, 157.2425537109375, 1.0], [146.35987854003906, 179.8297119140625, 1.0], [150.820556640625, 119.03348541259766, 1.0], [189.75045776367188, 129.0714111328125, 1.0], [222.78890991210938, 154.64852905273438, 1.0], [166.16368103027344, 175.9513397216797, 1.0], [198.65042114257812, 145.05484008789062, 1.0], [229.0779571533203, 137.89329528808594, 1.0], [255.78285217285156, 160.86376953125, 1.0]], "is_left": 0}