{"hand_pts": [[255.04295349121094, 28.94770050048828, 1.0], [183.70790100097656, 59.58617401123047, 1.0], [126.60031127929688, 78.15478515625, 1.0], [117.61222076416016, 126.78131866455078, 1.0], [155.44300842285156, 151.41001892089844, 1.0], [161.90301513671875, 155.4741668701172, 1.0], [123.12901306152344, 194.64578247070312, 1.0], [99.26354217529297, 217.42657470703125, 1.0], [90.61786651611328, 209.6951446533203, 1.0], [207.58258056640625, 165.5476531982422, 1.0], [181.60836791992188, 206.00933837890625, 1.0], [164.35406494140625, 222.942138671875, 1.0], [157.7701873779297, 191.34803771972656, 1.0], [242.85577392578125, 168.54193115234375, 1.0], [229.38807678222656, 220.88436889648438, 1.0], [219.72862243652344, 242.0229034423828, 1.0], [207.5646209716797, 225.7150115966797, 1.0], [277.22747802734375, 161.90647888183594, 1.0], [266.3858642578125, 206.86143493652344, 1.0], [249.39950561523438, 218.73074340820312, 1.0], [235.40992736816406, 190.9075469970703, 1.0]], "is_left": 0}