{"hand_pts": [[16.869930267333984, 224.9366455078125, 1.0], [60.75116729736328, 170.32546997070312, 1.0], [83.19129943847656, 122.01303100585938, 1.0], [135.03150939941406, 116.25566101074219, 1.0], [175.6053466796875, 144.08160400390625, 1.0], [149.6262664794922, 134.65585327148438, 1.0], [213.72171020507812, 116.57122039794922, 1.0], [210.16351318359375, 133.499267578125, 1.0], [197.07940673828125, 154.20872497558594, 1.0], [156.12542724609375, 176.96893310546875, 1.0], [234.75924682617188, 162.23211669921875, 1.0], [223.29270935058594, 171.5478057861328, 1.0], [182.63775634765625, 183.4119110107422, 1.0], [157.92799377441406, 212.74530029296875, 1.0], [231.37716674804688, 220.93943786621094, 1.0], [244.7166290283203, 229.24630737304688, 1.0], [218.649169921875, 232.62400817871094, 1.0], [150.65988159179688, 248.56248474121094, 1.0], [202.43148803710938, 256.7687683105469, 1.0], [213.45509338378906, 256.9053649902344, 1.0], [203.62869262695312, 251.4119873046875, 1.0]], "is_left": 0}