{"hand_pts": [[190.56539916992188, 24.143972396850586, 1.0], [236.64781188964844, 69.3984603881836, 1.0], [274.4454650878906, 97.02005004882812, 1.0], [283.1646423339844, 132.58358764648438, 1.0], [267.98736572265625, 166.7476348876953, 1.0], [235.29881286621094, 158.83126831054688, 1.0], [243.8468780517578, 212.5762939453125, 1.0], [242.2779998779297, 239.63880920410156, 1.0], [236.592041015625, 259.8545227050781, 1.0], [184.88204956054688, 153.40016174316406, 1.0], [183.00494384765625, 212.86325073242188, 1.0], [181.84666442871094, 232.32681274414062, 1.0], [181.0270538330078, 244.208251953125, 1.0], [144.24090576171875, 144.22357177734375, 1.0], [135.18634033203125, 204.72872924804688, 1.0], [131.80117797851562, 224.59925842285156, 1.0], [131.04074096679688, 233.73912048339844, 1.0], [107.29705810546875, 127.05504608154297, 1.0], [90.5332260131836, 161.65423583984375, 1.0], [86.54922485351562, 174.31385803222656, 1.0], [92.1222152709961, 174.57217407226562, 1.0]], "is_left": 0}