{"hand_pts": [[227.91896057128906, 350.6782531738281, 1.0], [175.10609436035156, 300.19952392578125, 1.0], [123.94133758544922, 268.06060791015625, 1.0], [105.18131256103516, 223.3357696533203, 1.0], [108.60814666748047, 180.18179321289062, 1.0], [149.7987518310547, 233.9259796142578, 1.0], [119.4146728515625, 178.08236694335938, 1.0], [111.36864471435547, 143.07110595703125, 1.0], [108.02650451660156, 110.99034118652344, 1.0], [194.81008911132812, 234.595947265625, 1.0], [173.34703063964844, 165.13438415527344, 1.0], [166.84068298339844, 130.85147094726562, 1.0], [162.4098358154297, 103.17802429199219, 1.0], [232.00209045410156, 236.0038604736328, 1.0], [227.7388458251953, 169.2401885986328, 1.0], [226.655029296875, 138.28660583496094, 1.0], [225.19166564941406, 116.29803466796875, 1.0], [267.9708557128906, 243.95579528808594, 1.0], [276.9293212890625, 199.58773803710938, 1.0], [277.2856750488281, 173.94522094726562, 1.0], [271.55242919921875, 155.35061645507812, 1.0]], "is_left": 0}