{"hand_pts": [[18.010868072509766, 163.33384704589844, 1.0], [76.46553802490234, 185.26695251464844, 1.0], [121.63766479492188, 215.73614501953125, 1.0], [170.37179565429688, 238.29421997070312, 1.0], [209.65731811523438, 244.41917419433594, 1.0], [156.90281677246094, 135.53131103515625, 1.0], [202.56011962890625, 184.94024658203125, 1.0], [225.9423065185547, 221.39630126953125, 1.0], [231.24945068359375, 263.7739562988281, 1.0], [144.97813415527344, 130.40579223632812, 1.0], [223.71022033691406, 144.2057647705078, 1.0], [258.4535827636719, 179.83499145507812, 1.0], [244.87075805664062, 226.99818420410156, 1.0], [132.56663513183594, 133.96925354003906, 1.0], [197.1371307373047, 149.9882049560547, 1.0], [218.9429473876953, 188.01397705078125, 1.0], [235.35377502441406, 228.6544952392578, 1.0], [113.09025573730469, 141.8501434326172, 1.0], [162.2534637451172, 139.92039489746094, 1.0], [179.4223175048828, 172.287841796875, 1.0], [157.07806396484375, 198.337646484375, 1.0]], "is_left": 0}