{"hand_pts": [[11.947416305541992, 93.93450927734375, 1.0], [70.62053680419922, 107.46170043945312, 1.0], [102.9891128540039, 129.74876403808594, 1.0], [154.00018310546875, 154.36199951171875, 1.0], [200.4390411376953, 174.92584228515625, 1.0], [140.5709228515625, 182.68222045898438, 1.0], [201.01194763183594, 213.09352111816406, 1.0], [236.7879180908203, 213.2225799560547, 1.0], [271.30615234375, 217.21824645996094, 1.0], [135.23353576660156, 180.54522705078125, 1.0], [200.31448364257812, 228.25120544433594, 1.0], [240.95547485351562, 229.944580078125, 1.0], [258.02850341796875, 205.106689453125, 1.0], [130.20716857910156, 172.5727996826172, 1.0], [193.9761962890625, 199.50123596191406, 1.0], [216.17848205566406, 180.4027862548828, 1.0], [235.7000732421875, 160.13070678710938, 1.0], [119.08611297607422, 158.70021057128906, 1.0], [164.5115966796875, 176.61788940429688, 1.0], [195.36721801757812, 182.2565155029297, 1.0], [213.63661193847656, 166.86647033691406, 1.0]], "is_left": 0}