{"hand_pts": [[286.3679504394531, 282.5198974609375, 1.0], [226.5201873779297, 273.1538391113281, 1.0], [187.19508361816406, 287.35931396484375, 1.0], [174.10809326171875, 264.6177978515625, 1.0], [198.30419921875, 234.85488891601562, 1.0], [157.04222106933594, 217.22421264648438, 1.0], [113.49784851074219, 183.4097442626953, 1.0], [92.13020324707031, 161.80538940429688, 1.0], [79.1231460571289, 142.57373046875, 1.0], [182.40379333496094, 192.9861602783203, 1.0], [162.41087341308594, 168.5763397216797, 1.0], [185.56700134277344, 189.79823303222656, 1.0], [203.2296905517578, 204.68563842773438, 1.0], [206.66165161132812, 175.59010314941406, 1.0], [186.21182250976562, 138.26449584960938, 1.0], [195.87640380859375, 143.85877990722656, 1.0], [214.19964599609375, 168.07675170898438, 1.0], [236.0340576171875, 165.1724090576172, 1.0], [231.1610565185547, 127.97367858886719, 1.0], [233.25241088867188, 129.1506805419922, 1.0], [234.79908752441406, 136.55410766601562, 1.0]], "is_left": 0}