{"hand_pts": [[152.6825714111328, 38.17544174194336, 1.0], [133.4846649169922, 101.89801025390625, 1.0], [111.82219696044922, 150.52542114257812, 1.0], [105.57960510253906, 196.07888793945312, 1.0], [112.45569610595703, 230.3681182861328, 1.0], [187.01766967773438, 156.14773559570312, 1.0], [193.8409423828125, 212.7459716796875, 1.0], [183.33872985839844, 244.89991760253906, 1.0], [170.294921875, 273.0964050292969, 1.0], [204.2797088623047, 135.42088317871094, 1.0], [216.561767578125, 201.3529510498047, 1.0], [202.64010620117188, 239.09959411621094, 1.0], [179.56997680664062, 268.14959716796875, 1.0], [212.03805541992188, 118.0971450805664, 1.0], [226.9515838623047, 176.60191345214844, 1.0], [206.16824340820312, 203.99476623535156, 1.0], [177.45423889160156, 222.79190063476562, 1.0], [214.0845184326172, 96.5120849609375, 1.0], [220.50332641601562, 131.83424377441406, 1.0], [205.15936279296875, 155.29270935058594, 1.0], [178.20802307128906, 173.65594482421875, 1.0]], "is_left": 0}