{"hand_pts": [[145.16900634765625, 39.47947311401367, 1.0], [132.2782440185547, 109.97894287109375, 1.0], [112.56925201416016, 163.15220642089844, 1.0], [102.26583099365234, 213.79855346679688, 1.0], [111.69145965576172, 224.76641845703125, 1.0], [203.41748046875, 166.50299072265625, 1.0], [169.50927734375, 222.4490966796875, 1.0], [142.93638610839844, 254.51084899902344, 1.0], [104.58509063720703, 265.8858947753906, 1.0], [216.4062957763672, 143.708740234375, 1.0], [265.24090576171875, 195.2339630126953, 1.0], [280.5704650878906, 233.97584533691406, 1.0], [261.190185546875, 269.6941223144531, 1.0], [219.02505493164062, 125.27890014648438, 1.0], [240.15093994140625, 182.26007080078125, 1.0], [198.3538360595703, 194.72366333007812, 1.0], [166.197021484375, 175.9994659423828, 1.0], [214.65394592285156, 102.56963348388672, 1.0], [192.48129272460938, 127.2772216796875, 1.0], [173.42308044433594, 143.33204650878906, 1.0], [135.83985900878906, 150.63619995117188, 1.0]], "is_left": 0}