{"hand_pts": [[121.4341049194336, 277.50848388671875, 1.0], [178.26669311523438, 248.5945281982422, 1.0], [228.8522186279297, 237.76968383789062, 1.0], [274.9574890136719, 222.7349395751953, 1.0], [302.76849365234375, 200.65122985839844, 1.0], [164.95477294921875, 170.69183349609375, 1.0], [210.56658935546875, 156.85198974609375, 1.0], [228.42263793945312, 184.54006958007812, 1.0], [238.10751342773438, 216.7912139892578, 1.0], [134.40447998046875, 166.46292114257812, 1.0], [177.57907104492188, 121.22454071044922, 1.0], [201.19955444335938, 157.76681518554688, 1.0], [193.23728942871094, 195.49339294433594, 1.0], [114.49150848388672, 167.2713165283203, 1.0], [158.53756713867188, 137.29803466796875, 1.0], [174.35763549804688, 173.9967498779297, 1.0], [190.36032104492188, 209.95545959472656, 1.0], [97.08707427978516, 175.62294006347656, 1.0], [119.14958190917969, 159.04095458984375, 1.0], [142.841064453125, 183.7654266357422, 1.0], [138.8087921142578, 206.57400512695312, 1.0]], "is_left": 0}