{"hand_pts": [[123.51071166992188, 46.73494338989258, 1.0], [147.08485412597656, 105.61189270019531, 1.0], [176.99050903320312, 150.8746337890625, 1.0], [207.7501220703125, 194.36648559570312, 1.0], [228.59625244140625, 218.03660583496094, 1.0], [126.36942291259766, 173.3621826171875, 1.0], [158.27993774414062, 230.64413452148438, 1.0], [191.14035034179688, 259.1501770019531, 1.0], [224.2747039794922, 284.1672058105469, 1.0], [132.29090881347656, 156.68438720703125, 1.0], [127.11599731445312, 226.5956573486328, 1.0], [170.256591796875, 249.07350158691406, 1.0], [212.20492553710938, 253.4445343017578, 1.0], [142.7520294189453, 141.58531188964844, 1.0], [212.01071166992188, 175.7596435546875, 1.0], [243.46841430664062, 163.60952758789062, 1.0], [229.73565673828125, 136.42787170410156, 1.0], [153.830078125, 121.38387298583984, 1.0], [194.63534545898438, 152.79769897460938, 1.0], [218.9613037109375, 150.17044067382812, 1.0], [200.17922973632812, 125.65068817138672, 1.0]], "is_left": 0}