{"hand_pts": [[80.24817657470703, 155.71258544921875, 1.0], [117.96768951416016, 116.07498931884766, 1.0], [143.6865692138672, 65.71906280517578, 1.0], [196.2563934326172, 75.31523895263672, 1.0], [216.38311767578125, 122.64453887939453, 1.0], [129.1163330078125, 146.71871948242188, 1.0], [183.69435119628906, 153.67955017089844, 1.0], [215.64675903320312, 147.82763671875, 1.0], [210.2290496826172, 140.7245635986328, 1.0], [136.03355407714844, 187.29779052734375, 1.0], [157.36822509765625, 208.0425567626953, 1.0], [181.08763122558594, 215.66943359375, 1.0], [217.9020538330078, 212.85250854492188, 1.0], [145.90200805664062, 215.97901916503906, 1.0], [173.95535278320312, 255.73507690429688, 1.0], [207.75257873535156, 237.10235595703125, 1.0], [235.72543334960938, 215.33102416992188, 1.0], [153.33497619628906, 238.90322875976562, 1.0], [200.93618774414062, 258.93743896484375, 1.0], [222.8254852294922, 240.9864959716797, 1.0], [205.16259765625, 212.1522216796875, 1.0]], "is_left": 0}