{"hand_pts": [[293.5017395019531, 169.27413940429688, 1.0], [281.17425537109375, 150.1476287841797, 1.0], [300.3597412109375, 134.1757354736328, 1.0], [249.3154754638672, 115.24910736083984, 1.0], [194.6531219482422, 112.62539672851562, 1.0], [255.6319580078125, 228.38014221191406, 1.0], [204.3007049560547, 210.68055725097656, 1.0], [176.9166259765625, 169.08267211914062, 1.0], [177.91473388671875, 137.09104919433594, 1.0], [226.29141235351562, 247.96725463867188, 1.0], [149.83877563476562, 211.300048828125, 1.0], [153.08599853515625, 160.8988037109375, 1.0], [183.4324493408203, 131.93153381347656, 1.0], [200.27101135253906, 255.2960968017578, 1.0], [123.37860870361328, 228.0223846435547, 1.0], [128.17811584472656, 182.36878967285156, 1.0], [166.6934814453125, 165.270263671875, 1.0], [179.02194213867188, 254.7326202392578, 1.0], [121.13923645019531, 233.88697814941406, 1.0], [106.65227508544922, 194.99966430664062, 1.0], [128.2965850830078, 158.79940795898438, 1.0]], "is_left": 0}