{"hand_pts": [[257.40069580078125, 99.31221008300781, 1.0], [272.27099609375, 128.60296630859375, 1.0], [288.234619140625, 118.43608856201172, 1.0], [285.2924499511719, 133.7146453857422, 1.0], [258.562744140625, 172.4143829345703, 1.0], [207.74977111816406, 140.57485961914062, 1.0], [231.67489624023438, 185.0823211669922, 1.0], [259.9676818847656, 206.4604034423828, 1.0], [286.0989074707031, 213.12136840820312, 1.0], [179.2688446044922, 146.72305297851562, 1.0], [130.98985290527344, 185.44627380371094, 1.0], [143.99478149414062, 222.8538055419922, 1.0], [181.1746368408203, 226.33404541015625, 1.0], [162.119140625, 154.72354125976562, 1.0], [108.74181365966797, 180.0773162841797, 1.0], [97.35369110107422, 211.0595703125, 1.0], [95.9002914428711, 243.2563934326172, 1.0], [152.83486938476562, 160.47093200683594, 1.0], [122.15872192382812, 196.85833740234375, 1.0], [108.9396743774414, 225.30528259277344, 1.0], [130.8959503173828, 246.89842224121094, 1.0]], "is_left": 0}