{"hand_pts": [[25.586177825927734, 206.71937561035156, 1.0], [81.64398193359375, 225.35092163085938, 1.0], [105.55903625488281, 225.47647094726562, 1.0], [152.20860290527344, 217.06304931640625, 1.0], [189.80801391601562, 205.04441833496094, 1.0], [153.06736755371094, 176.2292938232422, 1.0], [217.36038208007812, 160.07627868652344, 1.0], [229.14718627929688, 186.9939422607422, 1.0], [250.39251708984375, 208.32666015625, 1.0], [150.52462768554688, 161.94549560546875, 1.0], [229.161865234375, 157.89187622070312, 1.0], [244.02427673339844, 191.93661499023438, 1.0], [208.2670135498047, 215.96104431152344, 1.0], [147.31956481933594, 156.3520050048828, 1.0], [218.23190307617188, 134.44631958007812, 1.0], [247.939453125, 156.0505828857422, 1.0], [279.0942687988281, 174.48805236816406, 1.0], [137.1835479736328, 155.76600646972656, 1.0], [163.31517028808594, 176.055908203125, 1.0], [145.00172424316406, 201.8173065185547, 1.0], [117.8644027709961, 222.25515747070312, 1.0]], "is_left": 0}