{"hand_pts": [[35.97077178955078, 200.629150390625, 1.0], [101.31220245361328, 215.3207550048828, 1.0], [155.66455078125, 225.42665100097656, 1.0], [213.1389617919922, 211.06549072265625, 1.0], [265.6181335449219, 193.5787353515625, 1.0], [141.4217529296875, 220.11453247070312, 1.0], [191.70433044433594, 214.51898193359375, 1.0], [232.01983642578125, 204.30873107910156, 1.0], [261.98919677734375, 187.6559295654297, 1.0], [126.33330535888672, 198.2438201904297, 1.0], [172.735595703125, 197.18975830078125, 1.0], [214.19976806640625, 185.83700561523438, 1.0], [225.31890869140625, 179.39938354492188, 1.0], [116.70077514648438, 179.69271850585938, 1.0], [190.17425537109375, 157.13641357421875, 1.0], [231.5784454345703, 143.39645385742188, 1.0], [240.21270751953125, 140.54393005371094, 1.0], [103.89432525634766, 162.51756286621094, 1.0], [135.72267150878906, 156.0195770263672, 1.0], [171.54855346679688, 150.82704162597656, 1.0], [182.0843048095703, 152.6104736328125, 1.0]], "is_left": 0}