{"hand_pts": [[198.0840301513672, 141.74734497070312, 1.0], [149.57740783691406, 176.18702697753906, 1.0], [97.56695556640625, 210.81365966796875, 1.0], [74.88982391357422, 215.52557373046875, 1.0], [74.29452514648438, 203.6597900390625, 1.0], [185.7636260986328, 221.3344268798828, 1.0], [165.39784240722656, 232.1702117919922, 1.0], [142.6096649169922, 222.5443115234375, 1.0], [119.77715301513672, 196.64315795898438, 1.0], [223.4087371826172, 194.70950317382812, 1.0], [219.4724578857422, 227.9458465576172, 1.0], [192.7337188720703, 231.70281982421875, 1.0], [165.88796997070312, 233.7669219970703, 1.0], [248.1927947998047, 169.24343872070312, 1.0], [252.0908203125, 162.16549682617188, 1.0], [229.70880126953125, 147.3547821044922, 1.0], [192.24169921875, 132.2450714111328, 1.0], [267.4573974609375, 141.37457275390625, 1.0], [247.6767578125, 122.80958557128906, 1.0], [219.69296264648438, 108.2686996459961, 1.0], [193.09881591796875, 106.10049438476562, 1.0]], "is_left": 0}