{"hand_pts": [[311.43603515625, 184.85403442382812, 1.0], [288.8045959472656, 219.01934814453125, 1.0], [279.5230712890625, 257.0244445800781, 1.0], [242.348388671875, 269.453369140625, 1.0], [203.89137268066406, 277.00067138671875, 1.0], [243.98582458496094, 193.15057373046875, 1.0], [193.49070739746094, 203.41693115234375, 1.0], [171.4270477294922, 216.0233154296875, 1.0], [164.61509704589844, 225.85487365722656, 1.0], [225.73995971679688, 159.15069580078125, 1.0], [165.55014038085938, 175.13812255859375, 1.0], [142.27801513671875, 192.98629760742188, 1.0], [120.58952331542969, 209.45945739746094, 1.0], [210.86912536621094, 135.1815948486328, 1.0], [145.68292236328125, 135.3424530029297, 1.0], [115.67101287841797, 148.613525390625, 1.0], [90.68062591552734, 164.4292755126953, 1.0], [202.2912139892578, 116.14892578125, 1.0], [155.73194885253906, 112.4964828491211, 1.0], [152.72312927246094, 130.7881317138672, 1.0], [161.9472198486328, 154.23263549804688, 1.0]], "is_left": 0}