{"hand_pts": [[47.92839431762695, 151.0997772216797, 1.0], [99.72584533691406, 197.02430725097656, 1.0], [145.98631286621094, 212.84536743164062, 1.0], [189.92984008789062, 229.20118713378906, 1.0], [224.03578186035156, 243.420654296875, 1.0], [184.342041015625, 166.869873046875, 1.0], [239.70726013183594, 157.71604919433594, 1.0], [229.6951141357422, 193.8555908203125, 1.0], [194.790283203125, 213.9429168701172, 1.0], [166.93896484375, 148.2724151611328, 1.0], [234.2554473876953, 153.46170043945312, 1.0], [257.91851806640625, 185.67713928222656, 1.0], [274.208251953125, 220.85496520996094, 1.0], [147.8773956298828, 139.9765625, 1.0], [198.0511016845703, 156.8707733154297, 1.0], [183.94642639160156, 198.1416473388672, 1.0], [157.66693115234375, 229.30352783203125, 1.0], [121.8226547241211, 134.91688537597656, 1.0], [144.93731689453125, 147.9496307373047, 1.0], [135.01510620117188, 181.68045043945312, 1.0], [117.81102752685547, 177.1468963623047, 1.0]], "is_left": 0}