{"hand_pts": [[131.4903564453125, 32.63176727294922, 1.0], [145.37274169921875, 70.7335433959961, 1.0], [160.21754455566406, 89.73503112792969, 1.0], [185.35760498046875, 120.29400634765625, 1.0], [211.9992218017578, 152.61212158203125, 1.0], [132.81871032714844, 154.78712463378906, 1.0], [135.13807678222656, 210.03118896484375, 1.0], [149.06228637695312, 242.09201049804688, 1.0], [173.18138122558594, 265.7280578613281, 1.0], [146.22769165039062, 153.34384155273438, 1.0], [163.3826141357422, 218.68243408203125, 1.0], [191.74607849121094, 242.97984313964844, 1.0], [222.3239288330078, 256.9956970214844, 1.0], [161.45700073242188, 147.94229125976562, 1.0], [189.63475036621094, 207.55941772460938, 1.0], [217.71051025390625, 230.44239807128906, 1.0], [248.14158630371094, 243.35826110839844, 1.0], [176.0823974609375, 135.03677368164062, 1.0], [208.14065551757812, 166.22486877441406, 1.0], [234.95631408691406, 176.175048828125, 1.0], [261.5092468261719, 177.4066619873047, 1.0]], "is_left": 0}