{"hand_pts": [[183.9501190185547, 16.829425811767578, 1.0], [150.84384155273438, 71.74017333984375, 1.0], [104.56385803222656, 96.8146743774414, 1.0], [120.06608581542969, 140.82814025878906, 1.0], [150.21527099609375, 179.25875854492188, 1.0], [130.61561584472656, 157.8946990966797, 1.0], [127.68439483642578, 217.64724731445312, 1.0], [145.34278869628906, 215.8568572998047, 1.0], [166.8395233154297, 197.03509521484375, 1.0], [165.6905975341797, 156.74630737304688, 1.0], [193.91378784179688, 220.18360900878906, 1.0], [212.4718475341797, 243.0277557373047, 1.0], [227.0512237548828, 235.59652709960938, 1.0], [195.88088989257812, 153.3796844482422, 1.0], [204.41494750976562, 228.77659606933594, 1.0], [212.28286743164062, 258.59967041015625, 1.0], [217.5198516845703, 243.70391845703125, 1.0], [225.18997192382812, 141.85035705566406, 1.0], [247.37889099121094, 179.09280395507812, 1.0], [251.74691772460938, 169.36819458007812, 1.0], [248.54234313964844, 146.91082763671875, 1.0]], "is_left": 0}