{"hand_pts": [[57.96150588989258, 188.332763671875, 1.0], [94.35227966308594, 136.4358367919922, 1.0], [116.48297119140625, 82.75712585449219, 1.0], [124.2301254272461, 80.25101470947266, 1.0], [111.35182189941406, 121.80791473388672, 1.0], [200.2026824951172, 159.24624633789062, 1.0], [218.24415588378906, 133.8842010498047, 1.0], [214.42552185058594, 117.62210845947266, 1.0], [200.2198944091797, 103.60222625732422, 1.0], [197.8873748779297, 203.5232696533203, 1.0], [265.50958251953125, 218.61703491210938, 1.0], [250.31124877929688, 202.39666748046875, 1.0], [211.13528442382812, 181.09190368652344, 1.0], [188.879150390625, 235.17849731445312, 1.0], [229.970703125, 244.53302001953125, 1.0], [200.87741088867188, 225.57542419433594, 1.0], [161.6448974609375, 204.86373901367188, 1.0], [170.8927764892578, 261.9183044433594, 1.0], [176.5703887939453, 264.4403381347656, 1.0], [164.8570098876953, 255.70462036132812, 1.0], [141.69110107421875, 237.2069549560547, 1.0]], "is_left": 0}