{"hand_pts": [[89.54428100585938, 145.20223999023438, 1.0], [92.88853454589844, 189.3611602783203, 1.0], [85.95152282714844, 254.9302520751953, 1.0], [98.0409927368164, 285.70458984375, 1.0], [124.2708511352539, 243.6547088623047, 1.0], [187.20379638671875, 229.22747802734375, 1.0], [203.33346557617188, 246.1196746826172, 1.0], [191.6015167236328, 238.22372436523438, 1.0], [163.3101806640625, 214.8550567626953, 1.0], [209.6501922607422, 192.5361785888672, 1.0], [260.77886962890625, 203.571533203125, 1.0], [252.52188110351562, 196.37071228027344, 1.0], [226.95501708984375, 185.1145782470703, 1.0], [220.6043243408203, 160.09710693359375, 1.0], [215.0526123046875, 140.64137268066406, 1.0], [170.39012145996094, 126.96975708007812, 1.0], [145.19448852539062, 134.04901123046875, 1.0], [221.44650268554688, 126.78473663330078, 1.0], [229.45919799804688, 98.2652359008789, 1.0], [199.1075439453125, 86.84600067138672, 1.0], [156.520751953125, 96.08875274658203, 1.0]], "is_left": 0}