{"hand_pts": [[28.475101470947266, 187.3474884033203, 1.0], [98.97534942626953, 216.09120178222656, 1.0], [152.48110961914062, 239.8162384033203, 1.0], [187.3777618408203, 227.3590087890625, 1.0], [214.0572967529297, 211.8933563232422, 1.0], [165.30357360839844, 185.53231811523438, 1.0], [213.96958923339844, 175.11395263671875, 1.0], [234.95489501953125, 187.95458984375, 1.0], [242.66738891601562, 201.96771240234375, 1.0], [148.85130310058594, 165.3926544189453, 1.0], [204.89981079101562, 148.08041381835938, 1.0], [238.20233154296875, 162.56410217285156, 1.0], [267.5745544433594, 177.64186096191406, 1.0], [134.423095703125, 153.24203491210938, 1.0], [197.89344787597656, 163.07493591308594, 1.0], [221.25729370117188, 183.39097595214844, 1.0], [245.54507446289062, 201.81668090820312, 1.0], [114.00228881835938, 144.59576416015625, 1.0], [135.59201049804688, 165.57508850097656, 1.0], [124.54790496826172, 184.8191375732422, 1.0], [106.64823150634766, 201.75177001953125, 1.0]], "is_left": 0}