{"hand_pts": [[76.25131225585938, 44.48208236694336, 1.0], [83.96549987792969, 117.73139953613281, 1.0], [72.75447845458984, 167.8092041015625, 1.0], [79.14762878417969, 218.95045471191406, 1.0], [110.41300201416016, 235.3367919921875, 1.0], [164.1968994140625, 163.03323364257812, 1.0], [196.49227905273438, 221.63536071777344, 1.0], [188.99957275390625, 236.16525268554688, 1.0], [181.2089080810547, 247.51222229003906, 1.0], [189.7096405029297, 138.04969787597656, 1.0], [222.62066650390625, 208.29916381835938, 1.0], [217.22012329101562, 242.04212951660156, 1.0], [182.3300323486328, 233.68165588378906, 1.0], [205.6073760986328, 119.2217788696289, 1.0], [225.20457458496094, 178.1658935546875, 1.0], [199.10130310058594, 186.88217163085938, 1.0], [161.43580627441406, 165.15017700195312, 1.0], [212.39810180664062, 97.31584930419922, 1.0], [254.0938720703125, 128.1013946533203, 1.0], [260.31170654296875, 154.3567352294922, 1.0], [255.30369567871094, 180.8984832763672, 1.0]], "is_left": 0}