{"hand_pts": [[134.3612823486328, 158.70298767089844, 1.0], [129.49855041503906, 119.95775604248047, 1.0], [164.24209594726562, 80.37065887451172, 1.0], [176.74179077148438, 79.11292266845703, 1.0], [185.73094177246094, 81.58279418945312, 1.0], [218.16476440429688, 150.63494873046875, 1.0], [170.61672973632812, 124.67776489257812, 1.0], [137.585693359375, 108.65554809570312, 1.0], [91.02620697021484, 94.75251007080078, 1.0], [216.6756134033203, 192.07684326171875, 1.0], [253.26416015625, 219.4385223388672, 1.0], [227.42454528808594, 219.76800537109375, 1.0], [191.38467407226562, 213.65951538085938, 1.0], [205.24005126953125, 222.3716583251953, 1.0], [186.9031219482422, 250.73025512695312, 1.0], [140.015869140625, 242.30532836914062, 1.0], [101.3747329711914, 219.2241668701172, 1.0], [186.67300415039062, 247.4414520263672, 1.0], [211.99105834960938, 264.63543701171875, 1.0], [219.3128662109375, 271.4580078125, 1.0], [215.62791442871094, 270.3462829589844, 1.0]], "is_left": 0}