{"hand_pts": [[66.58745574951172, 119.77468872070312, 1.0], [126.58003234863281, 107.50621795654297, 1.0], [176.47169494628906, 69.61011505126953, 1.0], [203.64349365234375, 93.86832427978516, 1.0], [188.28289794921875, 143.03262329101562, 1.0], [226.0121307373047, 137.7568817138672, 1.0], [259.2157897949219, 164.05877685546875, 1.0], [227.49913024902344, 169.67340087890625, 1.0], [183.06741333007812, 161.51927185058594, 1.0], [208.66448974609375, 173.29798889160156, 1.0], [233.8064727783203, 215.7960205078125, 1.0], [193.83628845214844, 204.89244079589844, 1.0], [154.61651611328125, 177.25022888183594, 1.0], [189.44357299804688, 201.08462524414062, 1.0], [202.71839904785156, 250.35580444335938, 1.0], [166.81411743164062, 235.97975158691406, 1.0], [141.9191436767578, 202.3573760986328, 1.0], [162.260009765625, 223.2063751220703, 1.0], [161.01353454589844, 263.2930603027344, 1.0], [138.89210510253906, 254.55186462402344, 1.0], [122.19796752929688, 219.0357208251953, 1.0]], "is_left": 0}