test_case,precision,recall,f1_score
122,0.9802602436323367,0.5684492751296418,0.7196032802544534
488,0.9823856132991533,0.8146650991255053,0.890698595765286
