test_case,precision,recall,f1_score
top_5,0.9349593495934959,0.23373983739837398,0.37398373983739835
bottom_5,0.9574621485219899,0.45154709282556954,0.6136783733826248
