test_case,precision,recall,f1_score
122,0.9394356503785272,0.46875,0.6254295532646048
488,0.7965400526513727,0.8613257421716145,0.8276670574443142
