test_case,precision,recall,f1_score
diagonal,0.6998095238095238,1.0,0.823397579560735
horizontal,0.8611746031746031,1.0,0.9254097941221621
vertical,0.8521428571428571,1.0,0.9201696876205168
