test_case,precision,recall,f1_score
top_5,0.935,1.0,0.9664082687338501
bottom_5,0.9606666666666667,1.0,0.9799387963277797
