test_case,precision,recall,f1_score
naked_hands,0.9429573529128366,0.7909062989962339,0.8602647725874224
