test_case,precision,recall,f1_score
122,0.8010362694300518,0.9566831683168316,0.8719684151156232
488,0.7683438155136268,0.9409499358151476,0.845931909982689
