test_case,precision,recall,f1_score
naked_hands,0.8792769648907256,0.8095882897398101,0.8429948242013208
